2025-07-26 17:27:16,721 - INFO - Iniciando a análise de sinais.
2025-07-26 17:27:16,722 - INFO - Conexão com C:\Users\mzmvy\Documents\python\trading_system\data\trading_analyzer_v2.db (modo leitura) bem-sucedida.
2025-07-26 17:27:16,722 - INFO - Conexão com C:\Users\mzmvy\Documents\python\trading_system\data\crypto_stream.db (modo leitura) bem-sucedida.
2025-07-26 17:27:16,739 - INFO - Tabelas em 'trading_analyzer_v2.db': ['sqlite_sequence', 'bot_orders', 'trading_signals_v2', 'signal_backup_v2']
2025-07-26 17:27:16,739 - INFO - Tabelas em 'crypto_stream.db': ['crypto_configs', 'sqlite_stat1', 'system_log', 'sqlite_sequence', 'crypto_ohlc', 'crypto_stats', 'kline_microstructure_1m']
2025-07-26 17:27:16,761 - INFO - Carregados 1321 sinais da tabela 'signal_backup_v2'.
2025-07-26 17:27:16,773 - INFO - Analisando sinal 1/1321 (ID: BNB_BUY_LONG_1753139699999)...
2025-07-26 17:27:16,818 - INFO -   -> Resultado para BNB_BUY_LONG_1753139699999: Alvo Atingido no preço 775.17
2025-07-26 17:27:16,819 - INFO - Analisando sinal 2/1321 (ID: BTC_BUY_LONG_1753140899999)...
2025-07-26 17:27:16,850 - INFO -   -> Resultado para BTC_BUY_LONG_1753140899999: Alvo Atingido no preço 118381.84
2025-07-26 17:27:16,850 - INFO - Analisando sinal 3/1321 (ID: ENA_SELL_SHORT_1753140599999)...
2025-07-26 17:27:16,876 - INFO -   -> Resultado para ENA_SELL_SHORT_1753140599999: Alvo Atingido no preço 0.5046
2025-07-26 17:27:16,877 - INFO - Analisando sinal 4/1321 (ID: ENA_BUY_LONG_1753141803419)...
2025-07-26 17:27:16,908 - INFO -   -> Resultado para ENA_BUY_LONG_1753141803419: Stop Loss Atingido no preço 0.499898
2025-07-26 17:27:16,908 - INFO - Analisando sinal 5/1321 (ID: ETH_SELL_SHORT_1753141199999)...
2025-07-26 17:27:16,934 - INFO -   -> Resultado para ETH_SELL_SHORT_1753141199999: Alvo Atingido no preço 3739.45
2025-07-26 17:27:16,934 - INFO - Analisando sinal 6/1321 (ID: ETH_BUY_LONG_1753141938884)...
2025-07-26 17:27:16,961 - INFO -   -> Resultado para ETH_BUY_LONG_1753141938884: Alvo Atingido no preço 2017.08
2025-07-26 17:27:16,961 - INFO - Analisando sinal 7/1321 (ID: NEAR_SELL_SHORT_1753140599999)...
2025-07-26 17:27:16,991 - INFO -   -> Resultado para NEAR_SELL_SHORT_1753140599999: Alvo Atingido no preço 2.972
2025-07-26 17:27:16,991 - INFO - Analisando sinal 8/1321 (ID: NEAR_BUY_LONG_1753142069462)...
2025-07-26 17:27:17,022 - INFO -   -> Resultado para NEAR_BUY_LONG_1753142069462: Stop Loss Atingido no preço 2.9223600000000003
2025-07-26 17:27:17,022 - INFO - Analisando sinal 9/1321 (ID: SOL_BUY_LONG_1753142208638)...
2025-07-26 17:27:17,077 - INFO -   -> Resultado para SOL_BUY_LONG_1753142208638: Stop Loss Atingido no preço 192.227
2025-07-26 17:27:17,077 - INFO - Analisando sinal 10/1321 (ID: SUI_BUY_LONG_1753140599999)...
2025-07-26 17:27:17,105 - INFO -   -> Resultado para SUI_BUY_LONG_1753140599999: Stop Loss Atingido no preço 3.892168
2025-07-26 17:27:17,105 - INFO - Analisando sinal 11/1321 (ID: BNB_BUY_LONG_1753140599999)...
2025-07-26 17:27:17,151 - INFO -   -> Resultado para BNB_BUY_LONG_1753140599999: Alvo Atingido no preço 781.75
2025-07-26 17:27:17,151 - INFO - Analisando sinal 12/1321 (ID: BTC_BUY_LONG_1753142699999)...
2025-07-26 17:27:17,186 - INFO -   -> Resultado para BTC_BUY_LONG_1753142699999: Alvo Atingido no preço 118660.95
2025-07-26 17:27:17,187 - INFO - Analisando sinal 13/1321 (ID: ENA_SELL_SHORT_1753141499999)...
2025-07-26 17:27:17,214 - INFO -   -> Resultado para ENA_SELL_SHORT_1753141499999: Alvo Atingido no preço 0.505
2025-07-26 17:27:17,215 - INFO - Analisando sinal 14/1321 (ID: ENA_SELL_SHORT_1753142699999)...
2025-07-26 17:27:17,243 - INFO -   -> Resultado para ENA_SELL_SHORT_1753142699999: Alvo Atingido no preço 0.5053
2025-07-26 17:27:17,243 - INFO - Analisando sinal 15/1321 (ID: ENA_BUY_LONG_1753143293729)...
2025-07-26 17:27:17,273 - INFO -   -> Resultado para ENA_BUY_LONG_1753143293729: Stop Loss Atingido no preço 0.5002815
2025-07-26 17:27:17,273 - INFO - Analisando sinal 16/1321 (ID: ETH_SELL_SHORT_1753142699999)...
2025-07-26 17:27:17,302 - INFO -   -> Resultado para ETH_SELL_SHORT_1753142699999: Alvo Atingido no preço 3696.06
2025-07-26 17:27:17,302 - INFO - Analisando sinal 17/1321 (ID: NEAR_SELL_SHORT_1753142699999)...
2025-07-26 17:27:17,329 - INFO -   -> Resultado para NEAR_SELL_SHORT_1753142699999: Alvo Atingido no preço 2.983
2025-07-26 17:27:17,329 - INFO - Analisando sinal 18/1321 (ID: NEAR_SELL_SHORT_1753141499999)...
2025-07-26 17:27:17,358 - INFO -   -> Resultado para NEAR_SELL_SHORT_1753141499999: Alvo Atingido no preço 2.955
2025-07-26 17:27:17,359 - INFO - Analisando sinal 19/1321 (ID: NEAR_BUY_LONG_1753143496183)...
2025-07-26 17:27:17,389 - INFO -   -> Resultado para NEAR_BUY_LONG_1753143496183: Stop Loss Atingido no preço 3.01
2025-07-26 17:27:17,389 - INFO - Analisando sinal 20/1321 (ID: SOL_BUY_LONG_1753142699999)...
2025-07-26 17:27:17,420 - INFO -   -> Resultado para SOL_BUY_LONG_1753142699999: Alvo Atingido no preço 198.45
2025-07-26 17:27:17,420 - INFO - Analisando sinal 21/1321 (ID: SOL_BUY_LONG_1753143596186)...
2025-07-26 17:27:17,454 - INFO -   -> Resultado para SOL_BUY_LONG_1753143596186: Stop Loss Atingido no preço 194.3602
2025-07-26 17:27:17,454 - INFO - Analisando sinal 22/1321 (ID: SUI_BUY_LONG_1753141499999)...
2025-07-26 17:27:17,491 - INFO -   -> Resultado para SUI_BUY_LONG_1753141499999: Stop Loss Atingido no preço 3.91242
2025-07-26 17:27:17,492 - INFO - Analisando sinal 23/1321 (ID: IMX_SELL_SHORT_1753143299999)...
2025-07-26 17:27:17,538 - INFO -   -> Resultado para IMX_SELL_SHORT_1753143299999: Alvo Atingido no preço 0.6303
2025-07-26 17:27:17,539 - INFO - Analisando sinal 24/1321 (ID: IMX_SELL_SHORT_1753142399999)...
2025-07-26 17:27:17,575 - INFO -   -> Resultado para IMX_SELL_SHORT_1753142399999: Alvo Atingido no preço 0.6288
2025-07-26 17:27:17,576 - INFO - Analisando sinal 25/1321 (ID: SOL_BUY_LONG_1753143899999)...
2025-07-26 17:27:17,611 - INFO -   -> Resultado para SOL_BUY_LONG_1753143899999: Stop Loss Atingido no preço 195.2664
2025-07-26 17:27:17,611 - INFO - Analisando sinal 26/1321 (ID: ETH_SELL_SHORT_1753144199999)...
2025-07-26 17:27:17,651 - INFO -   -> Resultado para ETH_SELL_SHORT_1753144199999: Alvo Atingido no preço 3689.09
2025-07-26 17:27:17,651 - INFO - Analisando sinal 27/1321 (ID: SOL_BUY_LONG_1753144199999)...
2025-07-26 17:27:17,691 - INFO -   -> Resultado para SOL_BUY_LONG_1753144199999: Stop Loss Atingido no preço 195.8574
2025-07-26 17:27:17,691 - INFO - Analisando sinal 28/1321 (ID: SUI_SELL_SHORT_1753144799999)...
2025-07-26 17:27:17,723 - INFO -   -> Resultado para SUI_SELL_SHORT_1753144799999: Alvo Atingido no preço 3.9439
2025-07-26 17:27:17,724 - INFO - Analisando sinal 29/1321 (ID: PEPE_SELL_SHORT_1753144799999)...
2025-07-26 17:27:17,756 - INFO -   -> Resultado para PEPE_SELL_SHORT_1753144799999: Alvo Atingido no preço 0.01393049
2025-07-26 17:27:17,756 - INFO - Analisando sinal 30/1321 (ID: BTC_SELL_SHORT_1753144199999)...
2025-07-26 17:27:17,796 - INFO -   -> Resultado para BTC_SELL_SHORT_1753144199999: Stop Loss Atingido no preço 119236.82049999999
2025-07-26 17:27:17,796 - INFO - Analisando sinal 31/1321 (ID: BNB_SELL_SHORT_1753146299999)...
2025-07-26 17:27:17,833 - INFO -   -> Resultado para BNB_SELL_SHORT_1753146299999: Stop Loss Atingido no preço 771.34925
2025-07-26 17:27:17,833 - INFO - Analisando sinal 32/1321 (ID: NEAR_SELL_SHORT_1753146299999)...
2025-07-26 17:27:17,865 - INFO -   -> Resultado para NEAR_SELL_SHORT_1753146299999: Alvo Atingido no preço 2.915
2025-07-26 17:27:17,865 - INFO - Analisando sinal 33/1321 (ID: SUI_SELL_SHORT_1753146599999)...
2025-07-26 17:27:17,901 - INFO -   -> Resultado para SUI_SELL_SHORT_1753146599999: Alvo Atingido no preço 3.8742
2025-07-26 17:27:17,901 - INFO - Analisando sinal 34/1321 (ID: PEPE_SELL_SHORT_1753146599999)...
2025-07-26 17:27:17,933 - INFO -   -> Resultado para PEPE_SELL_SHORT_1753146599999: Stop Loss Atingido no preço 0.014050746499999999
2025-07-26 17:27:17,934 - INFO - Analisando sinal 35/1321 (ID: IMX_SELL_SHORT_1753146599999)...
2025-07-26 17:27:17,964 - INFO -   -> Resultado para IMX_SELL_SHORT_1753146599999: Alvo Atingido no preço 0.6187
2025-07-26 17:27:17,965 - INFO - Analisando sinal 36/1321 (ID: ENA_SELL_SHORT_1753145999999)...
2025-07-26 17:27:17,994 - INFO -   -> Resultado para ENA_SELL_SHORT_1753145999999: Alvo Atingido no preço 0.5013
2025-07-26 17:27:17,994 - INFO - Analisando sinal 37/1321 (ID: ENA_SELL_SHORT_1753147199999)...
2025-07-26 17:27:18,028 - INFO -   -> Resultado para ENA_SELL_SHORT_1753147199999: Alvo Atingido no preço 0.4929
2025-07-26 17:27:18,028 - INFO - Analisando sinal 38/1321 (ID: NEAR_SELL_SHORT_1753145999999)...
2025-07-26 17:27:18,065 - INFO -   -> Resultado para NEAR_SELL_SHORT_1753145999999: Alvo Atingido no preço 2.922
2025-07-26 17:27:18,066 - INFO - Analisando sinal 39/1321 (ID: SOL_BUY_LONG_1753147199999)...
2025-07-26 17:27:18,107 - INFO -   -> Resultado para SOL_BUY_LONG_1753147199999: Alvo Atingido no preço 199.02
2025-07-26 17:27:18,108 - INFO - Analisando sinal 40/1321 (ID: IMX_SELL_SHORT_1753145999999)...
2025-07-26 17:27:18,141 - INFO -   -> Resultado para IMX_SELL_SHORT_1753145999999: Alvo Atingido no preço 0.6195
2025-07-26 17:27:18,141 - INFO - Analisando sinal 41/1321 (ID: ENA_SELL_SHORT_1753146899999)...
2025-07-26 17:27:18,179 - INFO -   -> Resultado para ENA_SELL_SHORT_1753146899999: Alvo Atingido no preço 0.4891
2025-07-26 17:27:18,179 - INFO - Analisando sinal 42/1321 (ID: SOL_BUY_LONG_1753148099999)...
2025-07-26 17:27:18,216 - INFO -   -> Resultado para SOL_BUY_LONG_1753148099999: Stop Loss Atingido no preço 197.14775
2025-07-26 17:27:18,216 - INFO - Analisando sinal 43/1321 (ID: SOL_BUY_LONG_1753146899999)...
2025-07-26 17:27:18,246 - INFO -   -> Resultado para SOL_BUY_LONG_1753146899999: Alvo Atingido no preço 199.6
2025-07-26 17:27:18,247 - INFO - Analisando sinal 44/1321 (ID: SUI_BUY_LONG_1753146899999)...
2025-07-26 17:27:18,280 - INFO -   -> Resultado para SUI_BUY_LONG_1753146899999: Alvo Atingido no preço 3.9933
2025-07-26 17:27:18,280 - INFO - Analisando sinal 45/1321 (ID: SOL_BUY_LONG_1753147799999)...
2025-07-26 17:27:18,310 - INFO -   -> Resultado para SOL_BUY_LONG_1753147799999: Stop Loss Atingido no preço 196.4681
2025-07-26 17:27:18,310 - INFO - Analisando sinal 46/1321 (ID: SUI_BUY_LONG_1753147799999)...
2025-07-26 17:27:18,339 - INFO -   -> Resultado para SUI_BUY_LONG_1753147799999: Stop Loss Atingido no preço 3.902964
2025-07-26 17:27:18,339 - INFO - Analisando sinal 47/1321 (ID: SOL_BUY_LONG_1753149899999)...
2025-07-26 17:27:18,371 - INFO -   -> Resultado para SOL_BUY_LONG_1753149899999: Stop Loss Atingido no preço 199.9156
2025-07-26 17:27:18,371 - INFO - Analisando sinal 48/1321 (ID: BNB_BUY_LONG_1753149599999)...
2025-07-26 17:27:18,418 - INFO -   -> Resultado para BNB_BUY_LONG_1753149599999: Alvo Atingido no preço 787.63
2025-07-26 17:27:18,418 - INFO - Analisando sinal 49/1321 (ID: BTC_SELL_SHORT_1753150499999)...
2025-07-26 17:27:18,457 - INFO -   -> Resultado para BTC_SELL_SHORT_1753150499999: Stop Loss Atingido no preço 119224.94499999999
2025-07-26 17:27:18,458 - INFO - Analisando sinal 50/1321 (ID: ENA_BUY_LONG_1753152222222)...
2025-07-26 17:27:18,493 - INFO -   -> Resultado para ENA_BUY_LONG_1753152222222: Stop Loss Atingido no preço 0.505108
2025-07-26 17:27:18,493 - INFO - Analisando sinal 51/1321 (ID: ETH_SELL_SHORT_1753150499999)...
2025-07-26 17:27:18,529 - INFO -   -> Resultado para ETH_SELL_SHORT_1753150499999: Alvo Atingido no preço 3691.52
2025-07-26 17:27:18,529 - INFO - Analisando sinal 52/1321 (ID: ETH_BUY_LONG_1753152368258)...
2025-07-26 17:27:18,562 - INFO -   -> Resultado para ETH_BUY_LONG_1753152368258: Alvo Atingido no preço 2017.08
2025-07-26 17:27:18,562 - INFO - Analisando sinal 53/1321 (ID: NEAR_SELL_SHORT_1753150499999)...
2025-07-26 17:27:18,595 - INFO -   -> Resultado para NEAR_SELL_SHORT_1753150499999: Alvo Atingido no preço 2.962
2025-07-26 17:27:18,595 - INFO - Analisando sinal 54/1321 (ID: NEAR_BUY_LONG_1753152529452)...
2025-07-26 17:27:18,629 - INFO -   -> Resultado para NEAR_BUY_LONG_1753152529452: Stop Loss Atingido no preço 2.944165
2025-07-26 17:27:18,629 - INFO - Analisando sinal 55/1321 (ID: SOL_BUY_LONG_1753150499999)...
2025-07-26 17:27:18,661 - INFO -   -> Resultado para SOL_BUY_LONG_1753150499999: Stop Loss Atingido no preço 200.55585000000002
2025-07-26 17:27:18,661 - INFO - Analisando sinal 56/1321 (ID: SOL_BUY_LONG_1753152662631)...
2025-07-26 17:27:18,694 - INFO -   -> Resultado para SOL_BUY_LONG_1753152662631: Stop Loss Atingido no preço 194.6754
2025-07-26 17:27:18,694 - INFO - Analisando sinal 57/1321 (ID: SUI_BUY_LONG_1753151399999)...
2025-07-26 17:27:18,727 - INFO -   -> Resultado para SUI_BUY_LONG_1753151399999: Stop Loss Atingido no preço 3.959109
2025-07-26 17:27:18,728 - INFO - Analisando sinal 58/1321 (ID: SUI_BUY_LONG_1753152802866)...
2025-07-26 17:27:18,856 - INFO -   -> Resultado para SUI_BUY_LONG_1753152802866: Nenhum resultado no preço None
2025-07-26 17:27:18,857 - INFO - Analisando sinal 59/1321 (ID: PEPE_BUY_LONG_1753151399999)...
2025-07-26 17:27:18,983 - INFO -   -> Resultado para PEPE_BUY_LONG_1753151399999: Nenhum resultado no preço None
2025-07-26 17:27:18,984 - INFO - Analisando sinal 60/1321 (ID: BNB_BUY_LONG_1753151399999)...
2025-07-26 17:27:19,032 - INFO -   -> Resultado para BNB_BUY_LONG_1753151399999: Alvo Atingido no preço 788.15
2025-07-26 17:27:19,032 - INFO - Analisando sinal 61/1321 (ID: ENA_BUY_LONG_1753153464472)...
2025-07-26 17:27:19,067 - INFO -   -> Resultado para ENA_BUY_LONG_1753153464472: Stop Loss Atingido no preço 0.505108
2025-07-26 17:27:19,067 - INFO - Analisando sinal 62/1321 (ID: ETH_SELL_SHORT_1753152899999)...
2025-07-26 17:27:19,110 - INFO -   -> Resultado para ETH_SELL_SHORT_1753152899999: Alvo Atingido no preço 3703.99
2025-07-26 17:27:19,110 - INFO - Analisando sinal 63/1321 (ID: ETH_SELL_SHORT_1753152299999)...
2025-07-26 17:27:19,154 - INFO -   -> Resultado para ETH_SELL_SHORT_1753152299999: Alvo Atingido no preço 3680.28
2025-07-26 17:27:19,154 - INFO - Analisando sinal 64/1321 (ID: ETH_BUY_LONG_1753153593759)...
2025-07-26 17:27:19,186 - INFO -   -> Resultado para ETH_BUY_LONG_1753153593759: Alvo Atingido no preço 2017.08
2025-07-26 17:27:19,186 - INFO - Analisando sinal 65/1321 (ID: NEAR_SELL_SHORT_1753152899999)...
2025-07-26 17:27:19,219 - INFO -   -> Resultado para NEAR_SELL_SHORT_1753152899999: Alvo Atingido no preço 2.96
2025-07-26 17:27:19,219 - INFO - Analisando sinal 66/1321 (ID: NEAR_SELL_SHORT_1753152299999)...
2025-07-26 17:27:19,257 - INFO -   -> Resultado para NEAR_SELL_SHORT_1753152299999: Alvo Atingido no preço 2.95
2025-07-26 17:27:19,257 - INFO - Analisando sinal 67/1321 (ID: NEAR_BUY_LONG_1753153725700)...
2025-07-26 17:27:19,304 - INFO -   -> Resultado para NEAR_BUY_LONG_1753153725700: Stop Loss Atingido no preço 2.944165
2025-07-26 17:27:19,305 - INFO - Analisando sinal 68/1321 (ID: SOL_BUY_LONG_1753152299999)...
2025-07-26 17:27:19,358 - INFO -   -> Resultado para SOL_BUY_LONG_1753152299999: Stop Loss Atingido no preço 199.89589999999998
2025-07-26 17:27:19,359 - INFO - Analisando sinal 69/1321 (ID: SOL_BUY_LONG_1753153875584)...
2025-07-26 17:27:19,406 - INFO -   -> Resultado para SOL_BUY_LONG_1753153875584: Stop Loss Atingido no preço 194.6754
2025-07-26 17:27:19,406 - INFO - Analisando sinal 70/1321 (ID: SUI_SELL_SHORT_1753153499999)...
2025-07-26 17:27:19,434 - INFO -   -> Resultado para SUI_SELL_SHORT_1753153499999: Alvo Atingido no preço 3.954
2025-07-26 17:27:19,435 - INFO - Analisando sinal 71/1321 (ID: SUI_BUY_LONG_1753152299999)...
2025-07-26 17:27:19,463 - INFO -   -> Resultado para SUI_BUY_LONG_1753152299999: Stop Loss Atingido no preço 3.9561539999999997
2025-07-26 17:27:19,463 - INFO - Analisando sinal 72/1321 (ID: SUI_BUY_LONG_1753154010779)...
2025-07-26 17:27:19,602 - INFO -   -> Resultado para SUI_BUY_LONG_1753154010779: Nenhum resultado no preço None
2025-07-26 17:27:19,603 - INFO - Analisando sinal 73/1321 (ID: PEPE_SELL_SHORT_1753153499999)...
2025-07-26 17:27:19,633 - INFO -   -> Resultado para PEPE_SELL_SHORT_1753153499999: Alvo Atingido no preço 0.01427462
2025-07-26 17:27:19,634 - INFO - Analisando sinal 74/1321 (ID: IMX_SELL_SHORT_1753153499999)...
2025-07-26 17:27:19,664 - INFO -   -> Resultado para IMX_SELL_SHORT_1753153499999: Alvo Atingido no preço 0.6218
2025-07-26 17:27:19,664 - INFO - Analisando sinal 75/1321 (ID: IMX_SELL_SHORT_1753152299999)...
2025-07-26 17:27:19,694 - INFO -   -> Resultado para IMX_SELL_SHORT_1753152299999: Alvo Atingido no preço 0.6207
2025-07-26 17:27:19,694 - INFO - Analisando sinal 76/1321 (ID: IMX_BUY_LONG_1753154264998)...
2025-07-26 17:27:19,759 - INFO -   -> Resultado para IMX_BUY_LONG_1753154264998: Stop Loss Atingido no preço 0.5233
2025-07-26 17:27:19,759 - INFO - Analisando sinal 77/1321 (ID: BNB_SELL_SHORT_1753153499999)...
2025-07-26 17:27:19,787 - INFO -   -> Resultado para BNB_SELL_SHORT_1753153499999: Alvo Atingido no preço 758.33
2025-07-26 17:27:19,787 - INFO - Analisando sinal 78/1321 (ID: BTC_SELL_SHORT_1753152299999)...
2025-07-26 17:27:19,820 - INFO -   -> Resultado para BTC_SELL_SHORT_1753152299999: Stop Loss Atingido no preço 118997.6865
2025-07-26 17:27:19,820 - INFO - Analisando sinal 79/1321 (ID: ENA_SELL_SHORT_1753152299999)...
2025-07-26 17:27:19,845 - INFO -   -> Resultado para ENA_SELL_SHORT_1753152299999: Alvo Atingido no preço 0.5163
2025-07-26 17:27:19,845 - INFO - Analisando sinal 80/1321 (ID: ETH_SELL_SHORT_1753152299999)...
2025-07-26 17:27:19,872 - INFO -   -> Resultado para ETH_SELL_SHORT_1753152299999: Alvo Atingido no preço 3680.28
2025-07-26 17:27:19,872 - INFO - Analisando sinal 81/1321 (ID: NEAR_SELL_SHORT_1753154399999)...
2025-07-26 17:27:19,899 - INFO -   -> Resultado para NEAR_SELL_SHORT_1753154399999: Alvo Atingido no preço 2.933
2025-07-26 17:27:19,899 - INFO - Analisando sinal 82/1321 (ID: NEAR_SELL_SHORT_1753153199999)...
2025-07-26 17:27:19,929 - INFO -   -> Resultado para NEAR_SELL_SHORT_1753153199999: Alvo Atingido no preço 2.914
2025-07-26 17:27:19,929 - INFO - Analisando sinal 83/1321 (ID: SOL_BUY_LONG_1753153199999)...
2025-07-26 17:27:19,959 - INFO -   -> Resultado para SOL_BUY_LONG_1753153199999: Stop Loss Atingido no preço 198.94045
2025-07-26 17:27:19,959 - INFO - Analisando sinal 84/1321 (ID: SOL_BUY_LONG_1753155365446)...
2025-07-26 17:27:19,992 - INFO -   -> Resultado para SOL_BUY_LONG_1753155365446: Stop Loss Atingido no preço 197.53
2025-07-26 17:27:19,992 - INFO - Analisando sinal 85/1321 (ID: SUI_SELL_SHORT_1753154699999)...
2025-07-26 17:27:20,034 - INFO -   -> Resultado para SUI_SELL_SHORT_1753154699999: Alvo Atingido no preço 3.8999
2025-07-26 17:27:20,034 - INFO - Analisando sinal 86/1321 (ID: PEPE_SELL_SHORT_1753154999999)...
2025-07-26 17:27:20,063 - INFO -   -> Resultado para PEPE_SELL_SHORT_1753154999999: Alvo Atingido no preço 0.01406971
2025-07-26 17:27:20,063 - INFO - Analisando sinal 87/1321 (ID: PEPE_BUY_LONG_1753154099999)...
2025-07-26 17:27:20,196 - INFO -   -> Resultado para PEPE_BUY_LONG_1753154099999: Nenhum resultado no preço None
2025-07-26 17:27:20,196 - INFO - Analisando sinal 88/1321 (ID: IMX_SELL_SHORT_1753154999999)...
2025-07-26 17:27:20,233 - INFO -   -> Resultado para IMX_SELL_SHORT_1753154999999: Alvo Atingido no preço 0.6206
2025-07-26 17:27:20,234 - INFO - Analisando sinal 89/1321 (ID: IMX_SELL_SHORT_1753154099999)...
2025-07-26 17:27:20,268 - INFO -   -> Resultado para IMX_SELL_SHORT_1753154099999: Alvo Atingido no preço 0.6151
2025-07-26 17:27:20,268 - INFO - Analisando sinal 90/1321 (ID: BNB_SELL_SHORT_1753155599999)...
2025-07-26 17:27:20,298 - INFO -   -> Resultado para BNB_SELL_SHORT_1753155599999: Alvo Atingido no preço 748.18
2025-07-26 17:27:20,298 - INFO - Analisando sinal 91/1321 (ID: ENA_SELL_SHORT_1753154999999)...
2025-07-26 17:27:20,329 - INFO -   -> Resultado para ENA_SELL_SHORT_1753154999999: Alvo Atingido no preço 0.504
2025-07-26 17:27:20,329 - INFO - Analisando sinal 92/1321 (ID: ENA_SELL_SHORT_1753155899999)...
2025-07-26 17:27:20,360 - INFO -   -> Resultado para ENA_SELL_SHORT_1753155899999: Alvo Atingido no preço 0.5058
2025-07-26 17:27:20,360 - INFO - Analisando sinal 93/1321 (ID: ETH_SELL_SHORT_1753155899999)...
2025-07-26 17:27:20,390 - INFO -   -> Resultado para ETH_SELL_SHORT_1753155899999: Alvo Atingido no preço 3653.13
2025-07-26 17:27:20,391 - INFO - Analisando sinal 94/1321 (ID: NEAR_SELL_SHORT_1753159499999)...
2025-07-26 17:27:20,432 - INFO -   -> Resultado para NEAR_SELL_SHORT_1753159499999: Alvo Atingido no preço 2.851
2025-07-26 17:27:20,433 - INFO - Analisando sinal 95/1321 (ID: SOL_SELL_SHORT_1753159499999)...
2025-07-26 17:27:20,505 - INFO -   -> Resultado para SOL_SELL_SHORT_1753159499999: Alvo Atingido no preço 192.65
2025-07-26 17:27:20,505 - INFO - Analisando sinal 96/1321 (ID: SOL_SELL_SHORT_1753161899999)...
2025-07-26 17:27:20,545 - INFO -   -> Resultado para SOL_SELL_SHORT_1753161899999: Alvo Atingido no preço 196.1
2025-07-26 17:27:20,545 - INFO - Analisando sinal 97/1321 (ID: BTC_BUY_LONG_1753164299999)...
2025-07-26 17:27:20,596 - INFO -   -> Resultado para BTC_BUY_LONG_1753164299999: Alvo Atingido no preço 118851.2
2025-07-26 17:27:20,597 - INFO - Analisando sinal 98/1321 (ID: ETH_BUY_LONG_1753164299999)...
2025-07-26 17:27:20,640 - INFO -   -> Resultado para ETH_BUY_LONG_1753164299999: Alvo Atingido no preço 3732.05
2025-07-26 17:27:20,640 - INFO - Analisando sinal 99/1321 (ID: SOL_SELL_SHORT_1753166583452)...
2025-07-26 17:27:20,676 - INFO -   -> Resultado para SOL_SELL_SHORT_1753166583452: Stop Loss Atingido no preço 200.91
2025-07-26 17:27:20,676 - INFO - Analisando sinal 100/1321 (ID: BTC_BUY_LONG_1753167441550)...
2025-07-26 17:27:20,788 - INFO -   -> Resultado para BTC_BUY_LONG_1753167441550: Nenhum resultado no preço None
2025-07-26 17:27:20,788 - INFO - Analisando sinal 101/1321 (ID: BNB_BUY_LONG_1753167599999)...
2025-07-26 17:27:20,824 - INFO -   -> Resultado para BNB_BUY_LONG_1753167599999: Alvo Atingido no preço 775.48
2025-07-26 17:27:20,824 - INFO - Analisando sinal 102/1321 (ID: IMX_BUY_LONG_1753168499999)...
2025-07-26 17:27:20,851 - INFO -   -> Resultado para IMX_BUY_LONG_1753168499999: Stop Loss Atingido no preço 0.6152310000000001
2025-07-26 17:27:20,851 - INFO - Analisando sinal 103/1321 (ID: SUI_BUY_LONG_1753172099999)...
2025-07-26 17:27:20,881 - INFO -   -> Resultado para SUI_BUY_LONG_1753172099999: Alvo Atingido no preço 3.9146
2025-07-26 17:27:20,882 - INFO - Analisando sinal 104/1321 (ID: IMX_BUY_LONG_1753172099999)...
2025-07-26 17:27:20,909 - INFO -   -> Resultado para IMX_BUY_LONG_1753172099999: Alvo Atingido no preço 0.6234
2025-07-26 17:27:20,909 - INFO - Analisando sinal 105/1321 (ID: ENA_BUY_LONG_1753177499999)...
2025-07-26 17:27:20,933 - INFO -   -> Resultado para ENA_BUY_LONG_1753177499999: Stop Loss Atingido no preço 0.47989200000000004
2025-07-26 17:27:20,933 - INFO - Analisando sinal 106/1321 (ID: ENA_BUY_LONG_1753178399999)...
2025-07-26 17:27:20,956 - INFO -   -> Resultado para ENA_BUY_LONG_1753178399999: Stop Loss Atingido no preço 0.4890525
2025-07-26 17:27:20,957 - INFO - Analisando sinal 107/1321 (ID: NEAR_BUY_LONG_1753181220703)...
2025-07-26 17:27:20,981 - INFO -   -> Resultado para NEAR_BUY_LONG_1753181220703: Stop Loss Atingido no preço 2.8614249999999997
2025-07-26 17:27:20,981 - INFO - Analisando sinal 108/1321 (ID: ENA_BUY_LONG_1753181099999)...
2025-07-26 17:27:21,009 - INFO -   -> Resultado para ENA_BUY_LONG_1753181099999: Stop Loss Atingido no preço 0.4983115
2025-07-26 17:27:21,009 - INFO - Analisando sinal 109/1321 (ID: ETH_BUY_LONG_1753181099999)...
2025-07-26 17:27:21,083 - INFO -   -> Resultado para ETH_BUY_LONG_1753181099999: Alvo Atingido no preço 3766.31
2025-07-26 17:27:21,083 - INFO - Analisando sinal 110/1321 (ID: IMX_BUY_LONG_1753181099999)...
2025-07-26 17:27:21,111 - INFO -   -> Resultado para IMX_BUY_LONG_1753181099999: Stop Loss Atingido no preço 0.6139505
2025-07-26 17:27:21,111 - INFO - Analisando sinal 111/1321 (ID: ENA_BUY_LONG_1753183871076)...
2025-07-26 17:27:21,138 - INFO -   -> Resultado para ENA_BUY_LONG_1753183871076: Stop Loss Atingido no preço 0.4890525
2025-07-26 17:27:21,138 - INFO - Analisando sinal 112/1321 (ID: BTC_BUY_LONG_1753182899999)...
2025-07-26 17:27:21,255 - INFO -   -> Resultado para BTC_BUY_LONG_1753182899999: Nenhum resultado no preço None
2025-07-26 17:27:21,256 - INFO - Analisando sinal 113/1321 (ID: SOL_BUY_LONG_1753189786784)...
2025-07-26 17:27:21,287 - INFO -   -> Resultado para SOL_BUY_LONG_1753189786784: Stop Loss Atingido no preço 196.95075
2025-07-26 17:27:21,287 - INFO - Analisando sinal 114/1321 (ID: SUI_BUY_LONG_1753189199999)...
2025-07-26 17:27:21,317 - INFO -   -> Resultado para SUI_BUY_LONG_1753189199999: Stop Loss Atingido no preço 3.8433715
2025-07-26 17:27:21,317 - INFO - Analisando sinal 115/1321 (ID: ENA_BUY_LONG_1753194599999)...
2025-07-26 17:27:21,344 - INFO -   -> Resultado para ENA_BUY_LONG_1753194599999: Stop Loss Atingido no preço 0.491909
2025-07-26 17:27:21,344 - INFO - Analisando sinal 116/1321 (ID: ENA_BUY_LONG_1753196399999)...
2025-07-26 17:27:21,372 - INFO -   -> Resultado para ENA_BUY_LONG_1753196399999: Stop Loss Atingido no preço 0.511806
2025-07-26 17:27:21,372 - INFO - Analisando sinal 117/1321 (ID: ETH_BUY_LONG_1753198266902)...
2025-07-26 17:27:21,404 - INFO -   -> Resultado para ETH_BUY_LONG_1753198266902: Alvo Atingido no preço 2017.08
2025-07-26 17:27:21,404 - INFO - Analisando sinal 118/1321 (ID: IMX_BUY_LONG_1753198551505)...
2025-07-26 17:27:21,469 - INFO -   -> Resultado para IMX_BUY_LONG_1753198551505: Stop Loss Atingido no preço 0.5233
2025-07-26 17:27:21,469 - INFO - Analisando sinal 119/1321 (ID: ETH_BUY_LONG_1753199067949)...
2025-07-26 17:27:21,499 - INFO -   -> Resultado para ETH_BUY_LONG_1753199067949: Alvo Atingido no preço 2017.08
2025-07-26 17:27:21,499 - INFO - Analisando sinal 120/1321 (ID: ETH_BUY_LONG_1753199773919)...
2025-07-26 17:27:21,529 - INFO -   -> Resultado para ETH_BUY_LONG_1753199773919: Alvo Atingido no preço 2017.08
2025-07-26 17:27:21,529 - INFO - Analisando sinal 121/1321 (ID: ENA_BUY_LONG_1753199099999)...
2025-07-26 17:27:21,560 - INFO -   -> Resultado para ENA_BUY_LONG_1753199099999: Alvo Atingido no preço 0.5195
2025-07-26 17:27:21,561 - INFO - Analisando sinal 122/1321 (ID: ETH_BUY_LONG_1753200494340)...
2025-07-26 17:27:21,588 - INFO -   -> Resultado para ETH_BUY_LONG_1753200494340: Alvo Atingido no preço 2017.08
2025-07-26 17:27:21,588 - INFO - Analisando sinal 123/1321 (ID: ETH_BUY_LONG_1753203914917)...
2025-07-26 17:27:21,616 - INFO -   -> Resultado para ETH_BUY_LONG_1753203914917: Alvo Atingido no preço 2017.08
2025-07-26 17:27:21,616 - INFO - Analisando sinal 124/1321 (ID: ETH_BUY_LONG_1753204599959)...
2025-07-26 17:27:21,645 - INFO -   -> Resultado para ETH_BUY_LONG_1753204599959: Alvo Atingido no preço 2017.08
2025-07-26 17:27:21,645 - INFO - Analisando sinal 125/1321 (ID: ETH_BUY_LONG_1753205286049)...
2025-07-26 17:27:21,673 - INFO -   -> Resultado para ETH_BUY_LONG_1753205286049: Alvo Atingido no preço 2017.08
2025-07-26 17:27:21,673 - INFO - Analisando sinal 126/1321 (ID: ETH_BUY_LONG_1753205981146)...
2025-07-26 17:27:21,703 - INFO -   -> Resultado para ETH_BUY_LONG_1753205981146: Alvo Atingido no preço 2017.08
2025-07-26 17:27:21,704 - INFO - Analisando sinal 127/1321 (ID: ETH_BUY_LONG_1753206665617)...
2025-07-26 17:27:21,731 - INFO -   -> Resultado para ETH_BUY_LONG_1753206665617: Alvo Atingido no preço 2017.08
2025-07-26 17:27:21,731 - INFO - Analisando sinal 128/1321 (ID: ETH_BUY_LONG_1753207348505)...
2025-07-26 17:27:21,772 - INFO -   -> Resultado para ETH_BUY_LONG_1753207348505: Alvo Atingido no preço 2017.08
2025-07-26 17:27:21,772 - INFO - Analisando sinal 129/1321 (ID: ETH_BUY_LONG_1753209909934)...
2025-07-26 17:27:21,838 - INFO -   -> Resultado para ETH_BUY_LONG_1753209909934: Stop Loss Atingido no preço 3617.73
2025-07-26 17:27:21,838 - INFO - Analisando sinal 130/1321 (ID: SUI_BUY_LONG_1753210095628)...
2025-07-26 17:27:21,967 - INFO -   -> Resultado para SUI_BUY_LONG_1753210095628: Nenhum resultado no preço None
2025-07-26 17:27:21,967 - INFO - Analisando sinal 131/1321 (ID: PEPE_BUY_LONG_1753212885272)...
2025-07-26 17:27:21,998 - INFO -   -> Resultado para PEPE_BUY_LONG_1753212885272: Alvo Atingido no preço 8.16e-06
2025-07-26 17:27:21,998 - INFO - Analisando sinal 132/1321 (ID: PEPE_BUY_LONG_1753213385160)...
2025-07-26 17:27:22,031 - INFO -   -> Resultado para PEPE_BUY_LONG_1753213385160: Alvo Atingido no preço 8.16e-06
2025-07-26 17:27:22,031 - INFO - Analisando sinal 133/1321 (ID: PEPE_BUY_LONG_1753213884108)...
2025-07-26 17:27:22,066 - INFO -   -> Resultado para PEPE_BUY_LONG_1753213884108: Alvo Atingido no preço 8.16e-06
2025-07-26 17:27:22,066 - INFO - Analisando sinal 134/1321 (ID: PEPE_BUY_LONG_1753214382339)...
2025-07-26 17:27:22,108 - INFO -   -> Resultado para PEPE_BUY_LONG_1753214382339: Alvo Atingido no preço 8.16e-06
2025-07-26 17:27:22,109 - INFO - Analisando sinal 135/1321 (ID: PEPE_BUY_LONG_1753214881761)...
2025-07-26 17:27:22,153 - INFO -   -> Resultado para PEPE_BUY_LONG_1753214881761: Alvo Atingido no preço 8.16e-06
2025-07-26 17:27:22,153 - INFO - Analisando sinal 136/1321 (ID: PEPE_BUY_LONG_1753224631821)...
2025-07-26 17:27:22,193 - INFO -   -> Resultado para PEPE_BUY_LONG_1753224631821: Alvo Atingido no preço 8.16e-06
2025-07-26 17:27:22,194 - INFO - Analisando sinal 137/1321 (ID: PEPE_BUY_LONG_1753225129643)...
2025-07-26 17:27:22,230 - INFO -   -> Resultado para PEPE_BUY_LONG_1753225129643: Alvo Atingido no preço 8.16e-06
2025-07-26 17:27:22,230 - INFO - Analisando sinal 138/1321 (ID: PEPE_BUY_LONG_1753225627651)...
2025-07-26 17:27:22,268 - INFO -   -> Resultado para PEPE_BUY_LONG_1753225627651: Alvo Atingido no preço 8.16e-06
2025-07-26 17:27:22,268 - INFO - Analisando sinal 139/1321 (ID: PEPE_BUY_LONG_1753230163880)...
2025-07-26 17:27:22,297 - INFO -   -> Resultado para PEPE_BUY_LONG_1753230163880: Alvo Atingido no preço 8.16e-06
2025-07-26 17:27:22,297 - INFO - Analisando sinal 140/1321 (ID: BNB_BUY_LONG_1753235399999)...
2025-07-26 17:27:22,335 - INFO -   -> Resultado para BNB_BUY_LONG_1753235399999: Alvo Atingido no preço 807.89
2025-07-26 17:27:22,336 - INFO - Analisando sinal 141/1321 (ID: BNB_BUY_LONG_1753235699999)...
2025-07-26 17:27:22,374 - INFO -   -> Resultado para BNB_BUY_LONG_1753235699999: Alvo Atingido no preço 807.08
2025-07-26 17:27:22,374 - INFO - Analisando sinal 142/1321 (ID: BTC_BUY_LONG_1753235699999)...
2025-07-26 17:27:22,404 - INFO -   -> Resultado para BTC_BUY_LONG_1753235699999: Stop Loss Atingido no preço 118869.22
2025-07-26 17:27:22,405 - INFO - Analisando sinal 143/1321 (ID: ENA_BUY_LONG_1753235699999)...
2025-07-26 17:27:22,432 - INFO -   -> Resultado para ENA_BUY_LONG_1753235699999: Stop Loss Atingido no preço 0.48657
2025-07-26 17:27:22,433 - INFO - Analisando sinal 144/1321 (ID: ETH_SELL_SHORT_1753235699999)...
2025-07-26 17:27:22,467 - INFO -   -> Resultado para ETH_SELL_SHORT_1753235699999: Alvo Atingido no preço 3685.52
2025-07-26 17:27:22,467 - INFO - Analisando sinal 145/1321 (ID: NEAR_BUY_LONG_1753235699999)...
2025-07-26 17:27:22,501 - INFO -   -> Resultado para NEAR_BUY_LONG_1753235699999: Alvo Atingido no preço 3.033
2025-07-26 17:27:22,501 - INFO - Analisando sinal 146/1321 (ID: SOL_BUY_LONG_1753235699999)...
2025-07-26 17:27:22,535 - INFO -   -> Resultado para SOL_BUY_LONG_1753235699999: Stop Loss Atingido no preço 201.05
2025-07-26 17:27:22,535 - INFO - Analisando sinal 147/1321 (ID: SUI_SELL_SHORT_1753235699999)...
2025-07-26 17:27:22,590 - INFO -   -> Resultado para SUI_SELL_SHORT_1753235699999: Alvo Atingido no preço 3.9334
2025-07-26 17:27:22,590 - INFO - Analisando sinal 148/1321 (ID: IMX_BUY_LONG_1753235699999)...
2025-07-26 17:27:22,624 - INFO -   -> Resultado para IMX_BUY_LONG_1753235699999: Alvo Atingido no preço 0.6417
2025-07-26 17:27:22,625 - INFO - Analisando sinal 149/1321 (ID: ENA_SELL_SHORT_1753240499999)...
2025-07-26 17:27:22,652 - INFO -   -> Resultado para ENA_SELL_SHORT_1753240499999: Alvo Atingido no preço 0.4882
2025-07-26 17:27:22,653 - INFO - Analisando sinal 150/1321 (ID: SUI_BUY_LONG_1753240499999)...
2025-07-26 17:27:22,679 - INFO -   -> Resultado para SUI_BUY_LONG_1753240499999: Alvo Atingido no preço 3.9685
2025-07-26 17:27:22,679 - INFO - Analisando sinal 151/1321 (ID: IMX_BUY_LONG_1753240499999)...
2025-07-26 17:27:22,705 - INFO -   -> Resultado para IMX_BUY_LONG_1753240499999: Alvo Atingido no preço 0.6352
2025-07-26 17:27:22,706 - INFO - Analisando sinal 152/1321 (ID: ENA_SELL_SHORT_1753240499999)...
2025-07-26 17:27:22,731 - INFO -   -> Resultado para ENA_SELL_SHORT_1753240499999: Alvo Atingido no preço 0.4882
2025-07-26 17:27:22,731 - INFO - Analisando sinal 153/1321 (ID: ENA_SELL_SHORT_1753240799999)...
2025-07-26 17:27:22,755 - INFO -   -> Resultado para ENA_SELL_SHORT_1753240799999: Alvo Atingido no preço 0.4864
2025-07-26 17:27:22,756 - INFO - Analisando sinal 154/1321 (ID: SOL_SELL_SHORT_1753240799999)...
2025-07-26 17:27:22,781 - INFO -   -> Resultado para SOL_SELL_SHORT_1753240799999: Alvo Atingido no preço 202.27
2025-07-26 17:27:22,781 - INFO - Analisando sinal 155/1321 (ID: SOL_SELL_SHORT_1753241399999)...
2025-07-26 17:27:22,806 - INFO -   -> Resultado para SOL_SELL_SHORT_1753241399999: Alvo Atingido no preço 201.88
2025-07-26 17:27:22,807 - INFO - Analisando sinal 156/1321 (ID: BNB_SELL_SHORT_1753241999999)...
2025-07-26 17:27:22,832 - INFO -   -> Resultado para BNB_SELL_SHORT_1753241999999: Alvo Atingido no preço 791.07
2025-07-26 17:27:22,833 - INFO - Analisando sinal 157/1321 (ID: ETH_SELL_SHORT_1753242599999)...
2025-07-26 17:27:22,856 - INFO -   -> Resultado para ETH_SELL_SHORT_1753242599999: Alvo Atingido no preço 3730.0
2025-07-26 17:27:22,856 - INFO - Analisando sinal 158/1321 (ID: SOL_BUY_LONG_1753242599999)...
2025-07-26 17:27:22,880 - INFO -   -> Resultado para SOL_BUY_LONG_1753242599999: Alvo Atingido no preço 202.83
2025-07-26 17:27:22,881 - INFO - Analisando sinal 159/1321 (ID: SUI_BUY_LONG_1753242599999)...
2025-07-26 17:27:22,904 - INFO -   -> Resultado para SUI_BUY_LONG_1753242599999: Stop Loss Atingido no preço 3.9397
2025-07-26 17:27:22,904 - INFO - Analisando sinal 160/1321 (ID: SUI_BUY_LONG_1753242599999)...
2025-07-26 17:27:22,928 - INFO -   -> Resultado para SUI_BUY_LONG_1753242599999: Stop Loss Atingido no preço 3.9397
2025-07-26 17:27:22,928 - INFO - Analisando sinal 161/1321 (ID: SUI_SELL_SHORT_1753242899999)...
2025-07-26 17:27:22,954 - INFO -   -> Resultado para SUI_SELL_SHORT_1753242899999: Alvo Atingido no preço 3.9384
2025-07-26 17:27:22,954 - INFO - Analisando sinal 162/1321 (ID: BTC_BUY_LONG_1753244399999)...
2025-07-26 17:27:22,979 - INFO -   -> Resultado para BTC_BUY_LONG_1753244399999: Alvo Atingido no preço 118970.9
2025-07-26 17:27:22,979 - INFO - Analisando sinal 163/1321 (ID: ENA_SELL_SHORT_1753244399999)...
2025-07-26 17:27:23,003 - INFO -   -> Resultado para ENA_SELL_SHORT_1753244399999: Alvo Atingido no preço 0.485
2025-07-26 17:27:23,003 - INFO - Analisando sinal 164/1321 (ID: ETH_SELL_SHORT_1753244399999)...
2025-07-26 17:27:23,024 - INFO -   -> Resultado para ETH_SELL_SHORT_1753244399999: Alvo Atingido no preço 3723.57
2025-07-26 17:27:23,025 - INFO - Analisando sinal 165/1321 (ID: NEAR_SELL_SHORT_1753244399999)...
2025-07-26 17:27:23,050 - INFO -   -> Resultado para NEAR_SELL_SHORT_1753244399999: Alvo Atingido no preço 2.984
2025-07-26 17:27:23,050 - INFO - Analisando sinal 166/1321 (ID: SOL_BUY_LONG_1753244399999)...
2025-07-26 17:27:23,076 - INFO -   -> Resultado para SOL_BUY_LONG_1753244399999: Stop Loss Atingido no preço 199.16
2025-07-26 17:27:23,076 - INFO - Analisando sinal 167/1321 (ID: SUI_SELL_SHORT_1753244399999)...
2025-07-26 17:27:23,101 - INFO -   -> Resultado para SUI_SELL_SHORT_1753244399999: Alvo Atingido no preço 3.9508
2025-07-26 17:27:23,101 - INFO - Analisando sinal 168/1321 (ID: IMX_BUY_LONG_1753244399999)...
2025-07-26 17:27:23,125 - INFO -   -> Resultado para IMX_BUY_LONG_1753244399999: Alvo Atingido no preço 0.6317
2025-07-26 17:27:23,125 - INFO - Analisando sinal 169/1321 (ID: BNB_SELL_SHORT_1753245299999)...
2025-07-26 17:27:23,151 - INFO -   -> Resultado para BNB_SELL_SHORT_1753245299999: Alvo Atingido no preço 795.12
2025-07-26 17:27:23,151 - INFO - Analisando sinal 170/1321 (ID: candlestick_BNB_15m_Bullish Engulfing_1753247714)...
2025-07-26 17:27:23,177 - INFO -   -> Resultado para candlestick_BNB_15m_Bullish Engulfing_1753247714: Alvo Atingido no preço 775.1499999999999
2025-07-26 17:27:23,177 - INFO - Analisando sinal 171/1321 (ID: candlestick_BNB_15m_Bullish Engulfing_1753247714)...
2025-07-26 17:27:23,204 - INFO -   -> Resultado para candlestick_BNB_15m_Bullish Engulfing_1753247714: Alvo Atingido no preço 774.5268455695607
2025-07-26 17:27:23,204 - INFO - Analisando sinal 172/1321 (ID: candlestick_BNB_15m_Bearish Engulfing_1753247714)...
2025-07-26 17:27:23,229 - INFO -   -> Resultado para candlestick_BNB_15m_Bearish Engulfing_1753247714: Stop Loss Atingido no preço 768.2863840623429
2025-07-26 17:27:23,230 - INFO - Analisando sinal 173/1321 (ID: candlestick_BNB_15m_Bullish Engulfing_1753247714)...
2025-07-26 17:27:23,255 - INFO -   -> Resultado para candlestick_BNB_15m_Bullish Engulfing_1753247714: Alvo Atingido no preço 780.7023930183982
2025-07-26 17:27:23,255 - INFO - Analisando sinal 174/1321 (ID: candlestick_BNB_15m_Bullish Engulfing_1753247714)...
2025-07-26 17:27:23,281 - INFO -   -> Resultado para candlestick_BNB_15m_Bullish Engulfing_1753247714: Alvo Atingido no preço 781.0603025980926
2025-07-26 17:27:23,281 - INFO - Analisando sinal 175/1321 (ID: candlestick_BNB_15m_Bullish Engulfing_1753247714)...
2025-07-26 17:27:23,306 - INFO -   -> Resultado para candlestick_BNB_15m_Bullish Engulfing_1753247714: Alvo Atingido no preço 780.1285627130492
2025-07-26 17:27:23,307 - INFO - Analisando sinal 176/1321 (ID: candlestick_BNB_15m_Bearish Engulfing_1753247714)...
2025-07-26 17:27:23,335 - INFO -   -> Resultado para candlestick_BNB_15m_Bearish Engulfing_1753247714: Stop Loss Atingido no preço 779.500428901134
2025-07-26 17:27:23,335 - INFO - Analisando sinal 177/1321 (ID: candlestick_BNB_15m_Three Outside Up_1753247714)...
2025-07-26 17:27:23,360 - INFO -   -> Resultado para candlestick_BNB_15m_Three Outside Up_1753247714: Alvo Atingido no preço 777.0166666666667
2025-07-26 17:27:23,361 - INFO - Analisando sinal 178/1321 (ID: candlestick_BNB_15m_Three Outside Up_1753247714)...
2025-07-26 17:27:23,385 - INFO -   -> Resultado para candlestick_BNB_15m_Three Outside Up_1753247714: Alvo Atingido no preço 774.5599328269527
2025-07-26 17:27:23,385 - INFO - Analisando sinal 179/1321 (ID: candlestick_BNB_15m_Three Outside Up_1753247714)...
2025-07-26 17:27:23,410 - INFO -   -> Resultado para candlestick_BNB_15m_Three Outside Up_1753247714: Alvo Atingido no preço 779.9840758682845
2025-07-26 17:27:23,411 - INFO - Analisando sinal 180/1321 (ID: candlestick_BNB_15m_Three Outside Down_1753247714)...
2025-07-26 17:27:23,435 - INFO -   -> Resultado para candlestick_BNB_15m_Three Outside Down_1753247714: Stop Loss Atingido no preço 779.890473253936
2025-07-26 17:27:23,435 - INFO - Analisando sinal 181/1321 (ID: candlestick_BNB_15m_Gravestone Doji_1753247714)...
2025-07-26 17:27:23,466 - INFO -   -> Resultado para candlestick_BNB_15m_Gravestone Doji_1753247714: Stop Loss Atingido no preço 806.7894505373595
2025-07-26 17:27:23,466 - INFO - Analisando sinal 182/1321 (ID: candlestick_BNB_15m_Shooting Star_1753247714)...
2025-07-26 17:27:23,500 - INFO -   -> Resultado para candlestick_BNB_15m_Shooting Star_1753247714: Stop Loss Atingido no preço 803.6030356889257
2025-07-26 17:27:23,500 - INFO - Analisando sinal 183/1321 (ID: candlestick_BNB_15m_Hammer_1753247714)...
2025-07-26 17:27:23,543 - INFO -   -> Resultado para candlestick_BNB_15m_Hammer_1753247714: Alvo Atingido no preço 808.2511699856055
2025-07-26 17:27:23,543 - INFO - Analisando sinal 184/1321 (ID: candlestick_BNB_15m_Hanging Man_1753247714)...
2025-07-26 17:27:23,584 - INFO -   -> Resultado para candlestick_BNB_15m_Hanging Man_1753247714: Stop Loss Atingido no preço 768.2863840623429
2025-07-26 17:27:23,585 - INFO - Analisando sinal 185/1321 (ID: candlestick_BNB_15m_Hanging Man_1753247714)...
2025-07-26 17:27:23,626 - INFO -   -> Resultado para candlestick_BNB_15m_Hanging Man_1753247714: Stop Loss Atingido no preço 779.970918524186
2025-07-26 17:27:23,626 - INFO - Analisando sinal 186/1321 (ID: candlestick_BNB_15m_Tweezer Top_1753247714)...
2025-07-26 17:27:23,654 - INFO -   -> Resultado para candlestick_BNB_15m_Tweezer Top_1753247714: Stop Loss Atingido no preço 768.7499664134764
2025-07-26 17:27:23,655 - INFO - Analisando sinal 187/1321 (ID: candlestick_BNB_15m_Tweezer Top_1753247714)...
2025-07-26 17:27:23,682 - INFO -   -> Resultado para candlestick_BNB_15m_Tweezer Top_1753247714: Stop Loss Atingido no preço 769.0365969950111
2025-07-26 17:27:23,683 - INFO - Analisando sinal 188/1321 (ID: candlestick_BNB_15m_Tweezer Top_1753247714)...
2025-07-26 17:27:23,712 - INFO -   -> Resultado para candlestick_BNB_15m_Tweezer Top_1753247714: Stop Loss Atingido no preço 768.2863840623429
2025-07-26 17:27:23,713 - INFO - Analisando sinal 189/1321 (ID: candlestick_BNB_15m_Tweezer Top_1753247714)...
2025-07-26 17:27:23,738 - INFO -   -> Resultado para candlestick_BNB_15m_Tweezer Top_1753247714: Stop Loss Atingido no preço 769.2083014408219
2025-07-26 17:27:23,738 - INFO - Analisando sinal 190/1321 (ID: candlestick_BNB_15m_Tweezer Top_1753247714)...
2025-07-26 17:27:23,767 - INFO -   -> Resultado para candlestick_BNB_15m_Tweezer Top_1753247714: Stop Loss Atingido no preço 768.9302212383792
2025-07-26 17:27:23,767 - INFO - Analisando sinal 191/1321 (ID: candlestick_BNB_15m_Tweezer Top_1753247714)...
2025-07-26 17:27:23,799 - INFO -   -> Resultado para candlestick_BNB_15m_Tweezer Top_1753247714: Stop Loss Atingido no preço 769.2537079526569
2025-07-26 17:27:23,800 - INFO - Analisando sinal 192/1321 (ID: candlestick_BNB_15m_Tweezer Bottom_1753247714)...
2025-07-26 17:27:23,828 - INFO -   -> Resultado para candlestick_BNB_15m_Tweezer Bottom_1753247714: Alvo Atingido no preço 771.1391528663959
2025-07-26 17:27:23,828 - INFO - Analisando sinal 193/1321 (ID: candlestick_BNB_15m_Tweezer Top_1753247714)...
2025-07-26 17:27:23,855 - INFO -   -> Resultado para candlestick_BNB_15m_Tweezer Top_1753247714: Stop Loss Atingido no preço 774.7359923196136
2025-07-26 17:27:23,855 - INFO - Analisando sinal 194/1321 (ID: candlestick_BNB_15m_Tweezer Bottom_1753247714)...
2025-07-26 17:27:23,883 - INFO -   -> Resultado para candlestick_BNB_15m_Tweezer Bottom_1753247714: Alvo Atingido no preço 779.3267905709599
2025-07-26 17:27:23,883 - INFO - Analisando sinal 195/1321 (ID: candlestick_BNB_15m_Tweezer Top_1753247714)...
2025-07-26 17:27:23,910 - INFO -   -> Resultado para candlestick_BNB_15m_Tweezer Top_1753247714: Stop Loss Atingido no preço 773.4977623366964
2025-07-26 17:27:23,911 - INFO - Analisando sinal 196/1321 (ID: candlestick_BNB_15m_Tweezer Top_1753247714)...
2025-07-26 17:27:23,935 - INFO -   -> Resultado para candlestick_BNB_15m_Tweezer Top_1753247714: Stop Loss Atingido no preço 775.3120379341423
2025-07-26 17:27:23,935 - INFO - Analisando sinal 197/1321 (ID: candlestick_BNB_15m_Tweezer Top_1753247714)...
2025-07-26 17:27:23,964 - INFO -   -> Resultado para candlestick_BNB_15m_Tweezer Top_1753247714: Stop Loss Atingido no preço 774.9268302380387
2025-07-26 17:27:23,964 - INFO - Analisando sinal 198/1321 (ID: candlestick_BNB_15m_Tweezer Top_1753247714)...
2025-07-26 17:27:23,994 - INFO -   -> Resultado para candlestick_BNB_15m_Tweezer Top_1753247714: Stop Loss Atingido no preço 781.4505790357849
2025-07-26 17:27:23,995 - INFO - Analisando sinal 199/1321 (ID: candlestick_BNB_15m_Tweezer Top_1753247714)...
2025-07-26 17:27:24,025 - INFO -   -> Resultado para candlestick_BNB_15m_Tweezer Top_1753247714: Stop Loss Atingido no preço 780.0673849031084
2025-07-26 17:27:24,025 - INFO - Analisando sinal 200/1321 (ID: candlestick_BNB_15m_Tweezer Top_1753247714)...
2025-07-26 17:27:24,053 - INFO -   -> Resultado para candlestick_BNB_15m_Tweezer Top_1753247714: Stop Loss Atingido no preço 777.2881161965385
2025-07-26 17:27:24,053 - INFO - Analisando sinal 201/1321 (ID: candlestick_BNB_15m_Tweezer Top_1753247714)...
2025-07-26 17:27:24,081 - INFO -   -> Resultado para candlestick_BNB_15m_Tweezer Top_1753247714: Stop Loss Atingido no preço 783.9276126211147
2025-07-26 17:27:24,082 - INFO - Analisando sinal 202/1321 (ID: candlestick_BNB_15m_Tweezer Top_1753247714)...
2025-07-26 17:27:24,110 - INFO -   -> Resultado para candlestick_BNB_15m_Tweezer Top_1753247714: Stop Loss Atingido no preço 782.0930497892456
2025-07-26 17:27:24,111 - INFO - Analisando sinal 203/1321 (ID: candlestick_BNB_15m_Tweezer Top_1753247714)...
2025-07-26 17:27:24,140 - INFO -   -> Resultado para candlestick_BNB_15m_Tweezer Top_1753247714: Stop Loss Atingido no preço 782.7441338076508
2025-07-26 17:27:24,140 - INFO - Analisando sinal 204/1321 (ID: candlestick_BNB_15m_Tweezer Top_1753247714)...
2025-07-26 17:27:24,171 - INFO -   -> Resultado para candlestick_BNB_15m_Tweezer Top_1753247714: Stop Loss Atingido no preço 780.5233218469984
2025-07-26 17:27:24,171 - INFO - Analisando sinal 205/1321 (ID: candlestick_BNB_15m_Tweezer Bottom_1753247714)...
2025-07-26 17:27:24,199 - INFO -   -> Resultado para candlestick_BNB_15m_Tweezer Bottom_1753247714: Alvo Atingido no preço 782.910857802268
2025-07-26 17:27:24,199 - INFO - Analisando sinal 206/1321 (ID: candlestick_BNB_15m_Tweezer Top_1753247714)...
2025-07-26 17:27:24,233 - INFO -   -> Resultado para candlestick_BNB_15m_Tweezer Top_1753247714: Stop Loss Atingido no preço 781.565928414594
2025-07-26 17:27:24,233 - INFO - Analisando sinal 207/1321 (ID: candlestick_BNB_15m_Tweezer Top_1753247714)...
2025-07-26 17:27:24,264 - INFO -   -> Resultado para candlestick_BNB_15m_Tweezer Top_1753247714: Stop Loss Atingido no preço 808.6885287975949
2025-07-26 17:27:24,264 - INFO - Analisando sinal 208/1321 (ID: candlestick_BNB_15m_Tweezer Bottom_1753247714)...
2025-07-26 17:27:24,292 - INFO -   -> Resultado para candlestick_BNB_15m_Tweezer Bottom_1753247714: Stop Loss Atingido no preço 788.496619980343
2025-07-26 17:27:24,293 - INFO - Analisando sinal 209/1321 (ID: candlestick_BNB_15m_Tweezer Bottom_1753247714)...
2025-07-26 17:27:24,322 - INFO -   -> Resultado para candlestick_BNB_15m_Tweezer Bottom_1753247714: Stop Loss Atingido no preço 788.5913390485259
2025-07-26 17:27:24,322 - INFO - Analisando sinal 210/1321 (ID: candlestick_BNB_15m_Tweezer Top_1753247714)...
2025-07-26 17:27:24,353 - INFO -   -> Resultado para candlestick_BNB_15m_Tweezer Top_1753247714: Stop Loss Atingido no preço 805.6008392846683
2025-07-26 17:27:24,353 - INFO - Analisando sinal 211/1321 (ID: candlestick_BNB_15m_Stick Sandwich_1753247714)...
2025-07-26 17:27:24,381 - INFO -   -> Resultado para candlestick_BNB_15m_Stick Sandwich_1753247714: Alvo Atingido no preço 771.1391528663959
2025-07-26 17:27:24,381 - INFO - Analisando sinal 212/1321 (ID: candlestick_BNB_15m_Stick Sandwich_1753247714)...
2025-07-26 17:27:24,406 - INFO -   -> Resultado para candlestick_BNB_15m_Stick Sandwich_1753247714: Alvo Atingido no preço 779.1365282587925
2025-07-26 17:27:24,406 - INFO - Analisando sinal 213/1321 (ID: candlestick_BNB_15m_Stick Sandwich_1753247714)...
2025-07-26 17:27:24,431 - INFO -   -> Resultado para candlestick_BNB_15m_Stick Sandwich_1753247714: Alvo Atingido no preço 782.910857802268
2025-07-26 17:27:24,431 - INFO - Analisando sinal 214/1321 (ID: candlestick_BNB_15m_Inverted Hammer_1753247714)...
2025-07-26 17:27:24,460 - INFO -   -> Resultado para candlestick_BNB_15m_Inverted Hammer_1753247714: Alvo Atingido no preço 807.2533085181732
2025-07-26 17:27:24,461 - INFO - Analisando sinal 215/1321 (ID: candlestick_BNB_15m_Advance Block_1753247714)...
2025-07-26 17:27:24,486 - INFO -   -> Resultado para candlestick_BNB_15m_Advance Block_1753247714: Stop Loss Atingido no preço 769.0553042250127
2025-07-26 17:27:24,486 - INFO - Analisando sinal 216/1321 (ID: candlestick_BNB_15m_Advance Block_1753247714)...
2025-07-26 17:27:24,512 - INFO -   -> Resultado para candlestick_BNB_15m_Advance Block_1753247714: Stop Loss Atingido no preço 769.0365969950111
2025-07-26 17:27:24,512 - INFO - Analisando sinal 217/1321 (ID: candlestick_BNB_15m_Advance Block_1753247714)...
2025-07-26 17:27:24,541 - INFO -   -> Resultado para candlestick_BNB_15m_Advance Block_1753247714: Stop Loss Atingido no preço 771.7123656687098
2025-07-26 17:27:24,541 - INFO - Analisando sinal 218/1321 (ID: candlestick_BTC_15m_Bullish Engulfing_1753247715)...
2025-07-26 17:27:24,584 - INFO -   -> Resultado para candlestick_BTC_15m_Bullish Engulfing_1753247715: Stop Loss Atingido no preço 117900.0420931262
2025-07-26 17:27:24,584 - INFO - Analisando sinal 219/1321 (ID: candlestick_BTC_15m_Three Outside Up_1753247715)...
2025-07-26 17:27:24,618 - INFO -   -> Resultado para candlestick_BTC_15m_Three Outside Up_1753247715: Stop Loss Atingido no preço 118395.41626782386
2025-07-26 17:27:24,618 - INFO - Analisando sinal 220/1321 (ID: candlestick_BTC_15m_Hammer_1753247715)...
2025-07-26 17:27:24,660 - INFO -   -> Resultado para candlestick_BTC_15m_Hammer_1753247715: Stop Loss Atingido no preço 117601.63198040276
2025-07-26 17:27:24,660 - INFO - Analisando sinal 221/1321 (ID: candlestick_BTC_15m_Shooting Star_1753247715)...
2025-07-26 17:27:24,689 - INFO -   -> Resultado para candlestick_BTC_15m_Shooting Star_1753247715: Alvo Atingido no preço 118591.9577250482
2025-07-26 17:27:24,689 - INFO - Analisando sinal 222/1321 (ID: candlestick_BTC_15m_White Marubozu_1753247715)...
2025-07-26 17:27:24,717 - INFO -   -> Resultado para candlestick_BTC_15m_White Marubozu_1753247715: Stop Loss Atingido no preço 118579.53655257687
2025-07-26 17:27:24,717 - INFO - Analisando sinal 223/1321 (ID: candlestick_BTC_15m_Black Marubozu_1753247715)...
2025-07-26 17:27:24,748 - INFO -   -> Resultado para candlestick_BTC_15m_Black Marubozu_1753247715: Alvo Atingido no preço 119051.19969112099
2025-07-26 17:27:24,748 - INFO - Analisando sinal 224/1321 (ID: candlestick_BTC_15m_Tweezer Top_1753247715)...
2025-07-26 17:27:24,780 - INFO -   -> Resultado para candlestick_BTC_15m_Tweezer Top_1753247715: Alvo Atingido no preço 118109.67310515375
2025-07-26 17:27:24,780 - INFO - Analisando sinal 225/1321 (ID: candlestick_BTC_15m_Tweezer Top_1753247715)...
2025-07-26 17:27:24,809 - INFO -   -> Resultado para candlestick_BTC_15m_Tweezer Top_1753247715: Alvo Atingido no preço 118154.55002446657
2025-07-26 17:27:24,809 - INFO - Analisando sinal 226/1321 (ID: candlestick_BTC_15m_Tweezer Top_1753247715)...
2025-07-26 17:27:24,838 - INFO -   -> Resultado para candlestick_BTC_15m_Tweezer Top_1753247715: Alvo Atingido no preço 118516.7768222864
2025-07-26 17:27:24,838 - INFO - Analisando sinal 227/1321 (ID: candlestick_BTC_15m_Tweezer Top_1753247715)...
2025-07-26 17:27:24,868 - INFO -   -> Resultado para candlestick_BTC_15m_Tweezer Top_1753247715: Alvo Atingido no preço 118526.9136747584
2025-07-26 17:27:24,868 - INFO - Analisando sinal 228/1321 (ID: candlestick_BTC_15m_Tweezer Top_1753247715)...
2025-07-26 17:27:24,897 - INFO -   -> Resultado para candlestick_BTC_15m_Tweezer Top_1753247715: Alvo Atingido no preço 118576.28348377545
2025-07-26 17:27:24,897 - INFO - Analisando sinal 229/1321 (ID: candlestick_BTC_15m_Tweezer Top_1753247715)...
2025-07-26 17:27:24,935 - INFO -   -> Resultado para candlestick_BTC_15m_Tweezer Top_1753247715: Alvo Atingido no preço 117738.71898302586
2025-07-26 17:27:24,935 - INFO - Analisando sinal 230/1321 (ID: candlestick_BTC_15m_Tweezer Top_1753247715)...
2025-07-26 17:27:24,969 - INFO -   -> Resultado para candlestick_BTC_15m_Tweezer Top_1753247715: Alvo Atingido no preço 117442.90109153811
2025-07-26 17:27:24,969 - INFO - Analisando sinal 231/1321 (ID: candlestick_BTC_15m_Tweezer Bottom_1753247715)...
2025-07-26 17:27:25,001 - INFO -   -> Resultado para candlestick_BTC_15m_Tweezer Bottom_1753247715: Stop Loss Atingido no preço 118019.5481029803
2025-07-26 17:27:25,001 - INFO - Analisando sinal 232/1321 (ID: candlestick_BTC_15m_Tweezer Bottom_1753247715)...
2025-07-26 17:27:25,038 - INFO -   -> Resultado para candlestick_BTC_15m_Tweezer Bottom_1753247715: Stop Loss Atingido no preço 117900.0420931262
2025-07-26 17:27:25,039 - INFO - Analisando sinal 233/1321 (ID: candlestick_BTC_15m_Tweezer Top_1753247715)...
2025-07-26 17:27:25,078 - INFO -   -> Resultado para candlestick_BTC_15m_Tweezer Top_1753247715: Alvo Atingido no preço 118062.42617519147
2025-07-26 17:27:25,079 - INFO - Analisando sinal 234/1321 (ID: candlestick_BTC_15m_Tweezer Top_1753247715)...
2025-07-26 17:27:25,108 - INFO -   -> Resultado para candlestick_BTC_15m_Tweezer Top_1753247715: Alvo Atingido no preço 118206.83241430849
2025-07-26 17:27:25,108 - INFO - Analisando sinal 235/1321 (ID: candlestick_BTC_15m_Tweezer Top_1753247715)...
2025-07-26 17:27:25,145 - INFO -   -> Resultado para candlestick_BTC_15m_Tweezer Top_1753247715: Alvo Atingido no preço 118146.45661408408
2025-07-26 17:27:25,145 - INFO - Analisando sinal 236/1321 (ID: candlestick_BTC_15m_Tweezer Top_1753247715)...
2025-07-26 17:27:25,177 - INFO -   -> Resultado para candlestick_BTC_15m_Tweezer Top_1753247715: Alvo Atingido no preço 118363.38483989131
2025-07-26 17:27:25,177 - INFO - Analisando sinal 237/1321 (ID: candlestick_BTC_15m_Tweezer Top_1753247715)...
2025-07-26 17:27:25,208 - INFO -   -> Resultado para candlestick_BTC_15m_Tweezer Top_1753247715: Alvo Atingido no preço 118546.33887936552
2025-07-26 17:27:25,208 - INFO - Analisando sinal 238/1321 (ID: candlestick_BTC_15m_Tweezer Top_1753247715)...
2025-07-26 17:27:25,238 - INFO -   -> Resultado para candlestick_BTC_15m_Tweezer Top_1753247715: Alvo Atingido no preço 118426.96885066415
2025-07-26 17:27:25,238 - INFO - Analisando sinal 239/1321 (ID: candlestick_BTC_15m_Tweezer Top_1753247715)...
2025-07-26 17:27:25,271 - INFO -   -> Resultado para candlestick_BTC_15m_Tweezer Top_1753247715: Alvo Atingido no preço 118591.9577250482
2025-07-26 17:27:25,272 - INFO - Analisando sinal 240/1321 (ID: candlestick_BTC_15m_Tweezer Bottom_1753247715)...
2025-07-26 17:27:25,301 - INFO -   -> Resultado para candlestick_BTC_15m_Tweezer Bottom_1753247715: Stop Loss Atingido no preço 118983.78492483002
2025-07-26 17:27:25,301 - INFO - Analisando sinal 241/1321 (ID: candlestick_BTC_15m_Tweezer Bottom_1753247715)...
2025-07-26 17:27:25,329 - INFO -   -> Resultado para candlestick_BTC_15m_Tweezer Bottom_1753247715: Stop Loss Atingido no preço 119056.7721712392
2025-07-26 17:27:25,329 - INFO - Analisando sinal 242/1321 (ID: candlestick_BTC_15m_Tweezer Bottom_1753247715)...
2025-07-26 17:27:25,355 - INFO -   -> Resultado para candlestick_BTC_15m_Tweezer Bottom_1753247715: Stop Loss Atingido no preço 119026.4704406537
2025-07-26 17:27:25,356 - INFO - Analisando sinal 243/1321 (ID: candlestick_BTC_15m_Tweezer Bottom_1753247715)...
2025-07-26 17:27:25,384 - INFO -   -> Resultado para candlestick_BTC_15m_Tweezer Bottom_1753247715: Stop Loss Atingido no preço 118981.9082826886
2025-07-26 17:27:25,384 - INFO - Analisando sinal 244/1321 (ID: candlestick_BTC_15m_Tweezer Top_1753247715)...
2025-07-26 17:27:25,411 - INFO -   -> Resultado para candlestick_BTC_15m_Tweezer Top_1753247715: Alvo Atingido no preço 119005.6373068392
2025-07-26 17:27:25,411 - INFO - Analisando sinal 245/1321 (ID: candlestick_BTC_15m_Tweezer Top_1753247715)...
2025-07-26 17:27:25,438 - INFO -   -> Resultado para candlestick_BTC_15m_Tweezer Top_1753247715: Alvo Atingido no preço 119357.0914014887
2025-07-26 17:27:25,438 - INFO - Analisando sinal 246/1321 (ID: candlestick_BTC_15m_Tweezer Top_1753247715)...
2025-07-26 17:27:25,465 - INFO -   -> Resultado para candlestick_BTC_15m_Tweezer Top_1753247715: Alvo Atingido no preço 119170.83814558908
2025-07-26 17:27:25,465 - INFO - Analisando sinal 247/1321 (ID: candlestick_BTC_15m_Tweezer Top_1753247715)...
2025-07-26 17:27:25,493 - INFO -   -> Resultado para candlestick_BTC_15m_Tweezer Top_1753247715: Alvo Atingido no preço 119221.08247699642
2025-07-26 17:27:25,493 - INFO - Analisando sinal 248/1321 (ID: candlestick_BTC_15m_Tweezer Bottom_1753247715)...
2025-07-26 17:27:25,528 - INFO -   -> Resultado para candlestick_BTC_15m_Tweezer Bottom_1753247715: Stop Loss Atingido no preço 119421.94984556049
2025-07-26 17:27:25,529 - INFO - Analisando sinal 249/1321 (ID: candlestick_BTC_15m_Tweezer Bottom_1753247715)...
2025-07-26 17:27:25,567 - INFO -   -> Resultado para candlestick_BTC_15m_Tweezer Bottom_1753247715: Stop Loss Atingido no preço 119439.81032900471
2025-07-26 17:27:25,567 - INFO - Analisando sinal 250/1321 (ID: candlestick_BTC_15m_Tweezer Bottom_1753247715)...
2025-07-26 17:27:25,606 - INFO -   -> Resultado para candlestick_BTC_15m_Tweezer Bottom_1753247715: Stop Loss Atingido no preço 119024.83298761342
2025-07-26 17:27:25,606 - INFO - Analisando sinal 251/1321 (ID: candlestick_BTC_15m_Tweezer Bottom_1753247715)...
2025-07-26 17:27:25,635 - INFO -   -> Resultado para candlestick_BTC_15m_Tweezer Bottom_1753247715: Stop Loss Atingido no preço 119109.7617577097
2025-07-26 17:27:25,635 - INFO - Analisando sinal 252/1321 (ID: candlestick_BTC_15m_Tweezer Bottom_1753247715)...
2025-07-26 17:27:25,660 - INFO -   -> Resultado para candlestick_BTC_15m_Tweezer Bottom_1753247715: Stop Loss Atingido no preço 119163.30815783211
2025-07-26 17:27:25,660 - INFO - Analisando sinal 253/1321 (ID: candlestick_BTC_15m_Tweezer Bottom_1753247715)...
2025-07-26 17:27:25,683 - INFO -   -> Resultado para candlestick_BTC_15m_Tweezer Bottom_1753247715: Stop Loss Atingido no preço 119112.32955020535
2025-07-26 17:27:25,683 - INFO - Analisando sinal 254/1321 (ID: candlestick_BTC_15m_Tweezer Bottom_1753247715)...
2025-07-26 17:27:25,706 - INFO -   -> Resultado para candlestick_BTC_15m_Tweezer Bottom_1753247715: Stop Loss Atingido no preço 118921.92252855995
2025-07-26 17:27:25,706 - INFO - Analisando sinal 255/1321 (ID: candlestick_BTC_15m_Tweezer Bottom_1753247715)...
2025-07-26 17:27:25,730 - INFO -   -> Resultado para candlestick_BTC_15m_Tweezer Bottom_1753247715: Stop Loss Atingido no preço 118700.01620350657
2025-07-26 17:27:25,730 - INFO - Analisando sinal 256/1321 (ID: candlestick_BTC_15m_Tweezer Bottom_1753247715)...
2025-07-26 17:27:25,756 - INFO -   -> Resultado para candlestick_BTC_15m_Tweezer Bottom_1753247715: Stop Loss Atingido no preço 118577.74182125395
2025-07-26 17:27:25,756 - INFO - Analisando sinal 257/1321 (ID: candlestick_BTC_15m_Tweezer Bottom_1753247715)...
2025-07-26 17:27:25,780 - INFO -   -> Resultado para candlestick_BTC_15m_Tweezer Bottom_1753247715: Stop Loss Atingido no preço 118560.89497413297
2025-07-26 17:27:25,780 - INFO - Analisando sinal 258/1321 (ID: candlestick_BTC_15m_Tweezer Bottom_1753247715)...
2025-07-26 17:27:25,805 - INFO -   -> Resultado para candlestick_BTC_15m_Tweezer Bottom_1753247715: Stop Loss Atingido no preço 118402.27488305897
2025-07-26 17:27:25,805 - INFO - Analisando sinal 259/1321 (ID: candlestick_BTC_15m_Tweezer Bottom_1753247715)...
2025-07-26 17:27:25,830 - INFO -   -> Resultado para candlestick_BTC_15m_Tweezer Bottom_1753247715: Stop Loss Atingido no preço 118334.24874919608
2025-07-26 17:27:25,830 - INFO - Analisando sinal 260/1321 (ID: candlestick_BTC_15m_Tweezer Bottom_1753247715)...
2025-07-26 17:27:25,854 - INFO -   -> Resultado para candlestick_BTC_15m_Tweezer Bottom_1753247715: Stop Loss Atingido no preço 118434.7571943338
2025-07-26 17:27:25,854 - INFO - Analisando sinal 261/1321 (ID: candlestick_BTC_15m_Stick Sandwich_1753247715)...
2025-07-26 17:27:25,877 - INFO -   -> Resultado para candlestick_BTC_15m_Stick Sandwich_1753247715: Stop Loss Atingido no preço 118903.7568373792
2025-07-26 17:27:25,877 - INFO - Analisando sinal 262/1321 (ID: candlestick_BTC_15m_Stick Sandwich_1753247715)...
2025-07-26 17:27:25,900 - INFO -   -> Resultado para candlestick_BTC_15m_Stick Sandwich_1753247715: Stop Loss Atingido no preço 119169.52503865861
2025-07-26 17:27:25,900 - INFO - Analisando sinal 263/1321 (ID: candlestick_BTC_15m_Inverted Hammer_1753247715)...
2025-07-26 17:27:25,923 - INFO -   -> Resultado para candlestick_BTC_15m_Inverted Hammer_1753247715: Stop Loss Atingido no preço 119264.66845780467
2025-07-26 17:27:25,923 - INFO - Analisando sinal 264/1321 (ID: candlestick_ENA_15m_Bullish Engulfing_1753247716)...
2025-07-26 17:27:25,946 - INFO -   -> Resultado para candlestick_ENA_15m_Bullish Engulfing_1753247716: Stop Loss Atingido no preço 0.4954570086507321
2025-07-26 17:27:25,946 - INFO - Analisando sinal 265/1321 (ID: candlestick_ENA_15m_Bullish Engulfing_1753247716)...
2025-07-26 17:27:25,968 - INFO -   -> Resultado para candlestick_ENA_15m_Bullish Engulfing_1753247716: Stop Loss Atingido no preço 0.49138847711109385
2025-07-26 17:27:25,968 - INFO - Analisando sinal 266/1321 (ID: candlestick_ENA_15m_Bearish Engulfing_1753247716)...
2025-07-26 17:27:25,991 - INFO -   -> Resultado para candlestick_ENA_15m_Bearish Engulfing_1753247716: Alvo Atingido no preço 0.4846510998793749
2025-07-26 17:27:25,992 - INFO - Analisando sinal 267/1321 (ID: candlestick_ENA_15m_Bearish Engulfing_1753247716)...
2025-07-26 17:27:26,017 - INFO -   -> Resultado para candlestick_ENA_15m_Bearish Engulfing_1753247716: Alvo Atingido no preço 0.48557331250801095
2025-07-26 17:27:26,017 - INFO - Analisando sinal 268/1321 (ID: candlestick_ENA_15m_Bullish Engulfing_1753247716)...
2025-07-26 17:27:26,047 - INFO -   -> Resultado para candlestick_ENA_15m_Bullish Engulfing_1753247716: Stop Loss Atingido no preço 0.4938223596117714
2025-07-26 17:27:26,047 - INFO - Analisando sinal 269/1321 (ID: candlestick_ENA_15m_Bearish Engulfing_1753247716)...
2025-07-26 17:27:26,073 - INFO -   -> Resultado para candlestick_ENA_15m_Bearish Engulfing_1753247716: Alvo Atingido no preço 0.48263809988705403
2025-07-26 17:27:26,073 - INFO - Analisando sinal 270/1321 (ID: candlestick_ENA_15m_Bearish Engulfing_1753247716)...
2025-07-26 17:27:26,099 - INFO -   -> Resultado para candlestick_ENA_15m_Bearish Engulfing_1753247716: Alvo Atingido no preço 0.47964113344633974
2025-07-26 17:27:26,100 - INFO - Analisando sinal 271/1321 (ID: candlestick_ENA_15m_Bearish Engulfing_1753247716)...
2025-07-26 17:27:26,129 - INFO -   -> Resultado para candlestick_ENA_15m_Bearish Engulfing_1753247716: Alvo Atingido no preço 0.47051984586265744
2025-07-26 17:27:26,129 - INFO - Analisando sinal 272/1321 (ID: candlestick_ENA_15m_Three Outside Up_1753247716)...
2025-07-26 17:27:26,155 - INFO -   -> Resultado para candlestick_ENA_15m_Three Outside Up_1753247716: Stop Loss Atingido no preço 0.491973944521174
2025-07-26 17:27:26,155 - INFO - Analisando sinal 273/1321 (ID: candlestick_ENA_15m_Three Outside Down_1753247716)...
2025-07-26 17:27:26,184 - INFO -   -> Resultado para candlestick_ENA_15m_Three Outside Down_1753247716: Alvo Atingido no preço 0.4826700530323054
2025-07-26 17:27:26,184 - INFO - Analisando sinal 274/1321 (ID: candlestick_ENA_15m_Three Outside Down_1753247716)...
2025-07-26 17:27:26,211 - INFO -   -> Resultado para candlestick_ENA_15m_Three Outside Down_1753247716: Alvo Atingido no preço 0.475669551916338
2025-07-26 17:27:26,211 - INFO - Analisando sinal 275/1321 (ID: candlestick_ENA_15m_Three Outside Down_1753247716)...
2025-07-26 17:27:26,242 - INFO -   -> Resultado para candlestick_ENA_15m_Three Outside Down_1753247716: Alvo Atingido no preço 0.470457113674831
2025-07-26 17:27:26,242 - INFO - Analisando sinal 276/1321 (ID: candlestick_ENA_15m_Dragonfly Doji_1753247716)...
2025-07-26 17:27:26,268 - INFO -   -> Resultado para candlestick_ENA_15m_Dragonfly Doji_1753247716: Stop Loss Atingido no preço 0.4914561419143982
2025-07-26 17:27:26,268 - INFO - Analisando sinal 277/1321 (ID: candlestick_ENA_15m_Gravestone Doji_1753247716)...
2025-07-26 17:27:26,296 - INFO -   -> Resultado para candlestick_ENA_15m_Gravestone Doji_1753247716: Alvo Atingido no preço 0.4849478890423481
2025-07-26 17:27:26,296 - INFO - Analisando sinal 278/1321 (ID: candlestick_ENA_15m_Hammer_1753247716)...
2025-07-26 17:27:26,323 - INFO -   -> Resultado para candlestick_ENA_15m_Hammer_1753247716: Stop Loss Atingido no preço 0.49022191408849314
2025-07-26 17:27:26,324 - INFO - Analisando sinal 279/1321 (ID: candlestick_ENA_15m_Hammer_1753247716)...
2025-07-26 17:27:26,353 - INFO -   -> Resultado para candlestick_ENA_15m_Hammer_1753247716: Stop Loss Atingido no preço 0.48114852116461243
2025-07-26 17:27:26,353 - INFO - Analisando sinal 280/1321 (ID: candlestick_ENA_15m_Hammer_1753247716)...
2025-07-26 17:27:26,380 - INFO -   -> Resultado para candlestick_ENA_15m_Hammer_1753247716: Stop Loss Atingido no preço 0.4795099229313287
2025-07-26 17:27:26,380 - INFO - Analisando sinal 281/1321 (ID: candlestick_ENA_15m_Hanging Man_1753247716)...
2025-07-26 17:27:26,413 - INFO -   -> Resultado para candlestick_ENA_15m_Hanging Man_1753247716: Alvo Atingido no preço 0.4745904139271495
2025-07-26 17:27:26,413 - INFO - Analisando sinal 282/1321 (ID: candlestick_ENA_15m_Hanging Man_1753247716)...
2025-07-26 17:27:26,440 - INFO -   -> Resultado para candlestick_ENA_15m_Hanging Man_1753247716: Alvo Atingido no preço 0.4838158803599194
2025-07-26 17:27:26,440 - INFO - Analisando sinal 283/1321 (ID: candlestick_ENA_15m_White Marubozu_1753247716)...
2025-07-26 17:27:26,465 - INFO -   -> Resultado para candlestick_ENA_15m_White Marubozu_1753247716: Stop Loss Atingido no preço 0.4884039794031178
2025-07-26 17:27:26,465 - INFO - Analisando sinal 284/1321 (ID: candlestick_ENA_15m_White Marubozu_1753247716)...
2025-07-26 17:27:26,491 - INFO -   -> Resultado para candlestick_ENA_15m_White Marubozu_1753247716: Stop Loss Atingido no preço 0.4965970392150047
2025-07-26 17:27:26,491 - INFO - Analisando sinal 285/1321 (ID: candlestick_ENA_15m_Black Marubozu_1753247716)...
2025-07-26 17:27:26,522 - INFO -   -> Resultado para candlestick_ENA_15m_Black Marubozu_1753247716: Alvo Atingido no preço 0.47964113344633974
2025-07-26 17:27:26,523 - INFO - Analisando sinal 286/1321 (ID: candlestick_ENA_15m_Tweezer Top_1753247716)...
2025-07-26 17:27:26,554 - INFO -   -> Resultado para candlestick_ENA_15m_Tweezer Top_1753247716: Alvo Atingido no preço 0.47624044014753275
2025-07-26 17:27:26,554 - INFO - Analisando sinal 287/1321 (ID: candlestick_ENA_15m_Tweezer Top_1753247716)...
2025-07-26 17:27:26,589 - INFO -   -> Resultado para candlestick_ENA_15m_Tweezer Top_1753247716: Alvo Atingido no preço 0.47511504812786165
2025-07-26 17:27:26,589 - INFO - Analisando sinal 288/1321 (ID: candlestick_ENA_15m_Tweezer Bottom_1753247716)...
2025-07-26 17:27:26,623 - INFO -   -> Resultado para candlestick_ENA_15m_Tweezer Bottom_1753247716: Stop Loss Atingido no preço 0.49022191408849314
2025-07-26 17:27:26,623 - INFO - Analisando sinal 289/1321 (ID: candlestick_ENA_15m_Tweezer Bottom_1753247716)...
2025-07-26 17:27:26,648 - INFO -   -> Resultado para candlestick_ENA_15m_Tweezer Bottom_1753247716: Stop Loss Atingido no preço 0.49226585261092665
2025-07-26 17:27:26,649 - INFO - Analisando sinal 290/1321 (ID: candlestick_ENA_15m_Tweezer Bottom_1753247716)...
2025-07-26 17:27:26,675 - INFO -   -> Resultado para candlestick_ENA_15m_Tweezer Bottom_1753247716: Stop Loss Atingido no preço 0.4960882589632405
2025-07-26 17:27:26,676 - INFO - Analisando sinal 291/1321 (ID: candlestick_ENA_15m_Tweezer Bottom_1753247716)...
2025-07-26 17:27:26,703 - INFO -   -> Resultado para candlestick_ENA_15m_Tweezer Bottom_1753247716: Stop Loss Atingido no preço 0.4911427349894804
2025-07-26 17:27:26,704 - INFO - Analisando sinal 292/1321 (ID: candlestick_ENA_15m_Tweezer Bottom_1753247716)...
2025-07-26 17:27:26,728 - INFO -   -> Resultado para candlestick_ENA_15m_Tweezer Bottom_1753247716: Stop Loss Atingido no preço 0.49470256808725777
2025-07-26 17:27:26,728 - INFO - Analisando sinal 293/1321 (ID: candlestick_ENA_15m_Tweezer Bottom_1753247716)...
2025-07-26 17:27:26,752 - INFO -   -> Resultado para candlestick_ENA_15m_Tweezer Bottom_1753247716: Stop Loss Atingido no preço 0.48760575444021453
2025-07-26 17:27:26,752 - INFO - Analisando sinal 294/1321 (ID: candlestick_ENA_15m_Tweezer Top_1753247716)...
2025-07-26 17:27:26,776 - INFO -   -> Resultado para candlestick_ENA_15m_Tweezer Top_1753247716: Alvo Atingido no preço 0.4832863599362479
2025-07-26 17:27:26,776 - INFO - Analisando sinal 295/1321 (ID: candlestick_ENA_15m_Tweezer Bottom_1753247716)...
2025-07-26 17:27:26,800 - INFO -   -> Resultado para candlestick_ENA_15m_Tweezer Bottom_1753247716: Stop Loss Atingido no preço 0.48849220984020286
2025-07-26 17:27:26,800 - INFO - Analisando sinal 296/1321 (ID: candlestick_ENA_15m_Tweezer Bottom_1753247716)...
2025-07-26 17:27:26,823 - INFO -   -> Resultado para candlestick_ENA_15m_Tweezer Bottom_1753247716: Stop Loss Atingido no preço 0.4878242336882002
2025-07-26 17:27:26,823 - INFO - Analisando sinal 297/1321 (ID: candlestick_ENA_15m_Tweezer Top_1753247716)...
2025-07-26 17:27:26,848 - INFO -   -> Resultado para candlestick_ENA_15m_Tweezer Top_1753247716: Alvo Atingido no preço 0.48397695422218756
2025-07-26 17:27:26,848 - INFO - Analisando sinal 298/1321 (ID: candlestick_ENA_15m_Tweezer Top_1753247716)...
2025-07-26 17:27:26,871 - INFO -   -> Resultado para candlestick_ENA_15m_Tweezer Top_1753247716: Alvo Atingido no preço 0.4846510998793749
2025-07-26 17:27:26,871 - INFO - Analisando sinal 299/1321 (ID: candlestick_ENA_15m_Tweezer Bottom_1753247716)...
2025-07-26 17:27:26,895 - INFO -   -> Resultado para candlestick_ENA_15m_Tweezer Bottom_1753247716: Stop Loss Atingido no preço 0.49066904994352706
2025-07-26 17:27:26,896 - INFO - Analisando sinal 300/1321 (ID: candlestick_ENA_15m_Tweezer Bottom_1753247716)...
2025-07-26 17:27:26,920 - INFO -   -> Resultado para candlestick_ENA_15m_Tweezer Bottom_1753247716: Stop Loss Atingido no preço 0.48885125800106055
2025-07-26 17:27:26,920 - INFO - Analisando sinal 301/1321 (ID: candlestick_ENA_15m_Tweezer Bottom_1753247716)...
2025-07-26 17:27:26,945 - INFO -   -> Resultado para candlestick_ENA_15m_Tweezer Bottom_1753247716: Stop Loss Atingido no preço 0.48782056672316987
2025-07-26 17:27:26,946 - INFO - Analisando sinal 302/1321 (ID: candlestick_ENA_15m_Stick Sandwich_1753247716)...
2025-07-26 17:27:26,970 - INFO -   -> Resultado para candlestick_ENA_15m_Stick Sandwich_1753247716: Stop Loss Atingido no preço 0.4906575240639308
2025-07-26 17:27:26,970 - INFO - Analisando sinal 303/1321 (ID: candlestick_ENA_15m_Stick Sandwich_1753247716)...
2025-07-26 17:27:26,994 - INFO -   -> Resultado para candlestick_ENA_15m_Stick Sandwich_1753247716: Stop Loss Atingido no preço 0.49234851629934867
2025-07-26 17:27:26,994 - INFO - Analisando sinal 304/1321 (ID: candlestick_ENA_15m_Inverted Hammer_1753247716)...
2025-07-26 17:27:27,021 - INFO -   -> Resultado para candlestick_ENA_15m_Inverted Hammer_1753247716: Stop Loss Atingido no preço 0.49108502651615277
2025-07-26 17:27:27,021 - INFO - Analisando sinal 305/1321 (ID: candlestick_ENA_15m_Advance Block_1753247716)...
2025-07-26 17:27:27,046 - INFO -   -> Resultado para candlestick_ENA_15m_Advance Block_1753247716: Alvo Atingido no preço 0.49486303006312715
2025-07-26 17:27:27,046 - INFO - Analisando sinal 306/1321 (ID: candlestick_ETH_15m_Bullish Engulfing_1753247717)...
2025-07-26 17:27:27,076 - INFO -   -> Resultado para candlestick_ETH_15m_Bullish Engulfing_1753247717: Stop Loss Atingido no preço 3634.8433692673234
2025-07-26 17:27:27,076 - INFO - Analisando sinal 307/1321 (ID: candlestick_ETH_15m_Bearish Engulfing_1753247717)...
2025-07-26 17:27:27,103 - INFO -   -> Resultado para candlestick_ETH_15m_Bearish Engulfing_1753247717: Alvo Atingido no preço 3647.3458087792183
2025-07-26 17:27:27,103 - INFO - Analisando sinal 308/1321 (ID: candlestick_ETH_15m_Bullish Engulfing_1753247717)...
2025-07-26 17:27:27,127 - INFO -   -> Resultado para candlestick_ETH_15m_Bullish Engulfing_1753247717: Stop Loss Atingido no preço 3672.2586114531136
2025-07-26 17:27:27,127 - INFO - Analisando sinal 309/1321 (ID: candlestick_ETH_15m_Bearish Engulfing_1753247717)...
2025-07-26 17:27:27,152 - INFO -   -> Resultado para candlestick_ETH_15m_Bearish Engulfing_1753247717: Alvo Atingido no preço 3639.4617482083363
2025-07-26 17:27:27,152 - INFO - Analisando sinal 310/1321 (ID: candlestick_ETH_15m_Bullish Engulfing_1753247717)...
2025-07-26 17:27:27,182 - INFO -   -> Resultado para candlestick_ETH_15m_Bullish Engulfing_1753247717: Stop Loss Atingido no preço 3654.003010693641
2025-07-26 17:27:27,183 - INFO - Analisando sinal 311/1321 (ID: candlestick_ETH_15m_Bullish Engulfing_1753247717)...
2025-07-26 17:27:27,213 - INFO -   -> Resultado para candlestick_ETH_15m_Bullish Engulfing_1753247717: Stop Loss Atingido no preço 3660.9721081511916
2025-07-26 17:27:27,214 - INFO - Analisando sinal 312/1321 (ID: candlestick_ETH_15m_Bearish Engulfing_1753247717)...
2025-07-26 17:27:27,241 - INFO -   -> Resultado para candlestick_ETH_15m_Bearish Engulfing_1753247717: Alvo Atingido no preço 3696.486866973119
2025-07-26 17:27:27,241 - INFO - Analisando sinal 313/1321 (ID: candlestick_ETH_15m_Bearish Engulfing_1753247717)...
2025-07-26 17:27:27,268 - INFO -   -> Resultado para candlestick_ETH_15m_Bearish Engulfing_1753247717: Alvo Atingido no preço 3675.492141630562
2025-07-26 17:27:27,268 - INFO - Analisando sinal 314/1321 (ID: candlestick_ETH_15m_Bullish Engulfing_1753247717)...
2025-07-26 17:27:27,293 - INFO -   -> Resultado para candlestick_ETH_15m_Bullish Engulfing_1753247717: Stop Loss Atingido no preço 3704.1003600267095
2025-07-26 17:27:27,294 - INFO - Analisando sinal 315/1321 (ID: candlestick_ETH_15m_Three Outside Up_1753247717)...
2025-07-26 17:27:27,319 - INFO -   -> Resultado para candlestick_ETH_15m_Three Outside Up_1753247717: Stop Loss Atingido no preço 3665.458570348541
2025-07-26 17:27:27,319 - INFO - Analisando sinal 316/1321 (ID: candlestick_ETH_15m_Three Outside Down_1753247717)...
2025-07-26 17:27:27,345 - INFO -   -> Resultado para candlestick_ETH_15m_Three Outside Down_1753247717: Stop Loss Atingido no preço 3733.24064280034
2025-07-26 17:27:27,345 - INFO - Analisando sinal 317/1321 (ID: candlestick_ETH_15m_Three Outside Up_1753247717)...
2025-07-26 17:27:27,373 - INFO -   -> Resultado para candlestick_ETH_15m_Three Outside Up_1753247717: Stop Loss Atingido no preço 3683.5928801336263
2025-07-26 17:27:27,373 - INFO - Analisando sinal 318/1321 (ID: candlestick_ETH_15m_Three Outside Down_1753247717)...
2025-07-26 17:27:27,398 - INFO -   -> Resultado para candlestick_ETH_15m_Three Outside Down_1753247717: Stop Loss Atingido no preço 3720.286677729218
2025-07-26 17:27:27,398 - INFO - Analisando sinal 319/1321 (ID: candlestick_ETH_15m_Three Outside Up_1753247717)...
2025-07-26 17:27:27,426 - INFO -   -> Resultado para candlestick_ETH_15m_Three Outside Up_1753247717: Stop Loss Atingido no preço 3672.5926059903913
2025-07-26 17:27:27,426 - INFO - Analisando sinal 320/1321 (ID: candlestick_ETH_15m_Three Outside Down_1753247717)...
2025-07-26 17:27:27,452 - INFO -   -> Resultado para candlestick_ETH_15m_Three Outside Down_1753247717: Alvo Atingido no preço 3688.3158255209582
2025-07-26 17:27:27,452 - INFO - Analisando sinal 321/1321 (ID: candlestick_ETH_15m_Three Outside Down_1753247717)...
2025-07-26 17:27:27,478 - INFO -   -> Resultado para candlestick_ETH_15m_Three Outside Down_1753247717: Alvo Atingido no preço 3670.317947312912
2025-07-26 17:27:27,478 - INFO - Analisando sinal 322/1321 (ID: candlestick_ETH_15m_Dragonfly Doji_1753247717)...
2025-07-26 17:27:27,505 - INFO -   -> Resultado para candlestick_ETH_15m_Dragonfly Doji_1753247717: Stop Loss Atingido no preço 3666.994585265413
2025-07-26 17:27:27,505 - INFO - Analisando sinal 323/1321 (ID: candlestick_ETH_15m_Dragonfly Doji_1753247717)...
2025-07-26 17:27:27,532 - INFO -   -> Resultado para candlestick_ETH_15m_Dragonfly Doji_1753247717: Stop Loss Atingido no preço 3662.7077374717787
2025-07-26 17:27:27,532 - INFO - Analisando sinal 324/1321 (ID: candlestick_ETH_15m_Dragonfly Doji_1753247717)...
2025-07-26 17:27:27,562 - INFO -   -> Resultado para candlestick_ETH_15m_Dragonfly Doji_1753247717: Stop Loss Atingido no preço 3659.6954723623185
2025-07-26 17:27:27,562 - INFO - Analisando sinal 325/1321 (ID: candlestick_ETH_15m_Gravestone Doji_1753247717)...
2025-07-26 17:27:27,588 - INFO -   -> Resultado para candlestick_ETH_15m_Gravestone Doji_1753247717: Alvo Atingido no preço 3688.3158255209582
2025-07-26 17:27:27,589 - INFO - Analisando sinal 326/1321 (ID: candlestick_ETH_15m_Shooting Star_1753247717)...
2025-07-26 17:27:27,616 - INFO -   -> Resultado para candlestick_ETH_15m_Shooting Star_1753247717: Stop Loss Atingido no preço 3733.234506020218
2025-07-26 17:27:27,616 - INFO - Analisando sinal 327/1321 (ID: candlestick_ETH_15m_Shooting Star_1753247717)...
2025-07-26 17:27:27,640 - INFO -   -> Resultado para candlestick_ETH_15m_Shooting Star_1753247717: Stop Loss Atingido no preço 3736.4399035215947
2025-07-26 17:27:27,640 - INFO - Analisando sinal 328/1321 (ID: candlestick_ETH_15m_Hanging Man_1753247717)...
2025-07-26 17:27:27,663 - INFO -   -> Resultado para candlestick_ETH_15m_Hanging Man_1753247717: Stop Loss Atingido no preço 3727.6675069464054
2025-07-26 17:27:27,664 - INFO - Analisando sinal 329/1321 (ID: candlestick_ETH_15m_Hanging Man_1753247717)...
2025-07-26 17:27:27,690 - INFO -   -> Resultado para candlestick_ETH_15m_Hanging Man_1753247717: Stop Loss Atingido no preço 3727.3488991165373
2025-07-26 17:27:27,690 - INFO - Analisando sinal 330/1321 (ID: candlestick_ETH_15m_Hanging Man_1753247717)...
2025-07-26 17:27:27,714 - INFO -   -> Resultado para candlestick_ETH_15m_Hanging Man_1753247717: Alvo Atingido no preço 3700.2077086563213
2025-07-26 17:27:27,714 - INFO - Analisando sinal 331/1321 (ID: candlestick_ETH_15m_Tweezer Top_1753247717)...
2025-07-26 17:27:27,741 - INFO -   -> Resultado para candlestick_ETH_15m_Tweezer Top_1753247717: Stop Loss Atingido no preço 3725.911738784314
2025-07-26 17:27:27,741 - INFO - Analisando sinal 332/1321 (ID: candlestick_ETH_15m_Tweezer Top_1753247717)...
2025-07-26 17:27:27,769 - INFO -   -> Resultado para candlestick_ETH_15m_Tweezer Top_1753247717: Stop Loss Atingido no preço 3727.6675069464054
2025-07-26 17:27:27,770 - INFO - Analisando sinal 333/1321 (ID: candlestick_ETH_15m_Tweezer Top_1753247717)...
2025-07-26 17:27:27,795 - INFO -   -> Resultado para candlestick_ETH_15m_Tweezer Top_1753247717: Stop Loss Atingido no preço 3729.03855376981
2025-07-26 17:27:27,795 - INFO - Analisando sinal 334/1321 (ID: candlestick_ETH_15m_Tweezer Top_1753247717)...
2025-07-26 17:27:27,821 - INFO -   -> Resultado para candlestick_ETH_15m_Tweezer Top_1753247717: Stop Loss Atingido no preço 3727.3488991165373
2025-07-26 17:27:27,821 - INFO - Analisando sinal 335/1321 (ID: candlestick_ETH_15m_Tweezer Top_1753247717)...
2025-07-26 17:27:27,849 - INFO -   -> Resultado para candlestick_ETH_15m_Tweezer Top_1753247717: Stop Loss Atingido no preço 3726.2142503510136
2025-07-26 17:27:27,849 - INFO - Analisando sinal 336/1321 (ID: candlestick_ETH_15m_Tweezer Bottom_1753247717)...
2025-07-26 17:27:27,878 - INFO -   -> Resultado para candlestick_ETH_15m_Tweezer Bottom_1753247717: Stop Loss Atingido no preço 3673.9043115548525
2025-07-26 17:27:27,878 - INFO - Analisando sinal 337/1321 (ID: candlestick_ETH_15m_Tweezer Top_1753247717)...
2025-07-26 17:27:27,911 - INFO -   -> Resultado para candlestick_ETH_15m_Tweezer Top_1753247717: Alvo Atingido no preço 3625.191800857561
2025-07-26 17:27:27,911 - INFO - Analisando sinal 338/1321 (ID: candlestick_ETH_15m_Tweezer Bottom_1753247717)...
2025-07-26 17:27:27,942 - INFO -   -> Resultado para candlestick_ETH_15m_Tweezer Bottom_1753247717: Stop Loss Atingido no preço 3659.6954723623185
2025-07-26 17:27:27,942 - INFO - Analisando sinal 339/1321 (ID: candlestick_ETH_15m_Tweezer Top_1753247717)...
2025-07-26 17:27:27,974 - INFO -   -> Resultado para candlestick_ETH_15m_Tweezer Top_1753247717: Alvo Atingido no preço 3639.4617482083363
2025-07-26 17:27:27,975 - INFO - Analisando sinal 340/1321 (ID: candlestick_ETH_15m_Tweezer Top_1753247717)...
2025-07-26 17:27:28,010 - INFO -   -> Resultado para candlestick_ETH_15m_Tweezer Top_1753247717: Alvo Atingido no preço 3638.100049886701
2025-07-26 17:27:28,010 - INFO - Analisando sinal 341/1321 (ID: candlestick_ETH_15m_Tweezer Top_1753247717)...
2025-07-26 17:27:28,038 - INFO -   -> Resultado para candlestick_ETH_15m_Tweezer Top_1753247717: Stop Loss Atingido no preço 3734.6745027005327
2025-07-26 17:27:28,039 - INFO - Analisando sinal 342/1321 (ID: candlestick_ETH_15m_Tweezer Top_1753247717)...
2025-07-26 17:27:28,068 - INFO -   -> Resultado para candlestick_ETH_15m_Tweezer Top_1753247717: Alvo Atingido no preço 3663.8681551347663
2025-07-26 17:27:28,069 - INFO - Analisando sinal 343/1321 (ID: candlestick_ETH_15m_Tweezer Top_1753247717)...
2025-07-26 17:27:28,096 - INFO -   -> Resultado para candlestick_ETH_15m_Tweezer Top_1753247717: Alvo Atingido no preço 3706.762112980642
2025-07-26 17:27:28,097 - INFO - Analisando sinal 344/1321 (ID: candlestick_ETH_15m_Tweezer Bottom_1753247717)...
2025-07-26 17:27:28,127 - INFO -   -> Resultado para candlestick_ETH_15m_Tweezer Bottom_1753247717: Stop Loss Atingido no preço 3700.236070815281
2025-07-26 17:27:28,128 - INFO - Analisando sinal 345/1321 (ID: candlestick_ETH_15m_Tweezer Bottom_1753247717)...
2025-07-26 17:27:28,156 - INFO -   -> Resultado para candlestick_ETH_15m_Tweezer Bottom_1753247717: Stop Loss Atingido no preço 3706.8532769944686
2025-07-26 17:27:28,156 - INFO - Analisando sinal 346/1321 (ID: candlestick_ETH_15m_Tweezer Top_1753247717)...
2025-07-26 17:27:28,196 - INFO -   -> Resultado para candlestick_ETH_15m_Tweezer Top_1753247717: Alvo Atingido no preço 3688.8663646540053
2025-07-26 17:27:28,196 - INFO - Analisando sinal 347/1321 (ID: candlestick_ETH_15m_Tweezer Top_1753247717)...
2025-07-26 17:27:28,229 - INFO -   -> Resultado para candlestick_ETH_15m_Tweezer Top_1753247717: Alvo Atingido no preço 3700.2077086563213
2025-07-26 17:27:28,229 - INFO - Analisando sinal 348/1321 (ID: candlestick_ETH_15m_Tweezer Top_1753247717)...
2025-07-26 17:27:28,260 - INFO -   -> Resultado para candlestick_ETH_15m_Tweezer Top_1753247717: Alvo Atingido no preço 3683.730955738928
2025-07-26 17:27:28,260 - INFO - Analisando sinal 349/1321 (ID: candlestick_ETH_15m_Tweezer Bottom_1753247717)...
2025-07-26 17:27:28,290 - INFO -   -> Resultado para candlestick_ETH_15m_Tweezer Bottom_1753247717: Stop Loss Atingido no preço 3704.1003600267095
2025-07-26 17:27:28,290 - INFO - Analisando sinal 350/1321 (ID: candlestick_ETH_15m_Stick Sandwich_1753247717)...
2025-07-26 17:27:28,320 - INFO -   -> Resultado para candlestick_ETH_15m_Stick Sandwich_1753247717: Stop Loss Atingido no preço 3714.0721937135772
2025-07-26 17:27:28,320 - INFO - Analisando sinal 351/1321 (ID: candlestick_ETH_15m_Inverted Hammer_1753247717)...
2025-07-26 17:27:28,353 - INFO -   -> Resultado para candlestick_ETH_15m_Inverted Hammer_1753247717: Stop Loss Atingido no preço 3658.9661854221395
2025-07-26 17:27:28,353 - INFO - Analisando sinal 352/1321 (ID: candlestick_ETH_15m_Inverted Hammer_1753247717)...
2025-07-26 17:27:28,386 - INFO -   -> Resultado para candlestick_ETH_15m_Inverted Hammer_1753247717: Stop Loss Atingido no preço 3698.4496264408353
2025-07-26 17:27:28,386 - INFO - Analisando sinal 353/1321 (ID: candlestick_ETH_15m_Advance Block_1753247717)...
2025-07-26 17:27:28,417 - INFO -   -> Resultado para candlestick_ETH_15m_Advance Block_1753247717: Alvo Atingido no preço 3693.5772360667916
2025-07-26 17:27:28,417 - INFO - Analisando sinal 354/1321 (ID: candlestick_ETH_15m_Advance Block_1753247717)...
2025-07-26 17:27:28,460 - INFO -   -> Resultado para candlestick_ETH_15m_Advance Block_1753247717: Alvo Atingido no preço 3706.762112980642
2025-07-26 17:27:28,460 - INFO - Analisando sinal 355/1321 (ID: candlestick_NEAR_15m_Bearish Engulfing_1753247717)...
2025-07-26 17:27:28,492 - INFO -   -> Resultado para candlestick_NEAR_15m_Bearish Engulfing_1753247717: Stop Loss Atingido no preço 2.9911041315270825
2025-07-26 17:27:28,493 - INFO - Analisando sinal 356/1321 (ID: candlestick_NEAR_15m_Bullish Engulfing_1753247717)...
2025-07-26 17:27:28,527 - INFO -   -> Resultado para candlestick_NEAR_15m_Bullish Engulfing_1753247717: Stop Loss Atingido no preço 2.9014857810819885
2025-07-26 17:27:28,527 - INFO - Analisando sinal 357/1321 (ID: candlestick_NEAR_15m_Bearish Engulfing_1753247717)...
2025-07-26 17:27:28,554 - INFO -   -> Resultado para candlestick_NEAR_15m_Bearish Engulfing_1753247717: Alvo Atingido no preço 2.9645242203725872
2025-07-26 17:27:28,554 - INFO - Analisando sinal 358/1321 (ID: candlestick_NEAR_15m_Bullish Engulfing_1753247717)...
2025-07-26 17:27:28,581 - INFO -   -> Resultado para candlestick_NEAR_15m_Bullish Engulfing_1753247717: Stop Loss Atingido no preço 2.970369627669043
2025-07-26 17:27:28,581 - INFO - Analisando sinal 359/1321 (ID: candlestick_NEAR_15m_Three Outside Down_1753247717)...
2025-07-26 17:27:28,607 - INFO -   -> Resultado para candlestick_NEAR_15m_Three Outside Down_1753247717: Stop Loss Atingido no preço 2.9860235806568047
2025-07-26 17:27:28,607 - INFO - Analisando sinal 360/1321 (ID: candlestick_NEAR_15m_Three Outside Up_1753247717)...
2025-07-26 17:27:28,638 - INFO -   -> Resultado para candlestick_NEAR_15m_Three Outside Up_1753247717: Stop Loss Atingido no preço 2.9117843930709753
2025-07-26 17:27:28,638 - INFO - Analisando sinal 361/1321 (ID: candlestick_NEAR_15m_Three Outside Down_1753247717)...
2025-07-26 17:27:28,663 - INFO -   -> Resultado para candlestick_NEAR_15m_Three Outside Down_1753247717: Stop Loss Atingido no preço 3.0319901777674234
2025-07-26 17:27:28,664 - INFO - Analisando sinal 362/1321 (ID: candlestick_NEAR_15m_Three Outside Up_1753247717)...
2025-07-26 17:27:28,691 - INFO -   -> Resultado para candlestick_NEAR_15m_Three Outside Up_1753247717: Stop Loss Atingido no preço 2.98030763444213
2025-07-26 17:27:28,691 - INFO - Analisando sinal 363/1321 (ID: candlestick_NEAR_15m_Gravestone Doji_1753247717)...
2025-07-26 17:27:28,717 - INFO -   -> Resultado para candlestick_NEAR_15m_Gravestone Doji_1753247717: Stop Loss Atingido no preço 3.0179365762048995
2025-07-26 17:27:28,717 - INFO - Analisando sinal 364/1321 (ID: candlestick_NEAR_15m_Hammer_1753247717)...
2025-07-26 17:27:28,741 - INFO -   -> Resultado para candlestick_NEAR_15m_Hammer_1753247717: Alvo Atingido no preço 3.0101061287264264
2025-07-26 17:27:28,741 - INFO - Analisando sinal 365/1321 (ID: candlestick_NEAR_15m_Shooting Star_1753247717)...
2025-07-26 17:27:28,763 - INFO -   -> Resultado para candlestick_NEAR_15m_Shooting Star_1753247717: Stop Loss Atingido no preço 2.9986380808376834
2025-07-26 17:27:28,763 - INFO - Analisando sinal 366/1321 (ID: candlestick_NEAR_15m_Hanging Man_1753247717)...
2025-07-26 17:27:28,788 - INFO -   -> Resultado para candlestick_NEAR_15m_Hanging Man_1753247717: Stop Loss Atingido no preço 2.997487128304522
2025-07-26 17:27:28,789 - INFO - Analisando sinal 367/1321 (ID: candlestick_NEAR_15m_White Marubozu_1753247717)...
2025-07-26 17:27:28,814 - INFO -   -> Resultado para candlestick_NEAR_15m_White Marubozu_1753247717: Stop Loss Atingido no preço 2.9840672423431265
2025-07-26 17:27:28,814 - INFO - Analisando sinal 368/1321 (ID: candlestick_NEAR_15m_Tweezer Top_1753247717)...
2025-07-26 17:27:28,837 - INFO -   -> Resultado para candlestick_NEAR_15m_Tweezer Top_1753247717: Stop Loss Atingido no preço 2.9911041315270825
2025-07-26 17:27:28,838 - INFO - Analisando sinal 369/1321 (ID: candlestick_NEAR_15m_Tweezer Top_1753247717)...
2025-07-26 17:27:28,860 - INFO -   -> Resultado para candlestick_NEAR_15m_Tweezer Top_1753247717: Stop Loss Atingido no preço 2.996115912497566
2025-07-26 17:27:28,860 - INFO - Analisando sinal 370/1321 (ID: candlestick_NEAR_15m_Tweezer Top_1753247717)...
2025-07-26 17:27:28,884 - INFO -   -> Resultado para candlestick_NEAR_15m_Tweezer Top_1753247717: Stop Loss Atingido no preço 2.9936757941289964
2025-07-26 17:27:28,884 - INFO - Analisando sinal 371/1321 (ID: candlestick_NEAR_15m_Tweezer Bottom_1753247717)...
2025-07-26 17:27:28,911 - INFO -   -> Resultado para candlestick_NEAR_15m_Tweezer Bottom_1753247717: Stop Loss Atingido no preço 2.916852839052122
2025-07-26 17:27:28,911 - INFO - Analisando sinal 372/1321 (ID: candlestick_NEAR_15m_Tweezer Bottom_1753247717)...
2025-07-26 17:27:28,941 - INFO -   -> Resultado para candlestick_NEAR_15m_Tweezer Bottom_1753247717: Stop Loss Atingido no preço 2.8828567071933975
2025-07-26 17:27:28,941 - INFO - Analisando sinal 373/1321 (ID: candlestick_NEAR_15m_Tweezer Top_1753247717)...
2025-07-26 17:27:28,966 - INFO -   -> Resultado para candlestick_NEAR_15m_Tweezer Top_1753247717: Stop Loss Atingido no preço 3.0224939578732934
2025-07-26 17:27:28,966 - INFO - Analisando sinal 374/1321 (ID: candlestick_NEAR_15m_Tweezer Bottom_1753247717)...
2025-07-26 17:27:28,996 - INFO -   -> Resultado para candlestick_NEAR_15m_Tweezer Bottom_1753247717: Stop Loss Atingido no preço 2.9014857810819885
2025-07-26 17:27:28,997 - INFO - Analisando sinal 375/1321 (ID: candlestick_NEAR_15m_Tweezer Top_1753247717)...
2025-07-26 17:27:29,022 - INFO -   -> Resultado para candlestick_NEAR_15m_Tweezer Top_1753247717: Stop Loss Atingido no preço 3.017874314689398
2025-07-26 17:27:29,022 - INFO - Analisando sinal 376/1321 (ID: candlestick_NEAR_15m_Tweezer Top_1753247717)...
2025-07-26 17:27:29,050 - INFO -   -> Resultado para candlestick_NEAR_15m_Tweezer Top_1753247717: Stop Loss Atingido no preço 3.0318544583818716
2025-07-26 17:27:29,051 - INFO - Analisando sinal 377/1321 (ID: candlestick_NEAR_15m_Tweezer Top_1753247717)...
2025-07-26 17:27:29,077 - INFO -   -> Resultado para candlestick_NEAR_15m_Tweezer Top_1753247717: Alvo Atingido no preço 2.9588771657257142
2025-07-26 17:27:29,077 - INFO - Analisando sinal 378/1321 (ID: candlestick_NEAR_15m_Tweezer Top_1753247717)...
2025-07-26 17:27:29,102 - INFO -   -> Resultado para candlestick_NEAR_15m_Tweezer Top_1753247717: Alvo Atingido no preço 2.9645242203725872
2025-07-26 17:27:29,103 - INFO - Analisando sinal 379/1321 (ID: candlestick_NEAR_15m_Tweezer Bottom_1753247717)...
2025-07-26 17:27:29,129 - INFO -   -> Resultado para candlestick_NEAR_15m_Tweezer Bottom_1753247717: Stop Loss Atingido no preço 2.9659071660771437
2025-07-26 17:27:29,129 - INFO - Analisando sinal 380/1321 (ID: candlestick_NEAR_15m_Tweezer Top_1753247717)...
2025-07-26 17:27:29,155 - INFO -   -> Resultado para candlestick_NEAR_15m_Tweezer Top_1753247717: Stop Loss Atingido no preço 3.034648873237232
2025-07-26 17:27:29,155 - INFO - Analisando sinal 381/1321 (ID: candlestick_NEAR_15m_Tweezer Top_1753247717)...
2025-07-26 17:27:29,177 - INFO -   -> Resultado para candlestick_NEAR_15m_Tweezer Top_1753247717: Stop Loss Atingido no preço 3.030261432839949
2025-07-26 17:27:29,177 - INFO - Analisando sinal 382/1321 (ID: NEAR_SELL_SHORT_1753247717288)...
2025-07-26 17:27:29,205 - INFO -   -> Resultado para NEAR_SELL_SHORT_1753247717288: Alvo Atingido no preço 2.972
2025-07-26 17:27:29,206 - INFO - Analisando sinal 383/1321 (ID: candlestick_SOL_15m_Bullish Engulfing_1753247718)...
2025-07-26 17:27:29,237 - INFO -   -> Resultado para candlestick_SOL_15m_Bullish Engulfing_1753247718: Stop Loss Atingido no preço 192.357
2025-07-26 17:27:29,237 - INFO - Analisando sinal 384/1321 (ID: candlestick_SOL_15m_Bullish Engulfing_1753247718)...
2025-07-26 17:27:29,266 - INFO -   -> Resultado para candlestick_SOL_15m_Bullish Engulfing_1753247718: Stop Loss Atingido no preço 197.69174734257743
2025-07-26 17:27:29,266 - INFO - Analisando sinal 385/1321 (ID: candlestick_SOL_15m_Bullish Engulfing_1753247718)...
2025-07-26 17:27:29,295 - INFO -   -> Resultado para candlestick_SOL_15m_Bullish Engulfing_1753247718: Stop Loss Atingido no preço 198.34349553919236
2025-07-26 17:27:29,295 - INFO - Analisando sinal 386/1321 (ID: candlestick_SOL_15m_Bullish Engulfing_1753247718)...
2025-07-26 17:27:29,320 - INFO -   -> Resultado para candlestick_SOL_15m_Bullish Engulfing_1753247718: Stop Loss Atingido no preço 200.07319309459285
2025-07-26 17:27:29,321 - INFO - Analisando sinal 387/1321 (ID: candlestick_SOL_15m_Bearish Engulfing_1753247718)...
2025-07-26 17:27:29,353 - INFO -   -> Resultado para candlestick_SOL_15m_Bearish Engulfing_1753247718: Alvo Atingido no preço 195.32225872731365
2025-07-26 17:27:29,353 - INFO - Analisando sinal 388/1321 (ID: candlestick_SOL_15m_Bullish Engulfing_1753247718)...
2025-07-26 17:27:29,379 - INFO -   -> Resultado para candlestick_SOL_15m_Bullish Engulfing_1753247718: Stop Loss Atingido no preço 201.5395405697368
2025-07-26 17:27:29,379 - INFO - Analisando sinal 389/1321 (ID: candlestick_SOL_15m_Bullish Engulfing_1753247718)...
2025-07-26 17:27:29,406 - INFO -   -> Resultado para candlestick_SOL_15m_Bullish Engulfing_1753247718: Stop Loss Atingido no preço 202.62959320218278
2025-07-26 17:27:29,407 - INFO - Analisando sinal 390/1321 (ID: candlestick_SOL_15m_Three Outside Up_1753247718)...
2025-07-26 17:27:29,441 - INFO -   -> Resultado para candlestick_SOL_15m_Three Outside Up_1753247718: Stop Loss Atingido no preço 193.4014
2025-07-26 17:27:29,441 - INFO - Analisando sinal 391/1321 (ID: candlestick_SOL_15m_Three Outside Up_1753247718)...
2025-07-26 17:27:29,468 - INFO -   -> Resultado para candlestick_SOL_15m_Three Outside Up_1753247718: Stop Loss Atingido no preço 199.16192765352525
2025-07-26 17:27:29,468 - INFO - Analisando sinal 392/1321 (ID: candlestick_SOL_15m_Three Outside Down_1753247718)...
2025-07-26 17:27:29,505 - INFO -   -> Resultado para candlestick_SOL_15m_Three Outside Down_1753247718: Alvo Atingido no preço 195.24194244954148
2025-07-26 17:27:29,505 - INFO - Analisando sinal 393/1321 (ID: candlestick_SOL_15m_Three Outside Up_1753247718)...
2025-07-26 17:27:29,534 - INFO -   -> Resultado para candlestick_SOL_15m_Three Outside Up_1753247718: Stop Loss Atingido no preço 202.27379034052439
2025-07-26 17:27:29,534 - INFO - Analisando sinal 394/1321 (ID: candlestick_SOL_15m_Hammer_1753247718)...
2025-07-26 17:27:29,572 - INFO -   -> Resultado para candlestick_SOL_15m_Hammer_1753247718: Stop Loss Atingido no preço 196.47145824449228
2025-07-26 17:27:29,572 - INFO - Analisando sinal 395/1321 (ID: candlestick_SOL_15m_Hammer_1753247718)...
2025-07-26 17:27:29,605 - INFO -   -> Resultado para candlestick_SOL_15m_Hammer_1753247718: Stop Loss Atingido no preço 199.35454079225718
2025-07-26 17:27:29,605 - INFO - Analisando sinal 396/1321 (ID: candlestick_SOL_15m_Hanging Man_1753247718)...
2025-07-26 17:27:29,631 - INFO -   -> Resultado para candlestick_SOL_15m_Hanging Man_1753247718: Stop Loss Atingido no preço 201.12259922010296
2025-07-26 17:27:29,631 - INFO - Analisando sinal 397/1321 (ID: candlestick_SOL_15m_White Marubozu_1753247718)...
2025-07-26 17:27:29,657 - INFO -   -> Resultado para candlestick_SOL_15m_White Marubozu_1753247718: Stop Loss Atingido no preço 201.5395405697368
2025-07-26 17:27:29,657 - INFO - Analisando sinal 398/1321 (ID: candlestick_SOL_15m_Black Marubozu_1753247718)...
2025-07-26 17:27:29,686 - INFO -   -> Resultado para candlestick_SOL_15m_Black Marubozu_1753247718: Alvo Atingido no preço 197.48385955077794
2025-07-26 17:27:29,686 - INFO - Analisando sinal 399/1321 (ID: candlestick_SOL_15m_Tweezer Top_1753247718)...
2025-07-26 17:27:29,713 - INFO -   -> Resultado para candlestick_SOL_15m_Tweezer Top_1753247718: Stop Loss Atingido no preço 200.94304629895362
2025-07-26 17:27:29,713 - INFO - Analisando sinal 400/1321 (ID: candlestick_SOL_15m_Tweezer Top_1753247718)...
2025-07-26 17:27:29,740 - INFO -   -> Resultado para candlestick_SOL_15m_Tweezer Top_1753247718: Stop Loss Atingido no preço 201.24530679242648
2025-07-26 17:27:29,740 - INFO - Analisando sinal 401/1321 (ID: candlestick_SOL_15m_Tweezer Top_1753247718)...
2025-07-26 17:27:29,774 - INFO -   -> Resultado para candlestick_SOL_15m_Tweezer Top_1753247718: Alvo Atingido no preço 196.3569910783847
2025-07-26 17:27:29,774 - INFO - Analisando sinal 402/1321 (ID: candlestick_SOL_15m_Tweezer Top_1753247718)...
2025-07-26 17:27:29,810 - INFO -   -> Resultado para candlestick_SOL_15m_Tweezer Top_1753247718: Alvo Atingido no preço 197.12423695732625
2025-07-26 17:27:29,810 - INFO - Analisando sinal 403/1321 (ID: candlestick_SOL_15m_Tweezer Top_1753247718)...
2025-07-26 17:27:29,848 - INFO -   -> Resultado para candlestick_SOL_15m_Tweezer Top_1753247718: Alvo Atingido no preço 195.0774967795137
2025-07-26 17:27:29,848 - INFO - Analisando sinal 404/1321 (ID: candlestick_SOL_15m_Tweezer Top_1753247718)...
2025-07-26 17:27:29,878 - INFO -   -> Resultado para candlestick_SOL_15m_Tweezer Top_1753247718: Alvo Atingido no preço 196.3963861891857
2025-07-26 17:27:29,878 - INFO - Analisando sinal 405/1321 (ID: candlestick_SOL_15m_Tweezer Top_1753247718)...
2025-07-26 17:27:29,911 - INFO -   -> Resultado para candlestick_SOL_15m_Tweezer Top_1753247718: Alvo Atingido no preço 197.36146232360505
2025-07-26 17:27:29,911 - INFO - Analisando sinal 406/1321 (ID: candlestick_SOL_15m_Tweezer Top_1753247718)...
2025-07-26 17:27:29,943 - INFO -   -> Resultado para candlestick_SOL_15m_Tweezer Top_1753247718: Alvo Atingido no preço 197.4056183310317
2025-07-26 17:27:29,943 - INFO - Analisando sinal 407/1321 (ID: candlestick_SOL_15m_Tweezer Bottom_1753247718)...
2025-07-26 17:27:29,971 - INFO -   -> Resultado para candlestick_SOL_15m_Tweezer Bottom_1753247718: Stop Loss Atingido no preço 199.44402818141853
2025-07-26 17:27:29,971 - INFO - Analisando sinal 408/1321 (ID: candlestick_SOL_15m_Tweezer Bottom_1753247718)...
2025-07-26 17:27:30,000 - INFO -   -> Resultado para candlestick_SOL_15m_Tweezer Bottom_1753247718: Stop Loss Atingido no preço 199.35454079225718
2025-07-26 17:27:30,000 - INFO - Analisando sinal 409/1321 (ID: candlestick_SOL_15m_Tweezer Bottom_1753247718)...
2025-07-26 17:27:30,035 - INFO -   -> Resultado para candlestick_SOL_15m_Tweezer Bottom_1753247718: Stop Loss Atingido no preço 197.00533481836842
2025-07-26 17:27:30,035 - INFO - Analisando sinal 410/1321 (ID: candlestick_SOL_15m_Tweezer Top_1753247718)...
2025-07-26 17:27:30,065 - INFO -   -> Resultado para candlestick_SOL_15m_Tweezer Top_1753247718: Alvo Atingido no preço 196.8072058299426
2025-07-26 17:27:30,065 - INFO - Analisando sinal 411/1321 (ID: candlestick_SOL_15m_Tweezer Top_1753247718)...
2025-07-26 17:27:30,095 - INFO -   -> Resultado para candlestick_SOL_15m_Tweezer Top_1753247718: Alvo Atingido no preço 198.13987006739978
2025-07-26 17:27:30,095 - INFO - Analisando sinal 412/1321 (ID: candlestick_SOL_15m_Tweezer Top_1753247718)...
2025-07-26 17:27:30,128 - INFO -   -> Resultado para candlestick_SOL_15m_Tweezer Top_1753247718: Alvo Atingido no preço 198.51869879743535
2025-07-26 17:27:30,128 - INFO - Analisando sinal 413/1321 (ID: candlestick_SOL_15m_Tweezer Bottom_1753247718)...
2025-07-26 17:27:30,155 - INFO -   -> Resultado para candlestick_SOL_15m_Tweezer Bottom_1753247718: Stop Loss Atingido no preço 200.4696067946688
2025-07-26 17:27:30,155 - INFO - Analisando sinal 414/1321 (ID: candlestick_SOL_15m_Tweezer Bottom_1753247718)...
2025-07-26 17:27:30,181 - INFO -   -> Resultado para candlestick_SOL_15m_Tweezer Bottom_1753247718: Stop Loss Atingido no preço 200.49466938951818
2025-07-26 17:27:30,182 - INFO - Analisando sinal 415/1321 (ID: candlestick_SOL_15m_Tweezer Bottom_1753247718)...
2025-07-26 17:27:30,206 - INFO -   -> Resultado para candlestick_SOL_15m_Tweezer Bottom_1753247718: Stop Loss Atingido no preço 200.11832792549168
2025-07-26 17:27:30,207 - INFO - Analisando sinal 416/1321 (ID: candlestick_SOL_15m_Tweezer Bottom_1753247718)...
2025-07-26 17:27:30,236 - INFO -   -> Resultado para candlestick_SOL_15m_Tweezer Bottom_1753247718: Stop Loss Atingido no preço 200.2057646637809
2025-07-26 17:27:30,236 - INFO - Analisando sinal 417/1321 (ID: candlestick_SOL_15m_Tweezer Bottom_1753247718)...
2025-07-26 17:27:30,266 - INFO -   -> Resultado para candlestick_SOL_15m_Tweezer Bottom_1753247718: Stop Loss Atingido no preço 200.19284423852935
2025-07-26 17:27:30,266 - INFO - Analisando sinal 418/1321 (ID: candlestick_SOL_15m_Inverted Hammer_1753247718)...
2025-07-26 17:27:30,308 - INFO -   -> Resultado para candlestick_SOL_15m_Inverted Hammer_1753247718: Stop Loss Atingido no preço 198.47597122477075
2025-07-26 17:27:30,308 - INFO - Analisando sinal 419/1321 (ID: candlestick_SUI_15m_Bearish Engulfing_1753247719)...
2025-07-26 17:27:30,348 - INFO -   -> Resultado para candlestick_SUI_15m_Bearish Engulfing_1753247719: Stop Loss Atingido no preço 3.8880314222222223
2025-07-26 17:27:30,348 - INFO - Analisando sinal 420/1321 (ID: candlestick_SUI_15m_Bullish Engulfing_1753247719)...
2025-07-26 17:27:30,392 - INFO -   -> Resultado para candlestick_SUI_15m_Bullish Engulfing_1753247719: Alvo Atingido no preço 4.002573971351166
2025-07-26 17:27:30,392 - INFO - Analisando sinal 421/1321 (ID: candlestick_SUI_15m_Bearish Engulfing_1753247719)...
2025-07-26 17:27:30,424 - INFO -   -> Resultado para candlestick_SUI_15m_Bearish Engulfing_1753247719: Stop Loss Atingido no preço 3.9466923657674995
2025-07-26 17:27:30,424 - INFO - Analisando sinal 422/1321 (ID: candlestick_SUI_15m_Bullish Engulfing_1753247719)...
2025-07-26 17:27:30,451 - INFO -   -> Resultado para candlestick_SUI_15m_Bullish Engulfing_1753247719: Alvo Atingido no preço 4.023399454994236
2025-07-26 17:27:30,451 - INFO - Analisando sinal 423/1321 (ID: candlestick_SUI_15m_Bullish Engulfing_1753247719)...
2025-07-26 17:27:30,489 - INFO -   -> Resultado para candlestick_SUI_15m_Bullish Engulfing_1753247719: Stop Loss Atingido no preço 3.908781261713289
2025-07-26 17:27:30,490 - INFO - Analisando sinal 424/1321 (ID: candlestick_SUI_15m_Bullish Engulfing_1753247719)...
2025-07-26 17:27:30,528 - INFO -   -> Resultado para candlestick_SUI_15m_Bullish Engulfing_1753247719: Stop Loss Atingido no preço 3.930462596453816
2025-07-26 17:27:30,528 - INFO - Analisando sinal 425/1321 (ID: candlestick_SUI_15m_Bearish Engulfing_1753247719)...
2025-07-26 17:27:30,553 - INFO -   -> Resultado para candlestick_SUI_15m_Bearish Engulfing_1753247719: Stop Loss Atingido no preço 4.021875225078614
2025-07-26 17:27:30,553 - INFO - Analisando sinal 426/1321 (ID: candlestick_SUI_15m_Bearish Engulfing_1753247719)...
2025-07-26 17:27:30,579 - INFO -   -> Resultado para candlestick_SUI_15m_Bearish Engulfing_1753247719: Stop Loss Atingido no preço 3.991844836214757
2025-07-26 17:27:30,580 - INFO - Analisando sinal 427/1321 (ID: candlestick_SUI_15m_Three Outside Up_1753247719)...
2025-07-26 17:27:30,609 - INFO -   -> Resultado para candlestick_SUI_15m_Three Outside Up_1753247719: Alvo Atingido no preço 4.007898991711537
2025-07-26 17:27:30,609 - INFO - Analisando sinal 428/1321 (ID: candlestick_SUI_15m_Three Outside Down_1753247719)...
2025-07-26 17:27:30,636 - INFO -   -> Resultado para candlestick_SUI_15m_Three Outside Down_1753247719: Stop Loss Atingido no preço 3.947347411926991
2025-07-26 17:27:30,637 - INFO - Analisando sinal 429/1321 (ID: candlestick_SUI_15m_Three Outside Up_1753247719)...
2025-07-26 17:27:30,664 - INFO -   -> Resultado para candlestick_SUI_15m_Three Outside Up_1753247719: Stop Loss Atingido no preço 3.877577257326573
2025-07-26 17:27:30,665 - INFO - Analisando sinal 430/1321 (ID: candlestick_SUI_15m_Three Outside Up_1753247719)...
2025-07-26 17:27:30,690 - INFO -   -> Resultado para candlestick_SUI_15m_Three Outside Up_1753247719: Stop Loss Atingido no preço 3.9269104927736307
2025-07-26 17:27:30,690 - INFO - Analisando sinal 431/1321 (ID: candlestick_SUI_15m_Three Outside Up_1753247719)...
2025-07-26 17:27:30,717 - INFO -   -> Resultado para candlestick_SUI_15m_Three Outside Up_1753247719: Stop Loss Atingido no preço 3.9369466149221446
2025-07-26 17:27:30,717 - INFO - Analisando sinal 432/1321 (ID: candlestick_SUI_15m_Three Outside Down_1753247719)...
2025-07-26 17:27:30,745 - INFO -   -> Resultado para candlestick_SUI_15m_Three Outside Down_1753247719: Alvo Atingido no preço 3.924344493070929
2025-07-26 17:27:30,745 - INFO - Analisando sinal 433/1321 (ID: candlestick_SUI_15m_Three Outside Down_1753247719)...
2025-07-26 17:27:30,768 - INFO -   -> Resultado para candlestick_SUI_15m_Three Outside Down_1753247719: Stop Loss Atingido no preço 3.9856947662713873
2025-07-26 17:27:30,768 - INFO - Analisando sinal 434/1321 (ID: candlestick_SUI_15m_Dragonfly Doji_1753247719)...
2025-07-26 17:27:30,793 - INFO -   -> Resultado para candlestick_SUI_15m_Dragonfly Doji_1753247719: Alvo Atingido no preço 4.0022948238539815
2025-07-26 17:27:30,793 - INFO - Analisando sinal 435/1321 (ID: candlestick_SUI_15m_Hammer_1753247719)...
2025-07-26 17:27:30,816 - INFO -   -> Resultado para candlestick_SUI_15m_Hammer_1753247719: Alvo Atingido no preço 4.0022948238539815
2025-07-26 17:27:30,816 - INFO - Analisando sinal 436/1321 (ID: candlestick_SUI_15m_Shooting Star_1753247719)...
2025-07-26 17:27:30,840 - INFO -   -> Resultado para candlestick_SUI_15m_Shooting Star_1753247719: Stop Loss Atingido no preço 3.9746156707437024
2025-07-26 17:27:30,840 - INFO - Analisando sinal 437/1321 (ID: candlestick_SUI_15m_Shooting Star_1753247719)...
2025-07-26 17:27:30,863 - INFO -   -> Resultado para candlestick_SUI_15m_Shooting Star_1753247719: Stop Loss Atingido no preço 4.004653385077856
2025-07-26 17:27:30,864 - INFO - Analisando sinal 438/1321 (ID: candlestick_SUI_15m_Hammer_1753247719)...
2025-07-26 17:27:30,888 - INFO -   -> Resultado para candlestick_SUI_15m_Hammer_1753247719: Stop Loss Atingido no preço 3.9348657876250517
2025-07-26 17:27:30,888 - INFO - Analisando sinal 439/1321 (ID: candlestick_SUI_15m_Hanging Man_1753247719)...
2025-07-26 17:27:30,911 - INFO -   -> Resultado para candlestick_SUI_15m_Hanging Man_1753247719: Stop Loss Atingido no preço 3.936685324583571
2025-07-26 17:27:30,911 - INFO - Analisando sinal 440/1321 (ID: candlestick_SUI_15m_Hanging Man_1753247719)...
2025-07-26 17:27:30,932 - INFO -   -> Resultado para candlestick_SUI_15m_Hanging Man_1753247719: Stop Loss Atingido no preço 3.9391559461394827
2025-07-26 17:27:30,933 - INFO - Analisando sinal 441/1321 (ID: candlestick_SUI_15m_Hanging Man_1753247719)...
2025-07-26 17:27:30,956 - INFO -   -> Resultado para candlestick_SUI_15m_Hanging Man_1753247719: Stop Loss Atingido no preço 3.9366416262533193
2025-07-26 17:27:30,956 - INFO - Analisando sinal 442/1321 (ID: candlestick_SUI_15m_Hanging Man_1753247719)...
2025-07-26 17:27:30,978 - INFO -   -> Resultado para candlestick_SUI_15m_Hanging Man_1753247719: Stop Loss Atingido no preço 3.996520581212747
2025-07-26 17:27:30,979 - INFO - Analisando sinal 443/1321 (ID: candlestick_SUI_15m_White Marubozu_1753247719)...
2025-07-26 17:27:31,001 - INFO -   -> Resultado para candlestick_SUI_15m_White Marubozu_1753247719: Alvo Atingido no preço 3.9788941014743298
2025-07-26 17:27:31,001 - INFO - Analisando sinal 444/1321 (ID: candlestick_SUI_15m_Tweezer Top_1753247719)...
2025-07-26 17:27:31,024 - INFO -   -> Resultado para candlestick_SUI_15m_Tweezer Top_1753247719: Stop Loss Atingido no preço 3.929798451442582
2025-07-26 17:27:31,024 - INFO - Analisando sinal 445/1321 (ID: candlestick_SUI_15m_Tweezer Top_1753247719)...
2025-07-26 17:27:31,047 - INFO -   -> Resultado para candlestick_SUI_15m_Tweezer Top_1753247719: Stop Loss Atingido no preço 3.936685324583571
2025-07-26 17:27:31,048 - INFO - Analisando sinal 446/1321 (ID: candlestick_SUI_15m_Tweezer Top_1753247719)...
2025-07-26 17:27:31,071 - INFO -   -> Resultado para candlestick_SUI_15m_Tweezer Top_1753247719: Stop Loss Atingido no preço 3.9348043940645403
2025-07-26 17:27:31,071 - INFO - Analisando sinal 447/1321 (ID: candlestick_SUI_15m_Tweezer Top_1753247719)...
2025-07-26 17:27:31,094 - INFO -   -> Resultado para candlestick_SUI_15m_Tweezer Top_1753247719: Stop Loss Atingido no preço 3.9391559461394827
2025-07-26 17:27:31,095 - INFO - Analisando sinal 448/1321 (ID: candlestick_SUI_15m_Tweezer Top_1753247719)...
2025-07-26 17:27:31,117 - INFO -   -> Resultado para candlestick_SUI_15m_Tweezer Top_1753247719: Stop Loss Atingido no preço 3.9366416262533193
2025-07-26 17:27:31,117 - INFO - Analisando sinal 449/1321 (ID: candlestick_SUI_15m_Tweezer Bottom_1753247719)...
2025-07-26 17:27:31,144 - INFO -   -> Resultado para candlestick_SUI_15m_Tweezer Bottom_1753247719: Stop Loss Atingido no preço 3.877577257326573
2025-07-26 17:27:31,144 - INFO - Analisando sinal 450/1321 (ID: candlestick_SUI_15m_Tweezer Top_1753247719)...
2025-07-26 17:27:31,171 - INFO -   -> Resultado para candlestick_SUI_15m_Tweezer Top_1753247719: Alvo Atingido no preço 3.87855089299286
2025-07-26 17:27:31,171 - INFO - Analisando sinal 451/1321 (ID: candlestick_SUI_15m_Tweezer Top_1753247719)...
2025-07-26 17:27:31,192 - INFO -   -> Resultado para candlestick_SUI_15m_Tweezer Top_1753247719: Stop Loss Atingido no preço 4.019489507226369
2025-07-26 17:27:31,192 - INFO - Analisando sinal 452/1321 (ID: candlestick_SUI_15m_Tweezer Top_1753247719)...
2025-07-26 17:27:31,213 - INFO -   -> Resultado para candlestick_SUI_15m_Tweezer Top_1753247719: Stop Loss Atingido no preço 4.021214355018219
2025-07-26 17:27:31,213 - INFO - Analisando sinal 453/1321 (ID: candlestick_SUI_15m_Tweezer Bottom_1753247719)...
2025-07-26 17:27:31,238 - INFO -   -> Resultado para candlestick_SUI_15m_Tweezer Bottom_1753247719: Stop Loss Atingido no preço 3.9174288695072725
2025-07-26 17:27:31,238 - INFO - Analisando sinal 454/1321 (ID: candlestick_SUI_15m_Tweezer Bottom_1753247719)...
2025-07-26 17:27:31,267 - INFO -   -> Resultado para candlestick_SUI_15m_Tweezer Bottom_1753247719: Stop Loss Atingido no preço 3.914694507733934
2025-07-26 17:27:31,267 - INFO - Analisando sinal 455/1321 (ID: candlestick_SUI_15m_Tweezer Top_1753247719)...
2025-07-26 17:27:31,289 - INFO -   -> Resultado para candlestick_SUI_15m_Tweezer Top_1753247719: Stop Loss Atingido no preço 4.017967367649531
2025-07-26 17:27:31,289 - INFO - Analisando sinal 456/1321 (ID: candlestick_SUI_15m_Tweezer Top_1753247719)...
2025-07-26 17:27:31,312 - INFO -   -> Resultado para candlestick_SUI_15m_Tweezer Top_1753247719: Stop Loss Atingido no preço 4.0222362024018885
2025-07-26 17:27:31,312 - INFO - Analisando sinal 457/1321 (ID: candlestick_SUI_15m_Tweezer Top_1753247719)...
2025-07-26 17:27:31,335 - INFO -   -> Resultado para candlestick_SUI_15m_Tweezer Top_1753247719: Alvo Atingido no preço 3.942795657195763
2025-07-26 17:27:31,336 - INFO - Analisando sinal 458/1321 (ID: candlestick_SUI_15m_Tweezer Bottom_1753247719)...
2025-07-26 17:27:31,360 - INFO -   -> Resultado para candlestick_SUI_15m_Tweezer Bottom_1753247719: Stop Loss Atingido no preço 3.9581222465354644
2025-07-26 17:27:31,360 - INFO - Analisando sinal 459/1321 (ID: candlestick_SUI_15m_Tweezer Bottom_1753247719)...
2025-07-26 17:27:31,384 - INFO -   -> Resultado para candlestick_SUI_15m_Tweezer Bottom_1753247719: Stop Loss Atingido no preço 3.9443638965247687
2025-07-26 17:27:31,385 - INFO - Analisando sinal 460/1321 (ID: candlestick_SUI_15m_Tweezer Bottom_1753247719)...
2025-07-26 17:27:31,410 - INFO -   -> Resultado para candlestick_SUI_15m_Tweezer Bottom_1753247719: Stop Loss Atingido no preço 3.9378970354103684
2025-07-26 17:27:31,410 - INFO - Analisando sinal 461/1321 (ID: candlestick_SUI_15m_Tweezer Top_1753247719)...
2025-07-26 17:27:31,432 - INFO -   -> Resultado para candlestick_SUI_15m_Tweezer Top_1753247719: Stop Loss Atingido no preço 4.017246306601674
2025-07-26 17:27:31,432 - INFO - Analisando sinal 462/1321 (ID: candlestick_SUI_15m_Tweezer Bottom_1753247719)...
2025-07-26 17:27:31,456 - INFO -   -> Resultado para candlestick_SUI_15m_Tweezer Bottom_1753247719: Alvo Atingido no preço 4.022289672429514
2025-07-26 17:27:31,456 - INFO - Analisando sinal 463/1321 (ID: candlestick_SUI_15m_Tweezer Bottom_1753247719)...
2025-07-26 17:27:31,478 - INFO -   -> Resultado para candlestick_SUI_15m_Tweezer Bottom_1753247719: Alvo Atingido no preço 4.018389532542775
2025-07-26 17:27:31,479 - INFO - Analisando sinal 464/1321 (ID: candlestick_SUI_15m_Tweezer Bottom_1753247719)...
2025-07-26 17:27:31,503 - INFO -   -> Resultado para candlestick_SUI_15m_Tweezer Bottom_1753247719: Alvo Atingido no preço 4.0157507082595325
2025-07-26 17:27:31,503 - INFO - Analisando sinal 465/1321 (ID: candlestick_SUI_15m_Stick Sandwich_1753247719)...
2025-07-26 17:27:31,527 - INFO -   -> Resultado para candlestick_SUI_15m_Stick Sandwich_1753247719: Alvo Atingido no preço 3.9713832525066386
2025-07-26 17:27:31,527 - INFO - Analisando sinal 466/1321 (ID: candlestick_SUI_15m_Inverted Hammer_1753247719)...
2025-07-26 17:27:31,551 - INFO -   -> Resultado para candlestick_SUI_15m_Inverted Hammer_1753247719: Alvo Atingido no preço 4.001311620063797
2025-07-26 17:27:31,551 - INFO - Analisando sinal 467/1321 (ID: candlestick_IMX_15m_Bearish Engulfing_1753247720)...
2025-07-26 17:27:31,577 - INFO -   -> Resultado para candlestick_IMX_15m_Bearish Engulfing_1753247720: Stop Loss Atingido no preço 0.6209913777777777
2025-07-26 17:27:31,577 - INFO - Analisando sinal 468/1321 (ID: candlestick_IMX_15m_Bullish Engulfing_1753247720)...
2025-07-26 17:27:31,600 - INFO -   -> Resultado para candlestick_IMX_15m_Bullish Engulfing_1753247720: Alvo Atingido no preço 0.6362433280280932
2025-07-26 17:27:31,600 - INFO - Analisando sinal 469/1321 (ID: candlestick_IMX_15m_Bullish Engulfing_1753247720)...
2025-07-26 17:27:31,627 - INFO -   -> Resultado para candlestick_IMX_15m_Bullish Engulfing_1753247720: Alvo Atingido no preço 0.640886228405713
2025-07-26 17:27:31,627 - INFO - Analisando sinal 470/1321 (ID: candlestick_IMX_15m_Bullish Engulfing_1753247720)...
2025-07-26 17:27:31,651 - INFO -   -> Resultado para candlestick_IMX_15m_Bullish Engulfing_1753247720: Alvo Atingido no preço 0.6412935438019
2025-07-26 17:27:31,652 - INFO - Analisando sinal 471/1321 (ID: candlestick_IMX_15m_Bullish Engulfing_1753247720)...
2025-07-26 17:27:31,681 - INFO -   -> Resultado para candlestick_IMX_15m_Bullish Engulfing_1753247720: Stop Loss Atingido no preço 0.612851466461238
2025-07-26 17:27:31,681 - INFO - Analisando sinal 472/1321 (ID: candlestick_IMX_15m_Bullish Engulfing_1753247720)...
2025-07-26 17:27:31,708 - INFO -   -> Resultado para candlestick_IMX_15m_Bullish Engulfing_1753247720: Stop Loss Atingido no preço 0.6191202426319319
2025-07-26 17:27:31,708 - INFO - Analisando sinal 473/1321 (ID: candlestick_IMX_15m_Bullish Engulfing_1753247720)...
2025-07-26 17:27:31,734 - INFO -   -> Resultado para candlestick_IMX_15m_Bullish Engulfing_1753247720: Stop Loss Atingido no preço 0.6145999166496312
2025-07-26 17:27:31,735 - INFO - Analisando sinal 474/1321 (ID: candlestick_IMX_15m_Bearish Engulfing_1753247720)...
2025-07-26 17:27:31,759 - INFO -   -> Resultado para candlestick_IMX_15m_Bearish Engulfing_1753247720: Stop Loss Atingido no preço 0.6380107745195694
2025-07-26 17:27:31,759 - INFO - Analisando sinal 475/1321 (ID: candlestick_IMX_15m_Bullish Engulfing_1753247720)...
2025-07-26 17:27:31,785 - INFO -   -> Resultado para candlestick_IMX_15m_Bullish Engulfing_1753247720: Stop Loss Atingido no preço 0.6276783303985927
2025-07-26 17:27:31,785 - INFO - Analisando sinal 476/1321 (ID: candlestick_IMX_15m_Bearish Engulfing_1753247720)...
2025-07-26 17:27:31,809 - INFO -   -> Resultado para candlestick_IMX_15m_Bearish Engulfing_1753247720: Stop Loss Atingido no preço 0.6373141925229774
2025-07-26 17:27:31,810 - INFO - Analisando sinal 477/1321 (ID: candlestick_IMX_15m_Three Outside Up_1753247720)...
2025-07-26 17:27:31,834 - INFO -   -> Resultado para candlestick_IMX_15m_Three Outside Up_1753247720: Alvo Atingido no preço 0.635570884291014
2025-07-26 17:27:31,834 - INFO - Analisando sinal 478/1321 (ID: candlestick_IMX_15m_Three Outside Up_1753247720)...
2025-07-26 17:27:31,862 - INFO -   -> Resultado para candlestick_IMX_15m_Three Outside Up_1753247720: Stop Loss Atingido no preço 0.6190475670313031
2025-07-26 17:27:31,862 - INFO - Analisando sinal 479/1321 (ID: candlestick_IMX_15m_Three Outside Up_1753247720)...
2025-07-26 17:27:31,891 - INFO -   -> Resultado para candlestick_IMX_15m_Three Outside Up_1753247720: Stop Loss Atingido no preço 0.6164109290405133
2025-07-26 17:27:31,891 - INFO - Analisando sinal 480/1321 (ID: candlestick_IMX_15m_Three Outside Up_1753247720)...
2025-07-26 17:27:31,923 - INFO -   -> Resultado para candlestick_IMX_15m_Three Outside Up_1753247720: Stop Loss Atingido no preço 0.6216518785965605
2025-07-26 17:27:31,924 - INFO - Analisando sinal 481/1321 (ID: candlestick_IMX_15m_Three Outside Up_1753247720)...
2025-07-26 17:27:31,952 - INFO -   -> Resultado para candlestick_IMX_15m_Three Outside Up_1753247720: Stop Loss Atingido no preço 0.6183443973976755
2025-07-26 17:27:31,953 - INFO - Analisando sinal 482/1321 (ID: candlestick_IMX_15m_Hammer_1753247720)...
2025-07-26 17:27:31,981 - INFO -   -> Resultado para candlestick_IMX_15m_Hammer_1753247720: Alvo Atingido no preço 0.6408837507001778
2025-07-26 17:27:31,981 - INFO - Analisando sinal 483/1321 (ID: candlestick_IMX_15m_Shooting Star_1753247720)...
2025-07-26 17:27:32,007 - INFO -   -> Resultado para candlestick_IMX_15m_Shooting Star_1753247720: Stop Loss Atingido no preço 0.6377923653383579
2025-07-26 17:27:32,007 - INFO - Analisando sinal 484/1321 (ID: candlestick_IMX_15m_Hanging Man_1753247720)...
2025-07-26 17:27:32,032 - INFO -   -> Resultado para candlestick_IMX_15m_Hanging Man_1753247720: Stop Loss Atingido no preço 0.6418140050810991
2025-07-26 17:27:32,032 - INFO - Analisando sinal 485/1321 (ID: candlestick_IMX_15m_Black Marubozu_1753247720)...
2025-07-26 17:27:32,061 - INFO -   -> Resultado para candlestick_IMX_15m_Black Marubozu_1753247720: Alvo Atingido no preço 0.6244999330723486
2025-07-26 17:27:32,061 - INFO - Analisando sinal 486/1321 (ID: candlestick_IMX_15m_Tweezer Top_1753247720)...
2025-07-26 17:27:32,084 - INFO -   -> Resultado para candlestick_IMX_15m_Tweezer Top_1753247720: Stop Loss Atingido no preço 0.6327567719417649
2025-07-26 17:27:32,085 - INFO - Analisando sinal 487/1321 (ID: candlestick_IMX_15m_Tweezer Top_1753247720)...
2025-07-26 17:27:32,109 - INFO -   -> Resultado para candlestick_IMX_15m_Tweezer Top_1753247720: Stop Loss Atingido no preço 0.6335780757497969
2025-07-26 17:27:32,109 - INFO - Analisando sinal 488/1321 (ID: candlestick_IMX_15m_Tweezer Top_1753247720)...
2025-07-26 17:27:32,135 - INFO -   -> Resultado para candlestick_IMX_15m_Tweezer Top_1753247720: Stop Loss Atingido no preço 0.6400787002696557
2025-07-26 17:27:32,135 - INFO - Analisando sinal 489/1321 (ID: candlestick_IMX_15m_Tweezer Top_1753247720)...
2025-07-26 17:27:32,161 - INFO -   -> Resultado para candlestick_IMX_15m_Tweezer Top_1753247720: Stop Loss Atingido no preço 0.6402353233585933
2025-07-26 17:27:32,161 - INFO - Analisando sinal 490/1321 (ID: candlestick_IMX_15m_Tweezer Top_1753247720)...
2025-07-26 17:27:32,186 - INFO -   -> Resultado para candlestick_IMX_15m_Tweezer Top_1753247720: Stop Loss Atingido no preço 0.6389477597720931
2025-07-26 17:27:32,186 - INFO - Analisando sinal 491/1321 (ID: candlestick_IMX_15m_Tweezer Top_1753247720)...
2025-07-26 17:27:32,215 - INFO -   -> Resultado para candlestick_IMX_15m_Tweezer Top_1753247720: Alvo Atingido no preço 0.6184627788544769
2025-07-26 17:27:32,216 - INFO - Analisando sinal 492/1321 (ID: candlestick_IMX_15m_Tweezer Top_1753247720)...
2025-07-26 17:27:32,244 - INFO -   -> Resultado para candlestick_IMX_15m_Tweezer Top_1753247720: Alvo Atingido no preço 0.6234173416774798
2025-07-26 17:27:32,245 - INFO - Analisando sinal 493/1321 (ID: candlestick_IMX_15m_Tweezer Top_1753247720)...
2025-07-26 17:27:32,272 - INFO -   -> Resultado para candlestick_IMX_15m_Tweezer Top_1753247720: Alvo Atingido no preço 0.6293748070404661
2025-07-26 17:27:32,272 - INFO - Analisando sinal 494/1321 (ID: candlestick_IMX_15m_Tweezer Bottom_1753247720)...
2025-07-26 17:27:32,300 - INFO -   -> Resultado para candlestick_IMX_15m_Tweezer Bottom_1753247720: Stop Loss Atingido no preço 0.6251391982778133
2025-07-26 17:27:32,300 - INFO - Analisando sinal 495/1321 (ID: candlestick_IMX_15m_Tweezer Top_1753247720)...
2025-07-26 17:27:32,332 - INFO -   -> Resultado para candlestick_IMX_15m_Tweezer Top_1753247720: Stop Loss Atingido no preço 0.6417216696014074
2025-07-26 17:27:32,332 - INFO - Analisando sinal 496/1321 (ID: candlestick_IMX_15m_Tweezer Bottom_1753247720)...
2025-07-26 17:27:32,371 - INFO -   -> Resultado para candlestick_IMX_15m_Tweezer Bottom_1753247720: Stop Loss Atingido no preço 0.6214858074770225
2025-07-26 17:27:32,371 - INFO - Analisando sinal 497/1321 (ID: candlestick_IMX_15m_Tweezer Bottom_1753247720)...
2025-07-26 17:27:32,397 - INFO -   -> Resultado para candlestick_IMX_15m_Tweezer Bottom_1753247720: Stop Loss Atingido no preço 0.6244005505151939
2025-07-26 17:27:32,397 - INFO - Analisando sinal 498/1321 (ID: candlestick_IMX_15m_Inverted Hammer_1753247720)...
2025-07-26 17:27:32,422 - INFO -   -> Resultado para candlestick_IMX_15m_Inverted Hammer_1753247720: Stop Loss Atingido no preço 0.6251391982778133
2025-07-26 17:27:32,422 - INFO - Analisando sinal 499/1321 (ID: IMX_BUY_LONG_1753247719715)...
2025-07-26 17:27:32,446 - INFO -   -> Resultado para IMX_BUY_LONG_1753247719715: Alvo Atingido no preço 0.6388
2025-07-26 17:27:32,446 - INFO - Analisando sinal 500/1321 (ID: IMX_BUY_LONG_1753247917408)...
2025-07-26 17:27:32,469 - INFO -   -> Resultado para IMX_BUY_LONG_1753247917408: Alvo Atingido no preço 0.6388
2025-07-26 17:27:32,469 - INFO - Analisando sinal 501/1321 (ID: NEAR_SELL_SHORT_1753248284329)...
2025-07-26 17:27:32,493 - INFO -   -> Resultado para NEAR_SELL_SHORT_1753248284329: Alvo Atingido no preço 2.972
2025-07-26 17:27:32,493 - INFO - Analisando sinal 502/1321 (ID: SUI_SELL_SHORT_1753248977002)...
2025-07-26 17:27:32,517 - INFO -   -> Resultado para SUI_SELL_SHORT_1753248977002: Alvo Atingido no preço 3.9631
2025-07-26 17:27:32,517 - INFO - Analisando sinal 503/1321 (ID: SOL_BUY_LONG_1753249540045)...
2025-07-26 17:27:32,540 - INFO -   -> Resultado para SOL_BUY_LONG_1753249540045: Alvo Atingido no preço 201.84
2025-07-26 17:27:32,540 - INFO - Analisando sinal 504/1321 (ID: BTC_SELL_SHORT_1753250128431)...
2025-07-26 17:27:32,594 - INFO -   -> Resultado para BTC_SELL_SHORT_1753250128431: Alvo Atingido no preço 116270.53199999999
2025-07-26 17:27:32,595 - INFO - Analisando sinal 505/1321 (ID: ETH_BUY_LONG_1753250129546)...
2025-07-26 17:27:32,617 - INFO -   -> Resultado para ETH_BUY_LONG_1753250129546: Alvo Atingido no preço 3737.2
2025-07-26 17:27:32,617 - INFO - Analisando sinal 506/1321 (ID: BNB_BUY_LONG_1753251489950)...
2025-07-26 17:27:32,644 - INFO -   -> Resultado para BNB_BUY_LONG_1753251489950: Stop Loss Atingido no preço 789.54
2025-07-26 17:27:32,645 - INFO - Analisando sinal 507/1321 (ID: ENA_SELL_SHORT_1753251490528)...
2025-07-26 17:27:32,668 - INFO -   -> Resultado para ENA_SELL_SHORT_1753251490528: Alvo Atingido no preço 0.4769
2025-07-26 17:27:32,668 - INFO - Analisando sinal 508/1321 (ID: ETH_SELL_SHORT_1753256906603)...
2025-07-26 17:27:32,690 - INFO -   -> Resultado para ETH_SELL_SHORT_1753256906603: Alvo Atingido no preço 3649.93
2025-07-26 17:27:32,690 - INFO - Analisando sinal 509/1321 (ID: NEAR_SELL_SHORT_1753257207924)...
2025-07-26 17:27:32,713 - INFO -   -> Resultado para NEAR_SELL_SHORT_1753257207924: Stop Loss Atingido no preço 2.981
2025-07-26 17:27:32,714 - INFO - Analisando sinal 510/1321 (ID: NEAR_BUY_LONG_1753261720952)...
2025-07-26 17:27:32,738 - INFO -   -> Resultado para NEAR_BUY_LONG_1753261720952: Stop Loss Atingido no preço 2.938
2025-07-26 17:27:32,738 - INFO - Analisando sinal 511/1321 (ID: NEAR_BUY_LONG_1753265632666)...
2025-07-26 17:27:32,763 - INFO -   -> Resultado para NEAR_BUY_LONG_1753265632666: Stop Loss Atingido no preço 2.894
2025-07-26 17:27:32,763 - INFO - Analisando sinal 512/1321 (ID: BNB_BUY_LONG_1753266836660)...
2025-07-26 17:27:32,788 - INFO -   -> Resultado para BNB_BUY_LONG_1753266836660: Alvo Atingido no preço 794.72
2025-07-26 17:27:32,788 - INFO - Analisando sinal 513/1321 (ID: BNB_SELL_SHORT_1753269847800)...
2025-07-26 17:27:32,812 - INFO -   -> Resultado para BNB_SELL_SHORT_1753269847800: Stop Loss Atingido no preço 806.16
2025-07-26 17:27:32,812 - INFO - Analisando sinal 514/1321 (ID: ETH_SELL_SHORT_1753269299999)...
2025-07-26 17:27:32,832 - INFO -   -> Resultado para ETH_SELL_SHORT_1753269299999: Alvo Atingido no preço 3647.6
2025-07-26 17:27:32,833 - INFO - Analisando sinal 515/1321 (ID: SOL_SELL_SHORT_1753271099999)...
2025-07-26 17:27:32,853 - INFO -   -> Resultado para SOL_SELL_SHORT_1753271099999: Alvo Atingido no preço 197.56
2025-07-26 17:27:32,853 - INFO - Analisando sinal 516/1321 (ID: IMX_SELL_SHORT_1753271099999)...
2025-07-26 17:27:32,874 - INFO -   -> Resultado para IMX_SELL_SHORT_1753271099999: Alvo Atingido no preço 0.6131
2025-07-26 17:27:32,875 - INFO - Analisando sinal 517/1321 (ID: SOL_SELL_SHORT_1753271699999)...
2025-07-26 17:27:32,898 - INFO -   -> Resultado para SOL_SELL_SHORT_1753271699999: Alvo Atingido no preço 197.36
2025-07-26 17:27:32,898 - INFO - Analisando sinal 518/1321 (ID: BNB_BUY_LONG_1753271699999)...
2025-07-26 17:27:32,921 - INFO -   -> Resultado para BNB_BUY_LONG_1753271699999: Alvo Atingido no preço 808.87
2025-07-26 17:27:32,921 - INFO - Analisando sinal 519/1321 (ID: ENA_SELL_SHORT_1753271699999)...
2025-07-26 17:27:32,943 - INFO -   -> Resultado para ENA_SELL_SHORT_1753271699999: Alvo Atingido no preço 0.4664
2025-07-26 17:27:32,944 - INFO - Analisando sinal 520/1321 (ID: ETH_SELL_SHORT_1753271699999)...
2025-07-26 17:27:32,965 - INFO -   -> Resultado para ETH_SELL_SHORT_1753271699999: Alvo Atingido no preço 3667.66
2025-07-26 17:27:32,965 - INFO - Analisando sinal 521/1321 (ID: SUI_SELL_SHORT_1753271699999)...
2025-07-26 17:27:32,987 - INFO -   -> Resultado para SUI_SELL_SHORT_1753271699999: Alvo Atingido no preço 3.8968
2025-07-26 17:27:32,987 - INFO - Analisando sinal 522/1321 (ID: IMX_SELL_SHORT_1753271699999)...
2025-07-26 17:27:33,009 - INFO -   -> Resultado para IMX_SELL_SHORT_1753271699999: Alvo Atingido no preço 0.6139
2025-07-26 17:27:33,009 - INFO - Analisando sinal 523/1321 (ID: BNB_BUY_LONG_1753271699999)...
2025-07-26 17:27:33,032 - INFO -   -> Resultado para BNB_BUY_LONG_1753271699999: Alvo Atingido no preço 808.87
2025-07-26 17:27:33,033 - INFO - Analisando sinal 524/1321 (ID: BTC_SELL_SHORT_1753271699999)...
2025-07-26 17:27:33,054 - INFO -   -> Resultado para BTC_SELL_SHORT_1753271699999: Alvo Atingido no preço 118442.3
2025-07-26 17:27:33,054 - INFO - Analisando sinal 525/1321 (ID: ENA_SELL_SHORT_1753271699999)...
2025-07-26 17:27:33,076 - INFO -   -> Resultado para ENA_SELL_SHORT_1753271699999: Alvo Atingido no preço 0.4664
2025-07-26 17:27:33,076 - INFO - Analisando sinal 526/1321 (ID: ETH_SELL_SHORT_1753271699999)...
2025-07-26 17:27:33,097 - INFO -   -> Resultado para ETH_SELL_SHORT_1753271699999: Alvo Atingido no preço 3667.66
2025-07-26 17:27:33,097 - INFO - Analisando sinal 527/1321 (ID: NEAR_SELL_SHORT_1753271699999)...
2025-07-26 17:27:33,119 - INFO -   -> Resultado para NEAR_SELL_SHORT_1753271699999: Alvo Atingido no preço 2.91
2025-07-26 17:27:33,119 - INFO - Analisando sinal 528/1321 (ID: SOL_SELL_SHORT_1753271699999)...
2025-07-26 17:27:33,141 - INFO -   -> Resultado para SOL_SELL_SHORT_1753271699999: Alvo Atingido no preço 197.36
2025-07-26 17:27:33,141 - INFO - Analisando sinal 529/1321 (ID: SUI_SELL_SHORT_1753271699999)...
2025-07-26 17:27:33,164 - INFO -   -> Resultado para SUI_SELL_SHORT_1753271699999: Alvo Atingido no preço 3.8968
2025-07-26 17:27:33,164 - INFO - Analisando sinal 530/1321 (ID: IMX_SELL_SHORT_1753271699999)...
2025-07-26 17:27:33,188 - INFO -   -> Resultado para IMX_SELL_SHORT_1753271699999: Alvo Atingido no preço 0.6139
2025-07-26 17:27:33,188 - INFO - Analisando sinal 531/1321 (ID: BNB_BUY_LONG_1753271999999)...
2025-07-26 17:27:33,225 - INFO -   -> Resultado para BNB_BUY_LONG_1753271999999: Alvo Atingido no preço 809.24
2025-07-26 17:27:33,225 - INFO - Analisando sinal 532/1321 (ID: BTC_SELL_SHORT_1753272299999)...
2025-07-26 17:27:33,254 - INFO -   -> Resultado para BTC_SELL_SHORT_1753272299999: Alvo Atingido no preço 118412.0
2025-07-26 17:27:33,254 - INFO - Analisando sinal 533/1321 (ID: NEAR_SELL_SHORT_1753271999999)...
2025-07-26 17:27:33,281 - INFO -   -> Resultado para NEAR_SELL_SHORT_1753271999999: Alvo Atingido no preço 2.9
2025-07-26 17:27:33,281 - INFO - Analisando sinal 534/1321 (ID: SOL_SELL_SHORT_1753271999999)...
2025-07-26 17:27:33,306 - INFO -   -> Resultado para SOL_SELL_SHORT_1753271999999: Alvo Atingido no preço 197.36
2025-07-26 17:27:33,306 - INFO - Analisando sinal 535/1321 (ID: IMX_SELL_SHORT_1753271999999)...
2025-07-26 17:27:33,331 - INFO -   -> Resultado para IMX_SELL_SHORT_1753271999999: Alvo Atingido no preço 0.6144
2025-07-26 17:27:33,331 - INFO - Analisando sinal 536/1321 (ID: BTC_SELL_SHORT_1753272599999)...
2025-07-26 17:27:33,355 - INFO -   -> Resultado para BTC_SELL_SHORT_1753272599999: Alvo Atingido no preço 118380.0
2025-07-26 17:27:33,355 - INFO - Analisando sinal 537/1321 (ID: ENA_BUY_LONG_1753272599999)...
2025-07-26 17:27:33,378 - INFO -   -> Resultado para ENA_BUY_LONG_1753272599999: Alvo Atingido no preço 0.4691
2025-07-26 17:27:33,378 - INFO - Analisando sinal 538/1321 (ID: ETH_SELL_SHORT_1753272599999)...
2025-07-26 17:27:33,401 - INFO -   -> Resultado para ETH_SELL_SHORT_1753272599999: Alvo Atingido no preço 3660.24
2025-07-26 17:27:33,401 - INFO - Analisando sinal 539/1321 (ID: NEAR_SELL_SHORT_1753272599999)...
2025-07-26 17:27:33,423 - INFO -   -> Resultado para NEAR_SELL_SHORT_1753272599999: Alvo Atingido no preço 2.894
2025-07-26 17:27:33,423 - INFO - Analisando sinal 540/1321 (ID: SOL_SELL_SHORT_1753272599999)...
2025-07-26 17:27:33,446 - INFO -   -> Resultado para SOL_SELL_SHORT_1753272599999: Alvo Atingido no preço 196.57
2025-07-26 17:27:33,447 - INFO - Analisando sinal 541/1321 (ID: SUI_BUY_LONG_1753272599999)...
2025-07-26 17:27:33,469 - INFO -   -> Resultado para SUI_BUY_LONG_1753272599999: Alvo Atingido no preço 3.9155
2025-07-26 17:27:33,469 - INFO - Analisando sinal 542/1321 (ID: IMX_BUY_LONG_1753272599999)...
2025-07-26 17:27:33,492 - INFO -   -> Resultado para IMX_BUY_LONG_1753272599999: Stop Loss Atingido no preço 0.600062
2025-07-26 17:27:33,493 - INFO - Analisando sinal 543/1321 (ID: SUI_BUY_LONG_1753272899999)...
2025-07-26 17:27:33,515 - INFO -   -> Resultado para SUI_BUY_LONG_1753272899999: Alvo Atingido no preço 3.9154
2025-07-26 17:27:33,515 - INFO - Analisando sinal 544/1321 (ID: SOL_SELL_SHORT_1753274099999)...
2025-07-26 17:27:33,537 - INFO -   -> Resultado para SOL_SELL_SHORT_1753274099999: Alvo Atingido no preço 196.9
2025-07-26 17:27:33,538 - INFO - Analisando sinal 545/1321 (ID: ETH_SELL_SHORT_1753274399999)...
2025-07-26 17:27:33,563 - INFO -   -> Resultado para ETH_SELL_SHORT_1753274399999: Alvo Atingido no preço 3667.66
2025-07-26 17:27:33,564 - INFO - Analisando sinal 546/1321 (ID: NEAR_BUY_LONG_1753274399999)...
2025-07-26 17:27:33,595 - INFO -   -> Resultado para NEAR_BUY_LONG_1753274399999: Alvo Atingido no preço 2.916
2025-07-26 17:27:33,595 - INFO - Analisando sinal 547/1321 (ID: SOL_SELL_SHORT_1753274399999)...
2025-07-26 17:27:33,623 - INFO -   -> Resultado para SOL_SELL_SHORT_1753274399999: Alvo Atingido no preço 196.15
2025-07-26 17:27:33,623 - INFO - Analisando sinal 548/1321 (ID: BTC_SELL_SHORT_1753274399999)...
2025-07-26 17:27:33,647 - INFO -   -> Resultado para BTC_SELL_SHORT_1753274399999: Alvo Atingido no preço 118401.2
2025-07-26 17:27:33,647 - INFO - Analisando sinal 549/1321 (ID: ETH_SELL_SHORT_1753274399999)...
2025-07-26 17:27:33,671 - INFO -   -> Resultado para ETH_SELL_SHORT_1753274399999: Alvo Atingido no preço 3667.66
2025-07-26 17:27:33,672 - INFO - Analisando sinal 550/1321 (ID: SOL_SELL_SHORT_1753274399999)...
2025-07-26 17:27:33,698 - INFO -   -> Resultado para SOL_SELL_SHORT_1753274399999: Alvo Atingido no preço 196.15
2025-07-26 17:27:33,698 - INFO - Analisando sinal 551/1321 (ID: BTC_SELL_SHORT_1753274999999)...
2025-07-26 17:27:33,725 - INFO -   -> Resultado para BTC_SELL_SHORT_1753274999999: Alvo Atingido no preço 118201.9
2025-07-26 17:27:33,725 - INFO - Analisando sinal 552/1321 (ID: ETH_SELL_SHORT_1753274999999)...
2025-07-26 17:27:33,749 - INFO -   -> Resultado para ETH_SELL_SHORT_1753274999999: Alvo Atingido no preço 3652.44
2025-07-26 17:27:33,750 - INFO - Analisando sinal 553/1321 (ID: SOL_SELL_SHORT_1753274999999)...
2025-07-26 17:27:33,773 - INFO -   -> Resultado para SOL_SELL_SHORT_1753274999999: Alvo Atingido no preço 195.32
2025-07-26 17:27:33,774 - INFO - Analisando sinal 554/1321 (ID: ENA_BUY_LONG_1753274999999)...
2025-07-26 17:27:33,797 - INFO -   -> Resultado para ENA_BUY_LONG_1753274999999: Stop Loss Atingido no preço 0.4581235
2025-07-26 17:27:33,797 - INFO - Analisando sinal 555/1321 (ID: SUI_SELL_SHORT_1753274999999)...
2025-07-26 17:27:33,820 - INFO -   -> Resultado para SUI_SELL_SHORT_1753274999999: Alvo Atingido no preço 3.8631
2025-07-26 17:27:33,820 - INFO - Analisando sinal 556/1321 (ID: BNB_SELL_SHORT_1753276199999)...
2025-07-26 17:27:33,845 - INFO -   -> Resultado para BNB_SELL_SHORT_1753276199999: Alvo Atingido no preço 795.23
2025-07-26 17:27:33,845 - INFO - Analisando sinal 557/1321 (ID: BTC_SELL_SHORT_1753276199999)...
2025-07-26 17:27:33,873 - INFO -   -> Resultado para BTC_SELL_SHORT_1753276199999: Alvo Atingido no preço 117930.8
2025-07-26 17:27:33,873 - INFO - Analisando sinal 558/1321 (ID: ENA_BUY_LONG_1753276199999)...
2025-07-26 17:27:33,898 - INFO -   -> Resultado para ENA_BUY_LONG_1753276199999: Stop Loss Atingido no preço 0.4557595
2025-07-26 17:27:33,898 - INFO - Analisando sinal 559/1321 (ID: NEAR_SELL_SHORT_1753276199999)...
2025-07-26 17:27:33,922 - INFO -   -> Resultado para NEAR_SELL_SHORT_1753276199999: Alvo Atingido no preço 2.836
2025-07-26 17:27:33,922 - INFO - Analisando sinal 560/1321 (ID: SOL_SELL_SHORT_1753276199999)...
2025-07-26 17:27:33,945 - INFO -   -> Resultado para SOL_SELL_SHORT_1753276199999: Alvo Atingido no preço 193.95
2025-07-26 17:27:33,946 - INFO - Analisando sinal 561/1321 (ID: SUI_SELL_SHORT_1753276199999)...
2025-07-26 17:27:33,969 - INFO -   -> Resultado para SUI_SELL_SHORT_1753276199999: Alvo Atingido no preço 3.8555
2025-07-26 17:27:33,970 - INFO - Analisando sinal 562/1321 (ID: IMX_BUY_LONG_1753276199999)...
2025-07-26 17:27:33,993 - INFO -   -> Resultado para IMX_BUY_LONG_1753276199999: Alvo Atingido no preço 0.6009
2025-07-26 17:27:33,993 - INFO - Analisando sinal 563/1321 (ID: ETH_SELL_SHORT_1753276499999)...
2025-07-26 17:27:34,016 - INFO -   -> Resultado para ETH_SELL_SHORT_1753276499999: Alvo Atingido no preço 3638.0
2025-07-26 17:27:34,016 - INFO - Analisando sinal 564/1321 (ID: BNB_SELL_SHORT_1753315499999)...
2025-07-26 17:27:34,039 - INFO -   -> Resultado para BNB_SELL_SHORT_1753315499999: Stop Loss Atingido no preço 776.49
2025-07-26 17:27:34,040 - INFO - Analisando sinal 565/1321 (ID: BTC_BUY_LONG_1753315499999)...
2025-07-26 17:27:34,067 - INFO -   -> Resultado para BTC_BUY_LONG_1753315499999: Alvo Atingido no preço 118676.2
2025-07-26 17:27:34,067 - INFO - Analisando sinal 566/1321 (ID: ETH_BUY_LONG_1753315499999)...
2025-07-26 17:27:34,095 - INFO -   -> Resultado para ETH_BUY_LONG_1753315499999: Alvo Atingido no preço 3631.8
2025-07-26 17:27:34,095 - INFO - Analisando sinal 567/1321 (ID: SUI_BUY_LONG_1753315499999)...
2025-07-26 17:27:34,118 - INFO -   -> Resultado para SUI_BUY_LONG_1753315499999: Alvo Atingido no preço 3.7282
2025-07-26 17:27:34,118 - INFO - Analisando sinal 568/1321 (ID: ENA_BUY_LONG_1753316099999)...
2025-07-26 17:27:34,146 - INFO -   -> Resultado para ENA_BUY_LONG_1753316099999: Alvo Atingido no preço 0.4645
2025-07-26 17:27:34,146 - INFO - Analisando sinal 569/1321 (ID: NEAR_BUY_LONG_1753316099999)...
2025-07-26 17:27:34,170 - INFO -   -> Resultado para NEAR_BUY_LONG_1753316099999: Alvo Atingido no preço 2.768
2025-07-26 17:27:34,170 - INFO - Analisando sinal 570/1321 (ID: SOL_BUY_LONG_1753316099999)...
2025-07-26 17:27:34,194 - INFO -   -> Resultado para SOL_BUY_LONG_1753316099999: Alvo Atingido no preço 190.07
2025-07-26 17:27:34,194 - INFO - Analisando sinal 571/1321 (ID: TEST_SYMBOL_BUY_LONG_1753316909685)...
2025-07-26 17:27:34,199 - WARNING -   -> Stream de preço não encontrado para TEST_SYMBOL após 2025-07-23 21:28:29.685351
2025-07-26 17:27:34,199 - INFO - Analisando sinal 572/1321 (ID: BNB_SELL_SHORT_1753316932670)...
2025-07-26 17:27:34,220 - INFO -   -> Resultado para BNB_SELL_SHORT_1753316932670: Stop Loss Atingido no preço 784.67
2025-07-26 17:27:34,221 - INFO - Analisando sinal 573/1321 (ID: BTC_SELL_SHORT_1753316933591)...
2025-07-26 17:27:34,260 - INFO -   -> Resultado para BTC_SELL_SHORT_1753316933591: Alvo Atingido no preço 116505.44
2025-07-26 17:27:34,261 - INFO - Analisando sinal 574/1321 (ID: ETH_BUY_LONG_1753316699999)...
2025-07-26 17:27:34,286 - INFO -   -> Resultado para ETH_BUY_LONG_1753316699999: Stop Loss Atingido no preço 3613.07
2025-07-26 17:27:34,286 - INFO - Analisando sinal 575/1321 (ID: NEAR_BUY_LONG_1753316699999)...
2025-07-26 17:27:34,320 - INFO -   -> Resultado para NEAR_BUY_LONG_1753316699999: Stop Loss Atingido no preço 2.708
2025-07-26 17:27:34,320 - INFO - Analisando sinal 576/1321 (ID: SOL_SELL_SHORT_1753317531528)...
2025-07-26 17:27:34,345 - INFO -   -> Resultado para SOL_SELL_SHORT_1753317531528: Alvo Atingido no preço 189.18
2025-07-26 17:27:34,345 - INFO - Analisando sinal 577/1321 (ID: SUI_SELL_SHORT_1753317532525)...
2025-07-26 17:27:34,369 - INFO -   -> Resultado para SUI_SELL_SHORT_1753317532525: Alvo Atingido no preço 3.7674
2025-07-26 17:27:34,369 - INFO - Analisando sinal 578/1321 (ID: IMX_BUY_LONG_1753317533414)...
2025-07-26 17:27:34,394 - INFO -   -> Resultado para IMX_BUY_LONG_1753317533414: Stop Loss Atingido no preço 0.5693
2025-07-26 17:27:34,394 - INFO - Analisando sinal 579/1321 (ID: BNB_SELL_SHORT_1753317568241)...
2025-07-26 17:27:34,417 - INFO -   -> Resultado para BNB_SELL_SHORT_1753317568241: Alvo Atingido no preço 774.73
2025-07-26 17:27:34,417 - INFO - Analisando sinal 580/1321 (ID: BTC_SELL_SHORT_1753317569161)...
2025-07-26 17:27:34,447 - INFO -   -> Resultado para BTC_SELL_SHORT_1753317569161: Alvo Atingido no preço 118432.6
2025-07-26 17:27:34,447 - INFO - Analisando sinal 581/1321 (ID: ENA_BUY_LONG_1753316999999)...
2025-07-26 17:27:34,469 - INFO -   -> Resultado para ENA_BUY_LONG_1753316999999: Stop Loss Atingido no preço 0.4608
2025-07-26 17:27:34,469 - INFO - Analisando sinal 582/1321 (ID: ETH_BUY_LONG_1753316999999)...
2025-07-26 17:27:34,491 - INFO -   -> Resultado para ETH_BUY_LONG_1753316999999: Stop Loss Atingido no preço 3615.59
2025-07-26 17:27:34,491 - INFO - Analisando sinal 583/1321 (ID: NEAR_BUY_LONG_1753316999999)...
2025-07-26 17:27:34,515 - INFO -   -> Resultado para NEAR_BUY_LONG_1753316999999: Alvo Atingido no preço 2.777
2025-07-26 17:27:34,515 - INFO - Analisando sinal 584/1321 (ID: SOL_SELL_SHORT_1753317572847)...
2025-07-26 17:27:34,546 - INFO -   -> Resultado para SOL_SELL_SHORT_1753317572847: Alvo Atingido no preço 189.18
2025-07-26 17:27:34,546 - INFO - Analisando sinal 585/1321 (ID: SUI_SELL_SHORT_1753317573765)...
2025-07-26 17:27:34,590 - INFO -   -> Resultado para SUI_SELL_SHORT_1753317573765: Alvo Atingido no preço 3.7674
2025-07-26 17:27:34,591 - INFO - Analisando sinal 586/1321 (ID: IMX_BUY_LONG_1753317574845)...
2025-07-26 17:27:34,639 - INFO -   -> Resultado para IMX_BUY_LONG_1753317574845: Stop Loss Atingido no preço 0.5693
2025-07-26 17:27:34,639 - INFO - Analisando sinal 587/1321 (ID: ETH_BUY_LONG_1753317299999)...
2025-07-26 17:27:34,683 - INFO -   -> Resultado para ETH_BUY_LONG_1753317299999: Alvo Atingido no preço 3638.98
2025-07-26 17:27:34,684 - INFO - Analisando sinal 588/1321 (ID: NEAR_BUY_LONG_1753317299999)...
2025-07-26 17:27:34,728 - INFO -   -> Resultado para NEAR_BUY_LONG_1753317299999: Alvo Atingido no preço 2.777
2025-07-26 17:27:34,728 - INFO - Analisando sinal 589/1321 (ID: ETH_SELL_SHORT_1753318431748)...
2025-07-26 17:27:34,776 - INFO -   -> Resultado para ETH_SELL_SHORT_1753318431748: Alvo Atingido no preço 3610.78
2025-07-26 17:27:34,776 - INFO - Analisando sinal 590/1321 (ID: NEAR_SELL_SHORT_1753318432794)...
2025-07-26 17:27:34,844 - INFO -   -> Resultado para NEAR_SELL_SHORT_1753318432794: Alvo Atingido no preço 2.73
2025-07-26 17:27:34,844 - INFO - Analisando sinal 591/1321 (ID: ENA_SELL_SHORT_1753319843375)...
2025-07-26 17:27:34,909 - INFO -   -> Resultado para ENA_SELL_SHORT_1753319843375: Alvo Atingido no preço 0.4523
2025-07-26 17:27:34,910 - INFO - Analisando sinal 592/1321 (ID: IMX_SELL_SHORT_1753319847430)...
2025-07-26 17:27:34,947 - INFO -   -> Resultado para IMX_SELL_SHORT_1753319847430: Alvo Atingido no preço 0.566
2025-07-26 17:27:34,948 - INFO - Analisando sinal 593/1321 (ID: PEPE_SELL_SHORT_1753319850537)...
2025-07-26 17:27:34,978 - INFO -   -> Resultado para PEPE_SELL_SHORT_1753319850537: Alvo Atingido no preço 0.012589373999999999
2025-07-26 17:27:34,978 - INFO - Analisando sinal 594/1321 (ID: HYPE_BUY_LONG_1753320232700)...
2025-07-26 17:27:34,997 - INFO -   -> Resultado para HYPE_BUY_LONG_1753320232700: Alvo Atingido no preço 43.819
2025-07-26 17:27:34,998 - INFO - Analisando sinal 595/1321 (ID: ENA_SELL_SHORT_1753327442266)...
2025-07-26 17:27:35,026 - INFO -   -> Resultado para ENA_SELL_SHORT_1753327442266: Stop Loss Atingido no preço 0.4853
2025-07-26 17:27:35,026 - INFO - Analisando sinal 596/1321 (ID: BNB_BUY_LONG_1753330559524)...
2025-07-26 17:27:35,050 - INFO -   -> Resultado para BNB_BUY_LONG_1753330559524: Stop Loss Atingido no preço 771.19
2025-07-26 17:27:35,050 - INFO - Analisando sinal 597/1321 (ID: BTC_SELL_SHORT_1753330560621)...
2025-07-26 17:27:35,075 - INFO -   -> Resultado para BTC_SELL_SHORT_1753330560621: Alvo Atingido no preço 118373.2
2025-07-26 17:27:35,076 - INFO - Analisando sinal 598/1321 (ID: ENA_SELL_SHORT_1753330562491)...
2025-07-26 17:27:35,099 - INFO -   -> Resultado para ENA_SELL_SHORT_1753330562491: Alvo Atingido no preço 0.4649
2025-07-26 17:27:35,099 - INFO - Analisando sinal 599/1321 (ID: ETH_BUY_LONG_1753331414256)...
2025-07-26 17:27:35,126 - INFO -   -> Resultado para ETH_BUY_LONG_1753331414256: Stop Loss Atingido no preço 3603.92
2025-07-26 17:27:35,126 - INFO - Analisando sinal 600/1321 (ID: HYPE_SELL_SHORT_1753331415226)...
2025-07-26 17:27:35,146 - INFO -   -> Resultado para HYPE_SELL_SHORT_1753331415226: Alvo Atingido no preço 43.45
2025-07-26 17:27:35,146 - INFO - Analisando sinal 601/1321 (ID: IMX_SELL_SHORT_1753331417003)...
2025-07-26 17:27:35,170 - INFO -   -> Resultado para IMX_SELL_SHORT_1753331417003: Alvo Atingido no preço 0.5689
2025-07-26 17:27:35,171 - INFO - Analisando sinal 602/1321 (ID: HYPE_BUY_LONG_1753331723288)...
2025-07-26 17:27:35,191 - INFO -   -> Resultado para HYPE_BUY_LONG_1753331723288: Alvo Atingido no preço 43.661
2025-07-26 17:27:35,191 - INFO - Analisando sinal 603/1321 (ID: PEPE_BUY_LONG_1753331726844)...
2025-07-26 17:27:35,215 - INFO -   -> Resultado para PEPE_BUY_LONG_1753331726844: Stop Loss Atingido no preço 0.01267347
2025-07-26 17:27:35,215 - INFO - Analisando sinal 604/1321 (ID: IMX_BUY_LONG_1753332330761)...
2025-07-26 17:27:35,245 - INFO -   -> Resultado para IMX_BUY_LONG_1753332330761: Stop Loss Atingido no preço 0.5634
2025-07-26 17:27:35,246 - INFO - Analisando sinal 605/1321 (ID: NEAR_BUY_LONG_1753332333617)...
2025-07-26 17:27:35,274 - INFO -   -> Resultado para NEAR_BUY_LONG_1753332333617: Stop Loss Atingido no preço 2.732
2025-07-26 17:27:35,275 - INFO - Analisando sinal 606/1321 (ID: BTC_SELL_SHORT_1753367311789)...
2025-07-26 17:27:35,300 - INFO -   -> Resultado para BTC_SELL_SHORT_1753367311789: Alvo Atingido no preço 117923.0
2025-07-26 17:27:35,300 - INFO - Analisando sinal 607/1321 (ID: ENA_SELL_SHORT_1753367315757)...
2025-07-26 17:27:35,324 - INFO -   -> Resultado para ENA_SELL_SHORT_1753367315757: Stop Loss Atingido no preço 0.4898389999999999
2025-07-26 17:27:35,324 - INFO - Analisando sinal 608/1321 (ID: ETH_SELL_SHORT_1753367318959)...
2025-07-26 17:27:35,347 - INFO -   -> Resultado para ETH_SELL_SHORT_1753367318959: Alvo Atingido no preço 3614.62
2025-07-26 17:27:35,347 - INFO - Analisando sinal 609/1321 (ID: HYPE_BUY_LONG_1753367322160)...
2025-07-26 17:27:35,372 - INFO -   -> Resultado para HYPE_BUY_LONG_1753367322160: Alvo Atingido no preço 43.288
2025-07-26 17:27:35,372 - INFO - Analisando sinal 610/1321 (ID: IMX_SELL_SHORT_1753367325345)...
2025-07-26 17:27:35,398 - INFO -   -> Resultado para IMX_SELL_SHORT_1753367325345: Stop Loss Atingido no preço 0.5466
2025-07-26 17:27:35,398 - INFO - Analisando sinal 611/1321 (ID: NEAR_BUY_LONG_1753367329630)...
2025-07-26 17:27:35,431 - INFO -   -> Resultado para NEAR_BUY_LONG_1753367329630: Alvo Atingido no preço 2.725
2025-07-26 17:27:35,432 - INFO - Analisando sinal 612/1321 (ID: ENA_SELL_SHORT_1753367634559)...
2025-07-26 17:27:35,474 - INFO -   -> Resultado para ENA_SELL_SHORT_1753367634559: Stop Loss Atingido no preço 0.4898389999999999
2025-07-26 17:27:35,474 - INFO - Analisando sinal 613/1321 (ID: ENA_SELL_SHORT_1753367940757)...
2025-07-26 17:27:35,510 - INFO -   -> Resultado para ENA_SELL_SHORT_1753367940757: Stop Loss Atingido no preço 0.4931885
2025-07-26 17:27:35,510 - INFO - Analisando sinal 614/1321 (ID: IMX_SELL_SHORT_1753367945042)...
2025-07-26 17:27:35,537 - INFO -   -> Resultado para IMX_SELL_SHORT_1753367945042: Stop Loss Atingido no preço 0.5554
2025-07-26 17:27:35,537 - INFO - Analisando sinal 615/1321 (ID: PEPE_SELL_SHORT_1753367946688)...
2025-07-26 17:27:35,560 - INFO -   -> Resultado para PEPE_SELL_SHORT_1753367946688: Stop Loss Atingido no preço 0.0127214
2025-07-26 17:27:35,560 - INFO - Analisando sinal 616/1321 (ID: BNB_SELL_SHORT_1753368249653)...
2025-07-26 17:27:35,580 - INFO -   -> Resultado para BNB_SELL_SHORT_1753368249653: Stop Loss Atingido no preço 776.77
2025-07-26 17:27:35,580 - INFO - Analisando sinal 617/1321 (ID: ENA_SELL_SHORT_1753368252785)...
2025-07-26 17:27:35,600 - INFO -   -> Resultado para ENA_SELL_SHORT_1753368252785: Stop Loss Atingido no preço 0.4931885
2025-07-26 17:27:35,600 - INFO - Analisando sinal 618/1321 (ID: ETH_SELL_SHORT_1753368257123)...
2025-07-26 17:27:35,620 - INFO -   -> Resultado para ETH_SELL_SHORT_1753368257123: Stop Loss Atingido no preço 3724.26
2025-07-26 17:27:35,620 - INFO - Analisando sinal 619/1321 (ID: IMX_BUY_LONG_1753368260228)...
2025-07-26 17:27:35,641 - INFO -   -> Resultado para IMX_BUY_LONG_1753368260228: Alvo Atingido no preço 0.5642
2025-07-26 17:27:35,642 - INFO - Analisando sinal 620/1321 (ID: NEAR_SELL_SHORT_1753368261953)...
2025-07-26 17:27:35,663 - INFO -   -> Resultado para NEAR_SELL_SHORT_1753368261953: Stop Loss Atingido no preço 2.738
2025-07-26 17:27:35,663 - INFO - Analisando sinal 621/1321 (ID: PEPE_SELL_SHORT_1753368264743)...
2025-07-26 17:27:35,685 - INFO -   -> Resultado para PEPE_SELL_SHORT_1753368264743: Stop Loss Atingido no preço 0.0127214
2025-07-26 17:27:35,685 - INFO - Analisando sinal 622/1321 (ID: ENA_SELL_SHORT_1753368567897)...
2025-07-26 17:27:35,705 - INFO -   -> Resultado para ENA_SELL_SHORT_1753368567897: Stop Loss Atingido no preço 0.5013084999999999
2025-07-26 17:27:35,705 - INFO - Analisando sinal 623/1321 (ID: NEAR_SELL_SHORT_1753368572331)...
2025-07-26 17:27:35,724 - INFO -   -> Resultado para NEAR_SELL_SHORT_1753368572331: Stop Loss Atingido no preço 2.777
2025-07-26 17:27:35,724 - INFO - Analisando sinal 624/1321 (ID: PEPE_SELL_SHORT_1753368575306)...
2025-07-26 17:27:35,742 - INFO -   -> Resultado para PEPE_SELL_SHORT_1753368575306: Stop Loss Atingido no preço 0.01286058
2025-07-26 17:27:35,742 - INFO - Analisando sinal 625/1321 (ID: PEPE_SELL_SHORT_1753368879129)...
2025-07-26 17:27:35,766 - INFO -   -> Resultado para PEPE_SELL_SHORT_1753368879129: Stop Loss Atingido no preço 0.01294442
2025-07-26 17:27:35,767 - INFO - Analisando sinal 626/1321 (ID: BNB_BUY_LONG_1753369180875)...
2025-07-26 17:27:35,786 - INFO -   -> Resultado para BNB_BUY_LONG_1753369180875: Stop Loss Atingido no preço 762.96
2025-07-26 17:27:35,786 - INFO - Analisando sinal 627/1321 (ID: ENA_SELL_SHORT_1753369184260)...
2025-07-26 17:27:35,807 - INFO -   -> Resultado para ENA_SELL_SHORT_1753369184260: Stop Loss Atingido no preço 0.5013084999999999
2025-07-26 17:27:35,807 - INFO - Analisando sinal 628/1321 (ID: ETH_SELL_SHORT_1753369188590)...
2025-07-26 17:27:35,828 - INFO -   -> Resultado para ETH_SELL_SHORT_1753369188590: Alvo Atingido no preço 3611.11
2025-07-26 17:27:35,828 - INFO - Analisando sinal 629/1321 (ID: HYPE_BUY_LONG_1753369190187)...
2025-07-26 17:27:35,844 - INFO -   -> Resultado para HYPE_BUY_LONG_1753369190187: Alvo Atingido no preço 43.115
2025-07-26 17:27:35,844 - INFO - Analisando sinal 630/1321 (ID: NEAR_SELL_SHORT_1753369195010)...
2025-07-26 17:27:35,866 - INFO -   -> Resultado para NEAR_SELL_SHORT_1753369195010: Alvo Atingido no preço 2.661
2025-07-26 17:27:35,866 - INFO - Analisando sinal 631/1321 (ID: ENA_SELL_SHORT_1753369498539)...
2025-07-26 17:27:35,890 - INFO -   -> Resultado para ENA_SELL_SHORT_1753369498539: Alvo Atingido no preço 0.4818
2025-07-26 17:27:35,890 - INFO - Analisando sinal 632/1321 (ID: PEPE_SELL_SHORT_1753369504937)...
2025-07-26 17:27:35,911 - INFO -   -> Resultado para PEPE_SELL_SHORT_1753369504937: Alvo Atingido no preço 0.012362
2025-07-26 17:27:35,911 - INFO - Analisando sinal 633/1321 (ID: BTC_SELL_SHORT_1753370114971)...
2025-07-26 17:27:35,932 - INFO -   -> Resultado para BTC_SELL_SHORT_1753370114971: Alvo Atingido no preço 119000.0
2025-07-26 17:27:35,932 - INFO - Analisando sinal 634/1321 (ID: NEAR_SELL_SHORT_1753370120211)...
2025-07-26 17:27:35,954 - INFO -   -> Resultado para NEAR_SELL_SHORT_1753370120211: Alvo Atingido no preço 2.661
2025-07-26 17:27:35,954 - INFO - Analisando sinal 635/1321 (ID: ETH_SELL_SHORT_1753370423884)...
2025-07-26 17:27:35,975 - INFO -   -> Resultado para ETH_SELL_SHORT_1753370423884: Alvo Atingido no preço 3614.62
2025-07-26 17:27:35,975 - INFO - Analisando sinal 636/1321 (ID: BTC_SELL_SHORT_1753371035634)...
2025-07-26 17:27:35,996 - INFO -   -> Resultado para BTC_SELL_SHORT_1753371035634: Alvo Atingido no preço 117923.0
2025-07-26 17:27:35,996 - INFO - Analisando sinal 637/1321 (ID: ENA_SELL_SHORT_1753371684362)...
2025-07-26 17:27:36,032 - INFO -   -> Resultado para ENA_SELL_SHORT_1753371684362: Stop Loss Atingido no preço 0.5112555
2025-07-26 17:27:36,033 - INFO - Analisando sinal 638/1321 (ID: BNB_SELL_SHORT_1753372045093)...
2025-07-26 17:27:36,071 - INFO -   -> Resultado para BNB_SELL_SHORT_1753372045093: Alvo Atingido no preço 764.49
2025-07-26 17:27:36,071 - INFO - Analisando sinal 639/1321 (ID: BTC_SELL_SHORT_1753372048198)...
2025-07-26 17:27:36,102 - INFO -   -> Resultado para BTC_SELL_SHORT_1753372048198: Alvo Atingido no preço 118236.0
2025-07-26 17:27:36,103 - INFO - Analisando sinal 640/1321 (ID: ETH_SELL_SHORT_1753372051718)...
2025-07-26 17:27:36,137 - INFO -   -> Resultado para ETH_SELL_SHORT_1753372051718: Alvo Atingido no preço 3618.47
2025-07-26 17:27:36,137 - INFO - Analisando sinal 641/1321 (ID: IMX_SELL_SHORT_1753372058042)...
2025-07-26 17:27:36,170 - INFO -   -> Resultado para IMX_SELL_SHORT_1753372058042: Alvo Atingido no preço 0.5437
2025-07-26 17:27:36,171 - INFO - Analisando sinal 642/1321 (ID: NEAR_SELL_SHORT_1753372061038)...
2025-07-26 17:27:36,206 - INFO -   -> Resultado para NEAR_SELL_SHORT_1753372061038: Alvo Atingido no preço 2.686
2025-07-26 17:27:36,206 - INFO - Analisando sinal 643/1321 (ID: PEPE_SELL_SHORT_1753372063944)...
2025-07-26 17:27:36,237 - INFO -   -> Resultado para PEPE_SELL_SHORT_1753372063944: Alvo Atingido no preço 0.012454
2025-07-26 17:27:36,237 - INFO - Analisando sinal 644/1321 (ID: HYPE_BUY_LONG_1753373088211)...
2025-07-26 17:27:36,256 - INFO -   -> Resultado para HYPE_BUY_LONG_1753373088211: Alvo Atingido no preço 43.577
2025-07-26 17:27:36,256 - INFO - Analisando sinal 645/1321 (ID: BTC_BUY_LONG_1753373422507)...
2025-07-26 17:27:36,279 - INFO -   -> Resultado para BTC_BUY_LONG_1753373422507: Alvo Atingido no preço 119085.7
2025-07-26 17:27:36,279 - INFO - Analisando sinal 646/1321 (ID: ENA_SELL_SHORT_1753373425784)...
2025-07-26 17:27:36,302 - INFO -   -> Resultado para ENA_SELL_SHORT_1753373425784: Stop Loss Atingido no preço 0.49795899999999993
2025-07-26 17:27:36,303 - INFO - Analisando sinal 647/1321 (ID: HYPE_BUY_LONG_1753373432965)...
2025-07-26 17:27:36,323 - INFO -   -> Resultado para HYPE_BUY_LONG_1753373432965: Alvo Atingido no preço 43.577
2025-07-26 17:27:36,323 - INFO - Analisando sinal 648/1321 (ID: PEPE_SELL_SHORT_1753373440874)...
2025-07-26 17:27:36,346 - INFO -   -> Resultado para PEPE_SELL_SHORT_1753373440874: Stop Loss Atingido no preço 0.013034731499999999
2025-07-26 17:27:36,346 - INFO - Analisando sinal 649/1321 (ID: IMX_BUY_LONG_1753374376690)...
2025-07-26 17:27:36,370 - INFO -   -> Resultado para IMX_BUY_LONG_1753374376690: Stop Loss Atingido no preço 0.5509
2025-07-26 17:27:36,371 - INFO - Analisando sinal 650/1321 (ID: ETH_BUY_LONG_1753374685596)...
2025-07-26 17:27:36,395 - INFO -   -> Resultado para ETH_BUY_LONG_1753374685596: Alvo Atingido no preço 3744.62
2025-07-26 17:27:36,396 - INFO - Analisando sinal 651/1321 (ID: BNB_BUY_LONG_1753374991607)...
2025-07-26 17:27:36,418 - INFO -   -> Resultado para BNB_BUY_LONG_1753374991607: Alvo Atingido no preço 780.15
2025-07-26 17:27:36,418 - INFO - Analisando sinal 652/1321 (ID: HYPE_BUY_LONG_1753374994663)...
2025-07-26 17:27:36,436 - INFO -   -> Resultado para HYPE_BUY_LONG_1753374994663: Stop Loss Atingido no preço 42.1352
2025-07-26 17:27:36,437 - INFO - Analisando sinal 653/1321 (ID: IMX_BUY_LONG_1753374997523)...
2025-07-26 17:27:36,462 - INFO -   -> Resultado para IMX_BUY_LONG_1753374997523: Stop Loss Atingido no preço 0.5449
2025-07-26 17:27:36,462 - INFO - Analisando sinal 654/1321 (ID: NEAR_BUY_LONG_1753375000141)...
2025-07-26 17:27:36,483 - INFO -   -> Resultado para NEAR_BUY_LONG_1753375000141: Stop Loss Atingido no preço 2.715
2025-07-26 17:27:36,484 - INFO - Analisando sinal 655/1321 (ID: HYPE_BUY_LONG_1753375905781)...
2025-07-26 17:27:36,501 - INFO -   -> Resultado para HYPE_BUY_LONG_1753375905781: Alvo Atingido no preço 42.479
2025-07-26 17:27:36,502 - INFO - Analisando sinal 656/1321 (ID: NEAR_BUY_LONG_1753375909984)...
2025-07-26 17:27:36,530 - INFO -   -> Resultado para NEAR_BUY_LONG_1753375909984: Stop Loss Atingido no preço 2.693
2025-07-26 17:27:36,530 - INFO - Analisando sinal 657/1321 (ID: HYPE_BUY_LONG_1753377115587)...
2025-07-26 17:27:36,561 - INFO -   -> Resultado para HYPE_BUY_LONG_1753377115587: Stop Loss Atingido no preço 41.502828
2025-07-26 17:27:36,561 - INFO - Analisando sinal 658/1321 (ID: BNB_SELL_SHORT_1753378026115)...
2025-07-26 17:27:36,590 - INFO -   -> Resultado para BNB_SELL_SHORT_1753378026115: Alvo Atingido no preço 776.48
2025-07-26 17:27:36,590 - INFO - Analisando sinal 659/1321 (ID: BTC_BUY_LONG_1753378931139)...
2025-07-26 17:27:36,616 - INFO -   -> Resultado para BTC_BUY_LONG_1753378931139: Alvo Atingido no preço 119187.3
2025-07-26 17:27:36,616 - INFO - Analisando sinal 660/1321 (ID: ENA_SELL_SHORT_1753388263806)...
2025-07-26 17:27:36,648 - INFO -   -> Resultado para ENA_SELL_SHORT_1753388263806: Stop Loss Atingido no preço 0.5015114999999999
2025-07-26 17:27:36,648 - INFO - Analisando sinal 661/1321 (ID: BNB_BUY_LONG_1753390389614)...
2025-07-26 17:27:36,672 - INFO -   -> Resultado para BNB_BUY_LONG_1753390389614: Stop Loss Atingido no preço 777.26
2025-07-26 17:27:36,672 - INFO - Analisando sinal 662/1321 (ID: BTC_BUY_LONG_1753390391330)...
2025-07-26 17:27:36,698 - INFO -   -> Resultado para BTC_BUY_LONG_1753390391330: Stop Loss Atingido no preço 116464.95
2025-07-26 17:27:36,698 - INFO - Analisando sinal 663/1321 (ID: ENA_SELL_SHORT_1753390394889)...
2025-07-26 17:27:36,721 - INFO -   -> Resultado para ENA_SELL_SHORT_1753390394889: Alvo Atingido no preço 0.4832
2025-07-26 17:27:36,721 - INFO - Analisando sinal 664/1321 (ID: IMX_SELL_SHORT_1753390721364)...
2025-07-26 17:27:36,746 - INFO -   -> Resultado para IMX_SELL_SHORT_1753390721364: Alvo Atingido no preço 0.556
2025-07-26 17:27:36,746 - INFO - Analisando sinal 665/1321 (ID: HYPE_SELL_SHORT_1753391970539)...
2025-07-26 17:27:36,765 - INFO -   -> Resultado para HYPE_SELL_SHORT_1753391970539: Alvo Atingido no preço 42.722
2025-07-26 17:27:36,765 - INFO - Analisando sinal 666/1321 (ID: NEAR_SELL_SHORT_1753391973574)...
2025-07-26 17:27:36,788 - INFO -   -> Resultado para NEAR_SELL_SHORT_1753391973574: Alvo Atingido no preço 2.793
2025-07-26 17:27:36,789 - INFO - Analisando sinal 667/1321 (ID: PEPE_SELL_SHORT_1753391976430)...
2025-07-26 17:27:36,813 - INFO -   -> Resultado para PEPE_SELL_SHORT_1753391976430: Alvo Atingido no preço 0.0126626
2025-07-26 17:27:36,814 - INFO - Analisando sinal 668/1321 (ID: ETH_SELL_SHORT_1753392279958)...
2025-07-26 17:27:36,837 - INFO -   -> Resultado para ETH_SELL_SHORT_1753392279958: Alvo Atingido no preço 3720.89
2025-07-26 17:27:36,837 - INFO - Analisando sinal 669/1321 (ID: HYPE_BUY_LONG_1753392281618)...
2025-07-26 17:27:36,858 - INFO -   -> Resultado para HYPE_BUY_LONG_1753392281618: Stop Loss Atingido no preço 43.537078
2025-07-26 17:27:36,859 - INFO - Analisando sinal 670/1321 (ID: IMX_SELL_SHORT_1753392284901)...
2025-07-26 17:27:36,890 - INFO -   -> Resultado para IMX_SELL_SHORT_1753392284901: Alvo Atingido no preço 0.5532
2025-07-26 17:27:36,890 - INFO - Analisando sinal 671/1321 (ID: NEAR_SELL_SHORT_1753392289152)...
2025-07-26 17:27:36,915 - INFO -   -> Resultado para NEAR_SELL_SHORT_1753392289152: Alvo Atingido no preço 2.793
2025-07-26 17:27:36,915 - INFO - Analisando sinal 672/1321 (ID: HYPE_BUY_LONG_1753392591388)...
2025-07-26 17:27:36,934 - INFO -   -> Resultado para HYPE_BUY_LONG_1753392591388: Stop Loss Atingido no preço 43.537078
2025-07-26 17:27:36,934 - INFO - Analisando sinal 673/1321 (ID: NEAR_SELL_SHORT_1753392595877)...
2025-07-26 17:27:36,957 - INFO -   -> Resultado para NEAR_SELL_SHORT_1753392595877: Alvo Atingido no preço 2.793
2025-07-26 17:27:36,958 - INFO - Analisando sinal 674/1321 (ID: ETH_BUY_LONG_1753392899432)...
2025-07-26 17:27:36,982 - INFO -   -> Resultado para ETH_BUY_LONG_1753392899432: Stop Loss Atingido no preço 3713.58
2025-07-26 17:27:36,982 - INFO - Analisando sinal 675/1321 (ID: HYPE_BUY_LONG_1753392901200)...
2025-07-26 17:27:37,000 - INFO -   -> Resultado para HYPE_BUY_LONG_1753392901200: Stop Loss Atingido no preço 43.512651
2025-07-26 17:27:37,000 - INFO - Analisando sinal 676/1321 (ID: NEAR_SELL_SHORT_1753392905994)...
2025-07-26 17:27:37,026 - INFO -   -> Resultado para NEAR_SELL_SHORT_1753392905994: Alvo Atingido no preço 2.793
2025-07-26 17:27:37,026 - INFO - Analisando sinal 677/1321 (ID: BNB_BUY_LONG_1753393209442)...
2025-07-26 17:27:37,049 - INFO -   -> Resultado para BNB_BUY_LONG_1753393209442: Stop Loss Atingido no preço 775.79
2025-07-26 17:27:37,050 - INFO - Analisando sinal 678/1321 (ID: ETH_BUY_LONG_1753393212617)...
2025-07-26 17:27:37,077 - INFO -   -> Resultado para ETH_BUY_LONG_1753393212617: Stop Loss Atingido no preço 3713.58
2025-07-26 17:27:37,078 - INFO - Analisando sinal 679/1321 (ID: HYPE_BUY_LONG_1753393214257)...
2025-07-26 17:27:37,102 - INFO -   -> Resultado para HYPE_BUY_LONG_1753393214257: Stop Loss Atingido no preço 43.512651
2025-07-26 17:27:37,102 - INFO - Analisando sinal 680/1321 (ID: PEPE_BUY_LONG_1753393220053)...
2025-07-26 17:27:37,126 - INFO -   -> Resultado para PEPE_BUY_LONG_1753393220053: Stop Loss Atingido no preço 0.01284575
2025-07-26 17:27:37,127 - INFO - Analisando sinal 681/1321 (ID: ETH_SELL_SHORT_1753393525005)...
2025-07-26 17:27:37,151 - INFO -   -> Resultado para ETH_SELL_SHORT_1753393525005: Alvo Atingido no preço 3733.78
2025-07-26 17:27:37,151 - INFO - Analisando sinal 682/1321 (ID: HYPE_BUY_LONG_1753393526620)...
2025-07-26 17:27:37,172 - INFO -   -> Resultado para HYPE_BUY_LONG_1753393526620: Stop Loss Atingido no preço 43.512651
2025-07-26 17:27:37,172 - INFO - Analisando sinal 683/1321 (ID: NEAR_SELL_SHORT_1753393531355)...
2025-07-26 17:27:37,195 - INFO -   -> Resultado para NEAR_SELL_SHORT_1753393531355: Alvo Atingido no preço 2.753
2025-07-26 17:27:37,195 - INFO - Analisando sinal 684/1321 (ID: PEPE_BUY_LONG_1753393532809)...
2025-07-26 17:27:37,217 - INFO -   -> Resultado para PEPE_BUY_LONG_1753393532809: Stop Loss Atingido no preço 0.01284575
2025-07-26 17:27:37,217 - INFO - Analisando sinal 685/1321 (ID: ETH_SELL_SHORT_1753393838355)...
2025-07-26 17:27:37,239 - INFO -   -> Resultado para ETH_SELL_SHORT_1753393838355: Alvo Atingido no preço 3733.78
2025-07-26 17:27:37,239 - INFO - Analisando sinal 686/1321 (ID: HYPE_SELL_SHORT_1753393840172)...
2025-07-26 17:27:37,257 - INFO -   -> Resultado para HYPE_SELL_SHORT_1753393840172: Alvo Atingido no preço 42.636
2025-07-26 17:27:37,257 - INFO - Analisando sinal 687/1321 (ID: PEPE_SELL_SHORT_1753393843778)...
2025-07-26 17:27:37,279 - INFO -   -> Resultado para PEPE_SELL_SHORT_1753393843778: Alvo Atingido no preço 0.0126593
2025-07-26 17:27:37,279 - INFO - Analisando sinal 688/1321 (ID: BNB_SELL_SHORT_1753393919999)...
2025-07-26 17:27:37,301 - INFO -   -> Resultado para BNB_SELL_SHORT_1753393919999: Alvo Atingido no preço 780.45
2025-07-26 17:27:37,301 - INFO - Analisando sinal 689/1321 (ID: BTC_SELL_SHORT_1753393919999)...
2025-07-26 17:27:37,326 - INFO -   -> Resultado para BTC_SELL_SHORT_1753393919999: Alvo Atingido no preço 118572.7
2025-07-26 17:27:37,326 - INFO - Analisando sinal 690/1321 (ID: ENA_BUY_LONG_1753393919999)...
2025-07-26 17:27:37,347 - INFO -   -> Resultado para ENA_BUY_LONG_1753393919999: Stop Loss Atingido no preço 0.4909
2025-07-26 17:27:37,347 - INFO - Analisando sinal 691/1321 (ID: ETH_BUY_LONG_1753393919999)...
2025-07-26 17:27:37,373 - INFO -   -> Resultado para ETH_BUY_LONG_1753393919999: Stop Loss Atingido no preço 3648.03
2025-07-26 17:27:37,373 - INFO - Analisando sinal 692/1321 (ID: HYPE_BUY_LONG_1753393919999)...
2025-07-26 17:27:37,391 - INFO -   -> Resultado para HYPE_BUY_LONG_1753393919999: Stop Loss Atingido no preço 44.181939
2025-07-26 17:27:37,391 - INFO - Analisando sinal 693/1321 (ID: IMX_BUY_LONG_1753393919999)...
2025-07-26 17:27:37,413 - INFO -   -> Resultado para IMX_BUY_LONG_1753393919999: Stop Loss Atingido no preço 0.5712999999999999
2025-07-26 17:27:37,413 - INFO - Analisando sinal 694/1321 (ID: NEAR_BUY_LONG_1753393919999)...
2025-07-26 17:27:37,434 - INFO -   -> Resultado para NEAR_BUY_LONG_1753393919999: Stop Loss Atingido no preço 2.780655
2025-07-26 17:27:37,434 - INFO - Analisando sinal 695/1321 (ID: PEPE_SELL_SHORT_1753393919999)...
2025-07-26 17:27:37,457 - INFO -   -> Resultado para PEPE_SELL_SHORT_1753393919999: Alvo Atingido no preço 0.0126593
2025-07-26 17:27:37,457 - INFO - Analisando sinal 696/1321 (ID: BNB_SELL_SHORT_1753394219999)...
2025-07-26 17:27:37,479 - INFO -   -> Resultado para BNB_SELL_SHORT_1753394219999: Alvo Atingido no preço 777.34
2025-07-26 17:27:37,479 - INFO - Analisando sinal 697/1321 (ID: BTC_SELL_SHORT_1753394219999)...
2025-07-26 17:27:37,499 - INFO -   -> Resultado para BTC_SELL_SHORT_1753394219999: Alvo Atingido no preço 118572.7
2025-07-26 17:27:37,499 - INFO - Analisando sinal 698/1321 (ID: ENA_BUY_LONG_1753394279999)...
2025-07-26 17:27:37,523 - INFO -   -> Resultado para ENA_BUY_LONG_1753394279999: Stop Loss Atingido no preço 0.4909
2025-07-26 17:27:37,523 - INFO - Analisando sinal 699/1321 (ID: ETH_BUY_LONG_1753394219999)...
2025-07-26 17:27:37,557 - INFO -   -> Resultado para ETH_BUY_LONG_1753394219999: Stop Loss Atingido no preço 3648.03
2025-07-26 17:27:37,557 - INFO - Analisando sinal 700/1321 (ID: HYPE_BUY_LONG_1753394219999)...
2025-07-26 17:27:37,579 - INFO -   -> Resultado para HYPE_BUY_LONG_1753394219999: Stop Loss Atingido no preço 44.181939
2025-07-26 17:27:37,579 - INFO - Analisando sinal 701/1321 (ID: IMX_BUY_LONG_1753394279999)...
2025-07-26 17:27:37,599 - INFO -   -> Resultado para IMX_BUY_LONG_1753394279999: Stop Loss Atingido no preço 0.5712999999999999
2025-07-26 17:27:37,599 - INFO - Analisando sinal 702/1321 (ID: NEAR_BUY_LONG_1753394279999)...
2025-07-26 17:27:37,618 - INFO -   -> Resultado para NEAR_BUY_LONG_1753394279999: Stop Loss Atingido no preço 2.780655
2025-07-26 17:27:37,619 - INFO - Analisando sinal 703/1321 (ID: PEPE_SELL_SHORT_1753394279999)...
2025-07-26 17:27:37,638 - INFO -   -> Resultado para PEPE_SELL_SHORT_1753394279999: Alvo Atingido no preço 0.0126593
2025-07-26 17:27:37,638 - INFO - Analisando sinal 704/1321 (ID: BNB_SELL_SHORT_1753394519999)...
2025-07-26 17:27:37,657 - INFO -   -> Resultado para BNB_SELL_SHORT_1753394519999: Alvo Atingido no preço 777.34
2025-07-26 17:27:37,657 - INFO - Analisando sinal 705/1321 (ID: BTC_SELL_SHORT_1753394579999)...
2025-07-26 17:27:37,675 - INFO -   -> Resultado para BTC_SELL_SHORT_1753394579999: Alvo Atingido no preço 118572.7
2025-07-26 17:27:37,675 - INFO - Analisando sinal 706/1321 (ID: ENA_BUY_LONG_1753394579999)...
2025-07-26 17:27:37,693 - INFO -   -> Resultado para ENA_BUY_LONG_1753394579999: Stop Loss Atingido no preço 0.4918
2025-07-26 17:27:37,693 - INFO - Analisando sinal 707/1321 (ID: HYPE_BUY_LONG_1753394579999)...
2025-07-26 17:27:37,708 - INFO -   -> Resultado para HYPE_BUY_LONG_1753394579999: Stop Loss Atingido no preço 44.185117
2025-07-26 17:27:37,708 - INFO - Analisando sinal 708/1321 (ID: IMX_SELL_SHORT_1753394579999)...
2025-07-26 17:27:37,727 - INFO -   -> Resultado para IMX_SELL_SHORT_1753394579999: Alvo Atingido no preço 0.5532
2025-07-26 17:27:37,727 - INFO - Analisando sinal 709/1321 (ID: NEAR_SELL_SHORT_1753394579999)...
2025-07-26 17:27:37,747 - INFO -   -> Resultado para NEAR_SELL_SHORT_1753394579999: Alvo Atingido no preço 2.758
2025-07-26 17:27:37,747 - INFO - Analisando sinal 710/1321 (ID: PEPE_BUY_LONG_1753394621958)...
2025-07-26 17:27:37,766 - INFO -   -> Resultado para PEPE_BUY_LONG_1753394621958: Stop Loss Atingido no preço 0.01283958
2025-07-26 17:27:37,766 - INFO - Analisando sinal 711/1321 (ID: BNB_SELL_SHORT_1753394879999)...
2025-07-26 17:27:37,785 - INFO -   -> Resultado para BNB_SELL_SHORT_1753394879999: Alvo Atingido no preço 777.34
2025-07-26 17:27:37,785 - INFO - Analisando sinal 712/1321 (ID: BTC_SELL_SHORT_1753394819999)...
2025-07-26 17:27:37,803 - INFO -   -> Resultado para BTC_SELL_SHORT_1753394819999: Alvo Atingido no preço 118572.7
2025-07-26 17:27:37,803 - INFO - Analisando sinal 713/1321 (ID: ENA_BUY_LONG_1753394879999)...
2025-07-26 17:27:37,822 - INFO -   -> Resultado para ENA_BUY_LONG_1753394879999: Stop Loss Atingido no preço 0.4918
2025-07-26 17:27:37,822 - INFO - Analisando sinal 714/1321 (ID: HYPE_BUY_LONG_1753394879999)...
2025-07-26 17:27:37,837 - INFO -   -> Resultado para HYPE_BUY_LONG_1753394879999: Stop Loss Atingido no preço 44.185117
2025-07-26 17:27:37,837 - INFO - Analisando sinal 715/1321 (ID: PEPE_BUY_LONG_1753394937232)...
2025-07-26 17:27:37,856 - INFO -   -> Resultado para PEPE_BUY_LONG_1753394937232: Stop Loss Atingido no preço 0.01283958
2025-07-26 17:27:37,856 - INFO - Analisando sinal 716/1321 (ID: BNB_SELL_SHORT_1753395179999)...
2025-07-26 17:27:37,875 - INFO -   -> Resultado para BNB_SELL_SHORT_1753395179999: Alvo Atingido no preço 777.34
2025-07-26 17:27:37,875 - INFO - Analisando sinal 717/1321 (ID: BTC_SELL_SHORT_1753395179999)...
2025-07-26 17:27:37,895 - INFO -   -> Resultado para BTC_SELL_SHORT_1753395179999: Alvo Atingido no preço 118572.7
2025-07-26 17:27:37,895 - INFO - Analisando sinal 718/1321 (ID: ENA_BUY_LONG_1753395179999)...
2025-07-26 17:27:37,917 - INFO -   -> Resultado para ENA_BUY_LONG_1753395179999: Stop Loss Atingido no preço 0.4918
2025-07-26 17:27:37,917 - INFO - Analisando sinal 719/1321 (ID: HYPE_BUY_LONG_1753395179999)...
2025-07-26 17:27:37,934 - INFO -   -> Resultado para HYPE_BUY_LONG_1753395179999: Stop Loss Atingido no preço 44.185117
2025-07-26 17:27:37,934 - INFO - Analisando sinal 720/1321 (ID: NEAR_SELL_SHORT_1753395179999)...
2025-07-26 17:27:37,954 - INFO -   -> Resultado para NEAR_SELL_SHORT_1753395179999: Alvo Atingido no preço 2.758
2025-07-26 17:27:37,955 - INFO - Analisando sinal 721/1321 (ID: PEPE_BUY_LONG_1753395253175)...
2025-07-26 17:27:37,975 - INFO -   -> Resultado para PEPE_BUY_LONG_1753395253175: Stop Loss Atingido no preço 0.01283958
2025-07-26 17:27:37,975 - INFO - Analisando sinal 722/1321 (ID: BNB_BUY_LONG_1753395555565)...
2025-07-26 17:27:37,997 - INFO -   -> Resultado para BNB_BUY_LONG_1753395555565: Stop Loss Atingido no preço 778.21
2025-07-26 17:27:37,997 - INFO - Analisando sinal 723/1321 (ID: BTC_SELL_SHORT_1753395479999)...
2025-07-26 17:27:38,017 - INFO -   -> Resultado para BTC_SELL_SHORT_1753395479999: Alvo Atingido no preço 118572.7
2025-07-26 17:27:38,017 - INFO - Analisando sinal 724/1321 (ID: ENA_BUY_LONG_1753395479999)...
2025-07-26 17:27:38,038 - INFO -   -> Resultado para ENA_BUY_LONG_1753395479999: Stop Loss Atingido no preço 0.4914
2025-07-26 17:27:38,038 - INFO - Analisando sinal 725/1321 (ID: HYPE_BUY_LONG_1753395563207)...
2025-07-26 17:27:38,057 - INFO -   -> Resultado para HYPE_BUY_LONG_1753395563207: Stop Loss Atingido no preço 43.392501
2025-07-26 17:27:38,057 - INFO - Analisando sinal 726/1321 (ID: NEAR_BUY_LONG_1753395565887)...
2025-07-26 17:27:38,078 - INFO -   -> Resultado para NEAR_BUY_LONG_1753395565887: Stop Loss Atingido no preço 2.754
2025-07-26 17:27:38,079 - INFO - Analisando sinal 727/1321 (ID: PEPE_BUY_LONG_1753395567944)...
2025-07-26 17:27:38,100 - INFO -   -> Resultado para PEPE_BUY_LONG_1753395567944: Stop Loss Atingido no preço 0.01279686
2025-07-26 17:27:38,101 - INFO - Analisando sinal 728/1321 (ID: BNB_BUY_LONG_1753395870516)...
2025-07-26 17:27:38,122 - INFO -   -> Resultado para BNB_BUY_LONG_1753395870516: Stop Loss Atingido no preço 778.21
2025-07-26 17:27:38,122 - INFO - Analisando sinal 729/1321 (ID: BTC_SELL_SHORT_1753395779999)...
2025-07-26 17:27:38,142 - INFO -   -> Resultado para BTC_SELL_SHORT_1753395779999: Alvo Atingido no preço 118572.7
2025-07-26 17:27:38,143 - INFO - Analisando sinal 730/1321 (ID: ENA_BUY_LONG_1753395839999)...
2025-07-26 17:27:38,163 - INFO -   -> Resultado para ENA_BUY_LONG_1753395839999: Stop Loss Atingido no preço 0.4914
2025-07-26 17:27:38,163 - INFO - Analisando sinal 731/1321 (ID: HYPE_BUY_LONG_1753395878373)...
2025-07-26 17:27:38,181 - INFO -   -> Resultado para HYPE_BUY_LONG_1753395878373: Stop Loss Atingido no preço 43.392501
2025-07-26 17:27:38,181 - INFO - Analisando sinal 732/1321 (ID: NEAR_BUY_LONG_1753395881054)...
2025-07-26 17:27:38,201 - INFO -   -> Resultado para NEAR_BUY_LONG_1753395881054: Stop Loss Atingido no preço 2.754
2025-07-26 17:27:38,202 - INFO - Analisando sinal 733/1321 (ID: PEPE_BUY_LONG_1753395883470)...
2025-07-26 17:27:38,225 - INFO -   -> Resultado para PEPE_BUY_LONG_1753395883470: Stop Loss Atingido no preço 0.01279686
2025-07-26 17:27:38,225 - INFO - Analisando sinal 734/1321 (ID: BNB_BUY_LONG_1753396185903)...
2025-07-26 17:27:38,246 - INFO -   -> Resultado para BNB_BUY_LONG_1753396185903: Stop Loss Atingido no preço 778.21
2025-07-26 17:27:38,246 - INFO - Analisando sinal 735/1321 (ID: BTC_SELL_SHORT_1753396139999)...
2025-07-26 17:27:38,271 - INFO -   -> Resultado para BTC_SELL_SHORT_1753396139999: Alvo Atingido no preço 118572.7
2025-07-26 17:27:38,272 - INFO - Analisando sinal 736/1321 (ID: ENA_BUY_LONG_1753396139999)...
2025-07-26 17:27:38,292 - INFO -   -> Resultado para ENA_BUY_LONG_1753396139999: Stop Loss Atingido no preço 0.4914
2025-07-26 17:27:38,293 - INFO - Analisando sinal 737/1321 (ID: HYPE_BUY_LONG_1753396193605)...
2025-07-26 17:27:38,309 - INFO -   -> Resultado para HYPE_BUY_LONG_1753396193605: Stop Loss Atingido no preço 43.392501
2025-07-26 17:27:38,309 - INFO - Analisando sinal 738/1321 (ID: NEAR_BUY_LONG_1753396195869)...
2025-07-26 17:27:38,330 - INFO -   -> Resultado para NEAR_BUY_LONG_1753396195869: Stop Loss Atingido no preço 2.754
2025-07-26 17:27:38,330 - INFO - Analisando sinal 739/1321 (ID: PEPE_BUY_LONG_1753396198141)...
2025-07-26 17:27:38,349 - INFO -   -> Resultado para PEPE_BUY_LONG_1753396198141: Stop Loss Atingido no preço 0.01279686
2025-07-26 17:27:38,350 - INFO - Analisando sinal 740/1321 (ID: BNB_BUY_LONG_1753396500464)...
2025-07-26 17:27:38,370 - INFO -   -> Resultado para BNB_BUY_LONG_1753396500464: Stop Loss Atingido no preço 778.21
2025-07-26 17:27:38,370 - INFO - Analisando sinal 741/1321 (ID: BTC_SELL_SHORT_1753396439999)...
2025-07-26 17:27:38,390 - INFO -   -> Resultado para BTC_SELL_SHORT_1753396439999: Alvo Atingido no preço 118572.7
2025-07-26 17:27:38,391 - INFO - Analisando sinal 742/1321 (ID: ENA_BUY_LONG_1753396439999)...
2025-07-26 17:27:38,411 - INFO -   -> Resultado para ENA_BUY_LONG_1753396439999: Stop Loss Atingido no preço 0.4914
2025-07-26 17:27:38,412 - INFO - Analisando sinal 743/1321 (ID: HYPE_BUY_LONG_1753396509114)...
2025-07-26 17:27:38,428 - INFO -   -> Resultado para HYPE_BUY_LONG_1753396509114: Stop Loss Atingido no preço 43.392501
2025-07-26 17:27:38,428 - INFO - Analisando sinal 744/1321 (ID: NEAR_BUY_LONG_1753396511526)...
2025-07-26 17:27:38,446 - INFO -   -> Resultado para NEAR_BUY_LONG_1753396511526: Stop Loss Atingido no preço 2.754
2025-07-26 17:27:38,447 - INFO - Analisando sinal 745/1321 (ID: PEPE_BUY_LONG_1753396513750)...
2025-07-26 17:27:38,465 - INFO -   -> Resultado para PEPE_BUY_LONG_1753396513750: Stop Loss Atingido no preço 0.01279686
2025-07-26 17:27:38,465 - INFO - Analisando sinal 746/1321 (ID: BNB_BUY_LONG_1753396817047)...
2025-07-26 17:27:38,485 - INFO -   -> Resultado para BNB_BUY_LONG_1753396817047: Stop Loss Atingido no preço 778.21
2025-07-26 17:27:38,485 - INFO - Analisando sinal 747/1321 (ID: BTC_SELL_SHORT_1753396799999)...
2025-07-26 17:27:38,505 - INFO -   -> Resultado para BTC_SELL_SHORT_1753396799999: Alvo Atingido no preço 118572.7
2025-07-26 17:27:38,505 - INFO - Analisando sinal 748/1321 (ID: ENA_BUY_LONG_1753396799999)...
2025-07-26 17:27:38,524 - INFO -   -> Resultado para ENA_BUY_LONG_1753396799999: Stop Loss Atingido no preço 0.4914
2025-07-26 17:27:38,525 - INFO - Analisando sinal 749/1321 (ID: HYPE_BUY_LONG_1753396826295)...
2025-07-26 17:27:38,540 - INFO -   -> Resultado para HYPE_BUY_LONG_1753396826295: Stop Loss Atingido no preço 43.392501
2025-07-26 17:27:38,541 - INFO - Analisando sinal 750/1321 (ID: NEAR_BUY_LONG_1753396829288)...
2025-07-26 17:27:38,561 - INFO -   -> Resultado para NEAR_BUY_LONG_1753396829288: Stop Loss Atingido no preço 2.754
2025-07-26 17:27:38,561 - INFO - Analisando sinal 751/1321 (ID: PEPE_BUY_LONG_1753396832114)...
2025-07-26 17:27:38,582 - INFO -   -> Resultado para PEPE_BUY_LONG_1753396832114: Stop Loss Atingido no preço 0.01279686
2025-07-26 17:27:38,582 - INFO - Analisando sinal 752/1321 (ID: BNB_BUY_LONG_1753397135361)...
2025-07-26 17:27:38,601 - INFO -   -> Resultado para BNB_BUY_LONG_1753397135361: Stop Loss Atingido no preço 778.21
2025-07-26 17:27:38,602 - INFO - Analisando sinal 753/1321 (ID: BTC_SELL_SHORT_1753397039999)...
2025-07-26 17:27:38,620 - INFO -   -> Resultado para BTC_SELL_SHORT_1753397039999: Alvo Atingido no preço 118572.7
2025-07-26 17:27:38,621 - INFO - Analisando sinal 754/1321 (ID: ENA_BUY_LONG_1753397039999)...
2025-07-26 17:27:38,641 - INFO -   -> Resultado para ENA_BUY_LONG_1753397039999: Stop Loss Atingido no preço 0.4914
2025-07-26 17:27:38,641 - INFO - Analisando sinal 755/1321 (ID: HYPE_BUY_LONG_1753397145212)...
2025-07-26 17:27:38,655 - INFO -   -> Resultado para HYPE_BUY_LONG_1753397145212: Stop Loss Atingido no preço 43.392501
2025-07-26 17:27:38,656 - INFO - Analisando sinal 756/1321 (ID: NEAR_BUY_LONG_1753397149979)...
2025-07-26 17:27:38,674 - INFO -   -> Resultado para NEAR_BUY_LONG_1753397149979: Stop Loss Atingido no preço 2.754
2025-07-26 17:27:38,674 - INFO - Analisando sinal 757/1321 (ID: PEPE_SELL_SHORT_1753397039999)...
2025-07-26 17:27:38,693 - INFO -   -> Resultado para PEPE_SELL_SHORT_1753397039999: Alvo Atingido no preço 0.0126593
2025-07-26 17:27:38,693 - INFO - Analisando sinal 758/1321 (ID: BNB_SELL_SHORT_1753397399999)...
2025-07-26 17:27:38,710 - INFO -   -> Resultado para BNB_SELL_SHORT_1753397399999: Alvo Atingido no preço 780.45
2025-07-26 17:27:38,710 - INFO - Analisando sinal 759/1321 (ID: BTC_SELL_SHORT_1753397399999)...
2025-07-26 17:27:38,728 - INFO -   -> Resultado para BTC_SELL_SHORT_1753397399999: Alvo Atingido no preço 118306.0
2025-07-26 17:27:38,728 - INFO - Analisando sinal 760/1321 (ID: ENA_BUY_LONG_1753397399999)...
2025-07-26 17:27:38,749 - INFO -   -> Resultado para ENA_BUY_LONG_1753397399999: Stop Loss Atingido no preço 0.4934
2025-07-26 17:27:38,749 - INFO - Analisando sinal 761/1321 (ID: HYPE_BUY_LONG_1753397399999)...
2025-07-26 17:27:38,764 - INFO -   -> Resultado para HYPE_BUY_LONG_1753397399999: Stop Loss Atingido no preço 44.270532
2025-07-26 17:27:38,764 - INFO - Analisando sinal 762/1321 (ID: BTC_SELL_SHORT_1753397699999)...
2025-07-26 17:27:38,782 - INFO -   -> Resultado para BTC_SELL_SHORT_1753397699999: Alvo Atingido no preço 118306.0
2025-07-26 17:27:38,782 - INFO - Analisando sinal 763/1321 (ID: ENA_BUY_LONG_1753397699999)...
2025-07-26 17:27:38,801 - INFO -   -> Resultado para ENA_BUY_LONG_1753397699999: Stop Loss Atingido no preço 0.4934
2025-07-26 17:27:38,801 - INFO - Analisando sinal 764/1321 (ID: HYPE_BUY_LONG_1753397699999)...
2025-07-26 17:27:38,816 - INFO -   -> Resultado para HYPE_BUY_LONG_1753397699999: Stop Loss Atingido no preço 44.270532
2025-07-26 17:27:38,816 - INFO - Analisando sinal 765/1321 (ID: PEPE_SELL_SHORT_1753397699999)...
2025-07-26 17:27:38,835 - INFO -   -> Resultado para PEPE_SELL_SHORT_1753397699999: Alvo Atingido no preço 0.0126593
2025-07-26 17:27:38,835 - INFO - Analisando sinal 766/1321 (ID: BTC_SELL_SHORT_1753397999999)...
2025-07-26 17:27:38,854 - INFO -   -> Resultado para BTC_SELL_SHORT_1753397999999: Alvo Atingido no preço 118306.0
2025-07-26 17:27:38,854 - INFO - Analisando sinal 767/1321 (ID: ENA_BUY_LONG_1753398059999)...
2025-07-26 17:27:38,874 - INFO -   -> Resultado para ENA_BUY_LONG_1753398059999: Stop Loss Atingido no preço 0.4914
2025-07-26 17:27:38,874 - INFO - Analisando sinal 768/1321 (ID: HYPE_BUY_LONG_1753398059999)...
2025-07-26 17:27:38,889 - INFO -   -> Resultado para HYPE_BUY_LONG_1753398059999: Stop Loss Atingido no preço 44.293967
2025-07-26 17:27:38,889 - INFO - Analisando sinal 769/1321 (ID: NEAR_SELL_SHORT_1753398059999)...
2025-07-26 17:27:38,908 - INFO -   -> Resultado para NEAR_SELL_SHORT_1753398059999: Alvo Atingido no preço 2.758
2025-07-26 17:27:38,908 - INFO - Analisando sinal 770/1321 (ID: PEPE_SELL_SHORT_1753398059999)...
2025-07-26 17:27:38,927 - INFO -   -> Resultado para PEPE_SELL_SHORT_1753398059999: Alvo Atingido no preço 0.0126593
2025-07-26 17:27:38,928 - INFO - Analisando sinal 771/1321 (ID: BNB_SELL_SHORT_1753398299999)...
2025-07-26 17:27:38,950 - INFO -   -> Resultado para BNB_SELL_SHORT_1753398299999: Alvo Atingido no preço 777.34
2025-07-26 17:27:38,950 - INFO - Analisando sinal 772/1321 (ID: BTC_SELL_SHORT_1753398299999)...
2025-07-26 17:27:38,970 - INFO -   -> Resultado para BTC_SELL_SHORT_1753398299999: Alvo Atingido no preço 118306.0
2025-07-26 17:27:38,971 - INFO - Analisando sinal 773/1321 (ID: ENA_BUY_LONG_1753398299999)...
2025-07-26 17:27:38,991 - INFO -   -> Resultado para ENA_BUY_LONG_1753398299999: Stop Loss Atingido no preço 0.4914
2025-07-26 17:27:38,991 - INFO - Analisando sinal 774/1321 (ID: HYPE_BUY_LONG_1753398299999)...
2025-07-26 17:27:39,008 - INFO -   -> Resultado para HYPE_BUY_LONG_1753398299999: Stop Loss Atingido no preço 44.293967
2025-07-26 17:27:39,008 - INFO - Analisando sinal 775/1321 (ID: NEAR_SELL_SHORT_1753398299999)...
2025-07-26 17:27:39,027 - INFO -   -> Resultado para NEAR_SELL_SHORT_1753398299999: Alvo Atingido no preço 2.758
2025-07-26 17:27:39,027 - INFO - Analisando sinal 776/1321 (ID: PEPE_SELL_SHORT_1753398299999)...
2025-07-26 17:27:39,047 - INFO -   -> Resultado para PEPE_SELL_SHORT_1753398299999: Alvo Atingido no preço 0.0126593
2025-07-26 17:27:39,047 - INFO - Analisando sinal 777/1321 (ID: BNB_SELL_SHORT_1753398659999)...
2025-07-26 17:27:39,067 - INFO -   -> Resultado para BNB_SELL_SHORT_1753398659999: Alvo Atingido no preço 777.34
2025-07-26 17:27:39,067 - INFO - Analisando sinal 778/1321 (ID: BTC_SELL_SHORT_1753398659999)...
2025-07-26 17:27:39,087 - INFO -   -> Resultado para BTC_SELL_SHORT_1753398659999: Alvo Atingido no preço 118306.0
2025-07-26 17:27:39,088 - INFO - Analisando sinal 779/1321 (ID: ENA_BUY_LONG_1753398659999)...
2025-07-26 17:27:39,106 - INFO -   -> Resultado para ENA_BUY_LONG_1753398659999: Stop Loss Atingido no preço 0.4914
2025-07-26 17:27:39,106 - INFO - Analisando sinal 780/1321 (ID: HYPE_BUY_LONG_1753398659999)...
2025-07-26 17:27:39,122 - INFO -   -> Resultado para HYPE_BUY_LONG_1753398659999: Stop Loss Atingido no preço 44.293967
2025-07-26 17:27:39,122 - INFO - Analisando sinal 781/1321 (ID: NEAR_SELL_SHORT_1753398659999)...
2025-07-26 17:27:39,141 - INFO -   -> Resultado para NEAR_SELL_SHORT_1753398659999: Alvo Atingido no preço 2.758
2025-07-26 17:27:39,141 - INFO - Analisando sinal 782/1321 (ID: PEPE_SELL_SHORT_1753398659999)...
2025-07-26 17:27:39,179 - INFO -   -> Resultado para PEPE_SELL_SHORT_1753398659999: Alvo Atingido no preço 0.0126593
2025-07-26 17:27:39,179 - INFO - Analisando sinal 783/1321 (ID: BNB_SELL_SHORT_1753398959999)...
2025-07-26 17:27:39,212 - INFO -   -> Resultado para BNB_SELL_SHORT_1753398959999: Alvo Atingido no preço 777.34
2025-07-26 17:27:39,212 - INFO - Analisando sinal 784/1321 (ID: BTC_SELL_SHORT_1753398959999)...
2025-07-26 17:27:39,234 - INFO -   -> Resultado para BTC_SELL_SHORT_1753398959999: Alvo Atingido no preço 118306.0
2025-07-26 17:27:39,234 - INFO - Analisando sinal 785/1321 (ID: ENA_BUY_LONG_1753398959999)...
2025-07-26 17:27:39,256 - INFO -   -> Resultado para ENA_BUY_LONG_1753398959999: Stop Loss Atingido no preço 0.4922
2025-07-26 17:27:39,256 - INFO - Analisando sinal 786/1321 (ID: HYPE_BUY_LONG_1753398959999)...
2025-07-26 17:27:39,273 - INFO -   -> Resultado para HYPE_BUY_LONG_1753398959999: Stop Loss Atingido no preço 44.293967
2025-07-26 17:27:39,273 - INFO - Analisando sinal 787/1321 (ID: NEAR_BUY_LONG_1753399037863)...
2025-07-26 17:27:39,293 - INFO -   -> Resultado para NEAR_BUY_LONG_1753399037863: Stop Loss Atingido no preço 2.754
2025-07-26 17:27:39,293 - INFO - Analisando sinal 788/1321 (ID: PEPE_BUY_LONG_1753399041152)...
2025-07-26 17:27:39,314 - INFO -   -> Resultado para PEPE_BUY_LONG_1753399041152: Stop Loss Atingido no preço 0.0127418
2025-07-26 17:27:39,314 - INFO - Analisando sinal 789/1321 (ID: BNB_BUY_LONG_1753399343535)...
2025-07-26 17:27:39,338 - INFO -   -> Resultado para BNB_BUY_LONG_1753399343535: Stop Loss Atingido no preço 778.21
2025-07-26 17:27:39,339 - INFO - Analisando sinal 790/1321 (ID: BTC_SELL_SHORT_1753399319999)...
2025-07-26 17:27:39,358 - INFO -   -> Resultado para BTC_SELL_SHORT_1753399319999: Alvo Atingido no preço 118306.0
2025-07-26 17:27:39,359 - INFO - Analisando sinal 791/1321 (ID: ENA_BUY_LONG_1753399319999)...
2025-07-26 17:27:39,377 - INFO -   -> Resultado para ENA_BUY_LONG_1753399319999: Stop Loss Atingido no preço 0.4922
2025-07-26 17:27:39,378 - INFO - Analisando sinal 792/1321 (ID: HYPE_BUY_LONG_1753399348796)...
2025-07-26 17:27:39,394 - INFO -   -> Resultado para HYPE_BUY_LONG_1753399348796: Stop Loss Atingido no preço 43.338041
2025-07-26 17:27:39,394 - INFO - Analisando sinal 793/1321 (ID: NEAR_BUY_LONG_1753399350724)...
2025-07-26 17:27:39,413 - INFO -   -> Resultado para NEAR_BUY_LONG_1753399350724: Stop Loss Atingido no preço 2.754
2025-07-26 17:27:39,413 - INFO - Analisando sinal 794/1321 (ID: PEPE_BUY_LONG_1753399352331)...
2025-07-26 17:27:39,434 - INFO -   -> Resultado para PEPE_BUY_LONG_1753399352331: Stop Loss Atingido no preço 0.0127418
2025-07-26 17:27:39,434 - INFO - Analisando sinal 795/1321 (ID: BNB_BUY_LONG_1753399654234)...
2025-07-26 17:27:39,458 - INFO -   -> Resultado para BNB_BUY_LONG_1753399654234: Stop Loss Atingido no preço 778.21
2025-07-26 17:27:39,458 - INFO - Analisando sinal 796/1321 (ID: ENA_BUY_LONG_1753399559999)...
2025-07-26 17:27:39,478 - INFO -   -> Resultado para ENA_BUY_LONG_1753399559999: Stop Loss Atingido no preço 0.4922
2025-07-26 17:27:39,478 - INFO - Analisando sinal 797/1321 (ID: HYPE_BUY_LONG_1753399657943)...
2025-07-26 17:27:39,496 - INFO -   -> Resultado para HYPE_BUY_LONG_1753399657943: Stop Loss Atingido no preço 43.338041
2025-07-26 17:27:39,496 - INFO - Analisando sinal 798/1321 (ID: NEAR_BUY_LONG_1753399659617)...
2025-07-26 17:27:39,514 - INFO -   -> Resultado para NEAR_BUY_LONG_1753399659617: Stop Loss Atingido no preço 2.754
2025-07-26 17:27:39,514 - INFO - Analisando sinal 799/1321 (ID: PEPE_BUY_LONG_1753399661149)...
2025-07-26 17:27:39,532 - INFO -   -> Resultado para PEPE_BUY_LONG_1753399661149: Stop Loss Atingido no preço 0.0127418
2025-07-26 17:27:39,532 - INFO - Analisando sinal 800/1321 (ID: BNB_BUY_LONG_1753399962971)...
2025-07-26 17:27:39,552 - INFO -   -> Resultado para BNB_BUY_LONG_1753399962971: Stop Loss Atingido no preço 778.21
2025-07-26 17:27:39,552 - INFO - Analisando sinal 801/1321 (ID: BTC_SELL_SHORT_1753399859999)...
2025-07-26 17:27:39,572 - INFO -   -> Resultado para BTC_SELL_SHORT_1753399859999: Alvo Atingido no preço 118306.0
2025-07-26 17:27:39,572 - INFO - Analisando sinal 802/1321 (ID: ENA_BUY_LONG_1753399967971)...
2025-07-26 17:27:39,592 - INFO -   -> Resultado para ENA_BUY_LONG_1753399967971: Stop Loss Atingido no preço 0.4941
2025-07-26 17:27:39,592 - INFO - Analisando sinal 803/1321 (ID: HYPE_BUY_LONG_1753399969786)...
2025-07-26 17:27:39,608 - INFO -   -> Resultado para HYPE_BUY_LONG_1753399969786: Stop Loss Atingido no preço 43.225928
2025-07-26 17:27:39,608 - INFO - Analisando sinal 804/1321 (ID: NEAR_BUY_LONG_1753399972109)...
2025-07-26 17:27:39,629 - INFO -   -> Resultado para NEAR_BUY_LONG_1753399972109: Stop Loss Atingido no preço 2.754
2025-07-26 17:27:39,629 - INFO - Analisando sinal 805/1321 (ID: PEPE_BUY_LONG_1753399974345)...
2025-07-26 17:27:39,649 - INFO -   -> Resultado para PEPE_BUY_LONG_1753399974345: Stop Loss Atingido no preço 0.01271962
2025-07-26 17:27:39,649 - INFO - Analisando sinal 806/1321 (ID: BNB_SELL_SHORT_1753406399999)...
2025-07-26 17:27:39,667 - INFO -   -> Resultado para BNB_SELL_SHORT_1753406399999: Alvo Atingido no preço 757.51
2025-07-26 17:27:39,668 - INFO - Analisando sinal 807/1321 (ID: BTC_SELL_SHORT_1753406399999)...
2025-07-26 17:27:39,686 - INFO -   -> Resultado para BTC_SELL_SHORT_1753406399999: Alvo Atingido no preço 116040.01
2025-07-26 17:27:39,686 - INFO - Analisando sinal 808/1321 (ID: ETH_SELL_SHORT_1753406399999)...
2025-07-26 17:27:39,705 - INFO -   -> Resultado para ETH_SELL_SHORT_1753406399999: Alvo Atingido no preço 3616.24
2025-07-26 17:27:39,705 - INFO - Analisando sinal 809/1321 (ID: ETH_SELL_SHORT_1753405199999)...
2025-07-26 17:27:39,725 - INFO -   -> Resultado para ETH_SELL_SHORT_1753405199999: Alvo Atingido no preço 3576.2
2025-07-26 17:27:39,725 - INFO - Analisando sinal 810/1321 (ID: SOL_SELL_SHORT_1753406399999)...
2025-07-26 17:27:39,744 - INFO -   -> Resultado para SOL_SELL_SHORT_1753406399999: Alvo Atingido no preço 179.02
2025-07-26 17:27:39,744 - INFO - Analisando sinal 811/1321 (ID: SOL_SELL_SHORT_1753405199999)...
2025-07-26 17:27:39,763 - INFO -   -> Resultado para SOL_SELL_SHORT_1753405199999: Alvo Atingido no preço 177.77
2025-07-26 17:27:39,764 - INFO - Analisando sinal 812/1321 (ID: HYPE_SELL_SHORT_1753405199999)...
2025-07-26 17:27:39,793 - INFO -   -> Resultado para HYPE_SELL_SHORT_1753405199999: Stop Loss Atingido no preço 44.159679
2025-07-26 17:27:39,793 - INFO - Analisando sinal 813/1321 (ID: PEPE_SELL_SHORT_1753406399999)...
2025-07-26 17:27:39,813 - INFO -   -> Resultado para PEPE_SELL_SHORT_1753406399999: Alvo Atingido no preço 0.01189937
2025-07-26 17:27:39,813 - INFO - Analisando sinal 814/1321 (ID: PEPE_SELL_SHORT_1753405199999)...
2025-07-26 17:27:39,835 - INFO -   -> Resultado para PEPE_SELL_SHORT_1753405199999: Alvo Atingido no preço 0.01172061
2025-07-26 17:27:39,835 - INFO - Analisando sinal 815/1321 (ID: IMX_SELL_SHORT_1753406399999)...
2025-07-26 17:27:39,856 - INFO -   -> Resultado para IMX_SELL_SHORT_1753406399999: Alvo Atingido no preço 0.5344
2025-07-26 17:27:39,856 - INFO - Analisando sinal 816/1321 (ID: ENA_SELL_SHORT_1753406699999)...
2025-07-26 17:27:39,876 - INFO -   -> Resultado para ENA_SELL_SHORT_1753406699999: Stop Loss Atingido no preço 0.5002
2025-07-26 17:27:39,876 - INFO - Analisando sinal 817/1321 (ID: NEAR_BUY_LONG_1753406699999)...
2025-07-26 17:27:39,895 - INFO -   -> Resultado para NEAR_BUY_LONG_1753406699999: Alvo Atingido no preço 2.686
2025-07-26 17:27:39,895 - INFO - Analisando sinal 818/1321 (ID: SUI_SELL_SHORT_1753406699999)...
2025-07-26 17:27:39,915 - INFO -   -> Resultado para SUI_SELL_SHORT_1753406699999: Alvo Atingido no preço 3.6009
2025-07-26 17:27:39,915 - INFO - Analisando sinal 819/1321 (ID: HYPE_BUY_LONG_1753406999999)...
2025-07-26 17:27:39,933 - INFO -   -> Resultado para HYPE_BUY_LONG_1753406999999: Alvo Atingido no preço 42.278808
2025-07-26 17:27:39,933 - INFO - Analisando sinal 820/1321 (ID: ENA_BUY_LONG_1753406999999)...
2025-07-26 17:27:39,953 - INFO -   -> Resultado para ENA_BUY_LONG_1753406999999: Alvo Atingido no preço 0.4815
2025-07-26 17:27:39,953 - INFO - Analisando sinal 821/1321 (ID: BTC_SELL_SHORT_1753408199999)...
2025-07-26 17:27:39,974 - INFO -   -> Resultado para BTC_SELL_SHORT_1753408199999: Alvo Atingido no preço 115880.94
2025-07-26 17:27:39,975 - INFO - Analisando sinal 822/1321 (ID: ENA_SELL_SHORT_1753408199999)...
2025-07-26 17:27:39,994 - INFO -   -> Resultado para ENA_SELL_SHORT_1753408199999: Alvo Atingido no preço 0.4679
2025-07-26 17:27:39,995 - INFO - Analisando sinal 823/1321 (ID: ENA_BUY_LONG_1753406999999)...
2025-07-26 17:27:40,015 - INFO -   -> Resultado para ENA_BUY_LONG_1753406999999: Alvo Atingido no preço 0.4815
2025-07-26 17:27:40,015 - INFO - Analisando sinal 824/1321 (ID: ETH_SELL_SHORT_1753408199999)...
2025-07-26 17:27:40,036 - INFO -   -> Resultado para ETH_SELL_SHORT_1753408199999: Alvo Atingido no preço 3621.63
2025-07-26 17:27:40,036 - INFO - Analisando sinal 825/1321 (ID: PEPE_SELL_SHORT_1753408199999)...
2025-07-26 17:27:40,058 - INFO -   -> Resultado para PEPE_SELL_SHORT_1753408199999: Alvo Atingido no preço 0.01192052
2025-07-26 17:27:40,058 - INFO - Analisando sinal 826/1321 (ID: IMX_SELL_SHORT_1753408199999)...
2025-07-26 17:27:40,077 - INFO -   -> Resultado para IMX_SELL_SHORT_1753408199999: Stop Loss Atingido no preço 0.5472
2025-07-26 17:27:40,077 - INFO - Analisando sinal 827/1321 (ID: BTC_SELL_SHORT_1753407899999)...
2025-07-26 17:27:40,104 - INFO -   -> Resultado para BTC_SELL_SHORT_1753407899999: Alvo Atingido no preço 114780.01
2025-07-26 17:27:40,104 - INFO - Analisando sinal 828/1321 (ID: NEAR_BUY_LONG_1753408499999)...
2025-07-26 17:27:40,124 - INFO -   -> Resultado para NEAR_BUY_LONG_1753408499999: Stop Loss Atingido no preço 2.645
2025-07-26 17:27:40,125 - INFO - Analisando sinal 829/1321 (ID: SOL_BUY_LONG_1753408499999)...
2025-07-26 17:27:40,145 - INFO -   -> Resultado para SOL_BUY_LONG_1753408499999: Stop Loss Atingido no preço 179.57535
2025-07-26 17:27:40,146 - INFO - Analisando sinal 830/1321 (ID: IMX_BUY_LONG_1753407899999)...
2025-07-26 17:27:40,168 - INFO -   -> Resultado para IMX_BUY_LONG_1753407899999: Stop Loss Atingido no preço 0.5349
2025-07-26 17:27:40,168 - INFO - Analisando sinal 831/1321 (ID: BNB_BUY_LONG_1753408799999)...
2025-07-26 17:27:40,191 - INFO -   -> Resultado para BNB_BUY_LONG_1753408799999: Stop Loss Atingido no preço 758.12
2025-07-26 17:27:40,192 - INFO - Analisando sinal 832/1321 (ID: ENA_SELL_SHORT_1753409355129)...
2025-07-26 17:27:40,216 - INFO -   -> Resultado para ENA_SELL_SHORT_1753409355129: Alvo Atingido no preço 0.4685
2025-07-26 17:27:40,216 - INFO - Analisando sinal 833/1321 (ID: SOL_SELL_SHORT_1753409373134)...
2025-07-26 17:27:40,242 - INFO -   -> Resultado para SOL_SELL_SHORT_1753409373134: Alvo Atingido no preço 176.83
2025-07-26 17:27:40,242 - INFO - Analisando sinal 834/1321 (ID: SUI_BUY_LONG_1753408799999)...
2025-07-26 17:27:40,264 - INFO -   -> Resultado para SUI_BUY_LONG_1753408799999: Stop Loss Atingido no preço 3.6449
2025-07-26 17:27:40,264 - INFO - Analisando sinal 835/1321 (ID: HYPE_BUY_LONG_1753408799999)...
2025-07-26 17:27:40,281 - INFO -   -> Resultado para HYPE_BUY_LONG_1753408799999: Stop Loss Atingido no preço 41.611324999999994
2025-07-26 17:27:40,282 - INFO - Analisando sinal 836/1321 (ID: HYPE_BUY_LONG_1753407899999)...
2025-07-26 17:27:40,301 - INFO -   -> Resultado para HYPE_BUY_LONG_1753407899999: Stop Loss Atingido no preço 41.161179999999995
2025-07-26 17:27:40,301 - INFO - Analisando sinal 837/1321 (ID: ENA_SELL_SHORT_1753409845410)...
2025-07-26 17:27:40,324 - INFO -   -> Resultado para ENA_SELL_SHORT_1753409845410: Alvo Atingido no preço 0.4685
2025-07-26 17:27:40,324 - INFO - Analisando sinal 838/1321 (ID: SOL_SELL_SHORT_1753409948180)...
2025-07-26 17:27:40,348 - INFO -   -> Resultado para SOL_SELL_SHORT_1753409948180: Alvo Atingido no preço 176.83
2025-07-26 17:27:40,349 - INFO - Analisando sinal 839/1321 (ID: ENA_SELL_SHORT_1753410090990)...
2025-07-26 17:27:40,374 - INFO -   -> Resultado para ENA_SELL_SHORT_1753410090990: Alvo Atingido no preço 0.4685
2025-07-26 17:27:40,375 - INFO - Analisando sinal 840/1321 (ID: SOL_SELL_SHORT_1753410096027)...
2025-07-26 17:27:40,403 - INFO -   -> Resultado para SOL_SELL_SHORT_1753410096027: Alvo Atingido no preço 176.83
2025-07-26 17:27:40,403 - INFO - Analisando sinal 841/1321 (ID: BTC_SELL_SHORT_1753411334493)...
2025-07-26 17:27:40,425 - INFO -   -> Resultado para BTC_SELL_SHORT_1753411334493: Alvo Atingido no preço 115368.76
2025-07-26 17:27:40,425 - INFO - Analisando sinal 842/1321 (ID: SOL_SELL_SHORT_1753411340841)...
2025-07-26 17:27:40,448 - INFO -   -> Resultado para SOL_SELL_SHORT_1753411340841: Stop Loss Atingido no preço 181.97
2025-07-26 17:27:40,448 - INFO - Analisando sinal 843/1321 (ID: SUI_SELL_SHORT_1753411342285)...
2025-07-26 17:27:40,473 - INFO -   -> Resultado para SUI_SELL_SHORT_1753411342285: Stop Loss Atingido no preço 3.7121595
2025-07-26 17:27:40,474 - INFO - Analisando sinal 844/1321 (ID: BNB_SELL_SHORT_1753398899999)...
2025-07-26 17:27:40,495 - INFO -   -> Resultado para BNB_SELL_SHORT_1753398899999: Alvo Atingido no preço 753.4
2025-07-26 17:27:40,495 - INFO - Analisando sinal 845/1321 (ID: BTC_SELL_SHORT_1753398899999)...
2025-07-26 17:27:40,538 - INFO -   -> Resultado para BTC_SELL_SHORT_1753398899999: Stop Loss Atingido no preço 118040.11
2025-07-26 17:27:40,538 - INFO - Analisando sinal 846/1321 (ID: ETH_SELL_SHORT_1753400099999)...
2025-07-26 17:27:40,558 - INFO -   -> Resultado para ETH_SELL_SHORT_1753400099999: Alvo Atingido no preço 3626.34
2025-07-26 17:27:40,558 - INFO - Analisando sinal 847/1321 (ID: ETH_SELL_SHORT_1753398899999)...
2025-07-26 17:27:40,580 - INFO -   -> Resultado para ETH_SELL_SHORT_1753398899999: Alvo Atingido no preço 3572.22
2025-07-26 17:27:40,580 - INFO - Analisando sinal 848/1321 (ID: NEAR_SELL_SHORT_1753400099999)...
2025-07-26 17:27:40,600 - INFO -   -> Resultado para NEAR_SELL_SHORT_1753400099999: Alvo Atingido no preço 2.654
2025-07-26 17:27:40,600 - INFO - Analisando sinal 849/1321 (ID: SOL_SELL_SHORT_1753398899999)...
2025-07-26 17:27:40,622 - INFO -   -> Resultado para SOL_SELL_SHORT_1753398899999: Alvo Atingido no preço 178.73
2025-07-26 17:27:40,622 - INFO - Analisando sinal 850/1321 (ID: PEPE_SELL_SHORT_1753398899999)...
2025-07-26 17:27:40,643 - INFO -   -> Resultado para PEPE_SELL_SHORT_1753398899999: Alvo Atingido no preço 0.01188835
2025-07-26 17:27:40,643 - INFO - Analisando sinal 851/1321 (ID: IMX_SELL_SHORT_1753400099999)...
2025-07-26 17:27:40,663 - INFO -   -> Resultado para IMX_SELL_SHORT_1753400099999: Alvo Atingido no preço 0.5358
2025-07-26 17:27:40,664 - INFO - Analisando sinal 852/1321 (ID: BNB_SELL_SHORT_1753400399999)...
2025-07-26 17:27:40,684 - INFO -   -> Resultado para BNB_SELL_SHORT_1753400399999: Alvo Atingido no preço 752.33
2025-07-26 17:27:40,684 - INFO - Analisando sinal 853/1321 (ID: BNB_SELL_SHORT_1753399799999)...
2025-07-26 17:27:40,710 - INFO -   -> Resultado para BNB_SELL_SHORT_1753399799999: Stop Loss Atingido no preço 774.96
2025-07-26 17:27:40,710 - INFO - Analisando sinal 854/1321 (ID: BTC_SELL_SHORT_1753400399999)...
2025-07-26 17:27:40,731 - INFO -   -> Resultado para BTC_SELL_SHORT_1753400399999: Alvo Atingido no preço 115368.76
2025-07-26 17:27:40,731 - INFO - Analisando sinal 855/1321 (ID: BTC_SELL_SHORT_1753399799999)...
2025-07-26 17:27:40,774 - INFO -   -> Resultado para BTC_SELL_SHORT_1753399799999: Stop Loss Atingido no preço 118040.11
2025-07-26 17:27:40,774 - INFO - Analisando sinal 856/1321 (ID: ENA_SELL_SHORT_1753400399999)...
2025-07-26 17:27:40,795 - INFO -   -> Resultado para ENA_SELL_SHORT_1753400399999: Stop Loss Atingido no preço 0.5004
2025-07-26 17:27:40,796 - INFO - Analisando sinal 857/1321 (ID: ENA_BUY_LONG_1753399799999)...
2025-07-26 17:27:40,816 - INFO -   -> Resultado para ENA_BUY_LONG_1753399799999: Alvo Atingido no preço 0.4906
2025-07-26 17:27:40,816 - INFO - Analisando sinal 858/1321 (ID: ENA_SELL_SHORT_1753411747928)...
2025-07-26 17:27:40,835 - INFO -   -> Resultado para ENA_SELL_SHORT_1753411747928: Alvo Atingido no preço 0.4685
2025-07-26 17:27:40,836 - INFO - Analisando sinal 859/1321 (ID: ETH_SELL_SHORT_1753400399999)...
2025-07-26 17:27:40,856 - INFO -   -> Resultado para ETH_SELL_SHORT_1753400399999: Alvo Atingido no preço 3609.52
2025-07-26 17:27:40,856 - INFO - Analisando sinal 860/1321 (ID: NEAR_SELL_SHORT_1753400399999)...
2025-07-26 17:27:40,877 - INFO -   -> Resultado para NEAR_SELL_SHORT_1753400399999: Alvo Atingido no preço 2.618
2025-07-26 17:27:40,877 - INFO - Analisando sinal 861/1321 (ID: SOL_SELL_SHORT_1753400399999)...
2025-07-26 17:27:40,897 - INFO -   -> Resultado para SOL_SELL_SHORT_1753400399999: Alvo Atingido no preço 178.36
2025-07-26 17:27:40,897 - INFO - Analisando sinal 862/1321 (ID: SOL_SELL_SHORT_1753399799999)...
2025-07-26 17:27:40,921 - INFO -   -> Resultado para SOL_SELL_SHORT_1753399799999: Alvo Atingido no preço 178.15
2025-07-26 17:27:40,921 - INFO - Analisando sinal 863/1321 (ID: SOL_SELL_SHORT_1753411756111)...
2025-07-26 17:27:40,945 - INFO -   -> Resultado para SOL_SELL_SHORT_1753411756111: Alvo Atingido no preço 176.83
2025-07-26 17:27:40,946 - INFO - Analisando sinal 864/1321 (ID: SUI_SELL_SHORT_1753400399999)...
2025-07-26 17:27:40,989 - INFO -   -> Resultado para SUI_SELL_SHORT_1753400399999: Stop Loss Atingido no preço 3.8757
2025-07-26 17:27:40,989 - INFO - Analisando sinal 865/1321 (ID: HYPE_SELL_SHORT_1753400399999)...
2025-07-26 17:27:41,015 - INFO -   -> Resultado para HYPE_SELL_SHORT_1753400399999: Alvo Atingido no preço 41.28358
2025-07-26 17:27:41,015 - INFO - Analisando sinal 866/1321 (ID: PEPE_SELL_SHORT_1753400399999)...
2025-07-26 17:27:41,052 - INFO -   -> Resultado para PEPE_SELL_SHORT_1753400399999: Alvo Atingido no preço 0.0117279
2025-07-26 17:27:41,052 - INFO - Analisando sinal 867/1321 (ID: PEPE_SELL_SHORT_1753399799999)...
2025-07-26 17:27:41,076 - INFO -   -> Resultado para PEPE_SELL_SHORT_1753399799999: Alvo Atingido no preço 0.01183166
2025-07-26 17:27:41,076 - INFO - Analisando sinal 868/1321 (ID: IMX_SELL_SHORT_1753400399999)...
2025-07-26 17:27:41,100 - INFO -   -> Resultado para IMX_SELL_SHORT_1753400399999: Alvo Atingido no preço 0.5291
2025-07-26 17:27:41,101 - INFO - Analisando sinal 869/1321 (ID: SUI_SELL_SHORT_1753413015174)...
2025-07-26 17:27:41,123 - INFO -   -> Resultado para SUI_SELL_SHORT_1753413015174: Stop Loss Atingido no preço 3.7045
2025-07-26 17:27:41,123 - INFO - Analisando sinal 870/1321 (ID: PEPE_SELL_SHORT_1753413017441)...
2025-07-26 17:27:41,149 - INFO -   -> Resultado para PEPE_SELL_SHORT_1753413017441: Stop Loss Atingido no preço 0.012342298499999998
2025-07-26 17:27:41,149 - INFO - Analisando sinal 871/1321 (ID: ETH_SELL_SHORT_1753400699999)...
2025-07-26 17:27:41,173 - INFO -   -> Resultado para ETH_SELL_SHORT_1753400699999: Stop Loss Atingido no preço 3698.2336999999998
2025-07-26 17:27:41,174 - INFO - Analisando sinal 872/1321 (ID: HYPE_SELL_SHORT_1753401599999)...
2025-07-26 17:27:41,210 - INFO -   -> Resultado para HYPE_SELL_SHORT_1753401599999: Stop Loss Atingido no preço 44.62776
2025-07-26 17:27:41,210 - INFO - Analisando sinal 873/1321 (ID: BNB_SELL_SHORT_1753416730454)...
2025-07-26 17:27:41,238 - INFO -   -> Resultado para BNB_SELL_SHORT_1753416730454: Stop Loss Atingido no preço 773.64
2025-07-26 17:27:41,239 - INFO - Analisando sinal 874/1321 (ID: ETH_SELL_SHORT_1753416732021)...
2025-07-26 17:27:41,260 - INFO -   -> Resultado para ETH_SELL_SHORT_1753416732021: Stop Loss Atingido no preço 3673.32
2025-07-26 17:27:41,260 - INFO - Analisando sinal 875/1321 (ID: NEAR_SELL_SHORT_1753416835241)...
2025-07-26 17:27:41,281 - INFO -   -> Resultado para NEAR_SELL_SHORT_1753416835241: Stop Loss Atingido no preço 2.696
2025-07-26 17:27:41,281 - INFO - Analisando sinal 876/1321 (ID: BNB_SELL_SHORT_1753405799999)...
2025-07-26 17:27:41,319 - INFO -   -> Resultado para BNB_SELL_SHORT_1753405799999: Stop Loss Atingido no preço 785.25
2025-07-26 17:27:41,319 - INFO - Analisando sinal 877/1321 (ID: SUI_BUY_LONG_1753405799999)...
2025-07-26 17:27:41,341 - INFO -   -> Resultado para SUI_BUY_LONG_1753405799999: Alvo Atingido no preço 3.6446
2025-07-26 17:27:41,341 - INFO - Analisando sinal 878/1321 (ID: NEAR_SELL_SHORT_1753406099999)...
2025-07-26 17:27:41,375 - INFO -   -> Resultado para NEAR_SELL_SHORT_1753406099999: Stop Loss Atingido no preço 2.805
2025-07-26 17:27:41,375 - INFO - Analisando sinal 879/1321 (ID: ENA_BUY_LONG_1753406399999)...
2025-07-26 17:27:41,395 - INFO -   -> Resultado para ENA_BUY_LONG_1753406399999: Stop Loss Atingido no preço 0.4766
2025-07-26 17:27:41,395 - INFO - Analisando sinal 880/1321 (ID: PEPE_BUY_LONG_1753406699999)...
2025-07-26 17:27:41,416 - INFO -   -> Resultado para PEPE_BUY_LONG_1753406699999: Alvo Atingido no preço 0.01202934
2025-07-26 17:27:41,416 - INFO - Analisando sinal 881/1321 (ID: SOL_BUY_LONG_1753407299999)...
2025-07-26 17:27:41,437 - INFO -   -> Resultado para SOL_BUY_LONG_1753407299999: Stop Loss Atingido no preço 176.0392
2025-07-26 17:27:41,437 - INFO - Analisando sinal 882/1321 (ID: HYPE_BUY_LONG_1753407299999)...
2025-07-26 17:27:41,454 - INFO -   -> Resultado para HYPE_BUY_LONG_1753407299999: Stop Loss Atingido no preço 41.309915
2025-07-26 17:27:41,454 - INFO - Analisando sinal 883/1321 (ID: ETH_BUY_LONG_1753407599999)...
2025-07-26 17:27:41,474 - INFO -   -> Resultado para ETH_BUY_LONG_1753407599999: Alvo Atingido no preço 3666.27
2025-07-26 17:27:41,474 - INFO - Analisando sinal 884/1321 (ID: IMX_BUY_LONG_1753407599999)...
2025-07-26 17:27:41,492 - INFO -   -> Resultado para IMX_BUY_LONG_1753407599999: Stop Loss Atingido no preço 0.529339
2025-07-26 17:27:41,492 - INFO - Analisando sinal 885/1321 (ID: NEAR_BUY_LONG_1753406999999)...
2025-07-26 17:27:41,513 - INFO -   -> Resultado para NEAR_BUY_LONG_1753406999999: Alvo Atingido no preço 2.692
2025-07-26 17:27:41,514 - INFO - Analisando sinal 886/1321 (ID: SUI_BUY_LONG_1753406999999)...
2025-07-26 17:27:41,537 - INFO -   -> Resultado para SUI_BUY_LONG_1753406999999: Alvo Atingido no preço 3.7048
2025-07-26 17:27:41,537 - INFO - Analisando sinal 887/1321 (ID: IMX_BUY_LONG_1753407899999)...
2025-07-26 17:27:41,559 - INFO -   -> Resultado para IMX_BUY_LONG_1753407899999: Stop Loss Atingido no preço 0.5349
2025-07-26 17:27:41,559 - INFO - Analisando sinal 888/1321 (ID: BTC_SELL_SHORT_1753409099999)...
2025-07-26 17:27:41,610 - INFO -   -> Resultado para BTC_SELL_SHORT_1753409099999: Nenhum resultado no preço None
2025-07-26 17:27:41,610 - INFO - Analisando sinal 889/1321 (ID: ENA_BUY_LONG_1753423982866)...
2025-07-26 17:27:41,630 - INFO -   -> Resultado para ENA_BUY_LONG_1753423982866: Stop Loss Atingido no preço 0.4855
2025-07-26 17:27:41,630 - INFO - Analisando sinal 890/1321 (ID: IMX_BUY_LONG_1753414199999)...
2025-07-26 17:27:41,649 - INFO -   -> Resultado para IMX_BUY_LONG_1753414199999: Alvo Atingido no preço 0.5428
2025-07-26 17:27:41,649 - INFO - Analisando sinal 891/1321 (ID: IMX_BUY_LONG_1753415099999)...
2025-07-26 17:27:41,667 - INFO -   -> Resultado para IMX_BUY_LONG_1753415099999: Stop Loss Atingido no preço 0.528945
2025-07-26 17:27:41,667 - INFO - Analisando sinal 892/1321 (ID: ETH_BUY_LONG_1753424099999)...
2025-07-26 17:27:41,689 - INFO -   -> Resultado para ETH_BUY_LONG_1753424099999: Stop Loss Atingido no preço 3608.61
2025-07-26 17:27:41,689 - INFO - Analisando sinal 893/1321 (ID: HYPE_BUY_LONG_1753437822023)...
2025-07-26 17:27:41,714 - INFO -   -> Resultado para HYPE_BUY_LONG_1753437822023: Alvo Atingido no preço 44.173146
2025-07-26 17:27:41,714 - INFO - Analisando sinal 894/1321 (ID: IMX_BUY_LONG_1753441509305)...
2025-07-26 17:27:41,732 - INFO -   -> Resultado para IMX_BUY_LONG_1753441509305: Stop Loss Atingido no preço 0.5423
2025-07-26 17:27:41,732 - INFO - Analisando sinal 895/1321 (ID: NEAR_BUY_LONG_1753441812905)...
2025-07-26 17:27:41,750 - INFO -   -> Resultado para NEAR_BUY_LONG_1753441812905: Stop Loss Atingido no preço 2.708
2025-07-26 17:27:41,750 - INFO - Analisando sinal 896/1321 (ID: ETH_BUY_LONG_1753444423496)...
2025-07-26 17:27:41,772 - INFO -   -> Resultado para ETH_BUY_LONG_1753444423496: Stop Loss Atingido no preço 3636.4
2025-07-26 17:27:41,772 - INFO - Analisando sinal 897/1321 (ID: ENA_SELL_SHORT_1753433099999)...
2025-07-26 17:27:41,789 - INFO -   -> Resultado para ENA_SELL_SHORT_1753433099999: Stop Loss Atingido no preço 0.5780424999999999
2025-07-26 17:27:41,789 - INFO - Analisando sinal 898/1321 (ID: ETH_BUY_LONG_1753444467663)...
2025-07-26 17:27:41,808 - INFO -   -> Resultado para ETH_BUY_LONG_1753444467663: Stop Loss Atingido no preço 3636.4
2025-07-26 17:27:41,808 - INFO - Analisando sinal 899/1321 (ID: HYPE_SELL_SHORT_1753433099999)...
2025-07-26 17:27:41,823 - INFO -   -> Resultado para HYPE_SELL_SHORT_1753433099999: Alvo Atingido no preço 42.5334
2025-07-26 17:27:41,824 - INFO - Analisando sinal 900/1321 (ID: IMX_SELL_SHORT_1753433099999)...
2025-07-26 17:27:41,842 - INFO -   -> Resultado para IMX_SELL_SHORT_1753433099999: Alvo Atingido no preço 0.5479
2025-07-26 17:27:41,842 - INFO - Analisando sinal 901/1321 (ID: ETH_BUY_LONG_1753433399999)...
2025-07-26 17:27:41,862 - INFO -   -> Resultado para ETH_BUY_LONG_1753433399999: Stop Loss Atingido no preço 3638.82
2025-07-26 17:27:41,862 - INFO - Analisando sinal 902/1321 (ID: NEAR_BUY_LONG_1753433399999)...
2025-07-26 17:27:41,884 - INFO -   -> Resultado para NEAR_BUY_LONG_1753433399999: Alvo Atingido no preço 2.808
2025-07-26 17:27:41,885 - INFO - Analisando sinal 903/1321 (ID: SOL_SELL_SHORT_1753433399999)...
2025-07-26 17:27:41,906 - INFO -   -> Resultado para SOL_SELL_SHORT_1753433399999: Alvo Atingido no preço 178.99
2025-07-26 17:27:41,906 - INFO - Analisando sinal 904/1321 (ID: SUI_BUY_LONG_1753433399999)...
2025-07-26 17:27:41,926 - INFO -   -> Resultado para SUI_BUY_LONG_1753433399999: Stop Loss Atingido no preço 3.6567
2025-07-26 17:27:41,926 - INFO - Analisando sinal 905/1321 (ID: PEPE_BUY_LONG_1753433399999)...
2025-07-26 17:27:41,945 - INFO -   -> Resultado para PEPE_BUY_LONG_1753433399999: Stop Loss Atingido no preço 0.01213331
2025-07-26 17:27:41,946 - INFO - Analisando sinal 906/1321 (ID: BTC_BUY_LONG_1753434599999)...
2025-07-26 17:27:41,965 - INFO -   -> Resultado para BTC_BUY_LONG_1753434599999: Stop Loss Atingido no preço 115190.98
2025-07-26 17:27:41,966 - INFO - Analisando sinal 907/1321 (ID: ENA_SELL_SHORT_1753434899999)...
2025-07-26 17:27:41,990 - INFO -   -> Resultado para ENA_SELL_SHORT_1753434899999: Alvo Atingido no preço 0.5686
2025-07-26 17:27:41,990 - INFO - Analisando sinal 908/1321 (ID: HYPE_BUY_LONG_1753433999999)...
2025-07-26 17:27:42,013 - INFO -   -> Resultado para HYPE_BUY_LONG_1753433999999: Stop Loss Atingido no preço 42.196708
2025-07-26 17:27:42,013 - INFO - Analisando sinal 909/1321 (ID: NEAR_BUY_LONG_1753434899999)...
2025-07-26 17:27:42,039 - INFO -   -> Resultado para NEAR_BUY_LONG_1753434899999: Stop Loss Atingido no preço 2.685
2025-07-26 17:27:42,040 - INFO - Analisando sinal 910/1321 (ID: SUI_BUY_LONG_1753434899999)...
2025-07-26 17:27:42,063 - INFO -   -> Resultado para SUI_BUY_LONG_1753434899999: Stop Loss Atingido no preço 3.6589
2025-07-26 17:27:42,063 - INFO - Analisando sinal 911/1321 (ID: PEPE_BUY_LONG_1753434899999)...
2025-07-26 17:27:42,088 - INFO -   -> Resultado para PEPE_BUY_LONG_1753434899999: Stop Loss Atingido no preço 0.01232674
2025-07-26 17:27:42,088 - INFO - Analisando sinal 912/1321 (ID: IMX_BUY_LONG_1753434899999)...
2025-07-26 17:27:42,116 - INFO -   -> Resultado para IMX_BUY_LONG_1753434899999: Stop Loss Atingido no preço 0.5349
2025-07-26 17:27:42,116 - INFO - Analisando sinal 913/1321 (ID: ENA_SELL_SHORT_1753435199999)...
2025-07-26 17:27:42,137 - INFO -   -> Resultado para ENA_SELL_SHORT_1753435199999: Stop Loss Atingido no preço 0.5790575
2025-07-26 17:27:42,137 - INFO - Analisando sinal 914/1321 (ID: NEAR_BUY_LONG_1753434899999)...
2025-07-26 17:27:42,158 - INFO -   -> Resultado para NEAR_BUY_LONG_1753434899999: Stop Loss Atingido no preço 2.685
2025-07-26 17:27:42,158 - INFO - Analisando sinal 915/1321 (ID: SUI_BUY_LONG_1753434899999)...
2025-07-26 17:27:42,179 - INFO -   -> Resultado para SUI_BUY_LONG_1753434899999: Stop Loss Atingido no preço 3.6589
2025-07-26 17:27:42,179 - INFO - Analisando sinal 916/1321 (ID: HYPE_BUY_LONG_1753434899999)...
2025-07-26 17:27:42,196 - INFO -   -> Resultado para HYPE_BUY_LONG_1753434899999: Stop Loss Atingido no preço 42.196708
2025-07-26 17:27:42,196 - INFO - Analisando sinal 917/1321 (ID: PEPE_SELL_SHORT_1753435499999)...
2025-07-26 17:27:42,216 - INFO -   -> Resultado para PEPE_SELL_SHORT_1753435499999: Alvo Atingido no preço 0.01205666
2025-07-26 17:27:42,216 - INFO - Analisando sinal 918/1321 (ID: PEPE_BUY_LONG_1753434899999)...
2025-07-26 17:27:42,237 - INFO -   -> Resultado para PEPE_BUY_LONG_1753434899999: Stop Loss Atingido no preço 0.01232674
2025-07-26 17:27:42,237 - INFO - Analisando sinal 919/1321 (ID: IMX_SELL_SHORT_1753435199999)...
2025-07-26 17:27:42,258 - INFO -   -> Resultado para IMX_SELL_SHORT_1753435199999: Alvo Atingido no preço 0.5474
2025-07-26 17:27:42,258 - INFO - Analisando sinal 920/1321 (ID: IMX_BUY_LONG_1753434899999)...
2025-07-26 17:27:42,283 - INFO -   -> Resultado para IMX_BUY_LONG_1753434899999: Stop Loss Atingido no preço 0.5349
2025-07-26 17:27:42,283 - INFO - Analisando sinal 921/1321 (ID: BNB_SELL_SHORT_1753435499999)...
2025-07-26 17:27:42,308 - INFO -   -> Resultado para BNB_SELL_SHORT_1753435499999: Alvo Atingido no preço 762.61
2025-07-26 17:27:42,308 - INFO - Analisando sinal 922/1321 (ID: PEPE_BUY_LONG_1753434899999)...
2025-07-26 17:27:42,330 - INFO -   -> Resultado para PEPE_BUY_LONG_1753434899999: Stop Loss Atingido no preço 0.01232674
2025-07-26 17:27:42,330 - INFO - Analisando sinal 923/1321 (ID: PEPE_BUY_LONG_1753435799999)...
2025-07-26 17:27:42,351 - INFO -   -> Resultado para PEPE_BUY_LONG_1753435799999: Stop Loss Atingido no preço 0.0120813205
2025-07-26 17:27:42,352 - INFO - Analisando sinal 924/1321 (ID: SUI_SELL_SHORT_1753436099999)...
2025-07-26 17:27:42,374 - INFO -   -> Resultado para SUI_SELL_SHORT_1753436099999: Alvo Atingido no preço 3.6783
2025-07-26 17:27:42,374 - INFO - Analisando sinal 925/1321 (ID: ETH_BUY_LONG_1753436699999)...
2025-07-26 17:27:42,395 - INFO -   -> Resultado para ETH_BUY_LONG_1753436699999: Stop Loss Atingido no preço 3634.88
2025-07-26 17:27:42,395 - INFO - Analisando sinal 926/1321 (ID: NEAR_BUY_LONG_1753436699999)...
2025-07-26 17:27:42,422 - INFO -   -> Resultado para NEAR_BUY_LONG_1753436699999: Alvo Atingido no preço 2.817
2025-07-26 17:27:42,422 - INFO - Analisando sinal 927/1321 (ID: SOL_BUY_LONG_1753436699999)...
2025-07-26 17:27:42,439 - INFO -   -> Resultado para SOL_BUY_LONG_1753436699999: Stop Loss Atingido no preço 180.91
2025-07-26 17:27:42,440 - INFO - Analisando sinal 928/1321 (ID: ENA_SELL_SHORT_1753437899999)...
2025-07-26 17:27:42,456 - INFO -   -> Resultado para ENA_SELL_SHORT_1753437899999: Stop Loss Atingido no preço 0.570633
2025-07-26 17:27:42,456 - INFO - Analisando sinal 929/1321 (ID: NEAR_SELL_SHORT_1753438199999)...
2025-07-26 17:27:42,473 - INFO -   -> Resultado para NEAR_SELL_SHORT_1753438199999: Alvo Atingido no preço 2.745
2025-07-26 17:27:42,473 - INFO - Analisando sinal 930/1321 (ID: SUI_BUY_LONG_1753438199999)...
2025-07-26 17:27:42,495 - INFO -   -> Resultado para SUI_BUY_LONG_1753438199999: Alvo Atingido no preço 3.7986
2025-07-26 17:27:42,495 - INFO - Analisando sinal 931/1321 (ID: SUI_BUY_LONG_1753437599999)...
2025-07-26 17:27:42,515 - INFO -   -> Resultado para SUI_BUY_LONG_1753437599999: Stop Loss Atingido no preço 3.6589
2025-07-26 17:27:42,516 - INFO - Analisando sinal 932/1321 (ID: PEPE_BUY_LONG_1753437599999)...
2025-07-26 17:27:42,534 - INFO -   -> Resultado para PEPE_BUY_LONG_1753437599999: Stop Loss Atingido no preço 0.0121337225
2025-07-26 17:27:42,534 - INFO - Analisando sinal 933/1321 (ID: IMX_BUY_LONG_1753438199999)...
2025-07-26 17:27:42,554 - INFO -   -> Resultado para IMX_BUY_LONG_1753438199999: Stop Loss Atingido no preço 0.5364
2025-07-26 17:27:42,554 - INFO - Analisando sinal 934/1321 (ID: SOL_SELL_SHORT_1753480499999)...
2025-07-26 17:27:42,578 - INFO -   -> Resultado para SOL_SELL_SHORT_1753480499999: Stop Loss Atingido no preço 188.62759999999997
2025-07-26 17:27:42,578 - INFO - Analisando sinal 935/1321 (ID: HYPE_BUY_LONG_1753479899999)...
2025-07-26 17:27:42,603 - INFO -   -> Resultado para HYPE_BUY_LONG_1753479899999: Nenhum resultado no preço None
2025-07-26 17:27:42,603 - INFO - Analisando sinal 936/1321 (ID: ETH_BUY_LONG_1753480799999)...
2025-07-26 17:27:42,625 - INFO -   -> Resultado para ETH_BUY_LONG_1753480799999: Alvo Atingido no preço 3769.45
2025-07-26 17:27:42,625 - INFO - Analisando sinal 937/1321 (ID: HYPE_BUY_LONG_1753480799999)...
2025-07-26 17:27:42,639 - INFO -   -> Resultado para HYPE_BUY_LONG_1753480799999: Alvo Atingido no preço 44.6798
2025-07-26 17:27:42,639 - INFO - Analisando sinal 938/1321 (ID: BTC_BUY_LONG_1753492079999)...
2025-07-26 17:27:42,655 - INFO -   -> Resultado para BTC_BUY_LONG_1753492079999: Alvo Atingido no preço 117615.3
2025-07-26 17:27:42,655 - INFO - Analisando sinal 939/1321 (ID: BNB_BUY_LONG_1753492079999)...
2025-07-26 17:27:42,684 - INFO -   -> Resultado para BNB_BUY_LONG_1753492079999: Nenhum resultado no preço None
2025-07-26 17:27:42,684 - INFO - Analisando sinal 940/1321 (ID: ENA_BUY_LONG_1753492079999)...
2025-07-26 17:27:42,712 - INFO -   -> Resultado para ENA_BUY_LONG_1753492079999: Nenhum resultado no preço None
2025-07-26 17:27:42,712 - INFO - Analisando sinal 941/1321 (ID: IMX_BUY_LONG_1753492079999)...
2025-07-26 17:27:42,728 - INFO -   -> Resultado para IMX_BUY_LONG_1753492079999: Alvo Atingido no preço 0.565
2025-07-26 17:27:42,728 - INFO - Analisando sinal 942/1321 (ID: NEAR_BUY_LONG_1753492079999)...
2025-07-26 17:27:42,745 - INFO -   -> Resultado para NEAR_BUY_LONG_1753492079999: Alvo Atingido no preço 2.882
2025-07-26 17:27:42,746 - INFO - Analisando sinal 943/1321 (ID: PEPE_SELL_SHORT_1753492079999)...
2025-07-26 17:27:42,761 - INFO -   -> Resultado para PEPE_SELL_SHORT_1753492079999: Alvo Atingido no preço 0.0124634
2025-07-26 17:27:42,761 - INFO - Analisando sinal 944/1321 (ID: PEPE_SELL_SHORT_1753481099999)...
2025-07-26 17:27:42,791 - INFO -   -> Resultado para PEPE_SELL_SHORT_1753481099999: Nenhum resultado no preço None
2025-07-26 17:27:42,792 - INFO - Analisando sinal 945/1321 (ID: BNB_BUY_LONG_1753492199999)...
2025-07-26 17:27:42,819 - INFO -   -> Resultado para BNB_BUY_LONG_1753492199999: Nenhum resultado no preço None
2025-07-26 17:27:42,819 - INFO - Analisando sinal 946/1321 (ID: BTC_BUY_LONG_1753492199999)...
2025-07-26 17:27:42,835 - INFO -   -> Resultado para BTC_BUY_LONG_1753492199999: Alvo Atingido no preço 117615.3
2025-07-26 17:27:42,835 - INFO - Analisando sinal 947/1321 (ID: ENA_BUY_LONG_1753492199999)...
2025-07-26 17:27:42,863 - INFO -   -> Resultado para ENA_BUY_LONG_1753492199999: Nenhum resultado no preço None
2025-07-26 17:27:42,863 - INFO - Analisando sinal 948/1321 (ID: ETH_SELL_SHORT_1753492199999)...
2025-07-26 17:27:42,880 - INFO -   -> Resultado para ETH_SELL_SHORT_1753492199999: Alvo Atingido no preço 3708.24
2025-07-26 17:27:42,880 - INFO - Analisando sinal 949/1321 (ID: HYPE_SELL_SHORT_1753492199999)...
2025-07-26 17:27:42,895 - INFO -   -> Resultado para HYPE_SELL_SHORT_1753492199999: Stop Loss Atingido no preço 44.256087
2025-07-26 17:27:42,895 - INFO - Analisando sinal 950/1321 (ID: IMX_BUY_LONG_1753492199999)...
2025-07-26 17:27:42,913 - INFO -   -> Resultado para IMX_BUY_LONG_1753492199999: Alvo Atingido no preço 0.565
2025-07-26 17:27:42,913 - INFO - Analisando sinal 951/1321 (ID: NEAR_BUY_LONG_1753492199999)...
2025-07-26 17:27:42,931 - INFO -   -> Resultado para NEAR_BUY_LONG_1753492199999: Alvo Atingido no preço 2.882
2025-07-26 17:27:42,931 - INFO - Analisando sinal 952/1321 (ID: PEPE_SELL_SHORT_1753492199999)...
2025-07-26 17:27:42,949 - INFO -   -> Resultado para PEPE_SELL_SHORT_1753492199999: Alvo Atingido no preço 0.0124634
2025-07-26 17:27:42,949 - INFO - Analisando sinal 953/1321 (ID: HYPE_SELL_SHORT_1753492619999)...
2025-07-26 17:27:42,973 - INFO -   -> Resultado para HYPE_SELL_SHORT_1753492619999: Alvo Atingido no preço 43.736
2025-07-26 17:27:42,974 - INFO - Analisando sinal 954/1321 (ID: NEAR_BUY_LONG_1753492619999)...
2025-07-26 17:27:43,004 - INFO -   -> Resultado para NEAR_BUY_LONG_1753492619999: Nenhum resultado no preço None
2025-07-26 17:27:43,004 - INFO - Analisando sinal 955/1321 (ID: IMX_BUY_LONG_1753492679999)...
2025-07-26 17:27:43,036 - INFO -   -> Resultado para IMX_BUY_LONG_1753492679999: Nenhum resultado no preço None
2025-07-26 17:27:43,036 - INFO - Analisando sinal 956/1321 (ID: ENA_BUY_LONG_1753496032292)...
2025-07-26 17:27:43,065 - INFO -   -> Resultado para ENA_BUY_LONG_1753496032292: Nenhum resultado no preço None
2025-07-26 17:27:43,065 - INFO - Analisando sinal 957/1321 (ID: ENA_BUY_LONG_1753496032292)...
2025-07-26 17:27:43,096 - INFO -   -> Resultado para ENA_BUY_LONG_1753496032292: Nenhum resultado no preço None
2025-07-26 17:27:43,096 - INFO - Analisando sinal 958/1321 (ID: ENA_BUY_LONG_1753496121079)...
2025-07-26 17:27:43,129 - INFO -   -> Resultado para ENA_BUY_LONG_1753496121079: Nenhum resultado no preço None
2025-07-26 17:27:43,129 - INFO - Analisando sinal 959/1321 (ID: ENA_BUY_LONG_1753496121079)...
2025-07-26 17:27:43,161 - INFO -   -> Resultado para ENA_BUY_LONG_1753496121079: Nenhum resultado no preço None
2025-07-26 17:27:43,161 - INFO - Analisando sinal 960/1321 (ID: ENA_BUY_LONG_1753496225100)...
2025-07-26 17:27:43,194 - INFO -   -> Resultado para ENA_BUY_LONG_1753496225100: Nenhum resultado no preço None
2025-07-26 17:27:43,194 - INFO - Analisando sinal 961/1321 (ID: ENA_BUY_LONG_1753496225100)...
2025-07-26 17:27:43,226 - INFO -   -> Resultado para ENA_BUY_LONG_1753496225100: Nenhum resultado no preço None
2025-07-26 17:27:43,226 - INFO - Analisando sinal 962/1321 (ID: ENA_BUY_LONG_1753496328672)...
2025-07-26 17:27:43,257 - INFO -   -> Resultado para ENA_BUY_LONG_1753496328672: Nenhum resultado no preço None
2025-07-26 17:27:43,257 - INFO - Analisando sinal 963/1321 (ID: ENA_BUY_LONG_1753496328672)...
2025-07-26 17:27:43,288 - INFO -   -> Resultado para ENA_BUY_LONG_1753496328672: Nenhum resultado no preço None
2025-07-26 17:27:43,288 - INFO - Analisando sinal 964/1321 (ID: ENA_BUY_LONG_1753496432268)...
2025-07-26 17:27:43,317 - INFO -   -> Resultado para ENA_BUY_LONG_1753496432268: Nenhum resultado no preço None
2025-07-26 17:27:43,317 - INFO - Analisando sinal 965/1321 (ID: ENA_BUY_LONG_1753496432268)...
2025-07-26 17:27:43,347 - INFO -   -> Resultado para ENA_BUY_LONG_1753496432268: Nenhum resultado no preço None
2025-07-26 17:27:43,348 - INFO - Analisando sinal 966/1321 (ID: ENA_BUY_LONG_1753496536318)...
2025-07-26 17:27:43,381 - INFO -   -> Resultado para ENA_BUY_LONG_1753496536318: Nenhum resultado no preço None
2025-07-26 17:27:43,381 - INFO - Analisando sinal 967/1321 (ID: ENA_BUY_LONG_1753496536318)...
2025-07-26 17:27:43,411 - INFO -   -> Resultado para ENA_BUY_LONG_1753496536318: Nenhum resultado no preço None
2025-07-26 17:27:43,411 - INFO - Analisando sinal 968/1321 (ID: ENA_BUY_LONG_1753496640436)...
2025-07-26 17:27:43,442 - INFO -   -> Resultado para ENA_BUY_LONG_1753496640436: Nenhum resultado no preço None
2025-07-26 17:27:43,442 - INFO - Analisando sinal 969/1321 (ID: ENA_BUY_LONG_1753496640436)...
2025-07-26 17:27:43,468 - INFO -   -> Resultado para ENA_BUY_LONG_1753496640436: Nenhum resultado no preço None
2025-07-26 17:27:43,468 - INFO - Analisando sinal 970/1321 (ID: ENA_BUY_LONG_1753496744266)...
2025-07-26 17:27:43,495 - INFO -   -> Resultado para ENA_BUY_LONG_1753496744266: Nenhum resultado no preço None
2025-07-26 17:27:43,496 - INFO - Analisando sinal 971/1321 (ID: ENA_BUY_LONG_1753496744266)...
2025-07-26 17:27:43,524 - INFO -   -> Resultado para ENA_BUY_LONG_1753496744266: Nenhum resultado no preço None
2025-07-26 17:27:43,524 - INFO - Analisando sinal 972/1321 (ID: ENA_BUY_LONG_1753497328200)...
2025-07-26 17:27:43,554 - INFO -   -> Resultado para ENA_BUY_LONG_1753497328200: Nenhum resultado no preço None
2025-07-26 17:27:43,554 - INFO - Analisando sinal 973/1321 (ID: HYPE_BUY_LONG_1753488899999)...
2025-07-26 17:27:43,578 - INFO -   -> Resultado para HYPE_BUY_LONG_1753488899999: Nenhum resultado no preço None
2025-07-26 17:27:43,579 - INFO - Analisando sinal 974/1321 (ID: HYPE_BUY_LONG_1753487999999)...
2025-07-26 17:27:43,603 - INFO -   -> Resultado para HYPE_BUY_LONG_1753487999999: Nenhum resultado no preço None
2025-07-26 17:27:43,603 - INFO - Analisando sinal 975/1321 (ID: ENA_SELL_SHORT_1753489199999)...
2025-07-26 17:27:43,619 - INFO -   -> Resultado para ENA_SELL_SHORT_1753489199999: Alvo Atingido no preço 0.5799
2025-07-26 17:27:43,619 - INFO - Analisando sinal 976/1321 (ID: NEAR_BUY_LONG_1753489199999)...
2025-07-26 17:27:43,645 - INFO -   -> Resultado para NEAR_BUY_LONG_1753489199999: Alvo Atingido no preço 2.903
2025-07-26 17:27:43,645 - INFO - Analisando sinal 977/1321 (ID: ENA_BUY_LONG_1753500701642)...
2025-07-26 17:27:43,667 - INFO -   -> Resultado para ENA_BUY_LONG_1753500701642: Stop Loss Atingido no preço 0.5768
2025-07-26 17:27:43,667 - INFO - Analisando sinal 978/1321 (ID: BNB_SELL_SHORT_1753503478895)...
2025-07-26 17:27:43,697 - INFO -   -> Resultado para BNB_SELL_SHORT_1753503478895: Nenhum resultado no preço None
2025-07-26 17:27:43,697 - INFO - Analisando sinal 979/1321 (ID: BTC_SELL_SHORT_1753503479086)...
2025-07-26 17:27:43,730 - INFO -   -> Resultado para BTC_SELL_SHORT_1753503479086: Nenhum resultado no preço None
2025-07-26 17:27:43,730 - INFO - Analisando sinal 980/1321 (ID: ETH_BUY_LONG_1753503479368)...
2025-07-26 17:27:43,750 - INFO -   -> Resultado para ETH_BUY_LONG_1753503479368: Alvo Atingido no preço 3767.95
2025-07-26 17:27:43,750 - INFO - Analisando sinal 981/1321 (ID: HYPE_SELL_SHORT_1753503479555)...
2025-07-26 17:27:43,774 - INFO -   -> Resultado para HYPE_SELL_SHORT_1753503479555: Nenhum resultado no preço None
2025-07-26 17:27:43,775 - INFO - Analisando sinal 982/1321 (ID: PEPE_SELL_SHORT_1753503480068)...
2025-07-26 17:27:43,804 - INFO -   -> Resultado para PEPE_SELL_SHORT_1753503480068: Nenhum resultado no preço None
2025-07-26 17:27:43,804 - INFO - Analisando sinal 983/1321 (ID: NEAR_SELL_SHORT_1753505291303)...
2025-07-26 17:27:43,830 - INFO -   -> Resultado para NEAR_SELL_SHORT_1753505291303: Stop Loss Atingido no preço 2.9182200000000003
2025-07-26 17:27:43,830 - INFO - Analisando sinal 984/1321 (ID: HYPE_SELL_SHORT_1753509754067)...
2025-07-26 17:27:43,847 - INFO -   -> Resultado para HYPE_SELL_SHORT_1753509754067: Alvo Atingido no preço 44.492008
2025-07-26 17:27:43,847 - INFO - Analisando sinal 985/1321 (ID: PEPE_SELL_SHORT_1753509754516)...
2025-07-26 17:27:43,867 - INFO -   -> Resultado para PEPE_SELL_SHORT_1753509754516: Stop Loss Atingido no preço 0.01267277
2025-07-26 17:27:43,867 - INFO - Analisando sinal 986/1321 (ID: HYPE_SELL_SHORT_1753509935262)...
2025-07-26 17:27:43,881 - INFO -   -> Resultado para HYPE_SELL_SHORT_1753509935262: Alvo Atingido no preço 44.492008
2025-07-26 17:27:43,881 - INFO - Analisando sinal 987/1321 (ID: PEPE_SELL_SHORT_1753509935713)...
2025-07-26 17:27:43,901 - INFO -   -> Resultado para PEPE_SELL_SHORT_1753509935713: Stop Loss Atingido no preço 0.01267277
2025-07-26 17:27:43,902 - INFO - Analisando sinal 988/1321 (ID: HYPE_SELL_SHORT_1753510116457)...
2025-07-26 17:27:43,916 - INFO -   -> Resultado para HYPE_SELL_SHORT_1753510116457: Alvo Atingido no preço 44.492008
2025-07-26 17:27:43,916 - INFO - Analisando sinal 989/1321 (ID: PEPE_SELL_SHORT_1753510116925)...
2025-07-26 17:27:43,934 - INFO -   -> Resultado para PEPE_SELL_SHORT_1753510116925: Stop Loss Atingido no preço 0.01267277
2025-07-26 17:27:43,934 - INFO - Analisando sinal 990/1321 (ID: HYPE_SELL_SHORT_1753510297678)...
2025-07-26 17:27:43,948 - INFO -   -> Resultado para HYPE_SELL_SHORT_1753510297678: Alvo Atingido no preço 44.492008
2025-07-26 17:27:43,948 - INFO - Analisando sinal 991/1321 (ID: PEPE_SELL_SHORT_1753510298146)...
2025-07-26 17:27:43,967 - INFO -   -> Resultado para PEPE_SELL_SHORT_1753510298146: Stop Loss Atingido no preço 0.01267277
2025-07-26 17:27:43,967 - INFO - Analisando sinal 992/1321 (ID: HYPE_SELL_SHORT_1753510478886)...
2025-07-26 17:27:43,980 - INFO -   -> Resultado para HYPE_SELL_SHORT_1753510478886: Alvo Atingido no preço 44.492008
2025-07-26 17:27:43,981 - INFO - Analisando sinal 993/1321 (ID: PEPE_SELL_SHORT_1753510479323)...
2025-07-26 17:27:44,000 - INFO -   -> Resultado para PEPE_SELL_SHORT_1753510479323: Stop Loss Atingido no preço 0.01267277
2025-07-26 17:27:44,000 - INFO - Analisando sinal 994/1321 (ID: BNB_BUY_LONG_1753510659574)...
2025-07-26 17:27:44,028 - INFO -   -> Resultado para BNB_BUY_LONG_1753510659574: Stop Loss Atingido no preço 779.59
2025-07-26 17:27:44,028 - INFO - Analisando sinal 995/1321 (ID: HYPE_SELL_SHORT_1753510660067)...
2025-07-26 17:27:44,041 - INFO -   -> Resultado para HYPE_SELL_SHORT_1753510660067: Alvo Atingido no preço 44.49667
2025-07-26 17:27:44,042 - INFO - Analisando sinal 996/1321 (ID: PEPE_SELL_SHORT_1753510660509)...
2025-07-26 17:27:44,063 - INFO -   -> Resultado para PEPE_SELL_SHORT_1753510660509: Stop Loss Atingido no preço 0.01266681
2025-07-26 17:27:44,063 - INFO - Analisando sinal 997/1321 (ID: HYPE_SELL_SHORT_1753510841202)...
2025-07-26 17:27:44,078 - INFO -   -> Resultado para HYPE_SELL_SHORT_1753510841202: Alvo Atingido no preço 44.49667
2025-07-26 17:27:44,078 - INFO - Analisando sinal 998/1321 (ID: PEPE_SELL_SHORT_1753510841656)...
2025-07-26 17:27:44,099 - INFO -   -> Resultado para PEPE_SELL_SHORT_1753510841656: Stop Loss Atingido no preço 0.01266681
2025-07-26 17:27:44,099 - INFO - Analisando sinal 999/1321 (ID: HYPE_SELL_SHORT_1753511022313)...
2025-07-26 17:27:44,113 - INFO -   -> Resultado para HYPE_SELL_SHORT_1753511022313: Alvo Atingido no preço 44.49667
2025-07-26 17:27:44,113 - INFO - Analisando sinal 1000/1321 (ID: PEPE_SELL_SHORT_1753511022759)...
2025-07-26 17:27:44,132 - INFO -   -> Resultado para PEPE_SELL_SHORT_1753511022759: Stop Loss Atingido no preço 0.01266681
2025-07-26 17:27:44,132 - INFO - Analisando sinal 1001/1321 (ID: HYPE_SELL_SHORT_1753511203422)...
2025-07-26 17:27:44,145 - INFO -   -> Resultado para HYPE_SELL_SHORT_1753511203422: Alvo Atingido no preço 44.49667
2025-07-26 17:27:44,145 - INFO - Analisando sinal 1002/1321 (ID: PEPE_SELL_SHORT_1753511203856)...
2025-07-26 17:27:44,166 - INFO -   -> Resultado para PEPE_SELL_SHORT_1753511203856: Stop Loss Atingido no preço 0.01266681
2025-07-26 17:27:44,166 - INFO - Analisando sinal 1003/1321 (ID: HYPE_SELL_SHORT_1753511384537)...
2025-07-26 17:27:44,185 - INFO -   -> Resultado para HYPE_SELL_SHORT_1753511384537: Alvo Atingido no preço 44.49667
2025-07-26 17:27:44,186 - INFO - Analisando sinal 1004/1321 (ID: PEPE_SELL_SHORT_1753511384987)...
2025-07-26 17:27:44,208 - INFO -   -> Resultado para PEPE_SELL_SHORT_1753511384987: Stop Loss Atingido no preço 0.01266681
2025-07-26 17:27:44,208 - INFO - Analisando sinal 1005/1321 (ID: HYPE_SELL_SHORT_1753511565660)...
2025-07-26 17:27:44,222 - INFO -   -> Resultado para HYPE_SELL_SHORT_1753511565660: Stop Loss Atingido no preço 44.579486
2025-07-26 17:27:44,222 - INFO - Analisando sinal 1006/1321 (ID: PEPE_SELL_SHORT_1753511566102)...
2025-07-26 17:27:44,240 - INFO -   -> Resultado para PEPE_SELL_SHORT_1753511566102: Stop Loss Atingido no preço 0.01266439
2025-07-26 17:27:44,240 - INFO - Analisando sinal 1007/1321 (ID: HYPE_SELL_SHORT_1753511746783)...
2025-07-26 17:27:44,254 - INFO -   -> Resultado para HYPE_SELL_SHORT_1753511746783: Stop Loss Atingido no preço 44.579486
2025-07-26 17:27:44,254 - INFO - Analisando sinal 1008/1321 (ID: PEPE_SELL_SHORT_1753511747226)...
2025-07-26 17:27:44,273 - INFO -   -> Resultado para PEPE_SELL_SHORT_1753511747226: Stop Loss Atingido no preço 0.01266439
2025-07-26 17:27:44,273 - INFO - Analisando sinal 1009/1321 (ID: HYPE_SELL_SHORT_1753511927889)...
2025-07-26 17:27:44,286 - INFO -   -> Resultado para HYPE_SELL_SHORT_1753511927889: Stop Loss Atingido no preço 44.579486
2025-07-26 17:27:44,286 - INFO - Analisando sinal 1010/1321 (ID: PEPE_SELL_SHORT_1753511928325)...
2025-07-26 17:27:44,306 - INFO -   -> Resultado para PEPE_SELL_SHORT_1753511928325: Stop Loss Atingido no preço 0.01266439
2025-07-26 17:27:44,306 - INFO - Analisando sinal 1011/1321 (ID: HYPE_SELL_SHORT_1753512108995)...
2025-07-26 17:27:44,321 - INFO -   -> Resultado para HYPE_SELL_SHORT_1753512108995: Stop Loss Atingido no preço 44.579486
2025-07-26 17:27:44,321 - INFO - Analisando sinal 1012/1321 (ID: PEPE_SELL_SHORT_1753512109433)...
2025-07-26 17:27:44,346 - INFO -   -> Resultado para PEPE_SELL_SHORT_1753512109433: Stop Loss Atingido no preço 0.01266439
2025-07-26 17:27:44,346 - INFO - Analisando sinal 1013/1321 (ID: HYPE_SELL_SHORT_1753512290111)...
2025-07-26 17:27:44,365 - INFO -   -> Resultado para HYPE_SELL_SHORT_1753512290111: Stop Loss Atingido no preço 44.579486
2025-07-26 17:27:44,366 - INFO - Analisando sinal 1014/1321 (ID: PEPE_SELL_SHORT_1753512290541)...
2025-07-26 17:27:44,393 - INFO -   -> Resultado para PEPE_SELL_SHORT_1753512290541: Stop Loss Atingido no preço 0.01266439
2025-07-26 17:27:44,393 - INFO - Analisando sinal 1015/1321 (ID: HYPE_SELL_SHORT_1753512471224)...
2025-07-26 17:27:44,412 - INFO -   -> Resultado para HYPE_SELL_SHORT_1753512471224: Stop Loss Atingido no preço 44.582563
2025-07-26 17:27:44,413 - INFO - Analisando sinal 1016/1321 (ID: PEPE_SELL_SHORT_1753512471690)...
2025-07-26 17:27:44,431 - INFO -   -> Resultado para PEPE_SELL_SHORT_1753512471690: Stop Loss Atingido no preço 0.01266565
2025-07-26 17:27:44,432 - INFO - Analisando sinal 1017/1321 (ID: HYPE_SELL_SHORT_1753512652369)...
2025-07-26 17:27:44,444 - INFO -   -> Resultado para HYPE_SELL_SHORT_1753512652369: Stop Loss Atingido no preço 44.582563
2025-07-26 17:27:44,444 - INFO - Analisando sinal 1018/1321 (ID: PEPE_SELL_SHORT_1753512652811)...
2025-07-26 17:27:44,464 - INFO -   -> Resultado para PEPE_SELL_SHORT_1753512652811: Stop Loss Atingido no preço 0.01266565
2025-07-26 17:27:44,464 - INFO - Analisando sinal 1019/1321 (ID: HYPE_SELL_SHORT_1753512833470)...
2025-07-26 17:27:44,477 - INFO -   -> Resultado para HYPE_SELL_SHORT_1753512833470: Stop Loss Atingido no preço 44.582563
2025-07-26 17:27:44,477 - INFO - Analisando sinal 1020/1321 (ID: PEPE_SELL_SHORT_1753512833926)...
2025-07-26 17:27:44,493 - INFO -   -> Resultado para PEPE_SELL_SHORT_1753512833926: Stop Loss Atingido no preço 0.01266565
2025-07-26 17:27:44,493 - INFO - Analisando sinal 1021/1321 (ID: HYPE_SELL_SHORT_1753513014591)...
2025-07-26 17:27:44,505 - INFO -   -> Resultado para HYPE_SELL_SHORT_1753513014591: Stop Loss Atingido no preço 44.582563
2025-07-26 17:27:44,505 - INFO - Analisando sinal 1022/1321 (ID: PEPE_SELL_SHORT_1753513015034)...
2025-07-26 17:27:44,521 - INFO -   -> Resultado para PEPE_SELL_SHORT_1753513015034: Stop Loss Atingido no preço 0.01266565
2025-07-26 17:27:44,521 - INFO - Analisando sinal 1023/1321 (ID: HYPE_SELL_SHORT_1753513195694)...
2025-07-26 17:27:44,533 - INFO -   -> Resultado para HYPE_SELL_SHORT_1753513195694: Stop Loss Atingido no preço 44.582563
2025-07-26 17:27:44,533 - INFO - Analisando sinal 1024/1321 (ID: PEPE_SELL_SHORT_1753513196132)...
2025-07-26 17:27:44,553 - INFO -   -> Resultado para PEPE_SELL_SHORT_1753513196132: Stop Loss Atingido no preço 0.01266565
2025-07-26 17:27:44,553 - INFO - Analisando sinal 1025/1321 (ID: HYPE_SELL_SHORT_1753513376794)...
2025-07-26 17:27:44,567 - INFO -   -> Resultado para HYPE_SELL_SHORT_1753513376794: Stop Loss Atingido no preço 44.578786
2025-07-26 17:27:44,567 - INFO - Analisando sinal 1026/1321 (ID: PEPE_SELL_SHORT_1753513377237)...
2025-07-26 17:27:44,584 - INFO -   -> Resultado para PEPE_SELL_SHORT_1753513377237: Stop Loss Atingido no preço 0.01266409
2025-07-26 17:27:44,584 - INFO - Analisando sinal 1027/1321 (ID: HYPE_SELL_SHORT_1753513557901)...
2025-07-26 17:27:44,599 - INFO -   -> Resultado para HYPE_SELL_SHORT_1753513557901: Stop Loss Atingido no preço 44.578786
2025-07-26 17:27:44,599 - INFO - Analisando sinal 1028/1321 (ID: PEPE_SELL_SHORT_1753513558361)...
2025-07-26 17:27:44,615 - INFO -   -> Resultado para PEPE_SELL_SHORT_1753513558361: Stop Loss Atingido no preço 0.01266409
2025-07-26 17:27:44,615 - INFO - Analisando sinal 1029/1321 (ID: HYPE_SELL_SHORT_1753513739032)...
2025-07-26 17:27:44,628 - INFO -   -> Resultado para HYPE_SELL_SHORT_1753513739032: Stop Loss Atingido no preço 44.578786
2025-07-26 17:27:44,629 - INFO - Analisando sinal 1030/1321 (ID: PEPE_SELL_SHORT_1753513739480)...
2025-07-26 17:27:44,645 - INFO -   -> Resultado para PEPE_SELL_SHORT_1753513739480: Stop Loss Atingido no preço 0.01266409
2025-07-26 17:27:44,645 - INFO - Analisando sinal 1031/1321 (ID: HYPE_SELL_SHORT_1753513920180)...
2025-07-26 17:27:44,658 - INFO -   -> Resultado para HYPE_SELL_SHORT_1753513920180: Stop Loss Atingido no preço 44.578786
2025-07-26 17:27:44,658 - INFO - Analisando sinal 1032/1321 (ID: PEPE_SELL_SHORT_1753513920666)...
2025-07-26 17:27:44,675 - INFO -   -> Resultado para PEPE_SELL_SHORT_1753513920666: Stop Loss Atingido no preço 0.01266409
2025-07-26 17:27:44,675 - INFO - Analisando sinal 1033/1321 (ID: HYPE_SELL_SHORT_1753514101325)...
2025-07-26 17:27:44,688 - INFO -   -> Resultado para HYPE_SELL_SHORT_1753514101325: Stop Loss Atingido no preço 44.578786
2025-07-26 17:27:44,688 - INFO - Analisando sinal 1034/1321 (ID: PEPE_SELL_SHORT_1753514101788)...
2025-07-26 17:27:44,705 - INFO -   -> Resultado para PEPE_SELL_SHORT_1753514101788: Stop Loss Atingido no preço 0.01266409
2025-07-26 17:27:44,705 - INFO - Analisando sinal 1035/1321 (ID: HYPE_SELL_SHORT_1753514282470)...
2025-07-26 17:27:44,718 - INFO -   -> Resultado para HYPE_SELL_SHORT_1753514282470: Stop Loss Atingido no preço 44.564404
2025-07-26 17:27:44,719 - INFO - Analisando sinal 1036/1321 (ID: PEPE_SELL_SHORT_1753514282920)...
2025-07-26 17:27:44,734 - INFO -   -> Resultado para PEPE_SELL_SHORT_1753514282920: Stop Loss Atingido no preço 0.0126602
2025-07-26 17:27:44,734 - INFO - Analisando sinal 1037/1321 (ID: HYPE_SELL_SHORT_1753514463585)...
2025-07-26 17:27:44,746 - INFO -   -> Resultado para HYPE_SELL_SHORT_1753514463585: Stop Loss Atingido no preço 44.564404
2025-07-26 17:27:44,746 - INFO - Analisando sinal 1038/1321 (ID: PEPE_SELL_SHORT_1753514464020)...
2025-07-26 17:27:44,761 - INFO -   -> Resultado para PEPE_SELL_SHORT_1753514464020: Stop Loss Atingido no preço 0.0126602
2025-07-26 17:27:44,762 - INFO - Analisando sinal 1039/1321 (ID: HYPE_SELL_SHORT_1753514644674)...
2025-07-26 17:27:44,774 - INFO -   -> Resultado para HYPE_SELL_SHORT_1753514644674: Stop Loss Atingido no preço 44.564404
2025-07-26 17:27:44,774 - INFO - Analisando sinal 1040/1321 (ID: PEPE_SELL_SHORT_1753514645111)...
2025-07-26 17:27:44,790 - INFO -   -> Resultado para PEPE_SELL_SHORT_1753514645111: Stop Loss Atingido no preço 0.0126602
2025-07-26 17:27:44,790 - INFO - Analisando sinal 1041/1321 (ID: HYPE_SELL_SHORT_1753514825777)...
2025-07-26 17:27:44,802 - INFO -   -> Resultado para HYPE_SELL_SHORT_1753514825777: Stop Loss Atingido no preço 44.564404
2025-07-26 17:27:44,803 - INFO - Analisando sinal 1042/1321 (ID: PEPE_SELL_SHORT_1753514826244)...
2025-07-26 17:27:44,819 - INFO -   -> Resultado para PEPE_SELL_SHORT_1753514826244: Stop Loss Atingido no preço 0.0126602
2025-07-26 17:27:44,819 - INFO - Analisando sinal 1043/1321 (ID: HYPE_SELL_SHORT_1753515006925)...
2025-07-26 17:27:44,832 - INFO -   -> Resultado para HYPE_SELL_SHORT_1753515006925: Stop Loss Atingido no preço 44.564404
2025-07-26 17:27:44,832 - INFO - Analisando sinal 1044/1321 (ID: PEPE_SELL_SHORT_1753515007365)...
2025-07-26 17:27:44,849 - INFO -   -> Resultado para PEPE_SELL_SHORT_1753515007365: Stop Loss Atingido no preço 0.0126602
2025-07-26 17:27:44,849 - INFO - Analisando sinal 1045/1321 (ID: HYPE_SELL_SHORT_1753515188031)...
2025-07-26 17:27:44,862 - INFO -   -> Resultado para HYPE_SELL_SHORT_1753515188031: Stop Loss Atingido no preço 44.560421
2025-07-26 17:27:44,862 - INFO - Analisando sinal 1046/1321 (ID: PEPE_SELL_SHORT_1753515188485)...
2025-07-26 17:27:44,879 - INFO -   -> Resultado para PEPE_SELL_SHORT_1753515188485: Stop Loss Atingido no preço 0.01267491
2025-07-26 17:27:44,879 - INFO - Analisando sinal 1047/1321 (ID: HYPE_SELL_SHORT_1753515369157)...
2025-07-26 17:27:44,893 - INFO -   -> Resultado para HYPE_SELL_SHORT_1753515369157: Stop Loss Atingido no preço 44.560421
2025-07-26 17:27:44,893 - INFO - Analisando sinal 1048/1321 (ID: PEPE_SELL_SHORT_1753515369595)...
2025-07-26 17:27:44,911 - INFO -   -> Resultado para PEPE_SELL_SHORT_1753515369595: Stop Loss Atingido no preço 0.01267491
2025-07-26 17:27:44,911 - INFO - Analisando sinal 1049/1321 (ID: HYPE_SELL_SHORT_1753515550254)...
2025-07-26 17:27:44,924 - INFO -   -> Resultado para HYPE_SELL_SHORT_1753515550254: Stop Loss Atingido no preço 44.560421
2025-07-26 17:27:44,924 - INFO - Analisando sinal 1050/1321 (ID: PEPE_SELL_SHORT_1753515550697)...
2025-07-26 17:27:44,943 - INFO -   -> Resultado para PEPE_SELL_SHORT_1753515550697: Stop Loss Atingido no preço 0.01267491
2025-07-26 17:27:44,943 - INFO - Analisando sinal 1051/1321 (ID: HYPE_SELL_SHORT_1753515731377)...
2025-07-26 17:27:44,956 - INFO -   -> Resultado para HYPE_SELL_SHORT_1753515731377: Stop Loss Atingido no preço 44.560421
2025-07-26 17:27:44,956 - INFO - Analisando sinal 1052/1321 (ID: PEPE_SELL_SHORT_1753515731839)...
2025-07-26 17:27:44,974 - INFO -   -> Resultado para PEPE_SELL_SHORT_1753515731839: Stop Loss Atingido no preço 0.01267491
2025-07-26 17:27:44,974 - INFO - Analisando sinal 1053/1321 (ID: HYPE_SELL_SHORT_1753515912513)...
2025-07-26 17:27:44,987 - INFO -   -> Resultado para HYPE_SELL_SHORT_1753515912513: Stop Loss Atingido no preço 44.560421
2025-07-26 17:27:44,987 - INFO - Analisando sinal 1054/1321 (ID: PEPE_SELL_SHORT_1753515912959)...
2025-07-26 17:27:45,005 - INFO -   -> Resultado para PEPE_SELL_SHORT_1753515912959: Stop Loss Atingido no preço 0.01267491
2025-07-26 17:27:45,006 - INFO - Analisando sinal 1055/1321 (ID: HYPE_SELL_SHORT_1753516093621)...
2025-07-26 17:27:45,018 - INFO -   -> Resultado para HYPE_SELL_SHORT_1753516093621: Stop Loss Atingido no preço 44.543426
2025-07-26 17:27:45,018 - INFO - Analisando sinal 1056/1321 (ID: PEPE_BUY_LONG_1753516094066)...
2025-07-26 17:27:45,035 - INFO -   -> Resultado para PEPE_BUY_LONG_1753516094066: Alvo Atingido no preço 0.01268017
2025-07-26 17:27:45,035 - INFO - Analisando sinal 1057/1321 (ID: HYPE_SELL_SHORT_1753516274742)...
2025-07-26 17:27:45,047 - INFO -   -> Resultado para HYPE_SELL_SHORT_1753516274742: Stop Loss Atingido no preço 44.543426
2025-07-26 17:27:45,048 - INFO - Analisando sinal 1058/1321 (ID: PEPE_BUY_LONG_1753516275188)...
2025-07-26 17:27:45,066 - INFO -   -> Resultado para PEPE_BUY_LONG_1753516275188: Alvo Atingido no preço 0.01268017
2025-07-26 17:27:45,066 - INFO - Analisando sinal 1059/1321 (ID: HYPE_SELL_SHORT_1753516455844)...
2025-07-26 17:27:45,079 - INFO -   -> Resultado para HYPE_SELL_SHORT_1753516455844: Stop Loss Atingido no preço 44.543426
2025-07-26 17:27:45,079 - INFO - Analisando sinal 1060/1321 (ID: PEPE_BUY_LONG_1753516456279)...
2025-07-26 17:27:45,097 - INFO -   -> Resultado para PEPE_BUY_LONG_1753516456279: Alvo Atingido no preço 0.01268017
2025-07-26 17:27:45,097 - INFO - Analisando sinal 1061/1321 (ID: HYPE_SELL_SHORT_1753516636935)...
2025-07-26 17:27:45,111 - INFO -   -> Resultado para HYPE_SELL_SHORT_1753516636935: Stop Loss Atingido no preço 44.543426
2025-07-26 17:27:45,111 - INFO - Analisando sinal 1062/1321 (ID: HYPE_SELL_SHORT_1753516818020)...
2025-07-26 17:27:45,126 - INFO -   -> Resultado para HYPE_SELL_SHORT_1753516818020: Stop Loss Atingido no preço 44.543426
2025-07-26 17:27:45,127 - INFO - Analisando sinal 1063/1321 (ID: HYPE_SELL_SHORT_1753516999134)...
2025-07-26 17:27:45,140 - INFO -   -> Resultado para HYPE_SELL_SHORT_1753516999134: Stop Loss Atingido no preço 44.539345
2025-07-26 17:27:45,140 - INFO - Analisando sinal 1064/1321 (ID: HYPE_SELL_SHORT_1753517180224)...
2025-07-26 17:27:45,154 - INFO -   -> Resultado para HYPE_SELL_SHORT_1753517180224: Stop Loss Atingido no preço 44.539345
2025-07-26 17:27:45,154 - INFO - Analisando sinal 1065/1321 (ID: HYPE_SELL_SHORT_1753517361297)...
2025-07-26 17:27:45,167 - INFO -   -> Resultado para HYPE_SELL_SHORT_1753517361297: Stop Loss Atingido no preço 44.539345
2025-07-26 17:27:45,167 - INFO - Analisando sinal 1066/1321 (ID: HYPE_SELL_SHORT_1753517542415)...
2025-07-26 17:27:45,181 - INFO -   -> Resultado para HYPE_SELL_SHORT_1753517542415: Stop Loss Atingido no preço 44.539345
2025-07-26 17:27:45,181 - INFO - Analisando sinal 1067/1321 (ID: HYPE_SELL_SHORT_1753517723500)...
2025-07-26 17:27:45,195 - INFO -   -> Resultado para HYPE_SELL_SHORT_1753517723500: Stop Loss Atingido no preço 44.539345
2025-07-26 17:27:45,195 - INFO - Analisando sinal 1068/1321 (ID: HYPE_SELL_SHORT_1753517904598)...
2025-07-26 17:27:45,209 - INFO -   -> Resultado para HYPE_SELL_SHORT_1753517904598: Stop Loss Atingido no preço 44.546985
2025-07-26 17:27:45,209 - INFO - Analisando sinal 1069/1321 (ID: HYPE_SELL_SHORT_1753518085693)...
2025-07-26 17:27:45,223 - INFO -   -> Resultado para HYPE_SELL_SHORT_1753518085693: Stop Loss Atingido no preço 44.546985
2025-07-26 17:27:45,223 - INFO - Analisando sinal 1070/1321 (ID: HYPE_SELL_SHORT_1753518266783)...
2025-07-26 17:27:45,239 - INFO -   -> Resultado para HYPE_SELL_SHORT_1753518266783: Stop Loss Atingido no preço 44.546985
2025-07-26 17:27:45,239 - INFO - Analisando sinal 1071/1321 (ID: HYPE_SELL_SHORT_1753518447870)...
2025-07-26 17:27:45,253 - INFO -   -> Resultado para HYPE_SELL_SHORT_1753518447870: Stop Loss Atingido no preço 44.546985
2025-07-26 17:27:45,253 - INFO - Analisando sinal 1072/1321 (ID: HYPE_SELL_SHORT_1753518628959)...
2025-07-26 17:27:45,264 - INFO -   -> Resultado para HYPE_SELL_SHORT_1753518628959: Stop Loss Atingido no preço 44.546985
2025-07-26 17:27:45,264 - INFO - Analisando sinal 1073/1321 (ID: HYPE_SELL_SHORT_1753518810026)...
2025-07-26 17:27:45,282 - INFO -   -> Resultado para HYPE_SELL_SHORT_1753518810026: Alvo Atingido no preço 43.728765
2025-07-26 17:27:45,282 - INFO - Analisando sinal 1074/1321 (ID: HYPE_SELL_SHORT_1753518991101)...
2025-07-26 17:27:45,303 - INFO -   -> Resultado para HYPE_SELL_SHORT_1753518991101: Alvo Atingido no preço 43.728765
2025-07-26 17:27:45,303 - INFO - Analisando sinal 1075/1321 (ID: HYPE_SELL_SHORT_1753519172194)...
2025-07-26 17:27:45,321 - INFO -   -> Resultado para HYPE_SELL_SHORT_1753519172194: Alvo Atingido no preço 43.728765
2025-07-26 17:27:45,321 - INFO - Analisando sinal 1076/1321 (ID: HYPE_SELL_SHORT_1753519353288)...
2025-07-26 17:27:45,339 - INFO -   -> Resultado para HYPE_SELL_SHORT_1753519353288: Alvo Atingido no preço 43.728765
2025-07-26 17:27:45,339 - INFO - Analisando sinal 1077/1321 (ID: HYPE_SELL_SHORT_1753519534363)...
2025-07-26 17:27:45,355 - INFO -   -> Resultado para HYPE_SELL_SHORT_1753519534363: Alvo Atingido no preço 43.728765
2025-07-26 17:27:45,355 - INFO - Analisando sinal 1078/1321 (ID: HYPE_SELL_SHORT_1753519715450)...
2025-07-26 17:27:45,367 - INFO -   -> Resultado para HYPE_SELL_SHORT_1753519715450: Stop Loss Atingido no preço 44.526426
2025-07-26 17:27:45,367 - INFO - Analisando sinal 1079/1321 (ID: HYPE_SELL_SHORT_1753519896533)...
2025-07-26 17:27:45,379 - INFO -   -> Resultado para HYPE_SELL_SHORT_1753519896533: Stop Loss Atingido no preço 44.526426
2025-07-26 17:27:45,380 - INFO - Analisando sinal 1080/1321 (ID: HYPE_SELL_SHORT_1753520077640)...
2025-07-26 17:27:45,392 - INFO -   -> Resultado para HYPE_SELL_SHORT_1753520077640: Stop Loss Atingido no preço 44.526426
2025-07-26 17:27:45,392 - INFO - Analisando sinal 1081/1321 (ID: HYPE_SELL_SHORT_1753520258734)...
2025-07-26 17:27:45,405 - INFO -   -> Resultado para HYPE_SELL_SHORT_1753520258734: Stop Loss Atingido no preço 44.526426
2025-07-26 17:27:45,405 - INFO - Analisando sinal 1082/1321 (ID: PEPE_SELL_SHORT_1753520621273)...
2025-07-26 17:27:45,421 - INFO -   -> Resultado para PEPE_SELL_SHORT_1753520621273: Stop Loss Atingido no preço 0.01271578
2025-07-26 17:27:45,421 - INFO - Analisando sinal 1083/1321 (ID: PEPE_SELL_SHORT_1753520802365)...
2025-07-26 17:27:45,438 - INFO -   -> Resultado para PEPE_SELL_SHORT_1753520802365: Stop Loss Atingido no preço 0.01271578
2025-07-26 17:27:45,438 - INFO - Analisando sinal 1084/1321 (ID: PEPE_SELL_SHORT_1753520983459)...
2025-07-26 17:27:45,455 - INFO -   -> Resultado para PEPE_SELL_SHORT_1753520983459: Stop Loss Atingido no preço 0.01271578
2025-07-26 17:27:45,456 - INFO - Analisando sinal 1085/1321 (ID: PEPE_SELL_SHORT_1753521164539)...
2025-07-26 17:27:45,473 - INFO -   -> Resultado para PEPE_SELL_SHORT_1753521164539: Stop Loss Atingido no preço 0.01271578
2025-07-26 17:27:45,473 - INFO - Analisando sinal 1086/1321 (ID: PEPE_SELL_SHORT_1753521345618)...
2025-07-26 17:27:45,487 - INFO -   -> Resultado para PEPE_SELL_SHORT_1753521345618: Stop Loss Atingido no preço 0.01272388
2025-07-26 17:27:45,488 - INFO - Analisando sinal 1087/1321 (ID: PEPE_SELL_SHORT_1753521526712)...
2025-07-26 17:27:45,503 - INFO -   -> Resultado para PEPE_SELL_SHORT_1753521526712: Stop Loss Atingido no preço 0.01272388
2025-07-26 17:27:45,503 - INFO - Analisando sinal 1088/1321 (ID: PEPE_SELL_SHORT_1753521707785)...
2025-07-26 17:27:45,520 - INFO -   -> Resultado para PEPE_SELL_SHORT_1753521707785: Stop Loss Atingido no preço 0.01272388
2025-07-26 17:27:45,520 - INFO - Analisando sinal 1089/1321 (ID: PEPE_SELL_SHORT_1753521888874)...
2025-07-26 17:27:45,536 - INFO -   -> Resultado para PEPE_SELL_SHORT_1753521888874: Stop Loss Atingido no preço 0.01272388
2025-07-26 17:27:45,536 - INFO - Analisando sinal 1090/1321 (ID: PEPE_SELL_SHORT_1753522069942)...
2025-07-26 17:27:45,553 - INFO -   -> Resultado para PEPE_SELL_SHORT_1753522069942: Stop Loss Atingido no preço 0.01272388
2025-07-26 17:27:45,553 - INFO - Analisando sinal 1091/1321 (ID: PEPE_SELL_SHORT_1753522251036)...
2025-07-26 17:27:45,574 - INFO -   -> Resultado para PEPE_SELL_SHORT_1753522251036: Stop Loss Atingido no preço 0.01272178
2025-07-26 17:27:45,574 - INFO - Analisando sinal 1092/1321 (ID: PEPE_SELL_SHORT_1753522432150)...
2025-07-26 17:27:45,593 - INFO -   -> Resultado para PEPE_SELL_SHORT_1753522432150: Stop Loss Atingido no preço 0.01272178
2025-07-26 17:27:45,594 - INFO - Analisando sinal 1093/1321 (ID: PEPE_SELL_SHORT_1753522613219)...
2025-07-26 17:27:45,610 - INFO -   -> Resultado para PEPE_SELL_SHORT_1753522613219: Stop Loss Atingido no preço 0.01272178
2025-07-26 17:27:45,611 - INFO - Analisando sinal 1094/1321 (ID: PEPE_SELL_SHORT_1753522794304)...
2025-07-26 17:27:45,628 - INFO -   -> Resultado para PEPE_SELL_SHORT_1753522794304: Stop Loss Atingido no preço 0.01272178
2025-07-26 17:27:45,628 - INFO - Analisando sinal 1095/1321 (ID: PEPE_SELL_SHORT_1753522975382)...
2025-07-26 17:27:45,645 - INFO -   -> Resultado para PEPE_SELL_SHORT_1753522975382: Stop Loss Atingido no preço 0.01272178
2025-07-26 17:27:45,645 - INFO - Analisando sinal 1096/1321 (ID: PEPE_SELL_SHORT_1753523156479)...
2025-07-26 17:27:45,662 - INFO -   -> Resultado para PEPE_SELL_SHORT_1753523156479: Stop Loss Atingido no preço 0.01271503
2025-07-26 17:27:45,662 - INFO - Analisando sinal 1097/1321 (ID: PEPE_SELL_SHORT_1753523337591)...
2025-07-26 17:27:45,678 - INFO -   -> Resultado para PEPE_SELL_SHORT_1753523337591: Stop Loss Atingido no preço 0.01271503
2025-07-26 17:27:45,678 - INFO - Analisando sinal 1098/1321 (ID: PEPE_SELL_SHORT_1753523518672)...
2025-07-26 17:27:45,695 - INFO -   -> Resultado para PEPE_SELL_SHORT_1753523518672: Stop Loss Atingido no preço 0.01271503
2025-07-26 17:27:45,695 - INFO - Analisando sinal 1099/1321 (ID: PEPE_SELL_SHORT_1753523699789)...
2025-07-26 17:27:45,711 - INFO -   -> Resultado para PEPE_SELL_SHORT_1753523699789: Stop Loss Atingido no preço 0.01271503
2025-07-26 17:27:45,711 - INFO - Analisando sinal 1100/1321 (ID: PEPE_SELL_SHORT_1753523880945)...
2025-07-26 17:27:45,728 - INFO -   -> Resultado para PEPE_SELL_SHORT_1753523880945: Stop Loss Atingido no preço 0.01271503
2025-07-26 17:27:45,728 - INFO - Analisando sinal 1101/1321 (ID: PEPE_SELL_SHORT_1753524062082)...
2025-07-26 17:27:45,745 - INFO -   -> Resultado para PEPE_SELL_SHORT_1753524062082: Stop Loss Atingido no preço 0.01271206
2025-07-26 17:27:45,745 - INFO - Analisando sinal 1102/1321 (ID: PEPE_SELL_SHORT_1753524243169)...
2025-07-26 17:27:45,761 - INFO -   -> Resultado para PEPE_SELL_SHORT_1753524243169: Stop Loss Atingido no preço 0.01271206
2025-07-26 17:27:45,762 - INFO - Analisando sinal 1103/1321 (ID: PEPE_SELL_SHORT_1753524424241)...
2025-07-26 17:27:45,778 - INFO -   -> Resultado para PEPE_SELL_SHORT_1753524424241: Stop Loss Atingido no preço 0.01271206
2025-07-26 17:27:45,778 - INFO - Analisando sinal 1104/1321 (ID: PEPE_SELL_SHORT_1753524605325)...
2025-07-26 17:27:45,795 - INFO -   -> Resultado para PEPE_SELL_SHORT_1753524605325: Stop Loss Atingido no preço 0.01271206
2025-07-26 17:27:45,796 - INFO - Analisando sinal 1105/1321 (ID: IMX_SELL_SHORT_1753524786152)...
2025-07-26 17:27:45,811 - INFO -   -> Resultado para IMX_SELL_SHORT_1753524786152: Stop Loss Atingido no preço 0.576
2025-07-26 17:27:45,811 - INFO - Analisando sinal 1106/1321 (ID: PEPE_SELL_SHORT_1753524786459)...
2025-07-26 17:27:45,826 - INFO -   -> Resultado para PEPE_SELL_SHORT_1753524786459: Stop Loss Atingido no preço 0.01271206
2025-07-26 17:27:45,826 - INFO - Analisando sinal 1107/1321 (ID: PEPE_SELL_SHORT_1753524967611)...
2025-07-26 17:27:45,841 - INFO -   -> Resultado para PEPE_SELL_SHORT_1753524967611: Stop Loss Atingido no preço 0.01270988
2025-07-26 17:27:45,841 - INFO - Analisando sinal 1108/1321 (ID: PEPE_SELL_SHORT_1753525148664)...
2025-07-26 17:27:45,857 - INFO -   -> Resultado para PEPE_SELL_SHORT_1753525148664: Stop Loss Atingido no preço 0.01270988
2025-07-26 17:27:45,857 - INFO - Analisando sinal 1109/1321 (ID: PEPE_SELL_SHORT_1753525329702)...
2025-07-26 17:27:45,871 - INFO -   -> Resultado para PEPE_SELL_SHORT_1753525329702: Stop Loss Atingido no preço 0.01270988
2025-07-26 17:27:45,872 - INFO - Analisando sinal 1110/1321 (ID: PEPE_SELL_SHORT_1753525510780)...
2025-07-26 17:27:45,886 - INFO -   -> Resultado para PEPE_SELL_SHORT_1753525510780: Stop Loss Atingido no preço 0.01270988
2025-07-26 17:27:45,886 - INFO - Analisando sinal 1111/1321 (ID: PEPE_SELL_SHORT_1753525691837)...
2025-07-26 17:27:45,901 - INFO -   -> Resultado para PEPE_SELL_SHORT_1753525691837: Stop Loss Atingido no preço 0.01270988
2025-07-26 17:27:45,901 - INFO - Analisando sinal 1112/1321 (ID: PEPE_SELL_SHORT_1753525872879)...
2025-07-26 17:27:45,916 - INFO -   -> Resultado para PEPE_SELL_SHORT_1753525872879: Stop Loss Atingido no preço 0.01270806
2025-07-26 17:27:45,916 - INFO - Analisando sinal 1113/1321 (ID: PEPE_SELL_SHORT_1753526053908)...
2025-07-26 17:27:45,930 - INFO -   -> Resultado para PEPE_SELL_SHORT_1753526053908: Stop Loss Atingido no preço 0.01270806
2025-07-26 17:27:45,930 - INFO - Analisando sinal 1114/1321 (ID: PEPE_SELL_SHORT_1753526234948)...
2025-07-26 17:27:45,945 - INFO -   -> Resultado para PEPE_SELL_SHORT_1753526234948: Stop Loss Atingido no preço 0.01270806
2025-07-26 17:27:45,945 - INFO - Analisando sinal 1115/1321 (ID: PEPE_SELL_SHORT_1753526416078)...
2025-07-26 17:27:45,960 - INFO -   -> Resultado para PEPE_SELL_SHORT_1753526416078: Stop Loss Atingido no preço 0.01270806
2025-07-26 17:27:45,961 - INFO - Analisando sinal 1116/1321 (ID: PEPE_SELL_SHORT_1753526597164)...
2025-07-26 17:27:45,976 - INFO -   -> Resultado para PEPE_SELL_SHORT_1753526597164: Stop Loss Atingido no preço 0.01270806
2025-07-26 17:27:45,977 - INFO - Analisando sinal 1117/1321 (ID: HYPE_SELL_SHORT_1753526777834)...
2025-07-26 17:27:45,988 - INFO -   -> Resultado para HYPE_SELL_SHORT_1753526777834: Stop Loss Atingido no preço 44.896665
2025-07-26 17:27:45,989 - INFO - Analisando sinal 1118/1321 (ID: PEPE_SELL_SHORT_1753526778282)...
2025-07-26 17:27:46,007 - INFO -   -> Resultado para PEPE_SELL_SHORT_1753526778282: Alvo Atingido no preço 0.01250786
2025-07-26 17:27:46,008 - INFO - Analisando sinal 1119/1321 (ID: HYPE_SELL_SHORT_1753526958963)...
2025-07-26 17:27:46,019 - INFO -   -> Resultado para HYPE_SELL_SHORT_1753526958963: Stop Loss Atingido no preço 44.896665
2025-07-26 17:27:46,019 - INFO - Analisando sinal 1120/1321 (ID: PEPE_SELL_SHORT_1753526959427)...
2025-07-26 17:27:46,038 - INFO -   -> Resultado para PEPE_SELL_SHORT_1753526959427: Alvo Atingido no preço 0.01250786
2025-07-26 17:27:46,039 - INFO - Analisando sinal 1121/1321 (ID: HYPE_SELL_SHORT_1753527140110)...
2025-07-26 17:27:46,051 - INFO -   -> Resultado para HYPE_SELL_SHORT_1753527140110: Stop Loss Atingido no preço 44.896665
2025-07-26 17:27:46,051 - INFO - Analisando sinal 1122/1321 (ID: PEPE_SELL_SHORT_1753527140566)...
2025-07-26 17:27:46,070 - INFO -   -> Resultado para PEPE_SELL_SHORT_1753527140566: Alvo Atingido no preço 0.01250786
2025-07-26 17:27:46,070 - INFO - Analisando sinal 1123/1321 (ID: HYPE_SELL_SHORT_1753527321237)...
2025-07-26 17:27:46,082 - INFO -   -> Resultado para HYPE_SELL_SHORT_1753527321237: Stop Loss Atingido no preço 44.896665
2025-07-26 17:27:46,083 - INFO - Analisando sinal 1124/1321 (ID: PEPE_SELL_SHORT_1753527321706)...
2025-07-26 17:27:46,102 - INFO -   -> Resultado para PEPE_SELL_SHORT_1753527321706: Alvo Atingido no preço 0.01250786
2025-07-26 17:27:46,102 - INFO - Analisando sinal 1125/1321 (ID: HYPE_SELL_SHORT_1753527502398)...
2025-07-26 17:27:46,115 - INFO -   -> Resultado para HYPE_SELL_SHORT_1753527502398: Stop Loss Atingido no preço 44.896665
2025-07-26 17:27:46,115 - INFO - Analisando sinal 1126/1321 (ID: PEPE_SELL_SHORT_1753527502852)...
2025-07-26 17:27:46,136 - INFO -   -> Resultado para PEPE_SELL_SHORT_1753527502852: Alvo Atingido no preço 0.01250786
2025-07-26 17:27:46,136 - INFO - Analisando sinal 1127/1321 (ID: HYPE_SELL_SHORT_1753527683521)...
2025-07-26 17:27:46,151 - INFO -   -> Resultado para HYPE_SELL_SHORT_1753527683521: Alvo Atingido no preço 44.07544
2025-07-26 17:27:46,151 - INFO - Analisando sinal 1128/1321 (ID: PEPE_SELL_SHORT_1753527684014)...
2025-07-26 17:27:46,170 - INFO -   -> Resultado para PEPE_SELL_SHORT_1753527684014: Alvo Atingido no preço 0.0125026
2025-07-26 17:27:46,170 - INFO - Analisando sinal 1129/1321 (ID: HYPE_SELL_SHORT_1753527864727)...
2025-07-26 17:27:46,185 - INFO -   -> Resultado para HYPE_SELL_SHORT_1753527864727: Alvo Atingido no preço 44.07544
2025-07-26 17:27:46,185 - INFO - Analisando sinal 1130/1321 (ID: PEPE_SELL_SHORT_1753527865185)...
2025-07-26 17:27:46,202 - INFO -   -> Resultado para PEPE_SELL_SHORT_1753527865185: Alvo Atingido no preço 0.0125026
2025-07-26 17:27:46,202 - INFO - Analisando sinal 1131/1321 (ID: PEPE_SELL_SHORT_1753528046277)...
2025-07-26 17:27:46,219 - INFO -   -> Resultado para PEPE_SELL_SHORT_1753528046277: Alvo Atingido no preço 0.0125026
2025-07-26 17:27:46,219 - INFO - Analisando sinal 1132/1321 (ID: PEPE_SELL_SHORT_1753528227371)...
2025-07-26 17:27:46,238 - INFO -   -> Resultado para PEPE_SELL_SHORT_1753528227371: Alvo Atingido no preço 0.0125026
2025-07-26 17:27:46,239 - INFO - Analisando sinal 1133/1321 (ID: PEPE_SELL_SHORT_1753528408467)...
2025-07-26 17:27:46,257 - INFO -   -> Resultado para PEPE_SELL_SHORT_1753528408467: Alvo Atingido no preço 0.0125026
2025-07-26 17:27:46,258 - INFO - Analisando sinal 1134/1321 (ID: HYPE_BUY_LONG_1753528589153)...
2025-07-26 17:27:46,268 - INFO -   -> Resultado para HYPE_BUY_LONG_1753528589153: Stop Loss Atingido no preço 44.313776
2025-07-26 17:27:46,268 - INFO - Analisando sinal 1135/1321 (ID: PEPE_SELL_SHORT_1753528589607)...
2025-07-26 17:27:46,285 - INFO -   -> Resultado para PEPE_SELL_SHORT_1753528589607: Alvo Atingido no preço 0.01249502
2025-07-26 17:27:46,285 - INFO - Analisando sinal 1136/1321 (ID: HYPE_BUY_LONG_1753528770292)...
2025-07-26 17:27:46,296 - INFO -   -> Resultado para HYPE_BUY_LONG_1753528770292: Stop Loss Atingido no preço 44.313776
2025-07-26 17:27:46,296 - INFO - Analisando sinal 1137/1321 (ID: PEPE_SELL_SHORT_1753528770757)...
2025-07-26 17:27:46,313 - INFO -   -> Resultado para PEPE_SELL_SHORT_1753528770757: Alvo Atingido no preço 0.01249502
2025-07-26 17:27:46,313 - INFO - Analisando sinal 1138/1321 (ID: HYPE_BUY_LONG_1753528951437)...
2025-07-26 17:27:46,325 - INFO -   -> Resultado para HYPE_BUY_LONG_1753528951437: Stop Loss Atingido no preço 44.313776
2025-07-26 17:27:46,325 - INFO - Analisando sinal 1139/1321 (ID: PEPE_SELL_SHORT_1753528951884)...
2025-07-26 17:27:46,342 - INFO -   -> Resultado para PEPE_SELL_SHORT_1753528951884: Alvo Atingido no preço 0.01249502
2025-07-26 17:27:46,342 - INFO - Analisando sinal 1140/1321 (ID: HYPE_BUY_LONG_1753529132572)...
2025-07-26 17:27:46,353 - INFO -   -> Resultado para HYPE_BUY_LONG_1753529132572: Stop Loss Atingido no preço 44.313776
2025-07-26 17:27:46,353 - INFO - Analisando sinal 1141/1321 (ID: PEPE_SELL_SHORT_1753529133069)...
2025-07-26 17:27:46,371 - INFO -   -> Resultado para PEPE_SELL_SHORT_1753529133069: Alvo Atingido no preço 0.01249502
2025-07-26 17:27:46,371 - INFO - Analisando sinal 1142/1321 (ID: HYPE_BUY_LONG_1753529313742)...
2025-07-26 17:27:46,381 - INFO -   -> Resultado para HYPE_BUY_LONG_1753529313742: Stop Loss Atingido no preço 44.313776
2025-07-26 17:27:46,381 - INFO - Analisando sinal 1143/1321 (ID: PEPE_SELL_SHORT_1753529314207)...
2025-07-26 17:27:46,398 - INFO -   -> Resultado para PEPE_SELL_SHORT_1753529314207: Alvo Atingido no preço 0.01249502
2025-07-26 17:27:46,398 - INFO - Analisando sinal 1144/1321 (ID: ENA_SELL_SHORT_1753529494698)...
2025-07-26 17:27:46,412 - INFO -   -> Resultado para ENA_SELL_SHORT_1753529494698: Alvo Atingido no preço 0.5701
2025-07-26 17:27:46,412 - INFO - Analisando sinal 1145/1321 (ID: HYPE_BUY_LONG_1753529495012)...
2025-07-26 17:27:46,424 - INFO -   -> Resultado para HYPE_BUY_LONG_1753529495012: Stop Loss Atingido no preço 44.316946
2025-07-26 17:27:46,424 - INFO - Analisando sinal 1146/1321 (ID: PEPE_SELL_SHORT_1753529495465)...
2025-07-26 17:27:46,442 - INFO -   -> Resultado para PEPE_SELL_SHORT_1753529495465: Alvo Atingido no preço 0.01249974
2025-07-26 17:27:46,443 - INFO - Analisando sinal 1147/1321 (ID: HYPE_BUY_LONG_1753529676144)...
2025-07-26 17:27:46,454 - INFO -   -> Resultado para HYPE_BUY_LONG_1753529676144: Stop Loss Atingido no preço 44.316946
2025-07-26 17:27:46,454 - INFO - Analisando sinal 1148/1321 (ID: PEPE_SELL_SHORT_1753529676631)...
2025-07-26 17:27:46,470 - INFO -   -> Resultado para PEPE_SELL_SHORT_1753529676631: Alvo Atingido no preço 0.01249974
2025-07-26 17:27:46,470 - INFO - Analisando sinal 1149/1321 (ID: HYPE_BUY_LONG_1753529857313)...
2025-07-26 17:27:46,481 - INFO -   -> Resultado para HYPE_BUY_LONG_1753529857313: Stop Loss Atingido no preço 44.316946
2025-07-26 17:27:46,482 - INFO - Analisando sinal 1150/1321 (ID: PEPE_SELL_SHORT_1753529857765)...
2025-07-26 17:27:46,499 - INFO -   -> Resultado para PEPE_SELL_SHORT_1753529857765: Alvo Atingido no preço 0.01249974
2025-07-26 17:27:46,500 - INFO - Analisando sinal 1151/1321 (ID: HYPE_BUY_LONG_1753530038468)...
2025-07-26 17:27:46,511 - INFO -   -> Resultado para HYPE_BUY_LONG_1753530038468: Stop Loss Atingido no preço 44.316946
2025-07-26 17:27:46,511 - INFO - Analisando sinal 1152/1321 (ID: PEPE_SELL_SHORT_1753530038925)...
2025-07-26 17:27:46,527 - INFO -   -> Resultado para PEPE_SELL_SHORT_1753530038925: Alvo Atingido no preço 0.01249974
2025-07-26 17:27:46,528 - INFO - Analisando sinal 1153/1321 (ID: HYPE_BUY_LONG_1753530219608)...
2025-07-26 17:27:46,538 - INFO -   -> Resultado para HYPE_BUY_LONG_1753530219608: Stop Loss Atingido no preço 44.316946
2025-07-26 17:27:46,539 - INFO - Analisando sinal 1154/1321 (ID: PEPE_SELL_SHORT_1753530220053)...
2025-07-26 17:27:46,559 - INFO -   -> Resultado para PEPE_SELL_SHORT_1753530220053: Alvo Atingido no preço 0.01249974
2025-07-26 17:27:46,559 - INFO - Analisando sinal 1155/1321 (ID: HYPE_BUY_LONG_1753530400725)...
2025-07-26 17:27:46,575 - INFO -   -> Resultado para HYPE_BUY_LONG_1753530400725: Stop Loss Atingido no preço 43.63549999999999
2025-07-26 17:27:46,575 - INFO - Analisando sinal 1156/1321 (ID: PEPE_SELL_SHORT_1753530401197)...
2025-07-26 17:27:46,592 - INFO -   -> Resultado para PEPE_SELL_SHORT_1753530401197: Alvo Atingido no preço 0.01248792
2025-07-26 17:27:46,592 - INFO - Analisando sinal 1157/1321 (ID: HYPE_BUY_LONG_1753530581875)...
2025-07-26 17:27:46,606 - INFO -   -> Resultado para HYPE_BUY_LONG_1753530581875: Stop Loss Atingido no preço 43.63549999999999
2025-07-26 17:27:46,606 - INFO - Analisando sinal 1158/1321 (ID: PEPE_SELL_SHORT_1753530582317)...
2025-07-26 17:27:46,623 - INFO -   -> Resultado para PEPE_SELL_SHORT_1753530582317: Alvo Atingido no preço 0.01248792
2025-07-26 17:27:46,624 - INFO - Analisando sinal 1159/1321 (ID: HYPE_BUY_LONG_1753530763000)...
2025-07-26 17:27:46,638 - INFO -   -> Resultado para HYPE_BUY_LONG_1753530763000: Stop Loss Atingido no preço 43.63549999999999
2025-07-26 17:27:46,638 - INFO - Analisando sinal 1160/1321 (ID: PEPE_SELL_SHORT_1753530763448)...
2025-07-26 17:27:46,655 - INFO -   -> Resultado para PEPE_SELL_SHORT_1753530763448: Alvo Atingido no preço 0.01248792
2025-07-26 17:27:46,655 - INFO - Analisando sinal 1161/1321 (ID: HYPE_BUY_LONG_1753530944135)...
2025-07-26 17:27:46,669 - INFO -   -> Resultado para HYPE_BUY_LONG_1753530944135: Stop Loss Atingido no preço 43.63549999999999
2025-07-26 17:27:46,669 - INFO - Analisando sinal 1162/1321 (ID: PEPE_SELL_SHORT_1753530944620)...
2025-07-26 17:27:46,686 - INFO -   -> Resultado para PEPE_SELL_SHORT_1753530944620: Alvo Atingido no preço 0.01248792
2025-07-26 17:27:46,686 - INFO - Analisando sinal 1163/1321 (ID: HYPE_BUY_LONG_1753531125309)...
2025-07-26 17:27:46,700 - INFO -   -> Resultado para HYPE_BUY_LONG_1753531125309: Stop Loss Atingido no preço 43.63549999999999
2025-07-26 17:27:46,700 - INFO - Analisando sinal 1164/1321 (ID: IMX_SELL_SHORT_1753531125502)...
2025-07-26 17:27:46,714 - INFO -   -> Resultado para IMX_SELL_SHORT_1753531125502: Stop Loss Atingido no preço 0.5765
2025-07-26 17:27:46,714 - INFO - Analisando sinal 1165/1321 (ID: PEPE_SELL_SHORT_1753531125781)...
2025-07-26 17:27:46,732 - INFO -   -> Resultado para PEPE_SELL_SHORT_1753531125781: Alvo Atingido no preço 0.01248792
2025-07-26 17:27:46,732 - INFO - Analisando sinal 1166/1321 (ID: HYPE_BUY_LONG_1753531306457)...
2025-07-26 17:27:46,743 - INFO -   -> Resultado para HYPE_BUY_LONG_1753531306457: Stop Loss Atingido no preço 44.299975
2025-07-26 17:27:46,743 - INFO - Analisando sinal 1167/1321 (ID: PEPE_SELL_SHORT_1753531306848)...
2025-07-26 17:27:46,759 - INFO -   -> Resultado para PEPE_SELL_SHORT_1753531306848: Alvo Atingido no preço 0.01247846
2025-07-26 17:27:46,759 - INFO - Analisando sinal 1168/1321 (ID: HYPE_BUY_LONG_1753531487531)...
2025-07-26 17:27:46,771 - INFO -   -> Resultado para HYPE_BUY_LONG_1753531487531: Stop Loss Atingido no preço 44.299975
2025-07-26 17:27:46,771 - INFO - Analisando sinal 1169/1321 (ID: PEPE_SELL_SHORT_1753531487930)...
2025-07-26 17:27:46,788 - INFO -   -> Resultado para PEPE_SELL_SHORT_1753531487930: Alvo Atingido no preço 0.01247846
2025-07-26 17:27:46,788 - INFO - Analisando sinal 1170/1321 (ID: HYPE_BUY_LONG_1753531668598)...
2025-07-26 17:27:46,799 - INFO -   -> Resultado para HYPE_BUY_LONG_1753531668598: Stop Loss Atingido no preço 44.299975
2025-07-26 17:27:46,799 - INFO - Analisando sinal 1171/1321 (ID: PEPE_SELL_SHORT_1753531669010)...
2025-07-26 17:27:46,817 - INFO -   -> Resultado para PEPE_SELL_SHORT_1753531669010: Alvo Atingido no preço 0.01247846
2025-07-26 17:27:46,817 - INFO - Analisando sinal 1172/1321 (ID: HYPE_BUY_LONG_1753531849694)...
2025-07-26 17:27:46,827 - INFO -   -> Resultado para HYPE_BUY_LONG_1753531849694: Stop Loss Atingido no preço 44.299975
2025-07-26 17:27:46,827 - INFO - Analisando sinal 1173/1321 (ID: PEPE_SELL_SHORT_1753531850089)...
2025-07-26 17:27:46,842 - INFO -   -> Resultado para PEPE_SELL_SHORT_1753531850089: Alvo Atingido no preço 0.01247846
2025-07-26 17:27:46,842 - INFO - Analisando sinal 1174/1321 (ID: HYPE_BUY_LONG_1753532030765)...
2025-07-26 17:27:46,853 - INFO -   -> Resultado para HYPE_BUY_LONG_1753532030765: Stop Loss Atingido no preço 44.299975
2025-07-26 17:27:46,853 - INFO - Analisando sinal 1175/1321 (ID: PEPE_SELL_SHORT_1753532031162)...
2025-07-26 17:27:46,869 - INFO -   -> Resultado para PEPE_SELL_SHORT_1753532031162: Alvo Atingido no preço 0.01247846
2025-07-26 17:27:46,869 - INFO - Analisando sinal 1176/1321 (ID: HYPE_BUY_LONG_1753532211890)...
2025-07-26 17:27:46,883 - INFO -   -> Resultado para HYPE_BUY_LONG_1753532211890: Stop Loss Atingido no preço 43.648305
2025-07-26 17:27:46,883 - INFO - Analisando sinal 1177/1321 (ID: PEPE_SELL_SHORT_1753532212343)...
2025-07-26 17:27:46,902 - INFO -   -> Resultado para PEPE_SELL_SHORT_1753532212343: Alvo Atingido no preço 0.01248384
2025-07-26 17:27:46,902 - INFO - Analisando sinal 1178/1321 (ID: HYPE_BUY_LONG_1753532393044)...
2025-07-26 17:27:46,918 - INFO -   -> Resultado para HYPE_BUY_LONG_1753532393044: Stop Loss Atingido no preço 43.648305
2025-07-26 17:27:46,918 - INFO - Analisando sinal 1179/1321 (ID: PEPE_SELL_SHORT_1753532393440)...
2025-07-26 17:27:46,936 - INFO -   -> Resultado para PEPE_SELL_SHORT_1753532393440: Alvo Atingido no preço 0.01248384
2025-07-26 17:27:46,937 - INFO - Analisando sinal 1180/1321 (ID: HYPE_BUY_LONG_1753532574118)...
2025-07-26 17:27:46,951 - INFO -   -> Resultado para HYPE_BUY_LONG_1753532574118: Stop Loss Atingido no preço 43.648305
2025-07-26 17:27:46,951 - INFO - Analisando sinal 1181/1321 (ID: PEPE_SELL_SHORT_1753532574521)...
2025-07-26 17:27:46,969 - INFO -   -> Resultado para PEPE_SELL_SHORT_1753532574521: Alvo Atingido no preço 0.01248384
2025-07-26 17:27:46,969 - INFO - Analisando sinal 1182/1321 (ID: HYPE_BUY_LONG_1753532755205)...
2025-07-26 17:27:46,984 - INFO -   -> Resultado para HYPE_BUY_LONG_1753532755205: Stop Loss Atingido no preço 43.648305
2025-07-26 17:27:46,985 - INFO - Analisando sinal 1183/1321 (ID: PEPE_SELL_SHORT_1753532755604)...
2025-07-26 17:27:47,002 - INFO -   -> Resultado para PEPE_SELL_SHORT_1753532755604: Alvo Atingido no preço 0.01248384
2025-07-26 17:27:47,003 - INFO - Analisando sinal 1184/1321 (ID: HYPE_BUY_LONG_1753532936273)...
2025-07-26 17:27:47,017 - INFO -   -> Resultado para HYPE_BUY_LONG_1753532936273: Stop Loss Atingido no preço 43.648305
2025-07-26 17:27:47,018 - INFO - Analisando sinal 1185/1321 (ID: PEPE_SELL_SHORT_1753532936664)...
2025-07-26 17:27:47,036 - INFO -   -> Resultado para PEPE_SELL_SHORT_1753532936664: Alvo Atingido no preço 0.01248384
2025-07-26 17:27:47,036 - INFO - Analisando sinal 1186/1321 (ID: HYPE_BUY_LONG_1753533117343)...
2025-07-26 17:27:47,049 - INFO -   -> Resultado para HYPE_BUY_LONG_1753533117343: Stop Loss Atingido no preço 44.341967
2025-07-26 17:27:47,049 - INFO - Analisando sinal 1187/1321 (ID: PEPE_SELL_SHORT_1753533117740)...
2025-07-26 17:27:47,067 - INFO -   -> Resultado para PEPE_SELL_SHORT_1753533117740: Alvo Atingido no preço 0.01246998
2025-07-26 17:27:47,067 - INFO - Analisando sinal 1188/1321 (ID: HYPE_BUY_LONG_1753533298423)...
2025-07-26 17:27:47,079 - INFO -   -> Resultado para HYPE_BUY_LONG_1753533298423: Stop Loss Atingido no preço 44.341967
2025-07-26 17:27:47,079 - INFO - Analisando sinal 1189/1321 (ID: PEPE_SELL_SHORT_1753533298818)...
2025-07-26 17:27:47,097 - INFO -   -> Resultado para PEPE_SELL_SHORT_1753533298818: Alvo Atingido no preço 0.01246998
2025-07-26 17:27:47,098 - INFO - Analisando sinal 1190/1321 (ID: HYPE_BUY_LONG_1753533479511)...
2025-07-26 17:27:47,111 - INFO -   -> Resultado para HYPE_BUY_LONG_1753533479511: Stop Loss Atingido no preço 44.341967
2025-07-26 17:27:47,111 - INFO - Analisando sinal 1191/1321 (ID: PEPE_SELL_SHORT_1753533479906)...
2025-07-26 17:27:47,130 - INFO -   -> Resultado para PEPE_SELL_SHORT_1753533479906: Alvo Atingido no preço 0.01246998
2025-07-26 17:27:47,130 - INFO - Analisando sinal 1192/1321 (ID: HYPE_BUY_LONG_1753533660587)...
2025-07-26 17:27:47,144 - INFO -   -> Resultado para HYPE_BUY_LONG_1753533660587: Stop Loss Atingido no preço 44.341967
2025-07-26 17:27:47,144 - INFO - Analisando sinal 1193/1321 (ID: PEPE_SELL_SHORT_1753533660992)...
2025-07-26 17:27:47,162 - INFO -   -> Resultado para PEPE_SELL_SHORT_1753533660992: Alvo Atingido no preço 0.01246998
2025-07-26 17:27:47,163 - INFO - Analisando sinal 1194/1321 (ID: HYPE_BUY_LONG_1753533841663)...
2025-07-26 17:27:47,176 - INFO -   -> Resultado para HYPE_BUY_LONG_1753533841663: Stop Loss Atingido no preço 44.341967
2025-07-26 17:27:47,177 - INFO - Analisando sinal 1195/1321 (ID: PEPE_SELL_SHORT_1753533842063)...
2025-07-26 17:27:47,194 - INFO -   -> Resultado para PEPE_SELL_SHORT_1753533842063: Alvo Atingido no preço 0.01246998
2025-07-26 17:27:47,194 - INFO - Analisando sinal 1196/1321 (ID: HYPE_BUY_LONG_1753534022737)...
2025-07-26 17:27:47,207 - INFO -   -> Resultado para HYPE_BUY_LONG_1753534022737: Stop Loss Atingido no preço 44.333844
2025-07-26 17:27:47,207 - INFO - Analisando sinal 1197/1321 (ID: PEPE_SELL_SHORT_1753534023127)...
2025-07-26 17:27:47,225 - INFO -   -> Resultado para PEPE_SELL_SHORT_1753534023127: Alvo Atingido no preço 0.01247495
2025-07-26 17:27:47,225 - INFO - Analisando sinal 1198/1321 (ID: HYPE_BUY_LONG_1753534203795)...
2025-07-26 17:27:47,237 - INFO -   -> Resultado para HYPE_BUY_LONG_1753534203795: Stop Loss Atingido no preço 44.333844
2025-07-26 17:27:47,237 - INFO - Analisando sinal 1199/1321 (ID: PEPE_SELL_SHORT_1753534204197)...
2025-07-26 17:27:47,256 - INFO -   -> Resultado para PEPE_SELL_SHORT_1753534204197: Alvo Atingido no preço 0.01247495
2025-07-26 17:27:47,256 - INFO - Analisando sinal 1200/1321 (ID: HYPE_BUY_LONG_1753534384894)...
2025-07-26 17:27:47,270 - INFO -   -> Resultado para HYPE_BUY_LONG_1753534384894: Stop Loss Atingido no preço 44.333844
2025-07-26 17:27:47,270 - INFO - Analisando sinal 1201/1321 (ID: PEPE_SELL_SHORT_1753534385286)...
2025-07-26 17:27:47,287 - INFO -   -> Resultado para PEPE_SELL_SHORT_1753534385286: Alvo Atingido no preço 0.01247495
2025-07-26 17:27:47,288 - INFO - Analisando sinal 1202/1321 (ID: HYPE_BUY_LONG_1753534565972)...
2025-07-26 17:27:47,300 - INFO -   -> Resultado para HYPE_BUY_LONG_1753534565972: Stop Loss Atingido no preço 44.333844
2025-07-26 17:27:47,300 - INFO - Analisando sinal 1203/1321 (ID: PEPE_SELL_SHORT_1753534566375)...
2025-07-26 17:27:47,318 - INFO -   -> Resultado para PEPE_SELL_SHORT_1753534566375: Alvo Atingido no preço 0.01247495
2025-07-26 17:27:47,318 - INFO - Analisando sinal 1204/1321 (ID: HYPE_BUY_LONG_1753534747066)...
2025-07-26 17:27:47,330 - INFO -   -> Resultado para HYPE_BUY_LONG_1753534747066: Stop Loss Atingido no preço 44.333844
2025-07-26 17:27:47,331 - INFO - Analisando sinal 1205/1321 (ID: PEPE_SELL_SHORT_1753534747456)...
2025-07-26 17:27:47,349 - INFO -   -> Resultado para PEPE_SELL_SHORT_1753534747456: Alvo Atingido no preço 0.01247495
2025-07-26 17:27:47,350 - INFO - Analisando sinal 1206/1321 (ID: HYPE_BUY_LONG_1753534928150)...
2025-07-26 17:27:47,361 - INFO -   -> Resultado para HYPE_BUY_LONG_1753534928150: Stop Loss Atingido no preço 44.339097
2025-07-26 17:27:47,361 - INFO - Analisando sinal 1207/1321 (ID: HYPE_BUY_LONG_1753535109362)...
2025-07-26 17:27:47,373 - INFO -   -> Resultado para HYPE_BUY_LONG_1753535109362: Stop Loss Atingido no preço 44.339097
2025-07-26 17:27:47,373 - INFO - Analisando sinal 1208/1321 (ID: HYPE_BUY_LONG_1753535290416)...
2025-07-26 17:27:47,385 - INFO -   -> Resultado para HYPE_BUY_LONG_1753535290416: Stop Loss Atingido no preço 44.339097
2025-07-26 17:27:47,385 - INFO - Analisando sinal 1209/1321 (ID: HYPE_BUY_LONG_1753535471465)...
2025-07-26 17:27:47,396 - INFO -   -> Resultado para HYPE_BUY_LONG_1753535471465: Stop Loss Atingido no preço 44.339097
2025-07-26 17:27:47,397 - INFO - Analisando sinal 1210/1321 (ID: HYPE_BUY_LONG_1753535652496)...
2025-07-26 17:27:47,409 - INFO -   -> Resultado para HYPE_BUY_LONG_1753535652496: Stop Loss Atingido no preço 44.339097
2025-07-26 17:27:47,409 - INFO - Analisando sinal 1211/1321 (ID: HYPE_BUY_LONG_1753535833527)...
2025-07-26 17:27:47,422 - INFO -   -> Resultado para HYPE_BUY_LONG_1753535833527: Stop Loss Atingido no preço 44.342154
2025-07-26 17:27:47,422 - INFO - Analisando sinal 1212/1321 (ID: PEPE_SELL_SHORT_1753535833921)...
2025-07-26 17:27:47,439 - INFO -   -> Resultado para PEPE_SELL_SHORT_1753535833921: Alvo Atingido no preço 0.01248939
2025-07-26 17:27:47,439 - INFO - Analisando sinal 1213/1321 (ID: HYPE_BUY_LONG_1753536014596)...
2025-07-26 17:27:47,452 - INFO -   -> Resultado para HYPE_BUY_LONG_1753536014596: Stop Loss Atingido no preço 44.342154
2025-07-26 17:27:47,452 - INFO - Analisando sinal 1214/1321 (ID: PEPE_SELL_SHORT_1753536014987)...
2025-07-26 17:27:47,470 - INFO -   -> Resultado para PEPE_SELL_SHORT_1753536014987: Alvo Atingido no preço 0.01248939
2025-07-26 17:27:47,470 - INFO - Analisando sinal 1215/1321 (ID: HYPE_BUY_LONG_1753536195665)...
2025-07-26 17:27:47,482 - INFO -   -> Resultado para HYPE_BUY_LONG_1753536195665: Stop Loss Atingido no preço 44.342154
2025-07-26 17:27:47,482 - INFO - Analisando sinal 1216/1321 (ID: PEPE_SELL_SHORT_1753536196059)...
2025-07-26 17:27:47,501 - INFO -   -> Resultado para PEPE_SELL_SHORT_1753536196059: Alvo Atingido no preço 0.01248939
2025-07-26 17:27:47,501 - INFO - Analisando sinal 1217/1321 (ID: HYPE_BUY_LONG_1753536376755)...
2025-07-26 17:27:47,519 - INFO -   -> Resultado para HYPE_BUY_LONG_1753536376755: Stop Loss Atingido no preço 44.342154
2025-07-26 17:27:47,519 - INFO - Analisando sinal 1218/1321 (ID: PEPE_SELL_SHORT_1753536377147)...
2025-07-26 17:27:47,538 - INFO -   -> Resultado para PEPE_SELL_SHORT_1753536377147: Alvo Atingido no preço 0.01248939
2025-07-26 17:27:47,539 - INFO - Analisando sinal 1219/1321 (ID: HYPE_BUY_LONG_1753536557831)...
2025-07-26 17:27:47,551 - INFO -   -> Resultado para HYPE_BUY_LONG_1753536557831: Stop Loss Atingido no preço 44.342154
2025-07-26 17:27:47,551 - INFO - Analisando sinal 1220/1321 (ID: PEPE_SELL_SHORT_1753536558233)...
2025-07-26 17:27:47,569 - INFO -   -> Resultado para PEPE_SELL_SHORT_1753536558233: Alvo Atingido no preço 0.01248939
2025-07-26 17:27:47,569 - INFO - Analisando sinal 1221/1321 (ID: HYPE_BUY_LONG_1753536738902)...
2025-07-26 17:27:47,580 - INFO -   -> Resultado para HYPE_BUY_LONG_1753536738902: Stop Loss Atingido no preço 44.335046
2025-07-26 17:27:47,580 - INFO - Analisando sinal 1222/1321 (ID: PEPE_SELL_SHORT_1753536739308)...
2025-07-26 17:27:47,597 - INFO -   -> Resultado para PEPE_SELL_SHORT_1753536739308: Alvo Atingido no preço 0.01252503
2025-07-26 17:27:47,597 - INFO - Analisando sinal 1223/1321 (ID: HYPE_BUY_LONG_1753536919977)...
2025-07-26 17:27:47,608 - INFO -   -> Resultado para HYPE_BUY_LONG_1753536919977: Stop Loss Atingido no preço 44.335046
2025-07-26 17:27:47,609 - INFO - Analisando sinal 1224/1321 (ID: PEPE_SELL_SHORT_1753536920391)...
2025-07-26 17:27:47,625 - INFO -   -> Resultado para PEPE_SELL_SHORT_1753536920391: Alvo Atingido no preço 0.01252503
2025-07-26 17:27:47,625 - INFO - Analisando sinal 1225/1321 (ID: HYPE_BUY_LONG_1753537101088)...
2025-07-26 17:27:47,638 - INFO -   -> Resultado para HYPE_BUY_LONG_1753537101088: Stop Loss Atingido no preço 44.335046
2025-07-26 17:27:47,638 - INFO - Analisando sinal 1226/1321 (ID: PEPE_SELL_SHORT_1753537101496)...
2025-07-26 17:27:47,654 - INFO -   -> Resultado para PEPE_SELL_SHORT_1753537101496: Alvo Atingido no preço 0.01252503
2025-07-26 17:27:47,654 - INFO - Analisando sinal 1227/1321 (ID: HYPE_BUY_LONG_1753537282185)...
2025-07-26 17:27:47,666 - INFO -   -> Resultado para HYPE_BUY_LONG_1753537282185: Stop Loss Atingido no preço 44.335046
2025-07-26 17:27:47,666 - INFO - Analisando sinal 1228/1321 (ID: PEPE_SELL_SHORT_1753537282585)...
2025-07-26 17:27:47,684 - INFO -   -> Resultado para PEPE_SELL_SHORT_1753537282585: Alvo Atingido no preço 0.01252503
2025-07-26 17:27:47,684 - INFO - Analisando sinal 1229/1321 (ID: HYPE_BUY_LONG_1753537463266)...
2025-07-26 17:27:47,696 - INFO -   -> Resultado para HYPE_BUY_LONG_1753537463266: Stop Loss Atingido no preço 44.335046
2025-07-26 17:27:47,696 - INFO - Analisando sinal 1230/1321 (ID: PEPE_SELL_SHORT_1753537463656)...
2025-07-26 17:27:47,714 - INFO -   -> Resultado para PEPE_SELL_SHORT_1753537463656: Alvo Atingido no preço 0.01252503
2025-07-26 17:27:47,714 - INFO - Analisando sinal 1231/1321 (ID: HYPE_BUY_LONG_1753537644373)...
2025-07-26 17:27:47,728 - INFO -   -> Resultado para HYPE_BUY_LONG_1753537644373: Stop Loss Atingido no preço 44.337669
2025-07-26 17:27:47,728 - INFO - Analisando sinal 1232/1321 (ID: PEPE_SELL_SHORT_1753537644794)...
2025-07-26 17:27:47,755 - INFO -   -> Resultado para PEPE_SELL_SHORT_1753537644794: Alvo Atingido no preço 0.0125317
2025-07-26 17:27:47,755 - INFO - Analisando sinal 1233/1321 (ID: HYPE_BUY_LONG_1753537825462)...
2025-07-26 17:27:47,772 - INFO -   -> Resultado para HYPE_BUY_LONG_1753537825462: Stop Loss Atingido no preço 44.337669
2025-07-26 17:27:47,772 - INFO - Analisando sinal 1234/1321 (ID: PEPE_SELL_SHORT_1753537825852)...
2025-07-26 17:27:47,788 - INFO -   -> Resultado para PEPE_SELL_SHORT_1753537825852: Alvo Atingido no preço 0.0125317
2025-07-26 17:27:47,788 - INFO - Analisando sinal 1235/1321 (ID: HYPE_BUY_LONG_1753538006519)...
2025-07-26 17:27:47,799 - INFO -   -> Resultado para HYPE_BUY_LONG_1753538006519: Stop Loss Atingido no preço 44.337669
2025-07-26 17:27:47,800 - INFO - Analisando sinal 1236/1321 (ID: PEPE_SELL_SHORT_1753538006902)...
2025-07-26 17:27:47,815 - INFO -   -> Resultado para PEPE_SELL_SHORT_1753538006902: Alvo Atingido no preço 0.0125317
2025-07-26 17:27:47,815 - INFO - Analisando sinal 1237/1321 (ID: HYPE_BUY_LONG_1753538187579)...
2025-07-26 17:27:47,830 - INFO -   -> Resultado para HYPE_BUY_LONG_1753538187579: Stop Loss Atingido no preço 44.337669
2025-07-26 17:27:47,830 - INFO - Analisando sinal 1238/1321 (ID: PEPE_SELL_SHORT_1753538187976)...
2025-07-26 17:27:47,848 - INFO -   -> Resultado para PEPE_SELL_SHORT_1753538187976: Alvo Atingido no preço 0.0125317
2025-07-26 17:27:47,848 - INFO - Analisando sinal 1239/1321 (ID: HYPE_BUY_LONG_1753538368643)...
2025-07-26 17:27:47,860 - INFO -   -> Resultado para HYPE_BUY_LONG_1753538368643: Stop Loss Atingido no preço 44.337669
2025-07-26 17:27:47,860 - INFO - Analisando sinal 1240/1321 (ID: PEPE_SELL_SHORT_1753538369055)...
2025-07-26 17:27:47,876 - INFO -   -> Resultado para PEPE_SELL_SHORT_1753538369055: Alvo Atingido no preço 0.0125317
2025-07-26 17:27:47,876 - INFO - Analisando sinal 1241/1321 (ID: HYPE_BUY_LONG_1753538549725)...
2025-07-26 17:27:47,888 - INFO -   -> Resultado para HYPE_BUY_LONG_1753538549725: Stop Loss Atingido no preço 44.339867
2025-07-26 17:27:47,888 - INFO - Analisando sinal 1242/1321 (ID: PEPE_SELL_SHORT_1753538550124)...
2025-07-26 17:27:47,904 - INFO -   -> Resultado para PEPE_SELL_SHORT_1753538550124: Alvo Atingido no preço 0.01253153
2025-07-26 17:27:47,904 - INFO - Analisando sinal 1243/1321 (ID: HYPE_BUY_LONG_1753538730796)...
2025-07-26 17:27:47,916 - INFO -   -> Resultado para HYPE_BUY_LONG_1753538730796: Stop Loss Atingido no preço 44.339867
2025-07-26 17:27:47,916 - INFO - Analisando sinal 1244/1321 (ID: PEPE_SELL_SHORT_1753538731190)...
2025-07-26 17:27:47,931 - INFO -   -> Resultado para PEPE_SELL_SHORT_1753538731190: Alvo Atingido no preço 0.01253153
2025-07-26 17:27:47,931 - INFO - Analisando sinal 1245/1321 (ID: HYPE_BUY_LONG_1753538911859)...
2025-07-26 17:27:47,942 - INFO -   -> Resultado para HYPE_BUY_LONG_1753538911859: Stop Loss Atingido no preço 44.339867
2025-07-26 17:27:47,942 - INFO - Analisando sinal 1246/1321 (ID: PEPE_SELL_SHORT_1753538912248)...
2025-07-26 17:27:47,959 - INFO -   -> Resultado para PEPE_SELL_SHORT_1753538912248: Alvo Atingido no preço 0.01253153
2025-07-26 17:27:47,959 - INFO - Analisando sinal 1247/1321 (ID: HYPE_BUY_LONG_1753539092908)...
2025-07-26 17:27:47,971 - INFO -   -> Resultado para HYPE_BUY_LONG_1753539092908: Stop Loss Atingido no preço 44.339867
2025-07-26 17:27:47,971 - INFO - Analisando sinal 1248/1321 (ID: PEPE_SELL_SHORT_1753539093296)...
2025-07-26 17:27:47,988 - INFO -   -> Resultado para PEPE_SELL_SHORT_1753539093296: Alvo Atingido no preço 0.01253153
2025-07-26 17:27:47,988 - INFO - Analisando sinal 1249/1321 (ID: HYPE_BUY_LONG_1753539273989)...
2025-07-26 17:27:48,000 - INFO -   -> Resultado para HYPE_BUY_LONG_1753539273989: Stop Loss Atingido no preço 44.339867
2025-07-26 17:27:48,000 - INFO - Analisando sinal 1250/1321 (ID: PEPE_SELL_SHORT_1753539274397)...
2025-07-26 17:27:48,016 - INFO -   -> Resultado para PEPE_SELL_SHORT_1753539274397: Alvo Atingido no preço 0.01253153
2025-07-26 17:27:48,016 - INFO - Analisando sinal 1251/1321 (ID: HYPE_BUY_LONG_1753539455069)...
2025-07-26 17:27:48,027 - INFO -   -> Resultado para HYPE_BUY_LONG_1753539455069: Stop Loss Atingido no preço 44.329842
2025-07-26 17:27:48,027 - INFO - Analisando sinal 1252/1321 (ID: PEPE_SELL_SHORT_1753539455454)...
2025-07-26 17:27:48,042 - INFO -   -> Resultado para PEPE_SELL_SHORT_1753539455454: Alvo Atingido no preço 0.01251937
2025-07-26 17:27:48,042 - INFO - Analisando sinal 1253/1321 (ID: HYPE_BUY_LONG_1753539636129)...
2025-07-26 17:27:48,052 - INFO -   -> Resultado para HYPE_BUY_LONG_1753539636129: Stop Loss Atingido no preço 44.329842
2025-07-26 17:27:48,053 - INFO - Analisando sinal 1254/1321 (ID: PEPE_SELL_SHORT_1753539636532)...
2025-07-26 17:27:48,067 - INFO -   -> Resultado para PEPE_SELL_SHORT_1753539636532: Alvo Atingido no preço 0.01251937
2025-07-26 17:27:48,067 - INFO - Analisando sinal 1255/1321 (ID: HYPE_BUY_LONG_1753539817196)...
2025-07-26 17:27:48,078 - INFO -   -> Resultado para HYPE_BUY_LONG_1753539817196: Stop Loss Atingido no preço 44.329842
2025-07-26 17:27:48,078 - INFO - Analisando sinal 1256/1321 (ID: PEPE_SELL_SHORT_1753539817585)...
2025-07-26 17:27:48,094 - INFO -   -> Resultado para PEPE_SELL_SHORT_1753539817585: Alvo Atingido no preço 0.01251937
2025-07-26 17:27:48,094 - INFO - Analisando sinal 1257/1321 (ID: BNB_BUY_LONG_1753540826662)...
2025-07-26 17:27:48,110 - INFO -   -> Resultado para BNB_BUY_LONG_1753540826662: Stop Loss Atingido no preço 780.18
2025-07-26 17:27:48,110 - INFO - Analisando sinal 1258/1321 (ID: BTC_SELL_SHORT_1753540826882)...
2025-07-26 17:27:48,127 - INFO -   -> Resultado para BTC_SELL_SHORT_1753540826882: Stop Loss Atingido no preço 118280.2
2025-07-26 17:27:48,128 - INFO - Analisando sinal 1259/1321 (ID: ENA_BUY_LONG_1753540827110)...
2025-07-26 17:27:48,142 - INFO -   -> Resultado para ENA_BUY_LONG_1753540827110: Stop Loss Atingido no preço 0.5649
2025-07-26 17:27:48,142 - INFO - Analisando sinal 1260/1321 (ID: ETH_BUY_LONG_1753540827328)...
2025-07-26 17:27:48,157 - INFO -   -> Resultado para ETH_BUY_LONG_1753540827328: Stop Loss Atingido no preço 3720.57
2025-07-26 17:27:48,157 - INFO - Analisando sinal 1261/1321 (ID: HYPE_BUY_LONG_1753540827543)...
2025-07-26 17:27:48,169 - INFO -   -> Resultado para HYPE_BUY_LONG_1753540827543: Stop Loss Atingido no preço 43.646335
2025-07-26 17:27:48,169 - INFO - Analisando sinal 1262/1321 (ID: NEAR_SELL_SHORT_1753540827896)...
2025-07-26 17:27:48,184 - INFO -   -> Resultado para NEAR_SELL_SHORT_1753540827896: Stop Loss Atingido no preço 2.894
2025-07-26 17:27:48,184 - INFO - Analisando sinal 1263/1321 (ID: IMX_BUY_LONG_1753541190010)...
2025-07-26 17:27:48,203 - INFO -   -> Resultado para IMX_BUY_LONG_1753541190010: Nenhum resultado no preço None
2025-07-26 17:27:48,203 - INFO - Analisando sinal 1264/1321 (ID: BNB_BUY_LONG_1753542936269)...
2025-07-26 17:27:48,219 - INFO -   -> Resultado para BNB_BUY_LONG_1753542936269: Stop Loss Atingido no preço 780.18
2025-07-26 17:27:48,219 - INFO - Analisando sinal 1265/1321 (ID: BTC_SELL_SHORT_1753542936332)...
2025-07-26 17:27:48,236 - INFO -   -> Resultado para BTC_SELL_SHORT_1753542936332: Stop Loss Atingido no preço 118295.47
2025-07-26 17:27:48,237 - INFO - Analisando sinal 1266/1321 (ID: ENA_BUY_LONG_1753542936416)...
2025-07-26 17:27:48,251 - INFO -   -> Resultado para ENA_BUY_LONG_1753542936416: Stop Loss Atingido no preço 0.5560325
2025-07-26 17:27:48,251 - INFO - Analisando sinal 1267/1321 (ID: ETH_BUY_LONG_1753542936486)...
2025-07-26 17:27:48,265 - INFO -   -> Resultado para ETH_BUY_LONG_1753542936486: Stop Loss Atingido no preço 3719.51
2025-07-26 17:27:48,266 - INFO - Analisando sinal 1268/1321 (ID: HYPE_BUY_LONG_1753542936591)...
2025-07-26 17:27:48,277 - INFO -   -> Resultado para HYPE_BUY_LONG_1753542936591: Stop Loss Atingido no preço 43.55276
2025-07-26 17:27:48,277 - INFO - Analisando sinal 1269/1321 (ID: NEAR_SELL_SHORT_1753542936673)...
2025-07-26 17:27:48,292 - INFO -   -> Resultado para NEAR_SELL_SHORT_1753542936673: Stop Loss Atingido no preço 2.895
2025-07-26 17:27:48,292 - INFO - Analisando sinal 1270/1321 (ID: BNB_BUY_LONG_1753548335773)...
2025-07-26 17:27:48,309 - INFO -   -> Resultado para BNB_BUY_LONG_1753548335773: Alvo Atingido no preço 783.44
2025-07-26 17:27:48,309 - INFO - Analisando sinal 1271/1321 (ID: BTC_SELL_SHORT_1753548335831)...
2025-07-26 17:27:48,327 - INFO -   -> Resultado para BTC_SELL_SHORT_1753548335831: Nenhum resultado no preço None
2025-07-26 17:27:48,327 - INFO - Analisando sinal 1272/1321 (ID: ENA_BUY_LONG_1753548335887)...
2025-07-26 17:27:48,343 - INFO -   -> Resultado para ENA_BUY_LONG_1753548335887: Alvo Atingido no preço 0.5835
2025-07-26 17:27:48,343 - INFO - Analisando sinal 1273/1321 (ID: HYPE_BUY_LONG_1753548335967)...
2025-07-26 17:27:48,356 - INFO -   -> Resultado para HYPE_BUY_LONG_1753548335967: Nenhum resultado no preço None
2025-07-26 17:27:48,356 - INFO - Analisando sinal 1274/1321 (ID: IMX_BUY_LONG_1753548336022)...
2025-07-26 17:27:48,371 - INFO -   -> Resultado para IMX_BUY_LONG_1753548336022: Stop Loss Atingido no preço 0.5672
2025-07-26 17:27:48,371 - INFO - Analisando sinal 1275/1321 (ID: NEAR_SELL_SHORT_1753548336077)...
2025-07-26 17:27:48,386 - INFO -   -> Resultado para NEAR_SELL_SHORT_1753548336077: Alvo Atingido no preço 2.859
2025-07-26 17:27:48,386 - INFO - Analisando sinal 1276/1321 (ID: BNB_BUY_LONG_1753550137441)...
2025-07-26 17:27:48,401 - INFO -   -> Resultado para BNB_BUY_LONG_1753550137441: Alvo Atingido no preço 783.44
2025-07-26 17:27:48,401 - INFO - Analisando sinal 1277/1321 (ID: BTC_SELL_SHORT_1753550137503)...
2025-07-26 17:27:48,418 - INFO -   -> Resultado para BTC_SELL_SHORT_1753550137503: Nenhum resultado no preço None
2025-07-26 17:27:48,418 - INFO - Analisando sinal 1278/1321 (ID: ENA_BUY_LONG_1753550137564)...
2025-07-26 17:27:48,433 - INFO -   -> Resultado para ENA_BUY_LONG_1753550137564: Alvo Atingido no preço 0.57477
2025-07-26 17:27:48,433 - INFO - Analisando sinal 1279/1321 (ID: ETH_BUY_LONG_1753550137623)...
2025-07-26 17:27:48,447 - INFO -   -> Resultado para ETH_BUY_LONG_1753550137623: Alvo Atingido no preço 3735.63
2025-07-26 17:27:48,448 - INFO - Analisando sinal 1280/1321 (ID: HYPE_BUY_LONG_1753550137707)...
2025-07-26 17:27:48,459 - INFO -   -> Resultado para HYPE_BUY_LONG_1753550137707: Nenhum resultado no preço None
2025-07-26 17:27:48,460 - INFO - Analisando sinal 1281/1321 (ID: IMX_BUY_LONG_1753550137770)...
2025-07-26 17:27:48,472 - INFO -   -> Resultado para IMX_BUY_LONG_1753550137770: Stop Loss Atingido no preço 0.5672
2025-07-26 17:27:48,472 - INFO - Analisando sinal 1282/1321 (ID: NEAR_SELL_SHORT_1753550137821)...
2025-07-26 17:27:48,486 - INFO -   -> Resultado para NEAR_SELL_SHORT_1753550137821: Stop Loss Atingido no preço 2.901
2025-07-26 17:27:48,487 - INFO - Analisando sinal 1283/1321 (ID: BNB_BUY_LONG_1753551938335)...
2025-07-26 17:27:48,503 - INFO -   -> Resultado para BNB_BUY_LONG_1753551938335: Alvo Atingido no preço 783.44
2025-07-26 17:27:48,503 - INFO - Analisando sinal 1284/1321 (ID: BTC_SELL_SHORT_1753551938390)...
2025-07-26 17:27:48,520 - INFO -   -> Resultado para BTC_SELL_SHORT_1753551938390: Nenhum resultado no preço None
2025-07-26 17:27:48,520 - INFO - Analisando sinal 1285/1321 (ID: BTC_SELL_SHORT_1753551938390)...
2025-07-26 17:27:48,536 - INFO -   -> Resultado para BTC_SELL_SHORT_1753551938390: Nenhum resultado no preço None
2025-07-26 17:27:48,537 - INFO - Analisando sinal 1286/1321 (ID: ENA_BUY_LONG_1753551938464)...
2025-07-26 17:27:48,554 - INFO -   -> Resultado para ENA_BUY_LONG_1753551938464: Stop Loss Atingido no preço 0.5677
2025-07-26 17:27:48,554 - INFO - Analisando sinal 1287/1321 (ID: ENA_BUY_LONG_1753551938464)...
2025-07-26 17:27:48,573 - INFO -   -> Resultado para ENA_BUY_LONG_1753551938464: Stop Loss Atingido no preço 0.5677
2025-07-26 17:27:48,573 - INFO - Analisando sinal 1288/1321 (ID: ETH_BUY_LONG_1753551938574)...
2025-07-26 17:27:48,590 - INFO -   -> Resultado para ETH_BUY_LONG_1753551938574: Alvo Atingido no preço 3735.63
2025-07-26 17:27:48,590 - INFO - Analisando sinal 1289/1321 (ID: HYPE_BUY_LONG_1753551938669)...
2025-07-26 17:27:48,603 - INFO -   -> Resultado para HYPE_BUY_LONG_1753551938669: Nenhum resultado no preço None
2025-07-26 17:27:48,603 - INFO - Analisando sinal 1290/1321 (ID: HYPE_BUY_LONG_1753551938669)...
2025-07-26 17:27:48,615 - INFO -   -> Resultado para HYPE_BUY_LONG_1753551938669: Nenhum resultado no preço None
2025-07-26 17:27:48,615 - INFO - Analisando sinal 1291/1321 (ID: IMX_BUY_LONG_1753551938772)...
2025-07-26 17:27:48,630 - INFO -   -> Resultado para IMX_BUY_LONG_1753551938772: Alvo Atingido no preço 0.5746
2025-07-26 17:27:48,630 - INFO - Analisando sinal 1292/1321 (ID: IMX_BUY_LONG_1753551938772)...
2025-07-26 17:27:48,645 - INFO -   -> Resultado para IMX_BUY_LONG_1753551938772: Alvo Atingido no preço 0.5746
2025-07-26 17:27:48,645 - INFO - Analisando sinal 1293/1321 (ID: NEAR_SELL_SHORT_1753551938885)...
2025-07-26 17:27:48,659 - INFO -   -> Resultado para NEAR_SELL_SHORT_1753551938885: Stop Loss Atingido no preço 2.901
2025-07-26 17:27:48,659 - INFO - Analisando sinal 1294/1321 (ID: NEAR_SELL_SHORT_1753551938885)...
2025-07-26 17:27:48,673 - INFO -   -> Resultado para NEAR_SELL_SHORT_1753551938885: Stop Loss Atingido no preço 2.901
2025-07-26 17:27:48,673 - INFO - Analisando sinal 1295/1321 (ID: PEPE_BUY_LONG_1753554637778)...
2025-07-26 17:27:48,688 - INFO -   -> Resultado para PEPE_BUY_LONG_1753554637778: Alvo Atingido no preço 0.0125867
2025-07-26 17:27:48,688 - INFO - Analisando sinal 1296/1321 (ID: BNB_SELL_SHORT_1753556137912)...
2025-07-26 17:27:48,702 - INFO -   -> Resultado para BNB_SELL_SHORT_1753556137912: Alvo Atingido no preço 780.27
2025-07-26 17:27:48,702 - INFO - Analisando sinal 1297/1321 (ID: BTC_SELL_SHORT_1753556138042)...
2025-07-26 17:27:48,716 - INFO -   -> Resultado para BTC_SELL_SHORT_1753556138042: Alvo Atingido no preço 117971.6
2025-07-26 17:27:48,716 - INFO - Analisando sinal 1298/1321 (ID: ETH_SELL_SHORT_1753556138217)...
2025-07-26 17:27:48,730 - INFO -   -> Resultado para ETH_SELL_SHORT_1753556138217: Alvo Atingido no preço 3718.03
2025-07-26 17:27:48,730 - INFO - Analisando sinal 1299/1321 (ID: HYPE_SELL_SHORT_1753556138348)...
2025-07-26 17:27:48,740 - INFO -   -> Resultado para HYPE_SELL_SHORT_1753556138348: Alvo Atingido no preço 43.702
2025-07-26 17:27:48,740 - INFO - Analisando sinal 1300/1321 (ID: IMX_BUY_LONG_1753556138455)...
2025-07-26 17:27:48,755 - INFO -   -> Resultado para IMX_BUY_LONG_1753556138455: Nenhum resultado no preço None
2025-07-26 17:27:48,755 - INFO - Analisando sinal 1301/1321 (ID: PEPE_SELL_SHORT_1753556138618)...
2025-07-26 17:27:48,768 - INFO -   -> Resultado para PEPE_SELL_SHORT_1753556138618: Alvo Atingido no preço 0.01248635
2025-07-26 17:27:48,769 - INFO - Analisando sinal 1302/1321 (ID: ENA_BUY_LONG_1753556438633)...
2025-07-26 17:27:48,781 - INFO -   -> Resultado para ENA_BUY_LONG_1753556438633: Alvo Atingido no preço 0.593166
2025-07-26 17:27:48,781 - INFO - Analisando sinal 1303/1321 (ID: ENA_BUY_LONG_1753556438633)...
2025-07-26 17:27:48,794 - INFO -   -> Resultado para ENA_BUY_LONG_1753556438633: Alvo Atingido no preço 0.593166
2025-07-26 17:27:48,794 - INFO - Analisando sinal 1304/1321 (ID: NEAR_BUY_LONG_1753556438869)...
2025-07-26 17:27:48,808 - INFO -   -> Resultado para NEAR_BUY_LONG_1753556438869: Nenhum resultado no preço None
2025-07-26 17:27:48,808 - INFO - Analisando sinal 1305/1321 (ID: NEAR_BUY_LONG_1753556438869)...
2025-07-26 17:27:48,822 - INFO -   -> Resultado para NEAR_BUY_LONG_1753556438869: Nenhum resultado no preço None
2025-07-26 17:27:48,823 - INFO - Analisando sinal 1306/1321 (ID: PEPE_SELL_SHORT_1753557037493)...
2025-07-26 17:27:48,836 - INFO -   -> Resultado para PEPE_SELL_SHORT_1753557037493: Stop Loss Atingido no preço 0.01264899
2025-07-26 17:27:48,836 - INFO - Analisando sinal 1307/1321 (ID: ENA_BUY_LONG_1753557337450)...
2025-07-26 17:27:48,850 - INFO -   -> Resultado para ENA_BUY_LONG_1753557337450: Nenhum resultado no preço None
2025-07-26 17:27:48,851 - INFO - Analisando sinal 1308/1321 (ID: ENA_BUY_LONG_1753557337450)...
2025-07-26 17:27:48,865 - INFO -   -> Resultado para ENA_BUY_LONG_1753557337450: Nenhum resultado no preço None
2025-07-26 17:27:48,865 - INFO - Analisando sinal 1309/1321 (ID: PEPE_SELL_SHORT_1753559137103)...
2025-07-26 17:27:48,879 - INFO -   -> Resultado para PEPE_SELL_SHORT_1753559137103: Nenhum resultado no preço None
2025-07-26 17:27:48,879 - INFO - Analisando sinal 1310/1321 (ID: HYPE_SELL_SHORT_1753559737620)...
2025-07-26 17:27:48,889 - INFO -   -> Resultado para HYPE_SELL_SHORT_1753559737620: Alvo Atingido no preço 43.77
2025-07-26 17:27:48,889 - INFO - Analisando sinal 1311/1321 (ID: HYPE_SELL_SHORT_1753559737620)...
2025-07-26 17:27:48,899 - INFO -   -> Resultado para HYPE_SELL_SHORT_1753559737620: Alvo Atingido no preço 43.77
2025-07-26 17:27:48,899 - INFO - Analisando sinal 1312/1321 (ID: BNB_SELL_SHORT_1753560038176)...
2025-07-26 17:27:48,914 - INFO -   -> Resultado para BNB_SELL_SHORT_1753560038176: Nenhum resultado no preço None
2025-07-26 17:27:48,914 - INFO - Analisando sinal 1313/1321 (ID: BTC_BUY_LONG_1753560060707)...
2025-07-26 17:27:48,928 - INFO -   -> Resultado para BTC_BUY_LONG_1753560060707: Nenhum resultado no preço None
2025-07-26 17:27:48,928 - INFO - Analisando sinal 1314/1321 (ID: ETH_BUY_LONG_1753560060778)...
2025-07-26 17:27:48,942 - INFO -   -> Resultado para ETH_BUY_LONG_1753560060778: Nenhum resultado no preço None
2025-07-26 17:27:48,942 - INFO - Analisando sinal 1315/1321 (ID: HYPE_BUY_LONG_1753560060827)...
2025-07-26 17:27:48,952 - INFO -   -> Resultado para HYPE_BUY_LONG_1753560060827: Nenhum resultado no preço None
2025-07-26 17:27:48,953 - INFO - Analisando sinal 1316/1321 (ID: HYPE_BUY_LONG_1753560060827)...
2025-07-26 17:27:48,963 - INFO -   -> Resultado para HYPE_BUY_LONG_1753560060827: Nenhum resultado no preço None
2025-07-26 17:27:48,963 - INFO - Analisando sinal 1317/1321 (ID: IMX_SELL_SHORT_1753560060888)...
2025-07-26 17:27:48,977 - INFO -   -> Resultado para IMX_SELL_SHORT_1753560060888: Nenhum resultado no preço None
2025-07-26 17:27:48,977 - INFO - Analisando sinal 1318/1321 (ID: IMX_SELL_SHORT_1753560060888)...
2025-07-26 17:27:48,992 - INFO -   -> Resultado para IMX_SELL_SHORT_1753560060888: Nenhum resultado no preço None
2025-07-26 17:27:48,992 - INFO - Analisando sinal 1319/1321 (ID: NEAR_BUY_LONG_1753560060943)...
2025-07-26 17:27:49,006 - INFO -   -> Resultado para NEAR_BUY_LONG_1753560060943: Nenhum resultado no preço None
2025-07-26 17:27:49,006 - INFO - Analisando sinal 1320/1321 (ID: PEPE_BUY_LONG_1753560060991)...
2025-07-26 17:27:49,021 - INFO -   -> Resultado para PEPE_BUY_LONG_1753560060991: Nenhum resultado no preço None
2025-07-26 17:27:49,021 - INFO - Analisando sinal 1321/1321 (ID: BNB_SELL_SHORT_1753560937805)...
2025-07-26 17:27:49,035 - INFO -   -> Resultado para BNB_SELL_SHORT_1753560937805: Nenhum resultado no preço None
2025-07-26 17:27:49,140 - INFO - Relatório final gerado:

============================================================
RELATÓRIO DE PERFORMANCE DOS SINAIS
============================================================

--- ESTATÍSTICAS GERAIS ---
Total de Sinais com Resultado: 1257
Sinais com Sucesso (Alvo): 579
Sinais com Falha (Stop): 677
Taxa de Sucesso Geral: 46.06%

--- ANÁLISE DE RETORNO (PnL) ---
Retorno Médio por Operação: nan%
Retorno Acumulado: nan%
Melhor Operação: 6.47%
Pior Operação: -99.94%

--- PERFORMANCE POR 'DETECTOR_TYPE' ---
            detector_type  total_sinais  acertos  erros  taxa_sucesso_%
              candlestick           698      364    334           52.15
candlestick_comprehensive           328      111    217           33.84
                technical           182       82     99           45.05
                  pattern            49       22     27           44.90

--- PERFORMANCE POR 'SIGNAL_SOURCE' ---
                signal_source  total_sinais  acertos  erros  taxa_sucesso_%
    Shooting_Star_bearish_15m           176       61    115           34.66
 Bearish Engulfing_bearish_5m           122      109     13           89.34
           Hammer_bullish_15m            78        7     71            8.97
 Bullish Engulfing_bullish_5m            76       43     33           56.58
Bullish Engulfing_bullish_15m            53       17     36           32.08
Bearish_Engulfing_bearish_15m            46       45      1           97.83
Bullish_Engulfing_bullish_15m            43        6     37           13.95
   BollingerBands_bullish_15m            42        0     42            0.00
     Doji_Bearish_bearish_15m            39       26     13           66.67
    Cup_and_Handle_bullish_1h            39       22     17           56.41
Bearish Engulfing_bearish_15m            33       27      6           81.82
    BollingerBands_bearish_5m            18       13      5           72.22
             VWAP_bullish_15m            14        4     10           28.57
    BollingerBands_bullish_5m            14        4     10           28.57
              MACD_bearish_1h            14        8      6           57.14
     Doji_Bullish_bullish_15m            14        9      5           64.29
              MACD_bearish_5m            11        8      3           72.73
   BollingerBands_bearish_15m            10       10      0          100.00
             MACD_bearish_15m            10        6      4           60.00
       Double_Top_bearish_15m            10        0     10            0.00
              MACD_bullish_1h             8        1      7           12.50
              VWAP_bearish_5m             8        7      1           87.50
              RSI_bearish_15m             7        6      1           85.71
Evening Doji Star_bearish_15m             6        6      0          100.00
     Shooting_Star_bearish_5m             6        5      1           83.33
              MACD_bullish_5m             6        3      3           50.00
              VWAP_bullish_5m             5        3      2           60.00
             VWAP_bearish_15m             4        3      1           75.00
               RSI_bullish_5m             4        2      2           50.00
     Evening Star_bearish_15m             3        0      3            0.00
               RSI_bearish_5m             2        1      1           50.00
      Doji_Bearish_bearish_5m             2        2      0          100.00
 Evening Doji Star_bearish_5m             1        1      0          100.00
             MACD_bullish_15m             1        1      0          100.00
              RSI_bullish_15m             1        0      1            0.00
          TEST_RSI_bullish_5m             1        0      0            0.00

--- PERFORMANCE POR 'DETECTOR_NAME' ---
     detector_name  total_sinais  acertos  erros  taxa_sucesso_%
     Shooting_Star           190       67    123           35.26
 Bearish Engulfing           155      136     19           87.74
 Bullish Engulfing           129       60     69           46.51
       Tweezer_Top            99       47     52           47.47
            Hammer            89       11     78           12.36
    BollingerBands            84       27     57           32.14
 Bullish_Engulfing            76       16     60           21.05
 Bearish_Engulfing            67       56     11           83.58
    Tweezer_Bottom            64        6     58            9.38
              MACD            51       28     23           54.90
      Doji_Bearish            41       28     13           68.29
    Cup_and_Handle            39       22     17           56.41
              VWAP            31       17     14           54.84
  Three_Outside_Up            22        5     17           22.73
               RSI            15       10      5           66.67
Three_Outside_Down            14        7      7           50.00
       Hanging_Man            14        3     11           21.43
      Doji_Bullish            14        9      5           64.29
        Double_Top            10        0     10            0.00
    Stick_Sandwich             9        4      5           44.44
   Inverted_Hammer             8        2      6           25.00
 Evening Doji Star             7        7      0          100.00
    White_Marubozu             6        1      5           16.67
     Advance_Block             6        3      3           50.00
    Dragonfly_Doji             5        1      4           20.00
    Black_Marubozu             4        4      0          100.00
   Gravestone_Doji             4        2      2           50.00
      Evening Star             3        0      3            0.00
          TEST_RSI             1        0      0            0.00

============================================================
FIM DO RELATÓRIO
============================================================
2025-07-26 17:27:49,141 - INFO - Conexões com os bancos de dados fechadas. Análise concluída.
