2025-07-26 14:31:46 - __main__ - INFO - 🔄 Monitor com SQLs CORRIGIDOS inicializado (intervalo: 30s)
2025-07-26 14:31:46 - __main__ - INFO - 📊 Stream DB: C:\Users\mzmvy\Documents\python\trading_system\data\crypto_stream.db
2025-07-26 14:31:46 - __main__ - INFO - 📊 Signals DB: C:\Users\mzmvy\Documents\python\trading_system\data\trading_analyzer_v2.db
2025-07-26 14:31:46 - __main__ - INFO - 📊 Stream DB: 23675 registros kline
2025-07-26 14:31:46 - __main__ - INFO - 📊 Símbolos disponíveis: 10 -> ['BNB', 'BTC', 'ENA', 'ETH', 'HYPE', 'IMX', 'NEAR', 'PEPE', 'SOL', 'SUI']
2025-07-26 14:31:46 - __main__ - INFO - 📊 Símbolos com dados recentes: 10
2025-07-26 14:31:46 - __main__ - INFO - 📊 Signals DB: 7 sinais total, 7 ativos
2025-07-26 14:31:46 - __main__ - INFO - 🔄 Loop de monitoramento iniciado
2025-07-26 14:31:46 - __main__ - INFO - 🚀 MONITOR CORRIGIDO INICIADO
2025-07-26 14:31:46 - __main__ - INFO - ⏱️ Intervalo: 30s
2025-07-26 14:31:46 - __main__ - INFO - 🎯 Usando CLOSE_PRICE da tabela kline_microstructure_1m
2025-07-26 16:56:58 - __main__ - INFO - 🔄 Monitor com SQLs CORRIGIDOS inicializado (intervalo: 30s)
2025-07-26 16:56:58 - __main__ - INFO - 📊 Stream DB: C:\Users\mzmvy\Documents\python\trading_system\data\crypto_stream.db
2025-07-26 16:56:58 - __main__ - INFO - 📊 Signals DB: C:\Users\mzmvy\Documents\python\trading_system\data\trading_analyzer_v2.db
2025-07-26 16:56:58 - __main__ - INFO - 📊 Stream DB: 25125 registros kline
2025-07-26 16:56:58 - __main__ - INFO - 📊 Símbolos disponíveis: 10 -> ['BNB', 'BTC', 'ENA', 'ETH', 'HYPE', 'IMX', 'NEAR', 'PEPE', 'SOL', 'SUI']
2025-07-26 16:56:58 - __main__ - INFO - 📊 Símbolos com dados recentes: 10
2025-07-26 16:56:58 - __main__ - INFO - 📊 Signals DB: 12 sinais total, 8 ativos
2025-07-26 16:56:58 - __main__ - INFO - 🔄 Loop de monitoramento iniciado
2025-07-26 16:56:58 - __main__ - INFO - 🚀 MONITOR CORRIGIDO INICIADO
2025-07-26 16:56:58 - __main__ - INFO - ⏱️ Intervalo: 30s
2025-07-26 16:56:58 - __main__ - INFO - 🎯 Usando CLOSE_PRICE da tabela kline_microstructure_1m
2025-07-26 16:56:58 - __main__ - INFO - 📈 HYPE: 43.988000 → 43.998000 (+0.023%)
2025-07-26 16:56:58 - __main__ - INFO - 📈 PEPE: 0.012684 → 0.012682 (-0.022%)
2025-07-26 16:56:58 - __main__ - INFO - 📈 ENA: 0.595000 → 0.595800 (+0.134%)
2025-07-26 16:56:59 - __main__ - INFO - 🔄 Ciclo #1: 8 ativos | 3 atualizações | 0 transições | 0.13s
2025-07-26 16:57:29 - __main__ - INFO - 📈 HYPE: 43.998000 → 43.968000 (-0.068%)
2025-07-26 16:57:29 - __main__ - INFO - 🔄 Ciclo #2: 1 ativos | 1 atualizações | 0 transições | 0.02s
2025-07-26 17:01:29 - __main__ - INFO - 📈 PEPE: 0.012677 → 0.012653 (-0.189%)
2025-07-26 17:01:29 - __main__ - INFO - 📈 NEAR: 2.928000 → 2.923000 (-0.171%)
2025-07-26 17:01:29 - __main__ - INFO - 📈 IMX: 0.575400 → 0.574200 (-0.209%)
2025-07-26 17:01:29 - __main__ - INFO - 📈 HYPE: 43.920000 → 43.890000 (-0.068%)
2025-07-26 17:01:29 - __main__ - INFO - 🔄 Ciclo #3: 6 ativos | 4 atualizações | 0 transições | 0.08s
2025-07-26 17:01:59 - __main__ - INFO - 📈 ETH: 3749.330000 → 3745.920000 (-0.091%)
2025-07-26 17:01:59 - __main__ - INFO - 📈 BTC: 118209.000000 → 118161.500000 (-0.040%)
2025-07-26 17:01:59 - __main__ - INFO - 🔄 Ciclo #4: 6 ativos | 2 atualizações | 0 transições | 0.08s
2025-07-26 17:02:29 - __main__ - INFO - 📈 IMX: 0.574200 → 0.574000 (-0.035%)
2025-07-26 17:02:29 - __main__ - INFO - 🔄 Ciclo #5: 6 ativos | 1 atualizações | 0 transições | 0.05s
2025-07-26 17:02:59 - __main__ - INFO - 📈 NEAR: 2.923000 → 2.925000 (+0.068%)
2025-07-26 17:02:59 - __main__ - INFO - 📈 HYPE: 43.890000 → 43.885000 (-0.011%)
2025-07-26 17:02:59 - __main__ - INFO - 🔄 Ciclo #6: 6 ativos | 2 atualizações | 0 transições | 0.04s
2025-07-26 17:03:29 - __main__ - INFO - 📈 PEPE: 0.012653 → 0.012648 (-0.043%)
2025-07-26 17:03:29 - __main__ - INFO - 📈 NEAR: 2.925000 → 2.924000 (-0.034%)
2025-07-26 17:03:29 - __main__ - INFO - 📈 IMX: 0.574000 → 0.573800 (-0.035%)
2025-07-26 17:03:29 - __main__ - INFO - 📈 HYPE: 43.885000 → 43.876000 (-0.021%)
2025-07-26 17:03:29 - __main__ - INFO - 📈 ETH: 3745.920000 → 3745.220000 (-0.019%)
2025-07-26 17:03:29 - __main__ - INFO - 🔄 Ciclo #7: 6 ativos | 5 atualizações | 0 transições | 0.07s
2025-07-26 17:04:29 - __main__ - INFO - 📈 IMX: 0.573800 → 0.573500 (-0.052%)
2025-07-26 17:04:29 - __main__ - INFO - 📈 HYPE: 43.876000 → 43.849000 (-0.062%)
2025-07-26 17:04:29 - __main__ - INFO - 🔄 Ciclo #9: 6 ativos | 2 atualizações | 0 transições | 0.05s
2025-07-26 17:04:59 - __main__ - INFO - 📈 ETH: 3745.220000 → 3745.960000 (+0.020%)
2025-07-26 17:04:59 - __main__ - INFO - 📈 BTC: 118161.500000 → 118133.600000 (-0.024%)
2025-07-26 17:04:59 - __main__ - INFO - 🔄 Ciclo #10: 6 ativos | 2 atualizações | 0 transições | 0.04s
2025-07-26 17:05:29 - __main__ - INFO - 📈 PEPE: 0.012648 → 0.012641 (-0.056%)
2025-07-26 17:05:29 - __main__ - INFO - 📈 NEAR: 2.924000 → 2.921000 (-0.103%)
2025-07-26 17:05:29 - __main__ - INFO - 📈 IMX: 0.573500 → 0.573300 (-0.035%)
2025-07-26 17:05:29 - __main__ - INFO - 📈 HYPE: 43.849000 → 43.829000 (-0.046%)
2025-07-26 17:05:29 - __main__ - INFO - 📈 ETH: 3745.960000 → 3743.820000 (-0.057%)
2025-07-26 17:05:29 - __main__ - INFO - 🔄 Ciclo #11: 6 ativos | 5 atualizações | 0 transições | 0.08s
2025-07-26 17:06:29 - __main__ - INFO - 📈 PEPE: 0.012641 → 0.012637 (-0.032%)
2025-07-26 17:06:29 - __main__ - INFO - 📈 NEAR: 2.921000 → 2.918000 (-0.103%)
2025-07-26 17:06:29 - __main__ - INFO - 📈 IMX: 0.573300 → 0.573200 (-0.017%)
2025-07-26 17:06:29 - __main__ - INFO - 🔄 Ciclo #13: 6 ativos | 3 atualizações | 0 transições | 0.07s
2025-07-26 17:06:59 - __main__ - INFO - 📈 HYPE: 43.829000 → 43.850000 (+0.048%)
2025-07-26 17:06:59 - __main__ - INFO - 📈 ETH: 3743.820000 → 3746.220000 (+0.064%)
2025-07-26 17:06:59 - __main__ - INFO - 🔄 Ciclo #14: 6 ativos | 2 atualizações | 0 transições | 0.07s
2025-07-26 17:07:29 - __main__ - INFO - 📈 PEPE: 0.012637 → 0.012622 (-0.115%)
2025-07-26 17:07:29 - __main__ - INFO - 📈 HYPE: 43.850000 → 43.818000 (-0.073%)
2025-07-26 17:07:29 - __main__ - INFO - 📈 ETH: 3746.220000 → 3742.680000 (-0.094%)
2025-07-26 17:07:29 - __main__ - INFO - 📈 BTC: 118133.600000 → 118103.200000 (-0.026%)
2025-07-26 17:07:29 - __main__ - INFO - 🔄 Ciclo #15: 6 ativos | 4 atualizações | 0 transições | 0.20s
2025-07-26 17:07:59 - __main__ - INFO - 📈 NEAR: 2.918000 → 2.913000 (-0.171%)
2025-07-26 17:07:59 - __main__ - INFO - 📈 IMX: 0.573200 → 0.572600 (-0.105%)
2025-07-26 17:08:00 - __main__ - INFO - 🔄 Ciclo #16: 6 ativos | 2 atualizações | 0 transições | 0.04s
2025-07-26 17:08:30 - __main__ - INFO - 📈 PEPE: 0.012622 → 0.012630 (+0.061%)
2025-07-26 17:08:30 - __main__ - INFO - 📈 IMX: 0.572600 → 0.573000 (+0.070%)
2025-07-26 17:08:30 - __main__ - INFO - 📈 HYPE: 43.818000 → 43.840000 (+0.050%)
2025-07-26 17:08:30 - __main__ - INFO - 🔄 Ciclo #17: 6 ativos | 3 atualizações | 0 transições | 0.07s
2025-07-26 17:09:00 - __main__ - INFO - 📈 ETH: 3742.680000 → 3743.100000 (+0.011%)
2025-07-26 17:09:00 - __main__ - INFO - 🔄 Ciclo #18: 6 ativos | 1 atualizações | 0 transições | 0.06s
2025-07-26 17:09:30 - __main__ - INFO - 📈 ETH: 3743.100000 → 3742.330000 (-0.021%)
2025-07-26 17:09:30 - __main__ - INFO - 🔄 Ciclo #19: 6 ativos | 1 atualizações | 0 transições | 0.04s
2025-07-26 17:10:00 - __main__ - INFO - 📈 PEPE: 0.012630 → 0.012617 (-0.105%)
2025-07-26 17:10:00 - __main__ - INFO - 📈 NEAR: 2.913000 → 2.911000 (-0.069%)
2025-07-26 17:10:00 - __main__ - INFO - 📈 IMX: 0.573000 → 0.572500 (-0.087%)
2025-07-26 17:10:00 - __main__ - INFO - 📈 HYPE: 43.840000 → 43.798000 (-0.096%)
2025-07-26 17:10:00 - __main__ - INFO - 🔄 Ciclo #20: 6 ativos | 4 atualizações | 0 transições | 0.08s
2025-07-26 17:10:30 - __main__ - INFO - 📈 PEPE: 0.012617 → 0.012618 (+0.012%)
2025-07-26 17:10:30 - __main__ - INFO - 📈 IMX: 0.572500 → 0.572600 (+0.017%)
2025-07-26 17:10:30 - __main__ - INFO - 📈 HYPE: 43.798000 → 43.811000 (+0.030%)
2025-07-26 17:10:30 - __main__ - INFO - 📈 ETH: 3742.330000 → 3741.660000 (-0.018%)
2025-07-26 17:10:30 - __main__ - INFO - 🔄 Ciclo #21: 6 ativos | 4 atualizações | 0 transições | 0.06s
2025-07-26 17:11:30 - __main__ - INFO - 📈 PEPE: 0.012618 → 0.012630 (+0.094%)
2025-07-26 17:11:30 - __main__ - INFO - 📈 NEAR: 2.911000 → 2.913000 (+0.069%)
2025-07-26 17:11:30 - __main__ - INFO - 📈 IMX: 0.572600 → 0.573100 (+0.087%)
2025-07-26 17:11:30 - __main__ - INFO - 🔄 Ciclo #23: 6 ativos | 3 atualizações | 0 transições | 0.07s
2025-07-26 17:13:00 - __main__ - INFO - 📈 NEAR: 2.913000 → 2.914000 (+0.034%)
2025-07-26 17:13:00 - __main__ - INFO - 📈 IMX: 0.573100 → 0.573000 (-0.017%)
2025-07-26 17:13:00 - __main__ - INFO - 📈 ETH: 3741.660000 → 3741.030000 (-0.017%)
2025-07-26 17:13:00 - __main__ - INFO - 🔄 Ciclo #26: 6 ativos | 3 atualizações | 0 transições | 0.05s
2025-07-26 17:13:30 - __main__ - INFO - 📈 PEPE: 0.012630 → 0.012635 (+0.034%)
2025-07-26 17:13:30 - __main__ - INFO - 📈 HYPE: 43.811000 → 43.834000 (+0.052%)
2025-07-26 17:13:30 - __main__ - INFO - 📈 ETH: 3741.030000 → 3742.200000 (+0.031%)
2025-07-26 17:13:30 - __main__ - INFO - 🔄 Ciclo #27: 6 ativos | 3 atualizações | 0 transições | 0.10s
2025-07-26 17:14:00 - __main__ - INFO - 📈 NEAR: 2.914000 → 2.916000 (+0.069%)
2025-07-26 17:14:00 - __main__ - INFO - 📈 IMX: 0.573000 → 0.573300 (+0.052%)
2025-07-26 17:14:00 - __main__ - INFO - 🔄 Ciclo #28: 6 ativos | 2 atualizações | 0 transições | 0.05s
2025-07-26 17:14:30 - __main__ - INFO - 📈 PEPE: 0.012635 → 0.012632 (-0.022%)
2025-07-26 17:14:30 - __main__ - INFO - 📈 NEAR: 2.916000 → 2.915000 (-0.034%)
2025-07-26 17:14:30 - __main__ - INFO - 📈 HYPE: 43.834000 → 43.862000 (+0.064%)
2025-07-26 17:14:30 - __main__ - INFO - 📈 ETH: 3742.200000 → 3741.490000 (-0.019%)
2025-07-26 17:14:30 - __main__ - INFO - 📈 BTC: 118103.200000 → 118115.300000 (+0.010%)
2025-07-26 17:14:30 - __main__ - INFO - 🔄 Ciclo #29: 6 ativos | 5 atualizações | 0 transições | 0.08s
2025-07-26 17:15:30 - __main__ - INFO - 📈 HYPE: 43.862000 → 43.809000 (-0.121%)
2025-07-26 17:15:30 - __main__ - INFO - 📈 ETH: 3741.490000 → 3740.080000 (-0.038%)
2025-07-26 17:15:30 - __main__ - INFO - 📈 BTC: 118115.300000 → 118085.700000 (-0.025%)
2025-07-26 17:15:30 - __main__ - INFO - 🔄 Ciclo #31: 6 ativos | 3 atualizações | 0 transições | 0.09s
2025-07-26 17:16:01 - __main__ - INFO - 📈 PEPE: 0.012632 → 0.012618 (-0.112%)
2025-07-26 17:16:01 - __main__ - INFO - 📈 NEAR: 2.915000 → 2.911000 (-0.137%)
2025-07-26 17:16:01 - __main__ - INFO - 📈 IMX: 0.573300 → 0.572600 (-0.122%)
2025-07-26 17:16:01 - __main__ - INFO - 🔄 Ciclo #32: 7 ativos | 3 atualizações | 0 transições | 0.12s
2025-07-26 17:16:31 - __main__ - INFO - 📈 PEPE: 0.012618 → 0.012622 (+0.031%)
2025-07-26 17:16:31 - __main__ - INFO - 📈 NEAR: 2.911000 → 2.912000 (+0.034%)
2025-07-26 17:16:31 - __main__ - INFO - 📈 IMX: 0.572600 → 0.572700 (+0.017%)
2025-07-26 17:16:31 - __main__ - INFO - 📈 HYPE: 43.809000 → 43.800000 (-0.021%)
2025-07-26 17:16:31 - __main__ - INFO - 📈 BTC: 118085.700000 → 118073.100000 (-0.011%)
2025-07-26 17:16:31 - __main__ - INFO - 🔄 Ciclo #33: 7 ativos | 5 atualizações | 0 transições | 0.13s
2025-07-26 17:17:31 - __main__ - INFO - 📈 IMX: 0.572700 → 0.573200 (+0.087%)
2025-07-26 17:17:31 - __main__ - INFO - 🔄 Ciclo #35: 7 ativos | 1 atualizações | 0 transições | 0.07s
2025-07-26 17:18:01 - __main__ - INFO - 📈 BNB: 784.340000 → 784.500000 (+0.020%)
2025-07-26 17:18:01 - __main__ - INFO - 📈 PEPE: 0.012622 → 0.012630 (+0.067%)
2025-07-26 17:18:01 - __main__ - INFO - 📈 NEAR: 2.912000 → 2.913000 (+0.034%)
2025-07-26 17:18:01 - __main__ - INFO - 📈 ETH: 3740.080000 → 3741.000000 (+0.025%)
2025-07-26 17:18:01 - __main__ - INFO - 🔄 Ciclo #36: 7 ativos | 4 atualizações | 0 transições | 0.12s
2025-07-26 17:18:31 - __main__ - INFO - 📈 BNB: 784.500000 → 784.290000 (-0.027%)
2025-07-26 17:18:31 - __main__ - INFO - 📈 PEPE: 0.012630 → 0.012619 (-0.086%)
2025-07-26 17:18:31 - __main__ - INFO - 📈 NEAR: 2.913000 → 2.911000 (-0.069%)
2025-07-26 17:18:31 - __main__ - INFO - 📈 IMX: 0.573200 → 0.572700 (-0.087%)
2025-07-26 17:18:31 - __main__ - INFO - 📈 HYPE: 43.800000 → 43.794000 (-0.014%)
2025-07-26 17:18:31 - __main__ - INFO - 📈 ETH: 3741.000000 → 3738.400000 (-0.070%)
2025-07-26 17:18:31 - __main__ - INFO - 🔄 Ciclo #37: 7 ativos | 6 atualizações | 0 transições | 0.12s
2025-07-26 17:19:57 - __main__ - INFO - 🛑 MONITOR CORRIGIDO PARADO
2025-07-26 17:19:57 - __main__ - INFO - ⏱️ Tempo ativo: 22m
2025-07-26 17:19:57 - __main__ - INFO - 📊 Estatísticas finais:
2025-07-26 17:19:57 - __main__ - INFO -    Verificações: 39
2025-07-26 17:19:57 - __main__ - INFO -    Atualizações: 89
2025-07-26 17:19:57 - __main__ - INFO -    Transições: 0
2025-07-26 17:19:57 - __main__ - INFO -    Preços atualizados: 89
2025-07-26 17:19:57 - __main__ - INFO -    Falhas de preço: 0
2025-07-26 17:19:59 - __main__ - INFO - 🔄 Monitor com SQLs CORRIGIDOS inicializado (intervalo: 30s)
2025-07-26 17:19:59 - __main__ - INFO - 📊 Stream DB: C:\Users\mzmvy\Documents\python\trading_system\data\crypto_stream.db
2025-07-26 17:19:59 - __main__ - INFO - 📊 Signals DB: C:\Users\mzmvy\Documents\python\trading_system\data\trading_analyzer_v2.db
2025-07-26 17:19:59 - __main__ - INFO - 📊 Stream DB: 25355 registros kline
2025-07-26 17:19:59 - __main__ - INFO - 📊 Símbolos disponíveis: 10 -> ['BNB', 'BTC', 'ENA', 'ETH', 'HYPE', 'IMX', 'NEAR', 'PEPE', 'SOL', 'SUI']
2025-07-26 17:19:59 - __main__ - INFO - 📊 Símbolos com dados recentes: 10
2025-07-26 17:19:59 - __main__ - INFO - 📊 Signals DB: 7 sinais total, 7 ativos
2025-07-26 17:19:59 - __main__ - INFO - 🔄 Loop de monitoramento iniciado
2025-07-26 17:19:59 - __main__ - INFO - 🚀 MONITOR CORRIGIDO INICIADO
2025-07-26 17:19:59 - __main__ - INFO - ⏱️ Intervalo: 30s
2025-07-26 17:19:59 - __main__ - INFO - 🎯 Usando CLOSE_PRICE da tabela kline_microstructure_1m
2025-07-26 17:19:59 - __main__ - INFO - 📈 NEAR: 2.911000 → 2.910000 (-0.034%)
2025-07-26 17:19:59 - __main__ - INFO - 📈 HYPE: 43.794000 → 43.735000 (-0.135%)
2025-07-26 17:19:59 - __main__ - INFO - 📈 BTC: 118073.100000 → 118040.000000 (-0.028%)
2025-07-26 17:19:59 - __main__ - INFO - 🔄 Ciclo #1: 7 ativos | 3 atualizações | 0 transições | 0.06s
2025-07-26 17:20:29 - __main__ - INFO - 📈 BNB: 784.290000 → 784.380000 (+0.011%)
2025-07-26 17:20:29 - __main__ - INFO - 📈 PEPE: 0.012619 → 0.012623 (+0.032%)
2025-07-26 17:20:29 - __main__ - INFO - 📈 NEAR: 2.910000 → 2.912000 (+0.069%)
2025-07-26 17:20:29 - __main__ - INFO - 📈 IMX: 0.572700 → 0.572900 (+0.035%)
2025-07-26 17:20:29 - __main__ - INFO - 📈 HYPE: 43.735000 → 43.742000 (+0.016%)
2025-07-26 17:20:29 - __main__ - INFO - 📈 ETH: 3738.400000 → 3737.870000 (-0.014%)
2025-07-26 17:20:29 - __main__ - INFO - 🔄 Ciclo #2: 7 ativos | 6 atualizações | 0 transições | 0.09s
2025-07-26 17:21:59 - __main__ - INFO - 📈 BNB: 784.380000 → 784.700000 (+0.041%)
2025-07-26 17:21:59 - __main__ - INFO - 📈 PEPE: 0.012623 → 0.012630 (+0.055%)
2025-07-26 17:21:59 - __main__ - INFO - 📈 NEAR: 2.912000 → 2.913000 (+0.034%)
2025-07-26 17:21:59 - __main__ - INFO - 📈 IMX: 0.572900 → 0.573100 (+0.035%)
2025-07-26 17:21:59 - __main__ - INFO - 📈 ETH: 3737.870000 → 3738.590000 (+0.019%)
2025-07-26 17:21:59 - __main__ - INFO - 🔄 Ciclo #5: 7 ativos | 5 atualizações | 0 transições | 0.10s
2025-07-26 17:22:29 - __main__ - INFO - 📈 BNB: 784.700000 → 784.520000 (-0.023%)
2025-07-26 17:22:29 - __main__ - INFO - 📈 PEPE: 0.012630 → 0.012623 (-0.056%)
2025-07-26 17:22:29 - __main__ - INFO - 📈 IMX: 0.573100 → 0.573200 (+0.017%)
2025-07-26 17:22:29 - __main__ - INFO - 📈 ETH: 3738.590000 → 3736.810000 (-0.048%)
2025-07-26 17:22:29 - __main__ - INFO - 🔄 Ciclo #6: 7 ativos | 4 atualizações | 0 transições | 0.08s
2025-07-26 17:23:29 - __main__ - INFO - 📈 NEAR: 2.913000 → 2.915000 (+0.069%)
2025-07-26 17:23:29 - __main__ - INFO - 🔄 Ciclo #8: 7 ativos | 1 atualizações | 0 transições | 0.04s
2025-07-26 17:23:59 - __main__ - INFO - 📈 BNB: 784.520000 → 784.770000 (+0.032%)
2025-07-26 17:23:59 - __main__ - INFO - 📈 PEPE: 0.012623 → 0.012630 (+0.051%)
2025-07-26 17:23:59 - __main__ - INFO - 📈 IMX: 0.573200 → 0.573600 (+0.070%)
2025-07-26 17:23:59 - __main__ - INFO - 📈 HYPE: 43.742000 → 43.731000 (-0.025%)
2025-07-26 17:23:59 - __main__ - INFO - 📈 ETH: 3736.810000 → 3738.940000 (+0.057%)
2025-07-26 17:23:59 - __main__ - INFO - 🔄 Ciclo #9: 7 ativos | 5 atualizações | 0 transições | 0.08s
2025-07-26 17:24:29 - __main__ - INFO - 📈 BNB: 784.770000 → 785.090000 (+0.041%)
2025-07-26 17:24:29 - __main__ - INFO - 📈 PEPE: 0.012630 → 0.012642 (+0.103%)
2025-07-26 17:24:29 - __main__ - INFO - 📈 NEAR: 2.915000 → 2.917000 (+0.069%)
2025-07-26 17:24:29 - __main__ - INFO - 📈 IMX: 0.573600 → 0.574000 (+0.070%)
2025-07-26 17:24:29 - __main__ - INFO - 📈 HYPE: 43.731000 → 43.765000 (+0.078%)
2025-07-26 17:24:29 - __main__ - INFO - 📈 ETH: 3738.940000 → 3741.860000 (+0.078%)
2025-07-26 17:24:29 - __main__ - INFO - 📈 BTC: 118040.000000 → 118065.100000 (+0.021%)
2025-07-26 17:24:29 - __main__ - INFO - 🔄 Ciclo #10: 7 ativos | 7 atualizações | 0 transições | 0.11s
2025-07-26 17:25:59 - __main__ - INFO - 📈 BNB: 785.090000 → 784.970000 (-0.015%)
2025-07-26 17:26:00 - __main__ - INFO - 📈 PEPE: 0.012642 → 0.012632 (-0.082%)
2025-07-26 17:26:00 - __main__ - INFO - 📈 NEAR: 2.917000 → 2.913000 (-0.137%)
2025-07-26 17:26:00 - __main__ - INFO - 📈 IMX: 0.574000 → 0.573600 (-0.070%)
2025-07-26 17:26:00 - __main__ - INFO - 📈 HYPE: 43.765000 → 43.741000 (-0.055%)
2025-07-26 17:26:00 - __main__ - INFO - 📈 ETH: 3741.860000 → 3739.920000 (-0.052%)
2025-07-26 17:26:00 - __main__ - INFO - 📈 BTC: 118065.100000 → 118013.600000 (-0.044%)
2025-07-26 17:26:00 - __main__ - INFO - 🔄 Ciclo #13: 7 ativos | 7 atualizações | 0 transições | 0.15s
2025-07-26 17:26:30 - __main__ - INFO - 📈 BNB: 784.970000 → 784.560000 (-0.052%)
2025-07-26 17:26:30 - __main__ - INFO - 📈 PEPE: 0.012632 → 0.012621 (-0.088%)
2025-07-26 17:26:30 - __main__ - INFO - 📈 NEAR: 2.913000 → 2.911000 (-0.069%)
2025-07-26 17:26:30 - __main__ - INFO - 📈 IMX: 0.573600 → 0.572900 (-0.122%)
2025-07-26 17:26:30 - __main__ - INFO - 📈 HYPE: 43.741000 → 43.714000 (-0.062%)
2025-07-26 17:26:30 - __main__ - INFO - 📈 ETH: 3739.920000 → 3738.080000 (-0.049%)
2025-07-26 17:26:30 - __main__ - INFO - 📈 BTC: 118013.600000 → 117958.300000 (-0.047%)
2025-07-26 17:26:30 - __main__ - INFO - 🔄 Ciclo #14: 7 ativos | 7 atualizações | 0 transições | 0.10s
2025-07-26 17:28:00 - __main__ - INFO - 📈 BNB: 784.560000 → 784.830000 (+0.034%)
2025-07-26 17:28:00 - __main__ - INFO - 📈 PEPE: 0.012621 → 0.012628 (+0.058%)
2025-07-26 17:28:00 - __main__ - INFO - 📈 NEAR: 2.911000 → 2.914000 (+0.103%)
2025-07-26 17:28:00 - __main__ - INFO - 📈 IMX: 0.572900 → 0.573300 (+0.070%)
2025-07-26 17:28:00 - __main__ - INFO - 📈 HYPE: 43.714000 → 43.741000 (+0.062%)
2025-07-26 17:28:00 - __main__ - INFO - 📈 ETH: 3738.080000 → 3740.100000 (+0.054%)
2025-07-26 17:28:00 - __main__ - INFO - 🔄 Ciclo #17: 7 ativos | 6 atualizações | 0 transições | 0.09s
2025-07-26 17:28:30 - __main__ - INFO - 📈 BNB: 784.830000 → 784.680000 (-0.019%)
2025-07-26 17:28:30 - __main__ - INFO - 📈 PEPE: 0.012628 → 0.012622 (-0.054%)
2025-07-26 17:28:30 - __main__ - INFO - 📈 NEAR: 2.914000 → 2.911000 (-0.103%)
2025-07-26 17:28:30 - __main__ - INFO - 📈 IMX: 0.573300 → 0.572500 (-0.140%)
2025-07-26 17:28:30 - __main__ - INFO - 📈 HYPE: 43.741000 → 43.719000 (-0.050%)
2025-07-26 17:28:30 - __main__ - INFO - 📈 ETH: 3740.100000 → 3739.110000 (-0.026%)
2025-07-26 17:28:30 - __main__ - INFO - 📈 BTC: 117958.300000 → 117916.600000 (-0.035%)
2025-07-26 17:28:30 - __main__ - INFO - 🔄 Ciclo #18: 7 ativos | 7 atualizações | 0 transições | 0.12s
2025-07-26 17:30:00 - __main__ - INFO - 📈 BNB: 784.680000 → 784.590000 (-0.011%)
2025-07-26 17:30:00 - __main__ - INFO - 📈 PEPE: 0.012622 → 0.012616 (-0.043%)
2025-07-26 17:30:00 - __main__ - INFO - 📈 NEAR: 2.911000 → 2.910000 (-0.034%)
2025-07-26 17:30:00 - __main__ - INFO - 📈 IMX: 0.572500 → 0.572400 (-0.017%)
2025-07-26 17:30:00 - __main__ - INFO - 📈 HYPE: 43.719000 → 43.730000 (+0.025%)
2025-07-26 17:30:00 - __main__ - INFO - 📈 ETH: 3739.110000 → 3738.520000 (-0.016%)
2025-07-26 17:30:00 - __main__ - INFO - 🔄 Ciclo #21: 7 ativos | 6 atualizações | 0 transições | 0.09s
2025-07-26 17:30:30 - __main__ - INFO - 📈 BNB: 784.590000 → 784.400000 (-0.024%)
2025-07-26 17:30:30 - __main__ - INFO - 📈 PEPE: 0.012616 → 0.012604 (-0.092%)
2025-07-26 17:30:30 - __main__ - INFO - 📈 NEAR: 2.910000 → 2.906000 (-0.137%)
2025-07-26 17:30:30 - __main__ - INFO - 📈 IMX: 0.572400 → 0.571700 (-0.122%)
2025-07-26 17:30:30 - __main__ - INFO - 📈 HYPE: 43.730000 → 43.701000 (-0.066%)
2025-07-26 17:30:30 - __main__ - INFO - 📈 ETH: 3738.520000 → 3735.880000 (-0.071%)
2025-07-26 17:30:30 - __main__ - INFO - 🔄 Ciclo #22: 7 ativos | 6 atualizações | 0 transições | 0.15s
2025-07-26 17:31:31 - __main__ - INFO - 📈 PEPE: 0.012604 → 0.012608 (+0.029%)
2025-07-26 17:31:31 - __main__ - INFO - 📈 NEAR: 2.906000 → 2.907000 (+0.034%)
2025-07-26 17:31:31 - __main__ - INFO - 🔄 Ciclo #24: 7 ativos | 2 atualizações | 0 transições | 0.15s
2025-07-26 17:32:01 - __main__ - INFO - 📈 IMX: 0.571700 → 0.571600 (-0.017%)
2025-07-26 17:32:01 - __main__ - INFO - 📈 HYPE: 43.701000 → 43.715000 (+0.032%)
2025-07-26 17:32:01 - __main__ - INFO - 📈 ETH: 3735.880000 → 3737.060000 (+0.032%)
2025-07-26 17:32:01 - __main__ - INFO - 📈 BTC: 117916.600000 → 117870.700000 (-0.039%)
2025-07-26 17:32:01 - __main__ - INFO - 🔄 Ciclo #25: 7 ativos | 4 atualizações | 0 transições | 0.10s
2025-07-26 17:32:31 - __main__ - INFO - 📈 BNB: 784.400000 → 784.770000 (+0.047%)
2025-07-26 17:32:31 - __main__ - INFO - 📈 ETH: 3737.060000 → 3739.230000 (+0.058%)
2025-07-26 17:32:31 - __main__ - INFO - 📈 BTC: 117870.700000 → 117846.200000 (-0.021%)
2025-07-26 17:32:31 - __main__ - INFO - 🔄 Ciclo #26: 7 ativos | 3 atualizações | 0 transições | 0.11s
2025-07-26 17:33:01 - __main__ - INFO - 📈 PEPE: 0.012608 → 0.012615 (+0.056%)
2025-07-26 17:33:01 - __main__ - INFO - 📈 NEAR: 2.907000 → 2.909000 (+0.069%)
2025-07-26 17:33:01 - __main__ - INFO - 📈 IMX: 0.571600 → 0.571800 (+0.035%)
2025-07-26 17:33:01 - __main__ - INFO - 🔄 Ciclo #27: 7 ativos | 3 atualizações | 0 transições | 0.09s
2025-07-26 17:33:31 - __main__ - INFO - 📈 PEPE: 0.012615 → 0.012606 (-0.073%)
2025-07-26 17:33:31 - __main__ - INFO - 📈 NEAR: 2.909000 → 2.908000 (-0.034%)
2025-07-26 17:33:31 - __main__ - INFO - 📈 IMX: 0.571800 → 0.571500 (-0.052%)
2025-07-26 17:33:31 - __main__ - INFO - 📈 HYPE: 43.715000 → 43.727000 (+0.027%)
2025-07-26 17:33:31 - __main__ - INFO - 📈 ETH: 3739.230000 → 3737.440000 (-0.048%)
2025-07-26 17:33:31 - __main__ - INFO - 🔄 Ciclo #28: 7 ativos | 5 atualizações | 0 transições | 0.08s
2025-07-26 17:34:31 - __main__ - INFO - 📈 BNB: 784.770000 → 785.080000 (+0.040%)
2025-07-26 17:34:31 - __main__ - INFO - 📈 HYPE: 43.727000 → 43.843000 (+0.265%)
2025-07-26 17:34:31 - __main__ - INFO - 📈 ETH: 3737.440000 → 3741.300000 (+0.103%)
2025-07-26 17:34:31 - __main__ - INFO - 📈 BTC: 117846.200000 → 117888.000000 (+0.035%)
2025-07-26 17:34:31 - __main__ - INFO - 🔄 Ciclo #30: 7 ativos | 4 atualizações | 0 transições | 0.08s
2025-07-26 17:35:01 - __main__ - INFO - 📈 PEPE: 0.012606 → 0.012625 (+0.153%)
2025-07-26 17:35:01 - __main__ - INFO - 📈 NEAR: 2.908000 → 2.910000 (+0.069%)
2025-07-26 17:35:01 - __main__ - INFO - 📈 IMX: 0.571500 → 0.572300 (+0.140%)
2025-07-26 17:35:01 - __main__ - INFO - 🔄 Ciclo #31: 7 ativos | 3 atualizações | 0 transições | 0.08s
2025-07-26 17:35:31 - __main__ - INFO - 📈 BNB: 785.080000 → 785.440000 (+0.046%)
2025-07-26 17:35:31 - __main__ - INFO - 📈 PEPE: 0.012625 → 0.012629 (+0.029%)
2025-07-26 17:35:31 - __main__ - INFO - 📈 NEAR: 2.910000 → 2.909000 (-0.034%)
2025-07-26 17:35:31 - __main__ - INFO - 📈 IMX: 0.572300 → 0.572600 (+0.052%)
2025-07-26 17:35:31 - __main__ - INFO - 📈 HYPE: 43.843000 → 43.851000 (+0.018%)
2025-07-26 17:35:31 - __main__ - INFO - 📈 ETH: 3741.300000 → 3742.770000 (+0.039%)
2025-07-26 17:35:31 - __main__ - INFO - 📈 BTC: 117888.000000 → 117905.900000 (+0.015%)
2025-07-26 17:35:31 - __main__ - INFO - 🔄 Ciclo #32: 7 ativos | 7 atualizações | 0 transições | 0.15s
2025-07-26 17:36:32 - __main__ - INFO - 📈 BNB: 785.440000 → 785.580000 (+0.018%)
2025-07-26 17:36:32 - __main__ - INFO - 📈 ETH: 3742.770000 → 3744.230000 (+0.039%)
2025-07-26 17:36:32 - __main__ - INFO - 📈 BTC: 117905.900000 → 117967.800000 (+0.052%)
2025-07-26 17:36:32 - __main__ - INFO - 🔄 Ciclo #34: 7 ativos | 3 atualizações | 0 transições | 0.18s
2025-07-26 17:37:02 - __main__ - INFO - 📈 PEPE: 0.012629 → 0.012644 (+0.121%)
2025-07-26 17:37:02 - __main__ - INFO - 📈 NEAR: 2.909000 → 2.912000 (+0.103%)
2025-07-26 17:37:02 - __main__ - INFO - 📈 IMX: 0.572600 → 0.572800 (+0.035%)
2025-07-26 17:37:02 - __main__ - INFO - 📈 HYPE: 43.851000 → 43.882000 (+0.071%)
2025-07-26 17:37:02 - __main__ - INFO - 🔄 Ciclo #35: 7 ativos | 4 atualizações | 0 transições | 0.19s
2025-07-26 17:37:32 - __main__ - INFO - 📈 PEPE: 0.012644 → 0.012635 (-0.076%)
2025-07-26 17:37:32 - __main__ - INFO - 📈 NEAR: 2.912000 → 2.909000 (-0.103%)
2025-07-26 17:37:32 - __main__ - INFO - 📈 IMX: 0.572800 → 0.572700 (-0.017%)
2025-07-26 17:37:32 - __main__ - INFO - 📈 HYPE: 43.882000 → 43.858000 (-0.055%)
2025-07-26 17:37:32 - __main__ - INFO - 📈 ETH: 3744.230000 → 3742.820000 (-0.038%)
2025-07-26 17:37:32 - __main__ - INFO - 📈 BTC: 117967.800000 → 117946.000000 (-0.018%)
2025-07-26 17:37:32 - __main__ - INFO - 🔄 Ciclo #36: 7 ativos | 6 atualizações | 0 transições | 0.12s
2025-07-26 17:39:02 - __main__ - INFO - 📈 BNB: 785.580000 → 785.970000 (+0.050%)
2025-07-26 17:39:02 - __main__ - INFO - 📈 PEPE: 0.012635 → 0.012636 (+0.011%)
2025-07-26 17:39:02 - __main__ - INFO - 📈 NEAR: 2.909000 → 2.910000 (+0.034%)
2025-07-26 17:39:02 - __main__ - INFO - 📈 IMX: 0.572700 → 0.573100 (+0.070%)
2025-07-26 17:39:02 - __main__ - INFO - 🔄 Ciclo #39: 7 ativos | 4 atualizações | 0 transições | 0.08s
2025-07-26 17:39:32 - __main__ - INFO - 📈 BNB: 785.970000 → 786.260000 (+0.037%)
2025-07-26 17:39:32 - __main__ - INFO - 📈 PEPE: 0.012636 → 0.012646 (+0.077%)
2025-07-26 17:39:32 - __main__ - INFO - 📈 NEAR: 2.910000 → 2.911000 (+0.034%)
2025-07-26 17:39:32 - __main__ - INFO - 📈 IMX: 0.573100 → 0.573300 (+0.035%)
2025-07-26 17:39:32 - __main__ - INFO - 📈 HYPE: 43.858000 → 43.863000 (+0.011%)
2025-07-26 17:39:32 - __main__ - INFO - 📈 ETH: 3742.820000 → 3746.500000 (+0.098%)
2025-07-26 17:39:32 - __main__ - INFO - 🔄 Ciclo #40: 7 ativos | 6 atualizações | 0 transições | 0.12s
2025-07-26 17:40:32 - __main__ - INFO - 📈 BNB: 786.260000 → 785.690000 (-0.072%)
2025-07-26 17:40:33 - __main__ - INFO - 📈 BTC: 117946.000000 → 117924.900000 (-0.018%)
2025-07-26 17:40:33 - __main__ - INFO - 🔄 Ciclo #42: 7 ativos | 2 atualizações | 0 transições | 0.06s
2025-07-26 17:41:03 - __main__ - INFO - 📈 PEPE: 0.012646 → 0.012641 (-0.033%)
2025-07-26 17:41:03 - __main__ - INFO - 📈 IMX: 0.573300 → 0.573200 (-0.017%)
2025-07-26 17:41:03 - __main__ - INFO - 📈 HYPE: 43.863000 → 43.844000 (-0.043%)
2025-07-26 17:41:03 - __main__ - INFO - 🔄 Ciclo #43: 7 ativos | 3 atualizações | 0 transições | 0.07s
2025-07-26 17:41:33 - __main__ - INFO - 📈 BNB: 785.690000 → 785.840000 (+0.019%)
2025-07-26 17:41:33 - __main__ - INFO - 📈 NEAR: 2.911000 → 2.910000 (-0.034%)
2025-07-26 17:41:33 - __main__ - INFO - 📈 IMX: 0.573200 → 0.572800 (-0.070%)
2025-07-26 17:41:33 - __main__ - INFO - 📈 HYPE: 43.844000 → 43.856000 (+0.027%)
2025-07-26 17:41:33 - __main__ - INFO - 📈 ETH: 3746.500000 → 3745.320000 (-0.031%)
2025-07-26 17:41:33 - __main__ - INFO - 🔄 Ciclo #44: 7 ativos | 5 atualizações | 0 transições | 0.10s
2025-07-26 17:43:03 - __main__ - INFO - 📈 BNB: 785.840000 → 785.690000 (-0.019%)
2025-07-26 17:43:03 - __main__ - INFO - 📈 NEAR: 2.910000 → 2.909000 (-0.034%)
2025-07-26 17:43:03 - __main__ - INFO - 📈 IMX: 0.572800 → 0.572400 (-0.070%)
2025-07-26 17:43:03 - __main__ - INFO - 🔄 Ciclo #47: 7 ativos | 3 atualizações | 0 transições | 0.06s
2025-07-26 17:43:33 - __main__ - INFO - 📈 BNB: 785.690000 → 785.940000 (+0.032%)
2025-07-26 17:43:33 - __main__ - INFO - 📈 PEPE: 0.012641 → 0.012673 (+0.248%)
2025-07-26 17:43:33 - __main__ - INFO - 📈 NEAR: 2.909000 → 2.910000 (+0.034%)
2025-07-26 17:43:33 - __main__ - INFO - 📈 IMX: 0.572400 → 0.573000 (+0.105%)
2025-07-26 17:43:33 - __main__ - INFO - 📈 HYPE: 43.856000 → 43.870000 (+0.032%)
2025-07-26 17:43:33 - __main__ - INFO - 📈 ETH: 3745.320000 → 3746.990000 (+0.045%)
2025-07-26 17:43:33 - __main__ - INFO - 📈 BTC: 117924.900000 → 117947.700000 (+0.019%)
2025-07-26 17:43:33 - __main__ - INFO - 🔄 Ciclo #48: 7 ativos | 7 atualizações | 0 transições | 0.10s
2025-07-26 17:44:33 - __main__ - INFO - 📈 BTC: 117947.700000 → 117961.600000 (+0.012%)
2025-07-26 17:44:33 - __main__ - INFO - 🔄 Ciclo #50: 7 ativos | 1 atualizações | 0 transições | 0.09s
2025-07-26 17:45:03 - __main__ - INFO - 📈 PEPE: 0.012673 → 0.012663 (-0.078%)
2025-07-26 17:45:03 - __main__ - INFO - 📈 IMX: 0.573000 → 0.572800 (-0.035%)
2025-07-26 17:45:03 - __main__ - INFO - 📈 HYPE: 43.870000 → 43.881000 (+0.025%)
2025-07-26 17:45:03 - __main__ - INFO - 📈 ETH: 3746.990000 → 3746.550000 (-0.012%)
2025-07-26 17:45:03 - __main__ - INFO - 🔄 Ciclo #51: 7 ativos | 4 atualizações | 0 transições | 0.07s
2025-07-26 17:45:33 - __main__ - INFO - 📈 BNB: 785.940000 → 785.800000 (-0.018%)
2025-07-26 17:45:33 - __main__ - INFO - 📈 PEPE: 0.012663 → 0.012656 (-0.054%)
2025-07-26 17:45:33 - __main__ - INFO - 📈 HYPE: 43.881000 → 43.868000 (-0.030%)
2025-07-26 17:45:33 - __main__ - INFO - 📈 ETH: 3746.550000 → 3744.770000 (-0.048%)
2025-07-26 17:45:33 - __main__ - INFO - 🔄 Ciclo #52: 7 ativos | 4 atualizações | 0 transições | 0.13s
2025-07-26 17:46:33 - __main__ - INFO - 📈 PEPE: 0.012656 → 0.012661 (+0.037%)
2025-07-26 17:46:33 - __main__ - INFO - 📈 IMX: 0.572800 → 0.573100 (+0.052%)
2025-07-26 17:46:33 - __main__ - INFO - 🔄 Ciclo #54: 7 ativos | 2 atualizações | 0 transições | 0.10s
2025-07-26 17:47:04 - __main__ - INFO - 📈 HYPE: 43.868000 → 43.880000 (+0.027%)
2025-07-26 17:47:04 - __main__ - INFO - 📈 ETH: 3744.770000 → 3746.430000 (+0.044%)
2025-07-26 17:47:04 - __main__ - INFO - 📈 BTC: 117961.600000 → 117999.900000 (+0.032%)
2025-07-26 17:47:04 - __main__ - INFO - 🔄 Ciclo #55: 7 ativos | 3 atualizações | 0 transições | 0.12s
2025-07-26 17:47:34 - __main__ - INFO - 📈 PEPE: 0.012661 → 0.012658 (-0.018%)
2025-07-26 17:47:34 - __main__ - INFO - 📈 IMX: 0.573100 → 0.572800 (-0.052%)
2025-07-26 17:47:34 - __main__ - INFO - 📈 ETH: 3746.430000 → 3746.870000 (+0.012%)
2025-07-26 17:47:34 - __main__ - INFO - 📈 BTC: 117999.900000 → 118013.000000 (+0.011%)
2025-07-26 17:47:34 - __main__ - INFO - 🔄 Ciclo #56: 7 ativos | 4 atualizações | 0 transições | 0.08s
2025-07-26 17:48:34 - __main__ - INFO - 📈 BNB: 785.800000 → 785.430000 (-0.047%)
2025-07-26 17:48:34 - __main__ - INFO - 📈 PEPE: 0.012658 → 0.012630 (-0.225%)
2025-07-26 17:48:34 - __main__ - INFO - 📈 NEAR: 2.910000 → 2.905000 (-0.172%)
2025-07-26 17:48:34 - __main__ - INFO - 📈 IMX: 0.572800 → 0.571300 (-0.262%)
2025-07-26 17:48:34 - __main__ - INFO - 📈 HYPE: 43.880000 → 43.857000 (-0.052%)
2025-07-26 17:48:34 - __main__ - INFO - 🔄 Ciclo #58: 7 ativos | 5 atualizações | 0 transições | 0.09s
2025-07-26 17:49:04 - __main__ - INFO - 📈 ETH: 3746.870000 → 3742.830000 (-0.108%)
2025-07-26 17:49:04 - __main__ - INFO - 📈 BTC: 118013.000000 → 117995.900000 (-0.014%)
2025-07-26 17:49:04 - __main__ - INFO - 🔄 Ciclo #59: 7 ativos | 2 atualizações | 0 transições | 0.17s
2025-07-26 17:49:34 - __main__ - INFO - 📈 PEPE: 0.012630 → 0.012628 (-0.014%)
2025-07-26 17:49:34 - __main__ - INFO - 📈 IMX: 0.571300 → 0.571200 (-0.018%)
2025-07-26 17:49:34 - __main__ - INFO - 📈 HYPE: 43.857000 → 43.815000 (-0.096%)
2025-07-26 17:49:34 - __main__ - INFO - 🔄 Ciclo #60: 7 ativos | 3 atualizações | 0 transições | 0.07s
2025-07-26 17:49:34 - __main__ - INFO - 📊 ESTATÍSTICAS HORÁRIAS:
2025-07-26 17:49:34 - __main__ - INFO -    ⏱️ Uptime: 29m
2025-07-26 17:49:34 - __main__ - INFO -    🔄 Verificações: 60
2025-07-26 17:49:34 - __main__ - INFO -    📝 Atualizações: 172
2025-07-26 17:49:34 - __main__ - INFO -    🔄 Transições: 0
2025-07-26 17:49:34 - __main__ - INFO -    🎯 Sinais ativos: 7
2025-07-26 17:49:34 - __main__ - INFO -    ✅ Preços atualizados: 172
2025-07-26 17:49:34 - __main__ - INFO -    ❌ Falhas de preço: 0
2025-07-26 17:49:34 - __main__ - INFO -    🆕 Transições recentes: 0
2025-07-26 17:49:34 - __main__ - INFO -    📊 Símbolos com dados recentes: 10
2025-07-26 17:50:04 - __main__ - INFO - 📈 HYPE: 43.815000 → 43.824000 (+0.021%)
2025-07-26 17:50:04 - __main__ - INFO - 🔄 Ciclo #61: 7 ativos | 1 atualizações | 0 transições | 0.05s
2025-07-26 17:50:34 - __main__ - INFO - 📈 PEPE: 0.012628 → 0.012623 (-0.038%)
2025-07-26 17:50:34 - __main__ - INFO - 📈 NEAR: 2.905000 → 2.906000 (+0.034%)
2025-07-26 17:50:34 - __main__ - INFO - 📈 IMX: 0.571200 → 0.571500 (+0.053%)
2025-07-26 17:50:34 - __main__ - INFO - 🔄 Ciclo #62: 7 ativos | 3 atualizações | 0 transições | 0.08s
2025-07-26 17:51:04 - __main__ - INFO - 📈 BNB: 785.430000 → 785.640000 (+0.027%)
2025-07-26 17:51:04 - __main__ - INFO - 📈 BTC: 117995.900000 → 117929.000000 (-0.057%)
2025-07-26 17:51:04 - __main__ - INFO - 🔄 Ciclo #63: 7 ativos | 2 atualizações | 0 transições | 0.06s
2025-07-26 17:51:34 - __main__ - INFO - 📈 BNB: 785.640000 → 785.550000 (-0.011%)
2025-07-26 17:51:34 - __main__ - INFO - 📈 PEPE: 0.012623 → 0.012618 (-0.040%)
2025-07-26 17:51:34 - __main__ - INFO - 📈 IMX: 0.571500 → 0.571200 (-0.052%)
2025-07-26 17:51:34 - __main__ - INFO - 📈 HYPE: 43.824000 → 43.818000 (-0.014%)
2025-07-26 17:51:34 - __main__ - INFO - 📈 BTC: 117929.000000 → 117905.500000 (-0.020%)
2025-07-26 17:51:34 - __main__ - INFO - 🔄 Ciclo #64: 7 ativos | 5 atualizações | 0 transições | 0.10s
2025-07-26 17:52:34 - __main__ - INFO - 📈 PEPE: 0.012618 → 0.012614 (-0.037%)
2025-07-26 17:52:34 - __main__ - INFO - 📈 IMX: 0.571200 → 0.571100 (-0.018%)
2025-07-26 17:52:35 - __main__ - INFO - 📈 HYPE: 43.818000 → 43.811000 (-0.016%)
2025-07-26 17:52:35 - __main__ - INFO - 🔄 Ciclo #66: 7 ativos | 3 atualizações | 0 transições | 0.07s
2025-07-26 17:53:05 - __main__ - INFO - 📈 BNB: 785.550000 → 785.630000 (+0.010%)
2025-07-26 17:53:05 - __main__ - INFO - 📈 BTC: 117905.500000 → 117888.000000 (-0.015%)
2025-07-26 17:53:05 - __main__ - INFO - 🔄 Ciclo #67: 7 ativos | 2 atualizações | 0 transições | 0.05s
2025-07-26 17:53:35 - __main__ - INFO - 📈 PEPE: 0.012614 → 0.012615 (+0.012%)
2025-07-26 17:53:35 - __main__ - INFO - 📈 NEAR: 2.906000 → 2.905000 (-0.034%)
2025-07-26 17:53:35 - __main__ - INFO - 📈 IMX: 0.571100 → 0.570900 (-0.035%)
2025-07-26 17:53:35 - __main__ - INFO - 📈 HYPE: 43.811000 → 43.777000 (-0.078%)
2025-07-26 17:53:35 - __main__ - INFO - 📈 ETH: 3742.830000 → 3741.880000 (-0.025%)
2025-07-26 17:53:35 - __main__ - INFO - 📈 BTC: 117888.000000 → 117907.200000 (+0.016%)
2025-07-26 17:53:35 - __main__ - INFO - 🔄 Ciclo #68: 7 ativos | 6 atualizações | 0 transições | 0.09s
2025-07-26 17:54:35 - __main__ - INFO - 📈 NEAR: 2.905000 → 2.904000 (-0.034%)
2025-07-26 17:54:35 - __main__ - INFO - 🔄 Ciclo #70: 7 ativos | 1 atualizações | 0 transições | 0.04s
2025-07-26 17:55:05 - __main__ - INFO - 📈 BNB: 785.630000 → 785.780000 (+0.019%)
2025-07-26 17:55:05 - __main__ - INFO - 📈 HYPE: 43.777000 → 43.787000 (+0.023%)
2025-07-26 17:55:05 - __main__ - INFO - 📈 ETH: 3741.880000 → 3743.300000 (+0.038%)
2025-07-26 17:55:05 - __main__ - INFO - 📈 BTC: 117907.200000 → 117949.900000 (+0.036%)
2025-07-26 17:55:05 - __main__ - INFO - 🔄 Ciclo #71: 7 ativos | 4 atualizações | 0 transições | 0.07s
2025-07-26 17:55:35 - __main__ - INFO - 📈 BNB: 785.780000 → 785.990000 (+0.027%)
2025-07-26 17:55:35 - __main__ - INFO - 📈 PEPE: 0.012615 → 0.012625 (+0.078%)
2025-07-26 17:55:35 - __main__ - INFO - 📈 NEAR: 2.904000 → 2.906000 (+0.069%)
2025-07-26 17:55:35 - __main__ - INFO - 📈 IMX: 0.570900 → 0.571400 (+0.088%)
2025-07-26 17:55:35 - __main__ - INFO - 📈 HYPE: 43.787000 → 43.805000 (+0.041%)
2025-07-26 17:55:35 - __main__ - INFO - 📈 ETH: 3743.300000 → 3744.690000 (+0.037%)
2025-07-26 17:55:35 - __main__ - INFO - 📈 BTC: 117949.900000 → 117969.600000 (+0.017%)
2025-07-26 17:55:35 - __main__ - INFO - 🔄 Ciclo #72: 7 ativos | 7 atualizações | 0 transições | 0.11s
2025-07-26 17:56:35 - __main__ - INFO - 📈 BTC: 117969.600000 → 117954.900000 (-0.012%)
2025-07-26 17:56:35 - __main__ - INFO - 🔄 Ciclo #74: 7 ativos | 1 atualizações | 0 transições | 0.08s
2025-07-26 17:57:05 - __main__ - INFO - 📈 BNB: 785.990000 → 785.700000 (-0.037%)
2025-07-26 17:57:05 - __main__ - INFO - 📈 PEPE: 0.012625 → 0.012620 (-0.041%)
2025-07-26 17:57:05 - __main__ - INFO - 📈 NEAR: 2.906000 → 2.905000 (-0.034%)
2025-07-26 17:57:05 - __main__ - INFO - 📈 IMX: 0.571400 → 0.571000 (-0.070%)
2025-07-26 17:57:05 - __main__ - INFO - 📈 HYPE: 43.805000 → 43.814000 (+0.021%)
2025-07-26 17:57:05 - __main__ - INFO - 📈 ETH: 3744.690000 → 3743.340000 (-0.036%)
2025-07-26 17:57:05 - __main__ - INFO - 🔄 Ciclo #75: 7 ativos | 6 atualizações | 0 transições | 0.09s
2025-07-26 17:57:35 - __main__ - INFO - 📈 BNB: 785.700000 → 785.560000 (-0.018%)
2025-07-26 17:57:35 - __main__ - INFO - 📈 PEPE: 0.012620 → 0.012611 (-0.069%)
2025-07-26 17:57:35 - __main__ - INFO - 📈 NEAR: 2.905000 → 2.904000 (-0.034%)
2025-07-26 17:57:35 - __main__ - INFO - 📈 IMX: 0.571000 → 0.570800 (-0.035%)
2025-07-26 17:57:35 - __main__ - INFO - 📈 ETH: 3743.340000 → 3742.470000 (-0.023%)
2025-07-26 17:57:35 - __main__ - INFO - 📈 BTC: 117954.900000 → 117934.300000 (-0.017%)
2025-07-26 17:57:35 - __main__ - INFO - 🔄 Ciclo #76: 7 ativos | 6 atualizações | 0 transições | 0.10s
2025-07-26 17:58:35 - __main__ - INFO - 📈 BTC: 117934.300000 → 117963.200000 (+0.025%)
2025-07-26 17:58:35 - __main__ - INFO - 🔄 Ciclo #78: 7 ativos | 1 atualizações | 0 transições | 0.06s
2025-07-26 17:59:05 - __main__ - INFO - 📈 BNB: 785.560000 → 785.930000 (+0.047%)
2025-07-26 17:59:05 - __main__ - INFO - 📈 PEPE: 0.012611 → 0.012622 (+0.089%)
2025-07-26 17:59:05 - __main__ - INFO - 📈 NEAR: 2.904000 → 2.906000 (+0.069%)
2025-07-26 17:59:05 - __main__ - INFO - 📈 IMX: 0.570800 → 0.571400 (+0.105%)
2025-07-26 17:59:05 - __main__ - INFO - 📈 HYPE: 43.814000 → 43.864000 (+0.114%)
2025-07-26 17:59:05 - __main__ - INFO - 📈 ETH: 3742.470000 → 3745.790000 (+0.089%)
2025-07-26 17:59:05 - __main__ - INFO - 🔄 Ciclo #79: 7 ativos | 6 atualizações | 0 transições | 0.09s
2025-07-26 17:59:35 - __main__ - INFO - 📈 BNB: 785.930000 → 785.720000 (-0.027%)
2025-07-26 17:59:35 - __main__ - INFO - 📈 PEPE: 0.012622 → 0.012614 (-0.063%)
2025-07-26 17:59:35 - __main__ - INFO - 📈 NEAR: 2.906000 → 2.905000 (-0.034%)
2025-07-26 17:59:35 - __main__ - INFO - 📈 IMX: 0.571400 → 0.571000 (-0.070%)
2025-07-26 17:59:36 - __main__ - INFO - 📈 HYPE: 43.864000 → 43.869000 (+0.011%)
2025-07-26 17:59:36 - __main__ - INFO - 🔄 Ciclo #80: 7 ativos | 5 atualizações | 0 transições | 0.08s
2025-07-26 18:00:36 - __main__ - INFO - 📈 ETH: 3745.790000 → 3743.660000 (-0.057%)
2025-07-26 18:00:36 - __main__ - INFO - 📈 BTC: 117963.200000 → 117919.200000 (-0.037%)
2025-07-26 18:00:36 - __main__ - INFO - 🔄 Ciclo #82: 7 ativos | 2 atualizações | 0 transições | 0.14s
2025-07-26 18:01:06 - __main__ - INFO - 📈 BNB: 785.720000 → 785.310000 (-0.052%)
2025-07-26 18:01:06 - __main__ - INFO - 📈 PEPE: 0.012614 → 0.012606 (-0.067%)
2025-07-26 18:01:06 - __main__ - INFO - 📈 NEAR: 2.905000 → 2.903000 (-0.069%)
2025-07-26 18:01:06 - __main__ - INFO - 📈 IMX: 0.571000 → 0.570700 (-0.053%)
2025-07-26 18:01:06 - __main__ - INFO - 📈 HYPE: 43.869000 → 43.839000 (-0.068%)
2025-07-26 18:01:06 - __main__ - INFO - 🔄 Ciclo #83: 7 ativos | 5 atualizações | 0 transições | 0.11s
2025-07-26 18:01:36 - __main__ - INFO - 📈 BNB: 785.310000 → 784.870000 (-0.056%)
2025-07-26 18:01:36 - __main__ - INFO - 📈 PEPE: 0.012606 → 0.012599 (-0.058%)
2025-07-26 18:01:36 - __main__ - INFO - 📈 NEAR: 2.903000 → 2.899000 (-0.138%)
2025-07-26 18:01:36 - __main__ - INFO - 📈 IMX: 0.570700 → 0.569800 (-0.158%)
2025-07-26 18:01:36 - __main__ - INFO - 📈 HYPE: 43.839000 → 43.799000 (-0.091%)
2025-07-26 18:01:36 - __main__ - INFO - 📈 ETH: 3743.660000 → 3740.260000 (-0.091%)
2025-07-26 18:01:36 - __main__ - INFO - 📈 BTC: 117919.200000 → 117852.000000 (-0.057%)
2025-07-26 18:01:36 - __main__ - INFO - 🔄 Ciclo #84: 7 ativos | 7 atualizações | 0 transições | 0.15s
2025-07-26 18:02:06 - __main__ - INFO - 📈 HYPE: 43.799000 → 43.830000 (+0.071%)
2025-07-26 18:02:06 - __main__ - INFO - 🔄 Ciclo #85: 7 ativos | 1 atualizações | 0 transições | 0.08s
2025-07-26 18:02:36 - __main__ - INFO - 📈 NEAR: 2.899000 → 2.900000 (+0.034%)
2025-07-26 18:02:36 - __main__ - INFO - 📈 IMX: 0.569800 → 0.570200 (+0.070%)
2025-07-26 18:02:36 - __main__ - INFO - 🔄 Ciclo #86: 7 ativos | 2 atualizações | 0 transições | 0.07s
2025-07-26 18:03:06 - __main__ - INFO - 📈 BNB: 784.870000 → 785.450000 (+0.074%)
2025-07-26 18:03:06 - __main__ - INFO - 📈 BTC: 117852.000000 → 117893.300000 (+0.035%)
2025-07-26 18:03:06 - __main__ - INFO - 🔄 Ciclo #87: 7 ativos | 2 atualizações | 0 transições | 0.05s
2025-07-26 18:03:36 - __main__ - INFO - 📈 PEPE: 0.012599 → 0.012594 (-0.040%)
2025-07-26 18:03:36 - __main__ - INFO - 📈 NEAR: 2.900000 → 2.899000 (-0.034%)
2025-07-26 18:03:36 - __main__ - INFO - 📈 HYPE: 43.830000 → 43.855000 (+0.057%)
2025-07-26 18:03:36 - __main__ - INFO - 📈 ETH: 3740.260000 → 3739.370000 (-0.024%)
2025-07-26 18:03:36 - __main__ - INFO - 📈 BTC: 117893.300000 → 117918.200000 (+0.021%)
2025-07-26 18:03:36 - __main__ - INFO - 🔄 Ciclo #88: 7 ativos | 5 atualizações | 0 transições | 0.10s
2025-07-26 18:04:06 - __main__ - INFO - 📈 NEAR: 2.899000 → 2.900000 (+0.034%)
2025-07-26 18:04:06 - __main__ - INFO - 📈 HYPE: 43.855000 → 43.863000 (+0.018%)
2025-07-26 18:04:06 - __main__ - INFO - 🔄 Ciclo #89: 7 ativos | 2 atualizações | 0 transições | 0.06s
2025-07-26 18:05:06 - __main__ - INFO - 📈 BNB: 785.450000 → 785.850000 (+0.051%)
2025-07-26 18:05:06 - __main__ - INFO - 📈 IMX: 0.570200 → 0.569900 (-0.053%)
2025-07-26 18:05:06 - __main__ - INFO - 📈 ETH: 3739.370000 → 3738.790000 (-0.016%)
2025-07-26 18:05:06 - __main__ - INFO - 🔄 Ciclo #91: 7 ativos | 3 atualizações | 0 transições | 0.09s
2025-07-26 18:05:36 - __main__ - INFO - 📈 PEPE: 0.012594 → 0.012591 (-0.021%)
2025-07-26 18:05:37 - __main__ - INFO - 📈 NEAR: 2.900000 → 2.901000 (+0.034%)
2025-07-26 18:05:37 - __main__ - INFO - 📈 IMX: 0.569900 → 0.569800 (-0.018%)
2025-07-26 18:05:37 - __main__ - INFO - 📈 ETH: 3738.790000 → 3740.070000 (+0.034%)
2025-07-26 18:05:37 - __main__ - INFO - 📈 BTC: 117918.200000 → 117930.400000 (+0.010%)
2025-07-26 18:05:37 - __main__ - INFO - 🔄 Ciclo #92: 7 ativos | 5 atualizações | 0 transições | 0.13s
2025-07-26 18:06:07 - __main__ - INFO - 📈 PEPE: 0.012591 → 0.012590 (-0.010%)
2025-07-26 18:06:07 - __main__ - INFO - 📈 NEAR: 2.901000 → 2.900000 (-0.034%)
2025-07-26 18:06:07 - __main__ - INFO - 🔄 Ciclo #93: 7 ativos | 2 atualizações | 0 transições | 0.08s
2025-07-26 18:07:07 - __main__ - INFO - 📈 IMX: 0.569800 → 0.569600 (-0.035%)
2025-07-26 18:07:07 - __main__ - INFO - 📈 HYPE: 43.863000 → 43.843000 (-0.046%)
2025-07-26 18:07:07 - __main__ - INFO - 📈 ETH: 3740.070000 → 3738.010000 (-0.055%)
2025-07-26 18:07:07 - __main__ - INFO - 🔄 Ciclo #95: 7 ativos | 3 atualizações | 0 transições | 0.08s
2025-07-26 18:07:37 - __main__ - INFO - 📈 BNB: 785.850000 → 785.950000 (+0.013%)
2025-07-26 18:07:37 - __main__ - INFO - 📈 PEPE: 0.012590 → 0.012586 (-0.029%)
2025-07-26 18:07:37 - __main__ - INFO - 📈 NEAR: 2.900000 → 2.899000 (-0.034%)
2025-07-26 18:07:37 - __main__ - INFO - 📈 IMX: 0.569600 → 0.569700 (+0.018%)
2025-07-26 18:07:37 - __main__ - INFO - 📈 ETH: 3738.010000 → 3739.210000 (+0.032%)
2025-07-26 18:07:37 - __main__ - INFO - 🔄 Ciclo #96: 7 ativos | 5 atualizações | 0 transições | 0.08s
2025-07-26 18:08:37 - __main__ - INFO - 📈 ETH: 3739.210000 → 3740.140000 (+0.025%)
2025-07-26 18:08:37 - __main__ - INFO - 🔄 Ciclo #98: 7 ativos | 1 atualizações | 0 transições | 0.06s
2025-07-26 18:09:07 - __main__ - INFO - 📈 BNB: 785.950000 → 786.230000 (+0.036%)
2025-07-26 18:09:07 - __main__ - INFO - 📈 PEPE: 0.012586 → 0.012592 (+0.051%)
2025-07-26 18:09:07 - __main__ - INFO - 📈 NEAR: 2.899000 → 2.902000 (+0.103%)
2025-07-26 18:09:07 - __main__ - INFO - 🔄 Ciclo #99: 7 ativos | 3 atualizações | 0 transições | 0.06s
2025-07-26 18:09:37 - __main__ - INFO - 📈 BNB: 786.230000 → 786.470000 (+0.031%)
2025-07-26 18:09:37 - __main__ - INFO - 📈 PEPE: 0.012592 → 0.012595 (+0.021%)
2025-07-26 18:09:37 - __main__ - INFO - 📈 NEAR: 2.902000 → 2.899000 (-0.103%)
2025-07-26 18:09:37 - __main__ - INFO - 📈 IMX: 0.569700 → 0.570100 (+0.070%)
2025-07-26 18:09:37 - __main__ - INFO - 📈 HYPE: 43.843000 → 43.858000 (+0.034%)
2025-07-26 18:09:37 - __main__ - INFO - 📈 ETH: 3740.140000 → 3740.750000 (+0.016%)
2025-07-26 18:09:37 - __main__ - INFO - 📈 BTC: 117930.400000 → 117969.200000 (+0.033%)
2025-07-26 18:09:37 - __main__ - WARNING - 🛑 BNB: ACTIVE → STOP_HIT | Preço: 786.470000 | Preço atingiu Stop Loss: 786.350000
2025-07-26 18:09:37 - __main__ - INFO - 🔄 Ciclo #100: 7 ativos | 7 atualizações | 1 transições | 0.12s
2025-07-26 18:11:07 - __main__ - INFO - 📈 PEPE: 0.012595 → 0.012600 (+0.040%)
2025-07-26 18:11:07 - __main__ - INFO - 📈 IMX: 0.570100 → 0.570000 (-0.018%)
2025-07-26 18:11:07 - __main__ - INFO - 📈 HYPE: 43.858000 → 43.863000 (+0.011%)
2025-07-26 18:11:07 - __main__ - INFO - 🔄 Ciclo #103: 6 ativos | 3 atualizações | 0 transições | 0.07s
2025-07-26 18:11:37 - __main__ - INFO - 📈 PEPE: 0.012600 → 0.012592 (-0.062%)
2025-07-26 18:11:37 - __main__ - INFO - 📈 NEAR: 2.899000 → 2.898000 (-0.034%)
2025-07-26 18:11:37 - __main__ - INFO - 📈 IMX: 0.570000 → 0.569900 (-0.018%)
2025-07-26 18:11:37 - __main__ - INFO - 📈 HYPE: 43.863000 → 43.849000 (-0.032%)
2025-07-26 18:11:37 - __main__ - INFO - 📈 BTC: 117969.200000 → 117956.200000 (-0.011%)
2025-07-26 18:11:37 - __main__ - INFO - 🔄 Ciclo #104: 6 ativos | 5 atualizações | 0 transições | 0.08s
2025-07-26 18:12:07 - __main__ - INFO - 📈 NEAR: 2.898000 → 2.896000 (-0.069%)
2025-07-26 18:12:07 - __main__ - INFO - 🔄 Ciclo #105: 6 ativos | 1 atualizações | 0 transições | 0.08s
2025-07-26 18:12:38 - __main__ - INFO - 📈 ETH: 3740.750000 → 3740.270000 (-0.013%)
2025-07-26 18:12:38 - __main__ - INFO - 🔄 Ciclo #106: 6 ativos | 1 atualizações | 0 transições | 0.05s
2025-07-26 18:13:08 - __main__ - INFO - 📈 PEPE: 0.012592 → 0.012595 (+0.025%)
2025-07-26 18:13:08 - __main__ - INFO - 📈 IMX: 0.569900 → 0.569400 (-0.088%)
2025-07-26 18:13:08 - __main__ - INFO - 🔄 Ciclo #107: 6 ativos | 2 atualizações | 0 transições | 0.04s
2025-07-26 18:13:38 - __main__ - INFO - 📈 PEPE: 0.012595 → 0.012587 (-0.064%)
2025-07-26 18:13:38 - __main__ - INFO - 📈 NEAR: 2.896000 → 2.894000 (-0.069%)
2025-07-26 18:13:38 - __main__ - INFO - 📈 IMX: 0.569400 → 0.569300 (-0.018%)
2025-07-26 18:13:38 - __main__ - INFO - 📈 HYPE: 43.849000 → 43.842000 (-0.016%)
2025-07-26 18:13:38 - __main__ - INFO - 📈 ETH: 3740.270000 → 3740.760000 (+0.013%)
2025-07-26 18:13:38 - __main__ - INFO - 🔄 Ciclo #108: 6 ativos | 5 atualizações | 0 transições | 0.08s
2025-07-26 18:14:38 - __main__ - INFO - 📈 ETH: 3740.760000 → 3740.110000 (-0.017%)
2025-07-26 18:14:38 - __main__ - INFO - 📈 BTC: 117956.200000 → 117905.000000 (-0.043%)
2025-07-26 18:14:38 - __main__ - INFO - 🔄 Ciclo #110: 6 ativos | 2 atualizações | 0 transições | 0.05s
2025-07-26 18:15:08 - __main__ - INFO - 📈 NEAR: 2.894000 → 2.893000 (-0.035%)
2025-07-26 18:15:08 - __main__ - INFO - 📈 IMX: 0.569300 → 0.569000 (-0.053%)
2025-07-26 18:15:08 - __main__ - INFO - 🔄 Ciclo #111: 6 ativos | 2 atualizações | 0 transições | 0.04s
2025-07-26 18:15:38 - __main__ - INFO - 📈 PEPE: 0.012587 → 0.012563 (-0.197%)
2025-07-26 18:15:38 - __main__ - INFO - 📈 NEAR: 2.893000 → 2.890000 (-0.104%)
2025-07-26 18:15:38 - __main__ - INFO - 📈 IMX: 0.569000 → 0.568700 (-0.053%)
2025-07-26 18:15:38 - __main__ - INFO - 📈 HYPE: 43.842000 → 43.832000 (-0.023%)
2025-07-26 18:15:38 - __main__ - INFO - 📈 ETH: 3740.110000 → 3736.960000 (-0.084%)
2025-07-26 18:15:38 - __main__ - INFO - 📈 BTC: 117905.000000 → 117857.700000 (-0.040%)
2025-07-26 18:15:38 - __main__ - INFO - 🔄 Ciclo #112: 7 ativos | 6 atualizações | 0 transições | 0.12s
2025-07-26 18:16:38 - __main__ - INFO - 📈 BNB: 786.340000 → 786.440000 (+0.013%)
2025-07-26 18:16:38 - __main__ - INFO - 📈 ETH: 3736.960000 → 3738.680000 (+0.046%)
2025-07-26 18:16:38 - __main__ - INFO - 📈 BTC: 117857.700000 → 117908.200000 (+0.043%)
2025-07-26 18:16:38 - __main__ - WARNING - 🛑 BNB: ACTIVE → STOP_HIT | Preço: 786.440000 | Preço atingiu Stop Loss: 786.350000
2025-07-26 18:16:38 - __main__ - INFO - 🔄 Ciclo #114: 7 ativos | 3 atualizações | 1 transições | 0.11s
2025-07-26 18:17:08 - __main__ - INFO - 📈 PEPE: 0.012563 → 0.012578 (+0.120%)
2025-07-26 18:17:08 - __main__ - INFO - 📈 NEAR: 2.890000 → 2.894000 (+0.138%)
2025-07-26 18:17:08 - __main__ - INFO - 📈 IMX: 0.568700 → 0.569300 (+0.106%)
2025-07-26 18:17:08 - __main__ - INFO - 📈 HYPE: 43.832000 → 43.858000 (+0.059%)
2025-07-26 18:17:08 - __main__ - INFO - 🔄 Ciclo #115: 6 ativos | 4 atualizações | 0 transições | 0.10s
2025-07-26 18:17:38 - __main__ - INFO - 📈 PEPE: 0.012578 → 0.012586 (+0.068%)
2025-07-26 18:17:38 - __main__ - INFO - 📈 NEAR: 2.894000 → 2.895000 (+0.035%)
2025-07-26 18:17:38 - __main__ - INFO - 📈 IMX: 0.569300 → 0.569700 (+0.070%)
2025-07-26 18:17:38 - __main__ - INFO - 📈 HYPE: 43.858000 → 43.867000 (+0.021%)
2025-07-26 18:17:38 - __main__ - INFO - 📈 ETH: 3738.680000 → 3741.170000 (+0.067%)
2025-07-26 18:17:38 - __main__ - INFO - 🔄 Ciclo #116: 6 ativos | 5 atualizações | 0 transições | 0.08s
2025-07-26 18:18:08 - __main__ - INFO - 📈 PEPE: 0.012586 → 0.012588 (+0.015%)
2025-07-26 18:18:08 - __main__ - INFO - 🔄 Ciclo #117: 6 ativos | 1 atualizações | 0 transições | 0.04s
2025-07-26 18:18:38 - __main__ - INFO - 📈 ETH: 3741.170000 → 3740.190000 (-0.026%)
2025-07-26 18:18:38 - __main__ - INFO - 🔄 Ciclo #118: 6 ativos | 1 atualizações | 0 transições | 0.04s
2025-07-26 18:19:08 - __main__ - INFO - 📈 NEAR: 2.895000 → 2.896000 (+0.035%)
2025-07-26 18:19:08 - __main__ - INFO - 📈 IMX: 0.569700 → 0.569800 (+0.018%)
2025-07-26 18:19:08 - __main__ - INFO - 🔄 Ciclo #119: 6 ativos | 2 atualizações | 0 transições | 0.06s
2025-07-26 18:19:38 - __main__ - INFO - 📈 NEAR: 2.896000 → 2.897000 (+0.035%)
2025-07-26 18:19:38 - __main__ - INFO - 📈 IMX: 0.569800 → 0.569600 (-0.035%)
2025-07-26 18:19:38 - __main__ - INFO - 📈 HYPE: 43.867000 → 43.872000 (+0.011%)
2025-07-26 18:19:38 - __main__ - INFO - 📈 ETH: 3740.190000 → 3740.810000 (+0.017%)
2025-07-26 18:19:38 - __main__ - INFO - 🔄 Ciclo #120: 6 ativos | 4 atualizações | 0 transições | 0.07s
2025-07-26 18:19:38 - __main__ - INFO - 📊 ESTATÍSTICAS HORÁRIAS:
2025-07-26 18:19:38 - __main__ - INFO -    ⏱️ Uptime: 59m
2025-07-26 18:19:38 - __main__ - INFO -    🔄 Verificações: 120
2025-07-26 18:19:38 - __main__ - INFO -    📝 Atualizações: 333
2025-07-26 18:19:38 - __main__ - INFO -    🔄 Transições: 2
2025-07-26 18:19:38 - __main__ - INFO -    🎯 Sinais ativos: 6
2025-07-26 18:19:38 - __main__ - INFO -    ✅ Preços atualizados: 333
2025-07-26 18:19:38 - __main__ - INFO -    ❌ Falhas de preço: 0
2025-07-26 18:19:38 - __main__ - INFO -    🆕 Transições recentes: 0
2025-07-26 18:19:38 - __main__ - INFO -    📊 Símbolos com dados recentes: 10
2025-07-26 18:20:39 - __main__ - INFO - 📈 HYPE: 43.872000 → 43.855000 (-0.039%)
2025-07-26 18:20:39 - __main__ - INFO - 📈 ETH: 3740.810000 → 3739.660000 (-0.031%)
2025-07-26 18:20:39 - __main__ - INFO - 🔄 Ciclo #122: 6 ativos | 2 atualizações | 0 transições | 0.10s
2025-07-26 18:21:09 - __main__ - INFO - 📈 PEPE: 0.012588 → 0.012585 (-0.026%)
2025-07-26 18:21:09 - __main__ - INFO - 📈 NEAR: 2.897000 → 2.895000 (-0.069%)
2025-07-26 18:21:09 - __main__ - INFO - 📈 IMX: 0.569600 → 0.569500 (-0.018%)
2025-07-26 18:21:09 - __main__ - INFO - 🔄 Ciclo #123: 6 ativos | 3 atualizações | 0 transições | 0.08s
2025-07-26 18:21:39 - __main__ - INFO - 📈 PEPE: 0.012585 → 0.012576 (-0.072%)
2025-07-26 18:21:39 - __main__ - INFO - 📈 NEAR: 2.895000 → 2.893000 (-0.069%)
2025-07-26 18:21:39 - __main__ - INFO - 📈 IMX: 0.569500 → 0.569400 (-0.018%)
2025-07-26 18:21:39 - __main__ - INFO - 📈 HYPE: 43.855000 → 43.869000 (+0.032%)
2025-07-26 18:21:39 - __main__ - INFO - 📈 BTC: 117908.200000 → 117893.800000 (-0.012%)
2025-07-26 18:21:39 - __main__ - INFO - 🔄 Ciclo #124: 6 ativos | 5 atualizações | 0 transições | 0.13s
2025-07-26 18:22:39 - __main__ - INFO - 📈 HYPE: 43.869000 → 43.877000 (+0.018%)
2025-07-26 18:22:39 - __main__ - INFO - 📈 BTC: 117893.800000 → 117906.100000 (+0.010%)
2025-07-26 18:22:39 - __main__ - INFO - 🔄 Ciclo #126: 6 ativos | 2 atualizações | 0 transições | 0.07s
2025-07-26 18:23:09 - __main__ - INFO - 📈 NEAR: 2.893000 → 2.894000 (+0.035%)
2025-07-26 18:23:09 - __main__ - INFO - 🔄 Ciclo #127: 6 ativos | 1 atualizações | 0 transições | 0.03s
2025-07-26 18:23:39 - __main__ - INFO - 📈 PEPE: 0.012576 → 0.012581 (+0.040%)
2025-07-26 18:23:39 - __main__ - INFO - 📈 IMX: 0.569400 → 0.569800 (+0.070%)
2025-07-26 18:23:39 - __main__ - INFO - 📈 ETH: 3739.660000 → 3740.440000 (+0.021%)
2025-07-26 18:23:39 - __main__ - INFO - 🔄 Ciclo #128: 6 ativos | 3 atualizações | 0 transições | 0.06s
2025-07-26 18:24:39 - __main__ - INFO - 📈 PEPE: 0.012581 → 0.012579 (-0.012%)
2025-07-26 18:24:39 - __main__ - INFO - 📈 NEAR: 2.894000 → 2.895000 (+0.035%)
2025-07-26 18:24:39 - __main__ - INFO - 📈 IMX: 0.569800 → 0.569600 (-0.035%)
2025-07-26 18:24:39 - __main__ - INFO - 📈 HYPE: 43.877000 → 43.869000 (-0.018%)
2025-07-26 18:24:39 - __main__ - INFO - 📈 ETH: 3740.440000 → 3741.400000 (+0.026%)
2025-07-26 18:24:39 - __main__ - INFO - 🔄 Ciclo #130: 6 ativos | 5 atualizações | 0 transições | 0.08s
2025-07-26 18:25:39 - __main__ - INFO - 📈 PEPE: 0.012579 → 0.012586 (+0.053%)
2025-07-26 18:25:39 - __main__ - INFO - 📈 IMX: 0.569600 → 0.569800 (+0.035%)
2025-07-26 18:25:39 - __main__ - INFO - 📈 HYPE: 43.869000 → 43.893000 (+0.055%)
2025-07-26 18:25:39 - __main__ - INFO - 📈 ETH: 3741.400000 → 3742.660000 (+0.034%)
2025-07-26 18:25:39 - __main__ - INFO - 🔄 Ciclo #132: 6 ativos | 4 atualizações | 0 transições | 0.08s
2025-07-26 18:26:40 - __main__ - INFO - 📈 PEPE: 0.012586 → 0.012597 (+0.083%)
2025-07-26 18:26:40 - __main__ - INFO - 📈 NEAR: 2.895000 → 2.899000 (+0.138%)
2025-07-26 18:26:40 - __main__ - INFO - 📈 IMX: 0.569800 → 0.570300 (+0.088%)
2025-07-26 18:26:40 - __main__ - INFO - 📈 HYPE: 43.893000 → 43.925000 (+0.073%)
2025-07-26 18:26:40 - __main__ - INFO - 📈 ETH: 3742.660000 → 3743.380000 (+0.019%)
2025-07-26 18:26:40 - __main__ - INFO - 🔄 Ciclo #134: 6 ativos | 5 atualizações | 0 transições | 0.08s
2025-07-26 18:27:10 - __main__ - INFO - 📈 BTC: 117906.100000 → 117921.700000 (+0.013%)
2025-07-26 18:27:10 - __main__ - INFO - 🔄 Ciclo #135: 6 ativos | 1 atualizações | 0 transições | 0.04s
2025-07-26 18:27:40 - __main__ - INFO - 📈 PEPE: 0.012597 → 0.012594 (-0.022%)
2025-07-26 18:27:40 - __main__ - INFO - 📈 IMX: 0.570300 → 0.570100 (-0.035%)
2025-07-26 18:27:40 - __main__ - INFO - 📈 HYPE: 43.925000 → 43.957000 (+0.073%)
2025-07-26 18:27:40 - __main__ - INFO - 📈 ETH: 3743.380000 → 3741.020000 (-0.063%)
2025-07-26 18:27:40 - __main__ - INFO - 🔄 Ciclo #136: 6 ativos | 4 atualizações | 0 transições | 0.08s
2025-07-26 18:28:40 - __main__ - INFO - 📈 PEPE: 0.012594 → 0.012603 (+0.073%)
2025-07-26 18:28:40 - __main__ - INFO - 📈 NEAR: 2.899000 → 2.900000 (+0.034%)
2025-07-26 18:28:40 - __main__ - INFO - 📈 IMX: 0.570100 → 0.570200 (+0.018%)
2025-07-26 18:28:40 - __main__ - INFO - 📈 ETH: 3741.020000 → 3742.670000 (+0.044%)
2025-07-26 18:28:40 - __main__ - INFO - 🔄 Ciclo #138: 6 ativos | 4 atualizações | 0 transições | 0.06s
2025-07-26 18:29:40 - __main__ - INFO - 📈 PEPE: 0.012603 → 0.012608 (+0.038%)
2025-07-26 18:29:40 - __main__ - INFO - 📈 NEAR: 2.900000 → 2.902000 (+0.069%)
2025-07-26 18:29:40 - __main__ - INFO - 📈 IMX: 0.570200 → 0.570400 (+0.035%)
2025-07-26 18:29:40 - __main__ - INFO - 📈 HYPE: 43.957000 → 43.971000 (+0.032%)
2025-07-26 18:29:40 - __main__ - INFO - 🔄 Ciclo #140: 6 ativos | 4 atualizações | 0 transições | 0.07s
2025-07-26 18:30:40 - __main__ - INFO - 📈 NEAR: 2.902000 → 2.900000 (-0.069%)
2025-07-26 18:30:40 - __main__ - INFO - 📈 IMX: 0.570400 → 0.570100 (-0.053%)
2025-07-26 18:30:40 - __main__ - INFO - 📈 HYPE: 43.971000 → 43.962000 (-0.020%)
2025-07-26 18:30:40 - __main__ - INFO - 📈 ETH: 3742.670000 → 3741.890000 (-0.021%)
2025-07-26 18:30:41 - __main__ - INFO - 🔄 Ciclo #142: 8 ativos | 4 atualizações | 0 transições | 0.15s
2025-07-26 18:31:11 - __main__ - INFO - 📈 ENA: 0.592400 → 0.591600 (-0.135%)
2025-07-26 18:31:11 - __main__ - INFO - 📈 BNB: 787.700000 → 787.990000 (+0.037%)
2025-07-26 18:31:11 - __main__ - INFO - 📈 ETH: 3741.890000 → 3743.370000 (+0.040%)
2025-07-26 18:31:11 - __main__ - INFO - 📈 BTC: 117921.700000 → 117950.000000 (+0.024%)
2025-07-26 18:31:11 - __main__ - INFO - 🔄 Ciclo #143: 8 ativos | 4 atualizações | 0 transições | 0.14s
2025-07-26 18:31:41 - __main__ - INFO - 📈 PEPE: 0.012608 → 0.012612 (+0.036%)
2025-07-26 18:31:41 - __main__ - INFO - 📈 NEAR: 2.900000 → 2.902000 (+0.069%)
2025-07-26 18:31:41 - __main__ - INFO - 📈 IMX: 0.570100 → 0.570300 (+0.035%)
2025-07-26 18:31:41 - __main__ - INFO - 📈 HYPE: 43.962000 → 43.974000 (+0.027%)
2025-07-26 18:31:41 - __main__ - INFO - 🔄 Ciclo #144: 8 ativos | 4 atualizações | 0 transições | 0.14s
2025-07-26 18:32:41 - __main__ - INFO - 📈 ENA: 0.591600 → 0.590200 (-0.237%)
2025-07-26 18:32:41 - __main__ - INFO - 📈 BNB: 787.990000 → 788.490000 (+0.063%)
2025-07-26 18:32:41 - __main__ - INFO - 📈 PEPE: 0.012612 → 0.012610 (-0.017%)
2025-07-26 18:32:41 - __main__ - INFO - 📈 NEAR: 2.902000 → 2.903000 (+0.034%)
2025-07-26 18:32:41 - __main__ - INFO - 📈 BTC: 117950.000000 → 117935.200000 (-0.013%)
2025-07-26 18:32:41 - __main__ - INFO - 🎯 ENA: ACTIVE → TARGET_1_HIT | Preço: 0.590200 | Preço atingiu Target 1: 0.591100
2025-07-26 18:32:41 - __main__ - INFO - 🔄 Ciclo #146: 8 ativos | 5 atualizações | 1 transições | 0.09s
2025-07-26 18:33:41 - __main__ - INFO - 📈 PEPE: 0.012610 → 0.012612 (+0.013%)
2025-07-26 18:33:41 - __main__ - INFO - 📈 NEAR: 2.903000 → 2.902000 (-0.034%)
2025-07-26 18:33:41 - __main__ - INFO - 📈 HYPE: 43.974000 → 43.980000 (+0.014%)
2025-07-26 18:33:41 - __main__ - INFO - 🔄 Ciclo #148: 7 ativos | 3 atualizações | 0 transições | 0.08s
2025-07-26 18:34:41 - __main__ - INFO - 📈 PEPE: 0.012612 → 0.012614 (+0.019%)
2025-07-26 18:34:41 - __main__ - INFO - 📈 NEAR: 2.902000 → 2.903000 (+0.034%)
2025-07-26 18:34:41 - __main__ - INFO - 📈 IMX: 0.570300 → 0.570400 (+0.018%)
2025-07-26 18:34:41 - __main__ - INFO - 📈 HYPE: 43.980000 → 44.000000 (+0.045%)
2025-07-26 18:34:41 - __main__ - INFO - 📈 ETH: 3743.370000 → 3745.970000 (+0.069%)
2025-07-26 18:34:41 - __main__ - INFO - 🔄 Ciclo #150: 7 ativos | 5 atualizações | 0 transições | 0.08s
2025-07-26 18:35:11 - __main__ - INFO - 📈 PEPE: 0.012614 → 0.012623 (+0.071%)
2025-07-26 18:35:11 - __main__ - INFO - 📈 HYPE: 44.000000 → 43.995000 (-0.011%)
2025-07-26 18:35:11 - __main__ - INFO - 📈 ETH: 3745.970000 → 3749.590000 (+0.097%)
2025-07-26 18:35:11 - __main__ - INFO - 📈 BTC: 117935.200000 → 117971.600000 (+0.031%)
2025-07-26 18:35:11 - __main__ - INFO - 🔄 Ciclo #151: 7 ativos | 4 atualizações | 0 transições | 0.08s
2025-07-26 18:35:41 - __main__ - INFO - 📈 NEAR: 2.903000 → 2.905000 (+0.069%)
2025-07-26 18:35:41 - __main__ - INFO - 📈 IMX: 0.570400 → 0.570800 (+0.070%)
2025-07-26 18:35:41 - __main__ - INFO - 🔄 Ciclo #152: 7 ativos | 2 atualizações | 0 transições | 0.07s
2025-07-26 18:36:41 - __main__ - INFO - 📈 PEPE: 0.012623 → 0.012617 (-0.051%)
2025-07-26 18:36:41 - __main__ - INFO - 📈 NEAR: 2.905000 → 2.903000 (-0.069%)
2025-07-26 18:36:41 - __main__ - INFO - 📈 IMX: 0.570800 → 0.570600 (-0.035%)
2025-07-26 18:36:42 - __main__ - INFO - 📈 HYPE: 43.995000 → 43.989000 (-0.014%)
2025-07-26 18:36:42 - __main__ - INFO - 📈 ETH: 3749.590000 → 3747.360000 (-0.059%)
2025-07-26 18:36:42 - __main__ - INFO - 🔄 Ciclo #154: 7 ativos | 5 atualizações | 0 transições | 0.09s
2025-07-26 18:37:12 - __main__ - INFO - 📈 BNB: 788.490000 → 788.370000 (-0.015%)
2025-07-26 18:37:12 - __main__ - INFO - 📈 HYPE: 43.989000 → 44.012000 (+0.052%)
2025-07-26 18:37:12 - __main__ - INFO - 📈 ETH: 3747.360000 → 3748.070000 (+0.019%)
2025-07-26 18:37:12 - __main__ - INFO - 🔄 Ciclo #155: 7 ativos | 3 atualizações | 0 transições | 0.08s
2025-07-26 18:37:42 - __main__ - INFO - 📈 NEAR: 2.903000 → 2.901000 (-0.069%)
2025-07-26 18:37:42 - __main__ - INFO - 📈 IMX: 0.570600 → 0.570400 (-0.035%)
2025-07-26 18:37:42 - __main__ - INFO - 🔄 Ciclo #156: 7 ativos | 2 atualizações | 0 transições | 0.08s
2025-07-26 18:38:42 - __main__ - INFO - 📈 PEPE: 0.012617 → 0.012610 (-0.052%)
2025-07-26 18:38:42 - __main__ - INFO - 📈 IMX: 0.570400 → 0.570100 (-0.053%)
2025-07-26 18:38:42 - __main__ - INFO - 📈 HYPE: 44.012000 → 44.030000 (+0.041%)
2025-07-26 18:38:42 - __main__ - INFO - 📈 BTC: 117971.600000 → 117900.100000 (-0.061%)
2025-07-26 18:38:42 - __main__ - INFO - 🔄 Ciclo #158: 7 ativos | 4 atualizações | 0 transições | 0.07s
2025-07-26 18:39:12 - __main__ - INFO - 📈 BNB: 788.370000 → 788.540000 (+0.022%)
2025-07-26 18:39:12 - __main__ - INFO - 📈 PEPE: 0.012610 → 0.012613 (+0.020%)
2025-07-26 18:39:12 - __main__ - INFO - 📈 IMX: 0.570100 → 0.570000 (-0.018%)
2025-07-26 18:39:12 - __main__ - INFO - 🔄 Ciclo #159: 7 ativos | 3 atualizações | 0 transições | 0.06s
2025-07-26 18:40:42 - __main__ - INFO - 📈 PEPE: 0.012613 → 0.012617 (+0.036%)
2025-07-26 18:40:42 - __main__ - INFO - 📈 NEAR: 2.901000 → 2.902000 (+0.034%)
2025-07-26 18:40:42 - __main__ - INFO - 📈 IMX: 0.570000 → 0.570300 (+0.053%)
2025-07-26 18:40:42 - __main__ - INFO - 📈 ETH: 3748.070000 → 3748.740000 (+0.018%)
2025-07-26 18:40:42 - __main__ - INFO - 📈 BTC: 117900.100000 → 117917.800000 (+0.015%)
2025-07-26 18:40:42 - __main__ - INFO - 🔄 Ciclo #162: 7 ativos | 5 atualizações | 0 transições | 0.10s
2025-07-26 18:41:12 - __main__ - INFO - 📈 PEPE: 0.012617 → 0.012614 (-0.029%)
2025-07-26 18:41:12 - __main__ - INFO - 🔄 Ciclo #163: 7 ativos | 1 atualizações | 0 transições | 0.05s
2025-07-26 18:41:42 - __main__ - INFO - 📈 BNB: 788.540000 → 788.370000 (-0.022%)
2025-07-26 18:41:42 - __main__ - INFO - 📈 ETH: 3748.740000 → 3747.810000 (-0.025%)
2025-07-26 18:41:42 - __main__ - INFO - 📈 BTC: 117917.800000 → 117904.500000 (-0.011%)
2025-07-26 18:41:42 - __main__ - INFO - 🔄 Ciclo #164: 7 ativos | 3 atualizações | 0 transições | 0.08s
2025-07-26 18:42:42 - __main__ - INFO - 📈 PEPE: 0.012614 → 0.012612 (-0.013%)
2025-07-26 18:42:42 - __main__ - INFO - 📈 HYPE: 44.030000 → 44.024000 (-0.014%)
2025-07-26 18:42:42 - __main__ - INFO - 📈 ETH: 3747.810000 → 3748.250000 (+0.012%)
2025-07-26 18:42:42 - __main__ - INFO - 📈 BTC: 117904.500000 → 117935.100000 (+0.026%)
2025-07-26 18:42:42 - __main__ - INFO - 🔄 Ciclo #166: 7 ativos | 4 atualizações | 0 transições | 0.08s
2025-07-26 18:43:12 - __main__ - INFO - 📈 NEAR: 2.902000 → 2.900000 (-0.069%)
2025-07-26 18:43:12 - __main__ - INFO - 📈 IMX: 0.570300 → 0.570200 (-0.018%)
2025-07-26 18:43:12 - __main__ - INFO - 🔄 Ciclo #167: 7 ativos | 2 atualizações | 0 transições | 0.05s
2025-07-26 18:43:42 - __main__ - INFO - 📈 BNB: 788.370000 → 788.140000 (-0.029%)
2025-07-26 18:43:42 - __main__ - INFO - 📈 ETH: 3748.250000 → 3747.670000 (-0.015%)
2025-07-26 18:43:42 - __main__ - INFO - 📈 BTC: 117935.100000 → 117911.700000 (-0.020%)
2025-07-26 18:43:42 - __main__ - INFO - 🔄 Ciclo #168: 7 ativos | 3 atualizações | 0 transições | 0.08s
2025-07-26 18:44:12 - __main__ - INFO - 📈 PEPE: 0.012612 → 0.012610 (-0.018%)
2025-07-26 18:44:12 - __main__ - INFO - 🔄 Ciclo #169: 7 ativos | 1 atualizações | 0 transições | 0.04s
2025-07-26 18:44:42 - __main__ - INFO - 📈 BNB: 788.140000 → 788.530000 (+0.049%)
2025-07-26 18:44:43 - __main__ - INFO - 📈 PEPE: 0.012610 → 0.012608 (-0.014%)
2025-07-26 18:44:43 - __main__ - INFO - 📈 NEAR: 2.900000 → 2.898000 (-0.069%)
2025-07-26 18:44:43 - __main__ - INFO - 📈 ETH: 3747.670000 → 3745.940000 (-0.046%)
2025-07-26 18:44:43 - __main__ - INFO - 📈 BTC: 117911.700000 → 117933.600000 (+0.019%)
2025-07-26 18:44:43 - __main__ - INFO - 🔄 Ciclo #170: 7 ativos | 5 atualizações | 0 transições | 0.08s
2025-07-26 18:45:13 - __main__ - INFO - 📈 IMX: 0.570200 → 0.571000 (+0.140%)
2025-07-26 18:45:13 - __main__ - INFO - 🔄 Ciclo #171: 7 ativos | 1 atualizações | 0 transições | 0.04s
2025-07-26 18:45:43 - __main__ - INFO - 📈 HYPE: 44.024000 → 44.017000 (-0.016%)
2025-07-26 18:45:43 - __main__ - INFO - 🔄 Ciclo #172: 7 ativos | 1 atualizações | 0 transições | 0.05s
2025-07-26 18:46:13 - __main__ - INFO - 📈 NEAR: 2.898000 → 2.900000 (+0.069%)
2025-07-26 18:46:13 - __main__ - INFO - 🔄 Ciclo #173: 7 ativos | 1 atualizações | 0 transições | 0.05s
2025-07-26 18:46:43 - __main__ - INFO - 📈 BNB: 788.530000 → 788.640000 (+0.014%)
2025-07-26 18:46:43 - __main__ - INFO - 📈 PEPE: 0.012608 → 0.012609 (+0.012%)
2025-07-26 18:46:43 - __main__ - INFO - 📈 IMX: 0.571000 → 0.571200 (+0.035%)
2025-07-26 18:46:43 - __main__ - INFO - 📈 ETH: 3745.940000 → 3745.510000 (-0.011%)
2025-07-26 18:46:43 - __main__ - INFO - 🔄 Ciclo #174: 7 ativos | 4 atualizações | 0 transições | 0.10s
2025-07-26 18:47:13 - __main__ - INFO - 📈 NEAR: 2.900000 → 2.904000 (+0.138%)
2025-07-26 18:47:13 - __main__ - INFO - 📈 IMX: 0.571200 → 0.570800 (-0.070%)
2025-07-26 18:47:13 - __main__ - INFO - 📈 HYPE: 44.017000 → 44.034000 (+0.039%)
2025-07-26 18:47:13 - __main__ - INFO - 🔄 Ciclo #175: 7 ativos | 3 atualizações | 0 transições | 0.15s
2025-07-26 18:47:43 - __main__ - INFO - 📈 ETH: 3745.510000 → 3747.910000 (+0.064%)
2025-07-26 18:47:43 - __main__ - INFO - 🔄 Ciclo #176: 7 ativos | 1 atualizações | 0 transições | 0.05s
2025-07-26 18:48:43 - __main__ - INFO - 📈 PEPE: 0.012609 → 0.012606 (-0.025%)
2025-07-26 18:48:43 - __main__ - INFO - 📈 NEAR: 2.904000 → 2.905000 (+0.034%)
2025-07-26 18:48:43 - __main__ - INFO - 🔄 Ciclo #178: 7 ativos | 2 atualizações | 0 transições | 0.07s
2025-07-26 18:49:13 - __main__ - INFO - 📈 PEPE: 0.012606 → 0.012614 (+0.058%)
2025-07-26 18:49:13 - __main__ - INFO - 📈 NEAR: 2.905000 → 2.904000 (-0.034%)
2025-07-26 18:49:13 - __main__ - INFO - 📈 HYPE: 44.034000 → 44.076000 (+0.095%)
2025-07-26 18:49:13 - __main__ - INFO - 🔄 Ciclo #179: 7 ativos | 3 atualizações | 0 transições | 0.06s
2025-07-26 18:49:43 - __main__ - INFO - 📈 ETH: 3747.910000 → 3749.000000 (+0.029%)
2025-07-26 18:49:43 - __main__ - INFO - 🔄 Ciclo #180: 7 ativos | 1 atualizações | 0 transições | 0.05s
2025-07-26 18:49:43 - __main__ - INFO - 📊 ESTATÍSTICAS HORÁRIAS:
2025-07-26 18:49:43 - __main__ - INFO -    ⏱️ Uptime: 1h 29m
2025-07-26 18:49:43 - __main__ - INFO -    🔄 Verificações: 180
2025-07-26 18:49:43 - __main__ - INFO -    📝 Atualizações: 465
2025-07-26 18:49:43 - __main__ - INFO -    🔄 Transições: 3
2025-07-26 18:49:43 - __main__ - INFO -    🎯 Sinais ativos: 7
2025-07-26 18:49:43 - __main__ - INFO -    ✅ Preços atualizados: 465
2025-07-26 18:49:43 - __main__ - INFO -    ❌ Falhas de preço: 0
2025-07-26 18:49:43 - __main__ - INFO -    🆕 Transições recentes: 0
2025-07-26 18:49:43 - __main__ - INFO -    📊 Símbolos com dados recentes: 10
2025-07-26 18:50:43 - __main__ - INFO - 📈 BNB: 788.640000 → 788.760000 (+0.015%)
2025-07-26 18:50:43 - __main__ - INFO - 📈 PEPE: 0.012614 → 0.012615 (+0.014%)
2025-07-26 18:50:43 - __main__ - INFO - 📈 NEAR: 2.904000 → 2.906000 (+0.069%)
2025-07-26 18:50:43 - __main__ - INFO - 📈 IMX: 0.570800 → 0.571300 (+0.088%)
2025-07-26 18:50:43 - __main__ - INFO - 📈 HYPE: 44.076000 → 44.085000 (+0.020%)
2025-07-26 18:50:43 - __main__ - INFO - 📈 BTC: 117933.600000 → 117961.300000 (+0.023%)
2025-07-26 18:50:43 - __main__ - INFO - 🔄 Ciclo #182: 7 ativos | 6 atualizações | 0 transições | 0.14s
2025-07-26 18:51:13 - __main__ - INFO - 📈 NEAR: 2.906000 → 2.907000 (+0.034%)
2025-07-26 18:51:13 - __main__ - INFO - 📈 IMX: 0.571300 → 0.571200 (-0.018%)
2025-07-26 18:51:13 - __main__ - INFO - 🔄 Ciclo #183: 7 ativos | 2 atualizações | 0 transições | 0.06s
2025-07-26 18:51:44 - __main__ - INFO - 📈 BNB: 788.760000 → 789.240000 (+0.061%)
2025-07-26 18:51:44 - __main__ - INFO - 📈 HYPE: 44.085000 → 44.079000 (-0.014%)
2025-07-26 18:51:44 - __main__ - INFO - 📈 ETH: 3749.000000 → 3752.900000 (+0.104%)
2025-07-26 18:51:44 - __main__ - INFO - 📈 BTC: 117961.300000 → 118012.400000 (+0.043%)
2025-07-26 18:51:44 - __main__ - INFO - 🔄 Ciclo #184: 7 ativos | 4 atualizações | 0 transições | 0.08s
2025-07-26 18:52:14 - __main__ - INFO - 📈 PEPE: 0.012615 → 0.012626 (+0.086%)
2025-07-26 18:52:14 - __main__ - INFO - 🔄 Ciclo #185: 7 ativos | 1 atualizações | 0 transições | 0.05s
2025-07-26 18:52:44 - __main__ - INFO - 📈 BNB: 789.240000 → 789.430000 (+0.024%)
2025-07-26 18:52:44 - __main__ - INFO - 📈 PEPE: 0.012626 → 0.012640 (+0.112%)
2025-07-26 18:52:44 - __main__ - INFO - 📈 NEAR: 2.907000 → 2.908000 (+0.034%)
2025-07-26 18:52:44 - __main__ - INFO - 📈 IMX: 0.571200 → 0.571700 (+0.088%)
2025-07-26 18:52:44 - __main__ - INFO - 📈 ETH: 3752.900000 → 3751.990000 (-0.024%)
2025-07-26 18:52:44 - __main__ - INFO - 🔄 Ciclo #186: 7 ativos | 5 atualizações | 0 transições | 0.08s
2025-07-26 18:53:14 - __main__ - INFO - 📈 PEPE: 0.012640 → 0.012633 (-0.058%)
2025-07-26 18:53:14 - __main__ - INFO - 📈 IMX: 0.571700 → 0.571800 (+0.017%)
2025-07-26 18:53:14 - __main__ - INFO - 📈 HYPE: 44.079000 → 44.025000 (-0.123%)
2025-07-26 18:53:14 - __main__ - INFO - 🔄 Ciclo #187: 7 ativos | 3 atualizações | 0 transições | 0.06s
2025-07-26 18:53:44 - __main__ - INFO - 📈 BNB: 789.430000 → 789.630000 (+0.025%)
2025-07-26 18:53:44 - __main__ - INFO - 📈 ETH: 3751.990000 → 3751.000000 (-0.026%)
2025-07-26 18:53:44 - __main__ - INFO - 🔄 Ciclo #188: 7 ativos | 2 atualizações | 0 transições | 0.06s
2025-07-26 18:54:44 - __main__ - INFO - 📈 PEPE: 0.012633 → 0.012641 (+0.063%)
2025-07-26 18:54:44 - __main__ - INFO - 📈 NEAR: 2.908000 → 2.911000 (+0.103%)
2025-07-26 18:54:44 - __main__ - INFO - 📈 HYPE: 44.025000 → 44.058000 (+0.075%)
2025-07-26 18:54:44 - __main__ - INFO - 📈 ETH: 3751.000000 → 3751.540000 (+0.014%)
2025-07-26 18:54:44 - __main__ - INFO - 🔄 Ciclo #190: 7 ativos | 4 atualizações | 0 transições | 0.07s
2025-07-26 18:55:14 - __main__ - INFO - 📈 IMX: 0.571800 → 0.571900 (+0.017%)
2025-07-26 18:55:14 - __main__ - INFO - 🔄 Ciclo #191: 7 ativos | 1 atualizações | 0 transições | 0.05s
2025-07-26 18:55:44 - __main__ - INFO - 📈 BNB: 789.630000 → 789.520000 (-0.014%)
2025-07-26 18:55:44 - __main__ - INFO - 📈 PEPE: 0.012641 → 0.012648 (+0.053%)
2025-07-26 18:55:44 - __main__ - INFO - 📈 NEAR: 2.911000 → 2.913000 (+0.069%)
2025-07-26 18:55:44 - __main__ - INFO - 📈 HYPE: 44.058000 → 44.035000 (-0.052%)
2025-07-26 18:55:44 - __main__ - INFO - 📈 ETH: 3751.540000 → 3752.470000 (+0.025%)
2025-07-26 18:55:44 - __main__ - INFO - 📈 BTC: 118012.400000 → 118030.100000 (+0.015%)
2025-07-26 18:55:44 - __main__ - INFO - 🔄 Ciclo #192: 7 ativos | 6 atualizações | 0 transições | 0.17s
2025-07-26 18:56:44 - __main__ - INFO - 📈 BNB: 789.520000 → 789.620000 (+0.013%)
2025-07-26 18:56:44 - __main__ - INFO - 📈 PEPE: 0.012648 → 0.012644 (-0.032%)
2025-07-26 18:56:44 - __main__ - INFO - 📈 NEAR: 2.913000 → 2.914000 (+0.034%)
2025-07-26 18:56:44 - __main__ - INFO - 📈 IMX: 0.571900 → 0.572100 (+0.035%)
2025-07-26 18:56:44 - __main__ - INFO - 📈 ETH: 3752.470000 → 3753.410000 (+0.025%)
2025-07-26 18:56:44 - __main__ - INFO - 🔄 Ciclo #194: 7 ativos | 5 atualizações | 0 transições | 0.09s
2025-07-26 18:57:14 - __main__ - INFO - 📈 PEPE: 0.012644 → 0.012647 (+0.029%)
2025-07-26 18:57:14 - __main__ - INFO - 📈 NEAR: 2.914000 → 2.912000 (-0.069%)
2025-07-26 18:57:14 - __main__ - INFO - 📈 IMX: 0.572100 → 0.571800 (-0.052%)
2025-07-26 18:57:14 - __main__ - INFO - 🔄 Ciclo #195: 7 ativos | 3 atualizações | 0 transições | 0.08s
2025-07-26 18:57:44 - __main__ - INFO - 📈 BNB: 789.620000 → 789.780000 (+0.020%)
2025-07-26 18:57:44 - __main__ - INFO - 📈 HYPE: 44.035000 → 44.053000 (+0.041%)
2025-07-26 18:57:44 - __main__ - INFO - 📈 ETH: 3753.410000 → 3752.700000 (-0.019%)
2025-07-26 18:57:44 - __main__ - INFO - 🔄 Ciclo #196: 7 ativos | 3 atualizações | 0 transições | 0.08s
2025-07-26 18:58:45 - __main__ - INFO - 📈 PEPE: 0.012647 → 0.012650 (+0.022%)
2025-07-26 18:58:45 - __main__ - INFO - 📈 NEAR: 2.912000 → 2.915000 (+0.103%)
2025-07-26 18:58:45 - __main__ - INFO - 📈 IMX: 0.571800 → 0.572000 (+0.035%)
2025-07-26 18:58:45 - __main__ - INFO - 📈 HYPE: 44.053000 → 44.047000 (-0.014%)
2025-07-26 18:58:45 - __main__ - INFO - 📈 ETH: 3752.700000 → 3754.880000 (+0.058%)
2025-07-26 18:58:45 - __main__ - INFO - 🔄 Ciclo #198: 7 ativos | 5 atualizações | 0 transições | 0.08s
2025-07-26 18:59:15 - __main__ - INFO - 📈 PEPE: 0.012650 → 0.012652 (+0.014%)
2025-07-26 18:59:15 - __main__ - INFO - 🔄 Ciclo #199: 7 ativos | 1 atualizações | 0 transições | 0.05s
2025-07-26 18:59:45 - __main__ - INFO - 📈 BNB: 789.780000 → 789.990000 (+0.027%)
2025-07-26 18:59:45 - __main__ - INFO - 📈 NEAR: 2.915000 → 2.914000 (-0.034%)
2025-07-26 18:59:45 - __main__ - INFO - 📈 IMX: 0.572000 → 0.571900 (-0.017%)
2025-07-26 18:59:45 - __main__ - INFO - 📈 ETH: 3754.880000 → 3757.210000 (+0.062%)
2025-07-26 18:59:45 - __main__ - INFO - 🔄 Ciclo #200: 7 ativos | 4 atualizações | 0 transições | 0.07s
2025-07-26 19:00:15 - __main__ - INFO - 📈 BTC: 118030.100000 → 118013.200000 (-0.014%)
2025-07-26 19:00:15 - __main__ - INFO - 🔄 Ciclo #201: 7 ativos | 1 atualizações | 0 transições | 0.05s
2025-07-26 19:00:45 - __main__ - INFO - 📈 BNB: 789.990000 → 789.660000 (-0.042%)
2025-07-26 19:00:45 - __main__ - INFO - 📈 PEPE: 0.012652 → 0.012638 (-0.108%)
2025-07-26 19:00:45 - __main__ - INFO - 📈 NEAR: 2.914000 → 2.912000 (-0.069%)
2025-07-26 19:00:45 - __main__ - INFO - 📈 IMX: 0.571900 → 0.571800 (-0.017%)
2025-07-26 19:00:45 - __main__ - INFO - 🔄 Ciclo #202: 7 ativos | 4 atualizações | 0 transições | 0.16s
2025-07-26 19:01:15 - __main__ - INFO - 📈 PEPE: 0.012638 → 0.012653 (+0.113%)
2025-07-26 19:01:15 - __main__ - INFO - 📈 NEAR: 2.912000 → 2.916000 (+0.137%)
2025-07-26 19:01:15 - __main__ - INFO - 📈 IMX: 0.571800 → 0.572500 (+0.122%)
2025-07-26 19:01:15 - __main__ - INFO - 🔄 Ciclo #203: 7 ativos | 3 atualizações | 0 transições | 0.08s
2025-07-26 19:01:45 - __main__ - INFO - 📈 BNB: 789.660000 → 791.110000 (+0.184%)
2025-07-26 19:01:45 - __main__ - INFO - 📈 HYPE: 44.047000 → 44.069000 (+0.050%)
2025-07-26 19:01:45 - __main__ - INFO - 📈 ETH: 3757.210000 → 3759.960000 (+0.073%)
2025-07-26 19:01:45 - __main__ - INFO - 📈 BTC: 118013.200000 → 118064.400000 (+0.043%)
2025-07-26 19:01:45 - __main__ - WARNING - 🛑 BNB: ACTIVE → STOP_HIT | Preço: 791.110000 | Preço atingiu Stop Loss: 790.950000
2025-07-26 19:01:45 - __main__ - INFO - 🔄 Ciclo #204: 7 ativos | 4 atualizações | 1 transições | 0.16s
2025-07-26 19:02:45 - __main__ - INFO - 📈 PEPE: 0.012653 → 0.012643 (-0.075%)
2025-07-26 19:02:45 - __main__ - INFO - 📈 NEAR: 2.916000 → 2.912000 (-0.137%)
2025-07-26 19:02:45 - __main__ - INFO - 📈 IMX: 0.572500 → 0.571600 (-0.157%)
2025-07-26 19:02:45 - __main__ - INFO - 📈 HYPE: 44.069000 → 44.053000 (-0.036%)
2025-07-26 19:02:45 - __main__ - INFO - 📈 ETH: 3759.960000 → 3757.070000 (-0.077%)
2025-07-26 19:02:45 - __main__ - INFO - 📈 BTC: 118064.400000 → 118022.800000 (-0.035%)
2025-07-26 19:02:45 - __main__ - INFO - 🔄 Ciclo #206: 6 ativos | 6 atualizações | 0 transições | 0.09s
2025-07-26 19:03:15 - __main__ - INFO - 📈 PEPE: 0.012643 → 0.012637 (-0.048%)
2025-07-26 19:03:15 - __main__ - INFO - 📈 NEAR: 2.912000 → 2.909000 (-0.103%)
2025-07-26 19:03:15 - __main__ - INFO - 📈 IMX: 0.571600 → 0.571100 (-0.087%)
2025-07-26 19:03:15 - __main__ - INFO - 📈 HYPE: 44.053000 → 44.025000 (-0.064%)
2025-07-26 19:03:15 - __main__ - INFO - 🔄 Ciclo #207: 6 ativos | 4 atualizações | 0 transições | 0.07s
2025-07-26 19:03:45 - __main__ - INFO - 📈 ETH: 3757.070000 → 3748.650000 (-0.224%)
2025-07-26 19:03:45 - __main__ - INFO - 📈 BTC: 118022.800000 → 117972.400000 (-0.043%)
2025-07-26 19:03:45 - __main__ - INFO - 🔄 Ciclo #208: 6 ativos | 2 atualizações | 0 transições | 0.06s
2025-07-26 19:04:45 - __main__ - INFO - 📈 PEPE: 0.012637 → 0.012647 (+0.078%)
2025-07-26 19:04:45 - __main__ - INFO - 📈 NEAR: 2.909000 → 2.911000 (+0.069%)
2025-07-26 19:04:46 - __main__ - INFO - 📈 IMX: 0.571100 → 0.571500 (+0.070%)
2025-07-26 19:04:46 - __main__ - INFO - 📈 HYPE: 44.025000 → 44.056000 (+0.070%)
2025-07-26 19:04:46 - __main__ - INFO - 📈 ETH: 3748.650000 → 3752.580000 (+0.105%)
2025-07-26 19:04:46 - __main__ - INFO - 📈 BTC: 117972.400000 → 118033.700000 (+0.052%)
2025-07-26 19:04:46 - __main__ - INFO - 🔄 Ciclo #210: 6 ativos | 6 atualizações | 0 transições | 0.09s
2025-07-26 19:05:16 - __main__ - INFO - 📈 PEPE: 0.012647 → 0.012660 (+0.105%)
2025-07-26 19:05:16 - __main__ - INFO - 📈 NEAR: 2.911000 → 2.914000 (+0.103%)
2025-07-26 19:05:16 - __main__ - INFO - 📈 IMX: 0.571500 → 0.571800 (+0.052%)
2025-07-26 19:05:16 - __main__ - INFO - 🔄 Ciclo #211: 6 ativos | 3 atualizações | 0 transições | 0.06s
2025-07-26 19:05:46 - __main__ - INFO - 📈 HYPE: 44.056000 → 44.093000 (+0.084%)
2025-07-26 19:05:46 - __main__ - INFO - 📈 ETH: 3752.580000 → 3755.740000 (+0.084%)
2025-07-26 19:05:46 - __main__ - INFO - 📈 BTC: 118033.700000 → 118059.100000 (+0.022%)
2025-07-26 19:05:46 - __main__ - INFO - 🔄 Ciclo #212: 6 ativos | 3 atualizações | 0 transições | 0.07s
2025-07-26 19:06:46 - __main__ - INFO - 📈 PEPE: 0.012660 → 0.012653 (-0.055%)
2025-07-26 19:06:46 - __main__ - INFO - 📈 NEAR: 2.914000 → 2.913000 (-0.034%)
2025-07-26 19:06:46 - __main__ - INFO - 📈 HYPE: 44.093000 → 44.085000 (-0.018%)
2025-07-26 19:06:46 - __main__ - INFO - 📈 ETH: 3755.740000 → 3754.060000 (-0.045%)
2025-07-26 19:06:46 - __main__ - INFO - 📈 BTC: 118059.100000 → 118017.200000 (-0.035%)
2025-07-26 19:06:46 - __main__ - INFO - 🔄 Ciclo #214: 6 ativos | 5 atualizações | 0 transições | 0.10s
2025-07-26 19:07:16 - __main__ - INFO - 📈 PEPE: 0.012653 → 0.012667 (+0.111%)
2025-07-26 19:07:16 - __main__ - INFO - 📈 NEAR: 2.913000 → 2.915000 (+0.069%)
2025-07-26 19:07:16 - __main__ - INFO - 📈 IMX: 0.571800 → 0.572300 (+0.087%)
2025-07-26 19:07:16 - __main__ - INFO - 📈 HYPE: 44.085000 → 44.109000 (+0.054%)
2025-07-26 19:07:16 - __main__ - INFO - 🔄 Ciclo #215: 6 ativos | 4 atualizações | 0 transições | 0.08s
2025-07-26 19:07:46 - __main__ - INFO - 📈 ETH: 3754.060000 → 3756.250000 (+0.058%)
2025-07-26 19:07:46 - __main__ - INFO - 📈 BTC: 118017.200000 → 118048.600000 (+0.027%)
2025-07-26 19:07:46 - __main__ - INFO - 🔄 Ciclo #216: 6 ativos | 2 atualizações | 0 transições | 0.05s
2025-07-26 19:08:46 - __main__ - INFO - 📈 PEPE: 0.012667 → 0.012663 (-0.032%)
2025-07-26 19:08:46 - __main__ - INFO - 📈 NEAR: 2.915000 → 2.916000 (+0.034%)
2025-07-26 19:08:46 - __main__ - INFO - 📈 IMX: 0.572300 → 0.572800 (+0.087%)
2025-07-26 19:08:46 - __main__ - INFO - 📈 HYPE: 44.109000 → 44.116000 (+0.016%)
2025-07-26 19:08:46 - __main__ - INFO - 📈 ETH: 3756.250000 → 3757.110000 (+0.023%)
2025-07-26 19:08:46 - __main__ - INFO - 📈 BTC: 118048.600000 → 118085.000000 (+0.031%)
2025-07-26 19:08:46 - __main__ - INFO - 🔄 Ciclo #218: 6 ativos | 6 atualizações | 0 transições | 0.11s
2025-07-26 19:09:16 - __main__ - INFO - 📈 PEPE: 0.012663 → 0.012668 (+0.036%)
2025-07-26 19:09:16 - __main__ - INFO - 📈 IMX: 0.572800 → 0.572500 (-0.052%)
2025-07-26 19:09:16 - __main__ - INFO - 🔄 Ciclo #219: 6 ativos | 2 atualizações | 0 transições | 0.05s
2025-07-26 19:09:46 - __main__ - INFO - 📈 HYPE: 44.116000 → 44.101000 (-0.034%)
2025-07-26 19:09:46 - __main__ - INFO - 📈 ETH: 3757.110000 → 3756.470000 (-0.017%)
2025-07-26 19:09:46 - __main__ - INFO - 🔄 Ciclo #220: 6 ativos | 2 atualizações | 0 transições | 0.06s
2025-07-26 19:10:46 - __main__ - INFO - 📈 PEPE: 0.012668 → 0.012682 (+0.110%)
2025-07-26 19:10:46 - __main__ - INFO - 📈 NEAR: 2.916000 → 2.920000 (+0.137%)
2025-07-26 19:10:46 - __main__ - INFO - 📈 IMX: 0.572500 → 0.573100 (+0.105%)
2025-07-26 19:10:46 - __main__ - INFO - 📈 HYPE: 44.101000 → 44.114000 (+0.029%)
2025-07-26 19:10:46 - __main__ - INFO - 📈 ETH: 3756.470000 → 3759.400000 (+0.078%)
2025-07-26 19:10:46 - __main__ - INFO - 🔄 Ciclo #222: 6 ativos | 5 atualizações | 0 transições | 0.11s
2025-07-26 19:11:16 - __main__ - INFO - 📈 HYPE: 44.114000 → 44.176000 (+0.141%)
2025-07-26 19:11:16 - __main__ - INFO - 📈 BTC: 118085.000000 → 118105.700000 (+0.018%)
2025-07-26 19:11:16 - __main__ - INFO - 🔄 Ciclo #223: 6 ativos | 2 atualizações | 0 transições | 0.05s
2025-07-26 19:11:46 - __main__ - INFO - 📈 PEPE: 0.012682 → 0.012690 (+0.069%)
2025-07-26 19:11:46 - __main__ - INFO - 📈 NEAR: 2.920000 → 2.922000 (+0.068%)
2025-07-26 19:11:46 - __main__ - INFO - 📈 IMX: 0.573100 → 0.573200 (+0.017%)
2025-07-26 19:11:47 - __main__ - INFO - 🔄 Ciclo #224: 6 ativos | 3 atualizações | 0 transições | 0.11s
2025-07-26 19:12:17 - __main__ - INFO - 📈 PEPE: 0.012690 → 0.012678 (-0.096%)
2025-07-26 19:12:17 - __main__ - INFO - 📈 NEAR: 2.922000 → 2.919000 (-0.103%)
2025-07-26 19:12:17 - __main__ - INFO - 📈 IMX: 0.573200 → 0.572700 (-0.087%)
2025-07-26 19:12:17 - __main__ - INFO - 🔄 Ciclo #225: 6 ativos | 3 atualizações | 0 transições | 0.08s
2025-07-26 19:12:47 - __main__ - INFO - 📈 ETH: 3759.400000 → 3759.950000 (+0.015%)
2025-07-26 19:12:47 - __main__ - INFO - 📈 BTC: 118105.700000 → 118054.700000 (-0.043%)
2025-07-26 19:12:47 - __main__ - INFO - 🔄 Ciclo #226: 6 ativos | 2 atualizações | 0 transições | 0.05s
2025-07-26 19:13:17 - __main__ - INFO - 📈 HYPE: 44.176000 → 44.142000 (-0.077%)
2025-07-26 19:13:17 - __main__ - INFO - 🔄 Ciclo #227: 6 ativos | 1 atualizações | 0 transições | 0.04s
2025-07-26 19:13:47 - __main__ - INFO - 📈 PEPE: 0.012678 → 0.012674 (-0.035%)
2025-07-26 19:13:47 - __main__ - INFO - 📈 NEAR: 2.919000 → 2.913000 (-0.206%)
2025-07-26 19:13:47 - __main__ - INFO - 📈 IMX: 0.572700 → 0.572200 (-0.087%)
2025-07-26 19:13:47 - __main__ - INFO - 📈 HYPE: 44.142000 → 44.090000 (-0.118%)
2025-07-26 19:13:47 - __main__ - INFO - 📈 ETH: 3759.950000 → 3756.770000 (-0.085%)
2025-07-26 19:13:47 - __main__ - INFO - 📈 BTC: 118054.700000 → 118042.700000 (-0.010%)
2025-07-26 19:13:47 - __main__ - INFO - 🔄 Ciclo #228: 6 ativos | 6 atualizações | 0 transições | 0.08s
2025-07-26 19:14:17 - __main__ - INFO - 📈 ETH: 3756.770000 → 3759.600000 (+0.075%)
2025-07-26 19:14:17 - __main__ - INFO - 📈 BTC: 118042.700000 → 118082.700000 (+0.034%)
2025-07-26 19:14:17 - __main__ - INFO - 🔄 Ciclo #229: 6 ativos | 2 atualizações | 0 transições | 0.06s
2025-07-26 19:14:47 - __main__ - INFO - 📈 PEPE: 0.012674 → 0.012685 (+0.090%)
2025-07-26 19:14:47 - __main__ - INFO - 📈 NEAR: 2.913000 → 2.915000 (+0.069%)
2025-07-26 19:14:47 - __main__ - INFO - 📈 IMX: 0.572200 → 0.573000 (+0.140%)
2025-07-26 19:14:47 - __main__ - INFO - 📈 HYPE: 44.090000 → 44.139000 (+0.111%)
2025-07-26 19:14:47 - __main__ - INFO - 🔄 Ciclo #230: 6 ativos | 4 atualizações | 0 transições | 0.07s
2025-07-26 19:15:17 - __main__ - INFO - 📈 PEPE: 0.012685 → 0.012674 (-0.089%)
2025-07-26 19:15:17 - __main__ - INFO - 📈 IMX: 0.573000 → 0.572600 (-0.070%)
2025-07-26 19:15:17 - __main__ - INFO - 🔄 Ciclo #231: 6 ativos | 2 atualizações | 0 transições | 0.04s
2025-07-26 19:15:47 - __main__ - INFO - 📈 HYPE: 44.139000 → 44.110000 (-0.066%)
2025-07-26 19:15:47 - __main__ - INFO - 📈 ETH: 3759.600000 → 3757.110000 (-0.066%)
2025-07-26 19:15:47 - __main__ - INFO - 📈 BTC: 118082.700000 → 118064.100000 (-0.016%)
2025-07-26 19:15:47 - __main__ - INFO - 🔄 Ciclo #232: 8 ativos | 3 atualizações | 0 transições | 0.13s
2025-07-26 19:16:47 - __main__ - INFO - 📈 ENA: 0.600400 → 0.600800 (+0.067%)
2025-07-26 19:16:47 - __main__ - INFO - 📈 BNB: 796.610000 → 796.040000 (-0.072%)
2025-07-26 19:16:47 - __main__ - INFO - 📈 PEPE: 0.012674 → 0.012658 (-0.127%)
2025-07-26 19:16:47 - __main__ - INFO - 📈 NEAR: 2.915000 → 2.913000 (-0.069%)
2025-07-26 19:16:47 - __main__ - INFO - 📈 IMX: 0.572600 → 0.572000 (-0.105%)
2025-07-26 19:16:47 - __main__ - INFO - 📈 HYPE: 44.110000 → 44.083000 (-0.061%)
2025-07-26 19:16:47 - __main__ - INFO - 📈 ETH: 3757.110000 → 3753.570000 (-0.094%)
2025-07-26 19:16:47 - __main__ - INFO - 🔄 Ciclo #234: 8 ativos | 7 atualizações | 0 transições | 0.23s
2025-07-26 19:17:17 - __main__ - INFO - 📈 ENA: 0.600800 → 0.604700 (+0.649%)
2025-07-26 19:17:17 - __main__ - INFO - 📈 BNB: 796.040000 → 795.850000 (-0.024%)
2025-07-26 19:17:18 - __main__ - INFO - 📈 NEAR: 2.913000 → 2.912000 (-0.034%)
2025-07-26 19:17:18 - __main__ - INFO - 📈 HYPE: 44.083000 → 43.948000 (-0.306%)
2025-07-26 19:17:18 - __main__ - INFO - 🔄 Ciclo #235: 8 ativos | 4 atualizações | 0 transições | 0.11s
2025-07-26 19:17:48 - __main__ - INFO - 📈 ETH: 3753.570000 → 3754.040000 (+0.013%)
2025-07-26 19:17:48 - __main__ - INFO - 🔄 Ciclo #236: 8 ativos | 1 atualizações | 0 transições | 0.07s
2025-07-26 19:18:48 - __main__ - INFO - 📈 ENA: 0.604700 → 0.605000 (+0.050%)
2025-07-26 19:18:48 - __main__ - INFO - 📈 BNB: 795.850000 → 795.940000 (+0.011%)
2025-07-26 19:18:48 - __main__ - INFO - 📈 NEAR: 2.912000 → 2.913000 (+0.034%)
2025-07-26 19:18:48 - __main__ - INFO - 📈 IMX: 0.572000 → 0.571800 (-0.035%)
2025-07-26 19:18:48 - __main__ - INFO - 📈 HYPE: 43.948000 → 43.925000 (-0.052%)
2025-07-26 19:18:48 - __main__ - INFO - 📈 ETH: 3754.040000 → 3756.140000 (+0.056%)
2025-07-26 19:18:48 - __main__ - INFO - 📈 BTC: 118064.100000 → 118052.100000 (-0.010%)
2025-07-26 19:18:48 - __main__ - INFO - 🔄 Ciclo #238: 8 ativos | 7 atualizações | 0 transições | 0.10s
2025-07-26 19:19:18 - __main__ - INFO - 📈 ENA: 0.605000 → 0.608700 (+0.612%)
2025-07-26 19:19:18 - __main__ - INFO - 📈 BNB: 795.940000 → 796.350000 (+0.052%)
2025-07-26 19:19:18 - __main__ - INFO - 📈 PEPE: 0.012658 → 0.012678 (+0.161%)
2025-07-26 19:19:18 - __main__ - INFO - 📈 NEAR: 2.913000 → 2.917000 (+0.137%)
2025-07-26 19:19:18 - __main__ - INFO - 📈 IMX: 0.571800 → 0.573300 (+0.262%)
2025-07-26 19:19:18 - __main__ - INFO - 📈 HYPE: 43.925000 → 43.964000 (+0.089%)
2025-07-26 19:19:18 - __main__ - INFO - 📈 ETH: 3756.140000 → 3761.090000 (+0.132%)
2025-07-26 19:19:18 - __main__ - WARNING - 🛑 ENA: ACTIVE → STOP_HIT | Preço: 0.608700 | Preço atingiu Stop Loss: 0.606900
2025-07-26 19:19:18 - __main__ - INFO - 🔄 Ciclo #239: 8 ativos | 7 atualizações | 1 transições | 0.11s
2025-07-26 19:19:48 - __main__ - INFO - 📈 BTC: 118052.100000 → 118105.700000 (+0.045%)
2025-07-26 19:19:48 - __main__ - INFO - 🔄 Ciclo #240: 7 ativos | 1 atualizações | 0 transições | 0.05s
2025-07-26 19:19:48 - __main__ - INFO - 📊 ESTATÍSTICAS HORÁRIAS:
2025-07-26 19:19:48 - __main__ - INFO -    ⏱️ Uptime: 1h 59m
2025-07-26 19:19:48 - __main__ - INFO -    🔄 Verificações: 240
2025-07-26 19:19:48 - __main__ - INFO -    📝 Atualizações: 637
2025-07-26 19:19:48 - __main__ - INFO -    🔄 Transições: 5
2025-07-26 19:19:48 - __main__ - INFO -    🎯 Sinais ativos: 7
2025-07-26 19:19:48 - __main__ - INFO -    ✅ Preços atualizados: 637
2025-07-26 19:19:48 - __main__ - INFO -    ❌ Falhas de preço: 0
2025-07-26 19:19:48 - __main__ - INFO -    🆕 Transições recentes: 0
2025-07-26 19:19:48 - __main__ - INFO -    📊 Símbolos com dados recentes: 10
2025-07-26 19:20:48 - __main__ - INFO - 📈 BNB: 796.350000 → 797.960000 (+0.202%)
2025-07-26 19:20:48 - __main__ - INFO - 📈 PEPE: 0.012678 → 0.012693 (+0.119%)
2025-07-26 19:20:48 - __main__ - INFO - 📈 NEAR: 2.917000 → 2.921000 (+0.137%)
2025-07-26 19:20:48 - __main__ - INFO - 📈 IMX: 0.573300 → 0.573800 (+0.087%)
2025-07-26 19:20:48 - __main__ - INFO - 📈 HYPE: 43.964000 → 43.984000 (+0.045%)
2025-07-26 19:20:48 - __main__ - INFO - 📈 ETH: 3761.090000 → 3768.080000 (+0.186%)
2025-07-26 19:20:48 - __main__ - INFO - 📈 BTC: 118105.700000 → 118132.200000 (+0.022%)
2025-07-26 19:20:48 - __main__ - INFO - 🔄 Ciclo #242: 7 ativos | 7 atualizações | 0 transições | 0.12s
2025-07-26 19:21:18 - __main__ - INFO - 📈 BNB: 797.960000 → 797.500000 (-0.058%)
2025-07-26 19:21:18 - __main__ - INFO - 📈 PEPE: 0.012693 → 0.012686 (-0.058%)
2025-07-26 19:21:18 - __main__ - INFO - 📈 NEAR: 2.921000 → 2.918000 (-0.103%)
2025-07-26 19:21:18 - __main__ - INFO - 📈 IMX: 0.573800 → 0.573300 (-0.087%)
2025-07-26 19:21:18 - __main__ - INFO - 📈 HYPE: 43.984000 → 43.937000 (-0.107%)
2025-07-26 19:21:18 - __main__ - INFO - 🔄 Ciclo #243: 7 ativos | 5 atualizações | 0 transições | 0.10s
2025-07-26 19:21:48 - __main__ - INFO - 📈 ETH: 3768.080000 → 3765.380000 (-0.072%)
2025-07-26 19:21:48 - __main__ - INFO - 📈 BTC: 118132.200000 → 118103.300000 (-0.024%)
2025-07-26 19:21:48 - __main__ - INFO - 🔄 Ciclo #244: 7 ativos | 2 atualizações | 0 transições | 0.07s
2025-07-26 19:22:48 - __main__ - INFO - 📈 BNB: 797.500000 → 798.460000 (+0.120%)
2025-07-26 19:22:48 - __main__ - INFO - 📈 PEPE: 0.012686 → 0.012696 (+0.080%)
2025-07-26 19:22:48 - __main__ - INFO - 📈 NEAR: 2.918000 → 2.919000 (+0.034%)
2025-07-26 19:22:48 - __main__ - INFO - 📈 IMX: 0.573300 → 0.573600 (+0.052%)
2025-07-26 19:22:48 - __main__ - INFO - 📈 ETH: 3765.380000 → 3769.720000 (+0.115%)
2025-07-26 19:22:48 - __main__ - INFO - 🔄 Ciclo #246: 7 ativos | 5 atualizações | 0 transições | 0.08s
2025-07-26 19:23:18 - __main__ - INFO - 📈 BNB: 798.460000 → 797.340000 (-0.140%)
2025-07-26 19:23:18 - __main__ - INFO - 📈 PEPE: 0.012696 → 0.012715 (+0.155%)
2025-07-26 19:23:18 - __main__ - INFO - 📈 NEAR: 2.919000 → 2.924000 (+0.171%)
2025-07-26 19:23:18 - __main__ - INFO - 📈 IMX: 0.573600 → 0.574900 (+0.227%)
2025-07-26 19:23:18 - __main__ - INFO - 📈 HYPE: 43.937000 → 43.988000 (+0.116%)
2025-07-26 19:23:18 - __main__ - INFO - 🔄 Ciclo #247: 7 ativos | 5 atualizações | 0 transições | 0.08s
2025-07-26 19:23:49 - __main__ - INFO - 📈 ETH: 3769.720000 → 3780.940000 (+0.298%)
2025-07-26 19:23:49 - __main__ - INFO - 📈 BTC: 118103.300000 → 118163.900000 (+0.051%)
2025-07-26 19:23:49 - __main__ - INFO - 🔄 Ciclo #248: 7 ativos | 2 atualizações | 0 transições | 0.07s
2025-07-26 19:24:49 - __main__ - INFO - 📈 BNB: 797.340000 → 796.260000 (-0.135%)
2025-07-26 19:24:49 - __main__ - INFO - 📈 PEPE: 0.012715 → 0.012723 (+0.060%)
2025-07-26 19:24:49 - __main__ - INFO - 📈 NEAR: 2.924000 → 2.927000 (+0.103%)
2025-07-26 19:24:49 - __main__ - INFO - 📈 HYPE: 43.988000 → 44.077000 (+0.202%)
2025-07-26 19:24:49 - __main__ - INFO - 📈 ETH: 3780.940000 → 3777.890000 (-0.081%)
2025-07-26 19:24:49 - __main__ - INFO - 🔄 Ciclo #250: 7 ativos | 5 atualizações | 0 transições | 0.08s
2025-07-26 19:25:19 - __main__ - INFO - 📈 BNB: 796.260000 → 795.880000 (-0.048%)
2025-07-26 19:25:19 - __main__ - INFO - 📈 PEPE: 0.012723 → 0.012749 (+0.201%)
2025-07-26 19:25:19 - __main__ - INFO - 📈 NEAR: 2.927000 → 2.929000 (+0.068%)
2025-07-26 19:25:19 - __main__ - INFO - 📈 IMX: 0.574900 → 0.575300 (+0.070%)
2025-07-26 19:25:19 - __main__ - INFO - 📈 HYPE: 44.077000 → 44.129000 (+0.118%)
2025-07-26 19:25:19 - __main__ - INFO - 🔄 Ciclo #251: 7 ativos | 5 atualizações | 0 transições | 0.08s
2025-07-26 19:25:49 - __main__ - INFO - 📈 ETH: 3777.890000 → 3780.600000 (+0.072%)
2025-07-26 19:25:49 - __main__ - INFO - 📈 BTC: 118163.900000 → 118210.800000 (+0.040%)
2025-07-26 19:25:49 - __main__ - INFO - 🔄 Ciclo #252: 7 ativos | 2 atualizações | 0 transições | 0.07s
2025-07-26 19:26:49 - __main__ - INFO - 📈 BNB: 795.880000 → 795.270000 (-0.077%)
2025-07-26 19:26:49 - __main__ - INFO - 📈 PEPE: 0.012749 → 0.012743 (-0.048%)
2025-07-26 19:26:49 - __main__ - INFO - 📈 NEAR: 2.929000 → 2.928000 (-0.034%)
2025-07-26 19:26:49 - __main__ - INFO - 📈 IMX: 0.575300 → 0.574900 (-0.070%)
2025-07-26 19:26:49 - __main__ - INFO - 📈 HYPE: 44.129000 → 44.081000 (-0.109%)
2025-07-26 19:26:49 - __main__ - INFO - 📈 ETH: 3780.600000 → 3780.170000 (-0.011%)
2025-07-26 19:26:49 - __main__ - INFO - 🔄 Ciclo #254: 7 ativos | 6 atualizações | 0 transições | 0.12s
2025-07-26 19:27:19 - __main__ - INFO - 📈 PEPE: 0.012743 → 0.012712 (-0.239%)
2025-07-26 19:27:19 - __main__ - INFO - 📈 NEAR: 2.928000 → 2.920000 (-0.273%)
2025-07-26 19:27:19 - __main__ - INFO - 📈 IMX: 0.574900 → 0.573400 (-0.261%)
2025-07-26 19:27:19 - __main__ - INFO - 🔄 Ciclo #255: 7 ativos | 3 atualizações | 0 transições | 0.08s
2025-07-26 19:27:49 - __main__ - INFO - 📈 BNB: 795.270000 → 794.680000 (-0.074%)
2025-07-26 19:27:49 - __main__ - INFO - 📈 HYPE: 44.081000 → 44.032000 (-0.111%)
2025-07-26 19:27:49 - __main__ - INFO - 📈 ETH: 3780.170000 → 3770.170000 (-0.265%)
2025-07-26 19:27:49 - __main__ - INFO - 📈 BTC: 118210.800000 → 118127.300000 (-0.071%)
2025-07-26 19:27:49 - __main__ - INFO - 🔄 Ciclo #256: 7 ativos | 4 atualizações | 0 transições | 0.09s
2025-07-26 19:28:19 - __main__ - INFO - 📈 BTC: 118127.300000 → 118102.400000 (-0.021%)
2025-07-26 19:28:19 - __main__ - INFO - 🔄 Ciclo #257: 7 ativos | 1 atualizações | 0 transições | 0.05s
2025-07-26 19:28:49 - __main__ - INFO - 📈 BNB: 794.680000 → 794.780000 (+0.013%)
2025-07-26 19:28:49 - __main__ - INFO - 📈 PEPE: 0.012712 → 0.012694 (-0.144%)
2025-07-26 19:28:49 - __main__ - INFO - 📈 NEAR: 2.920000 → 2.915000 (-0.171%)
2025-07-26 19:28:49 - __main__ - INFO - 📈 IMX: 0.573400 → 0.572600 (-0.140%)
2025-07-26 19:28:49 - __main__ - INFO - 📈 HYPE: 44.032000 → 43.933000 (-0.225%)
2025-07-26 19:28:49 - __main__ - INFO - 📈 ETH: 3770.170000 → 3765.990000 (-0.111%)
2025-07-26 19:28:49 - __main__ - INFO - 🔄 Ciclo #258: 7 ativos | 6 atualizações | 0 transições | 0.09s
2025-07-26 19:29:19 - __main__ - INFO - 📈 PEPE: 0.012694 → 0.012652 (-0.327%)
2025-07-26 19:29:19 - __main__ - INFO - 📈 NEAR: 2.915000 → 2.904000 (-0.377%)
2025-07-26 19:29:19 - __main__ - INFO - 📈 IMX: 0.572600 → 0.570900 (-0.297%)
2025-07-26 19:29:19 - __main__ - INFO - 🔄 Ciclo #259: 7 ativos | 3 atualizações | 0 transições | 0.06s
2025-07-26 19:29:49 - __main__ - INFO - 📈 HYPE: 43.933000 → 43.916000 (-0.039%)
2025-07-26 19:29:49 - __main__ - INFO - 📈 ETH: 3765.990000 → 3749.660000 (-0.434%)
2025-07-26 19:29:49 - __main__ - INFO - 📈 BTC: 118102.400000 → 118046.500000 (-0.047%)
2025-07-26 19:29:49 - __main__ - INFO - 🔄 Ciclo #260: 7 ativos | 3 atualizações | 0 transições | 0.06s
2025-07-26 19:30:19 - __main__ - INFO - 📈 BNB: 794.780000 → 793.750000 (-0.130%)
2025-07-26 19:30:19 - __main__ - INFO - 📈 ETH: 3749.660000 → 3745.340000 (-0.115%)
2025-07-26 19:30:20 - __main__ - INFO - 🔄 Ciclo #261: 7 ativos | 2 atualizações | 0 transições | 0.06s
2025-07-26 19:30:50 - __main__ - INFO - 📈 PEPE: 0.012652 → 0.012644 (-0.069%)
2025-07-26 19:30:50 - __main__ - INFO - 📈 NEAR: 2.904000 → 2.900000 (-0.138%)
2025-07-26 19:30:50 - __main__ - INFO - 📈 IMX: 0.570900 → 0.570400 (-0.088%)
2025-07-26 19:30:50 - __main__ - INFO - 📈 HYPE: 43.916000 → 43.882000 (-0.077%)
2025-07-26 19:30:50 - __main__ - INFO - 🔄 Ciclo #262: 8 ativos | 4 atualizações | 0 transições | 0.10s
2025-07-26 19:31:20 - __main__ - INFO - 📈 PEPE: 0.012644 → 0.012656 (+0.100%)
2025-07-26 19:31:20 - __main__ - INFO - 📈 NEAR: 2.900000 → 2.903000 (+0.103%)
2025-07-26 19:31:20 - __main__ - INFO - 📈 IMX: 0.570400 → 0.570900 (+0.088%)
2025-07-26 19:31:20 - __main__ - INFO - 📈 HYPE: 43.882000 → 43.961000 (+0.180%)
2025-07-26 19:31:20 - __main__ - INFO - 🔄 Ciclo #263: 8 ativos | 4 atualizações | 0 transições | 0.09s
2025-07-26 19:31:50 - __main__ - INFO - 📈 ENA: 0.617300 → 0.617400 (+0.016%)
2025-07-26 19:31:50 - __main__ - INFO - 📈 BNB: 793.750000 → 794.770000 (+0.129%)
2025-07-26 19:31:50 - __main__ - INFO - 📈 ETH: 3745.340000 → 3753.270000 (+0.212%)
2025-07-26 19:31:50 - __main__ - INFO - 🔄 Ciclo #264: 8 ativos | 3 atualizações | 0 transições | 0.09s
2025-07-26 19:32:50 - __main__ - INFO - 📈 BNB: 794.770000 → 795.340000 (+0.072%)
2025-07-26 19:32:50 - __main__ - INFO - 📈 PEPE: 0.012656 → 0.012641 (-0.119%)
2025-07-26 19:32:50 - __main__ - INFO - 📈 NEAR: 2.903000 → 2.899000 (-0.138%)
2025-07-26 19:32:50 - __main__ - INFO - 📈 IMX: 0.570900 → 0.570100 (-0.140%)
2025-07-26 19:32:50 - __main__ - INFO - 📈 HYPE: 43.961000 → 43.944000 (-0.039%)
2025-07-26 19:32:50 - __main__ - INFO - 📈 ETH: 3753.270000 → 3752.260000 (-0.027%)
2025-07-26 19:32:50 - __main__ - INFO - 📈 BTC: 118046.500000 → 118058.600000 (+0.010%)
2025-07-26 19:32:50 - __main__ - INFO - 🔄 Ciclo #266: 8 ativos | 7 atualizações | 0 transições | 0.12s
2025-07-26 19:33:20 - __main__ - INFO - 📈 ENA: 0.617400 → 0.618200 (+0.130%)
2025-07-26 19:33:20 - __main__ - INFO - 📈 BNB: 795.340000 → 794.750000 (-0.074%)
2025-07-26 19:33:20 - __main__ - INFO - 📈 PEPE: 0.012641 → 0.012632 (-0.072%)
2025-07-26 19:33:20 - __main__ - INFO - 📈 IMX: 0.570100 → 0.569400 (-0.123%)
2025-07-26 19:33:20 - __main__ - INFO - 📈 HYPE: 43.944000 → 43.915000 (-0.066%)
2025-07-26 19:33:20 - __main__ - INFO - 🔄 Ciclo #267: 8 ativos | 5 atualizações | 0 transições | 0.09s
2025-07-26 19:33:50 - __main__ - INFO - 📈 ETH: 3752.260000 → 3751.540000 (-0.019%)
2025-07-26 19:33:50 - __main__ - INFO - 📈 BTC: 118058.600000 → 118012.600000 (-0.039%)
2025-07-26 19:33:50 - __main__ - INFO - 🔄 Ciclo #268: 8 ativos | 2 atualizações | 0 transições | 0.07s
2025-07-26 19:34:50 - __main__ - INFO - 📈 ENA: 0.618200 → 0.614900 (-0.534%)
2025-07-26 19:34:50 - __main__ - INFO - 📈 BNB: 794.750000 → 794.880000 (+0.016%)
2025-07-26 19:34:50 - __main__ - INFO - 📈 PEPE: 0.012632 → 0.012610 (-0.177%)
2025-07-26 19:34:50 - __main__ - INFO - 📈 NEAR: 2.899000 → 2.897000 (-0.069%)
2025-07-26 19:34:50 - __main__ - INFO - 📈 IMX: 0.569400 → 0.568700 (-0.123%)
2025-07-26 19:34:50 - __main__ - INFO - 📈 HYPE: 43.915000 → 43.880000 (-0.080%)
2025-07-26 19:34:50 - __main__ - INFO - 📈 ETH: 3751.540000 → 3748.030000 (-0.094%)
2025-07-26 19:34:50 - __main__ - INFO - 📈 BTC: 118012.600000 → 117975.600000 (-0.031%)
2025-07-26 19:34:50 - __main__ - INFO - 🔄 Ciclo #270: 8 ativos | 8 atualizações | 0 transições | 0.11s
2025-07-26 19:35:20 - __main__ - INFO - 📈 BNB: 794.880000 → 796.660000 (+0.224%)
2025-07-26 19:35:20 - __main__ - INFO - 📈 PEPE: 0.012610 → 0.012624 (+0.112%)
2025-07-26 19:35:20 - __main__ - INFO - 📈 NEAR: 2.897000 → 2.900000 (+0.104%)
2025-07-26 19:35:20 - __main__ - INFO - 📈 IMX: 0.568700 → 0.569200 (+0.088%)
2025-07-26 19:35:20 - __main__ - INFO - 📈 HYPE: 43.880000 → 43.871000 (-0.021%)
2025-07-26 19:35:20 - __main__ - INFO - 🔄 Ciclo #271: 8 ativos | 5 atualizações | 0 transições | 0.10s
2025-07-26 19:35:50 - __main__ - INFO - 📈 ENA: 0.614900 → 0.612900 (-0.325%)
2025-07-26 19:35:50 - __main__ - INFO - 📈 ETH: 3748.030000 → 3749.500000 (+0.039%)
2025-07-26 19:35:51 - __main__ - INFO - 📈 BTC: 117975.600000 → 117988.200000 (+0.011%)
2025-07-26 19:35:51 - __main__ - INFO - 🔄 Ciclo #272: 8 ativos | 3 atualizações | 0 transições | 0.13s
2025-07-26 19:36:21 - __main__ - INFO - 📈 BTC: 117988.200000 → 117975.600000 (-0.011%)
2025-07-26 19:36:21 - __main__ - INFO - 🔄 Ciclo #273: 8 ativos | 1 atualizações | 0 transições | 0.10s
2025-07-26 19:36:51 - __main__ - INFO - 📈 ENA: 0.612900 → 0.612400 (-0.082%)
2025-07-26 19:36:51 - __main__ - INFO - 📈 BNB: 796.660000 → 796.240000 (-0.053%)
2025-07-26 19:36:51 - __main__ - INFO - 📈 PEPE: 0.012624 → 0.012616 (-0.062%)
2025-07-26 19:36:51 - __main__ - INFO - 📈 IMX: 0.569200 → 0.568900 (-0.053%)
2025-07-26 19:36:51 - __main__ - INFO - 📈 HYPE: 43.871000 → 43.846000 (-0.057%)
2025-07-26 19:36:51 - __main__ - INFO - 📈 ETH: 3749.500000 → 3748.550000 (-0.025%)
2025-07-26 19:36:51 - __main__ - INFO - 🔄 Ciclo #274: 8 ativos | 6 atualizações | 0 transições | 0.14s
2025-07-26 19:37:21 - __main__ - INFO - 📈 ENA: 0.612400 → 0.609800 (-0.425%)
2025-07-26 19:37:21 - __main__ - INFO - 📈 PEPE: 0.012616 → 0.012605 (-0.088%)
2025-07-26 19:37:21 - __main__ - INFO - 📈 NEAR: 2.900000 → 2.896000 (-0.138%)
2025-07-26 19:37:21 - __main__ - INFO - 📈 IMX: 0.568900 → 0.568600 (-0.053%)
2025-07-26 19:37:21 - __main__ - INFO - 📈 HYPE: 43.846000 → 43.815000 (-0.071%)
2025-07-26 19:37:21 - __main__ - INFO - 🔄 Ciclo #275: 8 ativos | 5 atualizações | 0 transições | 0.17s
2025-07-26 19:37:51 - __main__ - INFO - 📈 BNB: 796.240000 → 796.000000 (-0.030%)
2025-07-26 19:37:51 - __main__ - INFO - 📈 ETH: 3748.550000 → 3743.230000 (-0.142%)
2025-07-26 19:37:51 - __main__ - INFO - 📈 BTC: 117975.600000 → 117953.200000 (-0.019%)
2025-07-26 19:37:51 - __main__ - INFO - 🔄 Ciclo #276: 8 ativos | 3 atualizações | 0 transições | 0.08s
2025-07-26 19:38:21 - __main__ - INFO - 📈 BTC: 117953.200000 → 117971.100000 (+0.015%)
2025-07-26 19:38:21 - __main__ - INFO - 🔄 Ciclo #277: 8 ativos | 1 atualizações | 0 transições | 0.08s
2025-07-26 19:38:51 - __main__ - INFO - 📈 ENA: 0.609800 → 0.610100 (+0.049%)
2025-07-26 19:38:51 - __main__ - INFO - 📈 BNB: 796.000000 → 794.460000 (-0.193%)
2025-07-26 19:38:51 - __main__ - INFO - 📈 PEPE: 0.012605 → 0.012596 (-0.067%)
2025-07-26 19:38:51 - __main__ - INFO - 📈 IMX: 0.568600 → 0.568800 (+0.035%)
2025-07-26 19:38:51 - __main__ - INFO - 📈 HYPE: 43.815000 → 43.794000 (-0.048%)
2025-07-26 19:38:51 - __main__ - INFO - 📈 ETH: 3743.230000 → 3745.300000 (+0.055%)
2025-07-26 19:38:51 - __main__ - INFO - 🔄 Ciclo #278: 8 ativos | 6 atualizações | 0 transições | 0.11s
2025-07-26 19:39:21 - __main__ - INFO - 📈 ENA: 0.610100 → 0.609500 (-0.098%)
2025-07-26 19:39:21 - __main__ - INFO - 📈 PEPE: 0.012596 → 0.012590 (-0.048%)
2025-07-26 19:39:21 - __main__ - INFO - 📈 IMX: 0.568800 → 0.568700 (-0.018%)
2025-07-26 19:39:21 - __main__ - INFO - 🔄 Ciclo #279: 8 ativos | 3 atualizações | 0 transições | 0.08s
2025-07-26 19:39:51 - __main__ - INFO - 📈 BNB: 794.460000 → 794.060000 (-0.050%)
2025-07-26 19:39:51 - __main__ - INFO - 📈 HYPE: 43.794000 → 43.784000 (-0.023%)
2025-07-26 19:39:51 - __main__ - INFO - 🔄 Ciclo #280: 8 ativos | 2 atualizações | 0 transições | 0.08s
2025-07-26 19:40:21 - __main__ - INFO - 📈 BNB: 794.060000 → 794.380000 (+0.040%)
2025-07-26 19:40:21 - __main__ - INFO - 📈 ETH: 3745.300000 → 3748.800000 (+0.093%)
2025-07-26 19:40:21 - __main__ - INFO - 📈 BTC: 117971.100000 → 118011.600000 (+0.034%)
2025-07-26 19:40:21 - __main__ - INFO - 🔄 Ciclo #281: 8 ativos | 3 atualizações | 0 transições | 0.10s
2025-07-26 19:40:51 - __main__ - INFO - 📈 ENA: 0.609500 → 0.610700 (+0.197%)
2025-07-26 19:40:52 - __main__ - INFO - 📈 PEPE: 0.012590 → 0.012609 (+0.149%)
2025-07-26 19:40:52 - __main__ - INFO - 📈 NEAR: 2.896000 → 2.899000 (+0.104%)
2025-07-26 19:40:52 - __main__ - INFO - 📈 IMX: 0.568700 → 0.569600 (+0.158%)
2025-07-26 19:40:52 - __main__ - INFO - 📈 HYPE: 43.784000 → 43.910000 (+0.288%)
2025-07-26 19:40:52 - __main__ - INFO - 🔄 Ciclo #282: 8 ativos | 5 atualizações | 0 transições | 0.10s
2025-07-26 19:41:22 - __main__ - INFO - 📈 ENA: 0.610700 → 0.609700 (-0.164%)
2025-07-26 19:41:22 - __main__ - INFO - 📈 PEPE: 0.012609 → 0.012590 (-0.150%)
2025-07-26 19:41:22 - __main__ - INFO - 📈 NEAR: 2.899000 → 2.896000 (-0.103%)
2025-07-26 19:41:22 - __main__ - INFO - 📈 IMX: 0.569600 → 0.568400 (-0.211%)
2025-07-26 19:41:22 - __main__ - INFO - 📈 HYPE: 43.910000 → 43.838000 (-0.164%)
2025-07-26 19:41:22 - __main__ - INFO - 🔄 Ciclo #283: 8 ativos | 5 atualizações | 0 transições | 0.10s
2025-07-26 19:41:52 - __main__ - INFO - 📈 BNB: 794.380000 → 792.690000 (-0.213%)
2025-07-26 19:41:52 - __main__ - INFO - 📈 ETH: 3748.800000 → 3744.360000 (-0.118%)
2025-07-26 19:41:52 - __main__ - INFO - 📈 BTC: 118011.600000 → 117978.000000 (-0.028%)
2025-07-26 19:41:52 - __main__ - INFO - 🔄 Ciclo #284: 8 ativos | 3 atualizações | 0 transições | 0.10s
2025-07-26 19:42:22 - __main__ - INFO - 📈 BNB: 792.690000 → 792.490000 (-0.025%)
2025-07-26 19:42:22 - __main__ - INFO - 📈 ETH: 3744.360000 → 3741.510000 (-0.076%)
2025-07-26 19:42:22 - __main__ - INFO - 📈 BTC: 117978.000000 → 118010.800000 (+0.028%)
2025-07-26 19:42:22 - __main__ - INFO - 🔄 Ciclo #285: 8 ativos | 3 atualizações | 0 transições | 0.13s
2025-07-26 19:42:52 - __main__ - INFO - 📈 ENA: 0.609700 → 0.607200 (-0.410%)
2025-07-26 19:42:52 - __main__ - INFO - 📈 PEPE: 0.012590 → 0.012585 (-0.042%)
2025-07-26 19:42:52 - __main__ - INFO - 📈 NEAR: 2.896000 → 2.895000 (-0.035%)
2025-07-26 19:42:52 - __main__ - INFO - 📈 IMX: 0.568400 → 0.568100 (-0.053%)
2025-07-26 19:42:52 - __main__ - INFO - 📈 HYPE: 43.838000 → 43.833000 (-0.011%)
2025-07-26 19:42:52 - __main__ - INFO - 🔄 Ciclo #286: 8 ativos | 5 atualizações | 0 transições | 0.10s
2025-07-26 19:43:22 - __main__ - INFO - 📈 ENA: 0.607200 → 0.605600 (-0.264%)
2025-07-26 19:43:22 - __main__ - INFO - 📈 PEPE: 0.012585 → 0.012592 (+0.058%)
2025-07-26 19:43:22 - __main__ - INFO - 📈 NEAR: 2.895000 → 2.898000 (+0.104%)
2025-07-26 19:43:22 - __main__ - INFO - 📈 IMX: 0.568100 → 0.568400 (+0.053%)
2025-07-26 19:43:22 - __main__ - INFO - 🔄 Ciclo #287: 8 ativos | 4 atualizações | 0 transições | 0.10s
2025-07-26 19:43:52 - __main__ - INFO - 📈 BNB: 792.490000 → 793.240000 (+0.095%)
2025-07-26 19:43:52 - __main__ - INFO - 📈 ETH: 3741.510000 → 3744.000000 (+0.067%)
2025-07-26 19:43:52 - __main__ - INFO - 📈 BTC: 118010.800000 → 118032.700000 (+0.019%)
2025-07-26 19:43:52 - __main__ - INFO - 🔄 Ciclo #288: 8 ativos | 3 atualizações | 0 transições | 0.07s
2025-07-26 19:44:22 - __main__ - INFO - 📈 ENA: 0.605600 → 0.607800 (+0.363%)
2025-07-26 19:44:22 - __main__ - INFO - 📈 BNB: 793.240000 → 793.670000 (+0.054%)
2025-07-26 19:44:22 - __main__ - INFO - 📈 ETH: 3744.000000 → 3750.410000 (+0.171%)
2025-07-26 19:44:22 - __main__ - INFO - 📈 BTC: 118032.700000 → 118093.700000 (+0.052%)
2025-07-26 19:44:22 - __main__ - INFO - 🔄 Ciclo #289: 8 ativos | 4 atualizações | 0 transições | 0.09s
2025-07-26 19:44:52 - __main__ - INFO - 📈 PEPE: 0.012592 → 0.012608 (+0.129%)
2025-07-26 19:44:52 - __main__ - INFO - 📈 NEAR: 2.898000 → 2.901000 (+0.104%)
2025-07-26 19:44:52 - __main__ - INFO - 📈 IMX: 0.568400 → 0.569200 (+0.141%)
2025-07-26 19:44:52 - __main__ - INFO - 📈 HYPE: 43.833000 → 43.892000 (+0.135%)
2025-07-26 19:44:52 - __main__ - INFO - 🔄 Ciclo #290: 8 ativos | 4 atualizações | 0 transições | 0.08s
2025-07-26 19:45:22 - __main__ - INFO - 📈 PEPE: 0.012608 → 0.012605 (-0.027%)
2025-07-26 19:45:22 - __main__ - INFO - 📈 NEAR: 2.901000 → 2.900000 (-0.034%)
2025-07-26 19:45:22 - __main__ - INFO - 📈 IMX: 0.569200 → 0.569000 (-0.035%)
2025-07-26 19:45:22 - __main__ - INFO - 🔄 Ciclo #291: 8 ativos | 3 atualizações | 0 transições | 0.07s
2025-07-26 19:45:52 - __main__ - INFO - 📈 ENA: 0.607800 → 0.607700 (-0.016%)
2025-07-26 19:45:52 - __main__ - INFO - 📈 BNB: 793.670000 → 794.580000 (+0.115%)
2025-07-26 19:45:52 - __main__ - INFO - 📈 ETH: 3750.410000 → 3749.640000 (-0.021%)
2025-07-26 19:45:53 - __main__ - INFO - 📈 BTC: 118093.700000 → 118062.400000 (-0.027%)
2025-07-26 19:45:53 - __main__ - INFO - 🔄 Ciclo #292: 8 ativos | 4 atualizações | 0 transições | 0.10s
2025-07-26 19:46:23 - __main__ - INFO - 📈 BNB: 794.580000 → 793.580000 (-0.126%)
2025-07-26 19:46:23 - __main__ - INFO - 📈 ETH: 3749.640000 → 3748.660000 (-0.026%)
2025-07-26 19:46:23 - __main__ - INFO - 🔄 Ciclo #293: 8 ativos | 2 atualizações | 0 transições | 0.12s
2025-07-26 19:46:53 - __main__ - INFO - 📈 ENA: 0.607700 → 0.607000 (-0.115%)
2025-07-26 19:46:53 - __main__ - INFO - 📈 PEPE: 0.012605 → 0.012594 (-0.090%)
2025-07-26 19:46:53 - __main__ - INFO - 📈 NEAR: 2.900000 → 2.898000 (-0.069%)
2025-07-26 19:46:53 - __main__ - INFO - 📈 IMX: 0.569000 → 0.568100 (-0.158%)
2025-07-26 19:46:53 - __main__ - INFO - 📈 HYPE: 43.892000 → 43.859000 (-0.075%)
2025-07-26 19:46:53 - __main__ - INFO - 🔄 Ciclo #294: 8 ativos | 5 atualizações | 0 transições | 0.13s
2025-07-26 19:47:23 - __main__ - INFO - 📈 ENA: 0.607000 → 0.607300 (+0.049%)
2025-07-26 19:47:23 - __main__ - INFO - 📈 BNB: 793.580000 → 793.050000 (-0.067%)
2025-07-26 19:47:23 - __main__ - INFO - 📈 PEPE: 0.012594 → 0.012588 (-0.044%)
2025-07-26 19:47:23 - __main__ - INFO - 📈 HYPE: 43.859000 → 43.868000 (+0.021%)
2025-07-26 19:47:23 - __main__ - INFO - 🔄 Ciclo #295: 8 ativos | 4 atualizações | 0 transições | 0.12s
2025-07-26 19:47:53 - __main__ - INFO - 📈 ETH: 3748.660000 → 3747.550000 (-0.030%)
2025-07-26 19:47:53 - __main__ - INFO - 📈 BTC: 118062.400000 → 118034.700000 (-0.023%)
2025-07-26 19:47:53 - __main__ - INFO - 🔄 Ciclo #296: 8 ativos | 2 atualizações | 0 transições | 0.07s
2025-07-26 19:48:23 - __main__ - INFO - 📈 BNB: 793.050000 → 792.930000 (-0.015%)
2025-07-26 19:48:23 - __main__ - INFO - 📈 ETH: 3747.550000 → 3750.360000 (+0.075%)
2025-07-26 19:48:23 - __main__ - INFO - 🔄 Ciclo #297: 8 ativos | 2 atualizações | 0 transições | 0.07s
2025-07-26 19:48:53 - __main__ - INFO - 📈 ENA: 0.607300 → 0.607700 (+0.066%)
2025-07-26 19:48:53 - __main__ - INFO - 📈 PEPE: 0.012588 → 0.012599 (+0.087%)
2025-07-26 19:48:53 - __main__ - INFO - 📈 NEAR: 2.898000 → 2.900000 (+0.069%)
2025-07-26 19:48:53 - __main__ - INFO - 📈 IMX: 0.568100 → 0.568300 (+0.035%)
2025-07-26 19:48:53 - __main__ - INFO - 🔄 Ciclo #298: 8 ativos | 4 atualizações | 0 transições | 0.08s
2025-07-26 19:49:23 - __main__ - INFO - 📈 PEPE: 0.012599 → 0.012594 (-0.035%)
2025-07-26 19:49:23 - __main__ - INFO - 📈 NEAR: 2.900000 → 2.897000 (-0.103%)
2025-07-26 19:49:23 - __main__ - INFO - 🔄 Ciclo #299: 8 ativos | 2 atualizações | 0 transições | 0.06s
2025-07-26 19:49:53 - __main__ - INFO - 📈 ENA: 0.607700 → 0.607200 (-0.082%)
2025-07-26 19:49:53 - __main__ - INFO - 📈 BNB: 792.930000 → 792.730000 (-0.025%)
2025-07-26 19:49:53 - __main__ - INFO - 📈 HYPE: 43.868000 → 43.861000 (-0.016%)
2025-07-26 19:49:53 - __main__ - INFO - 📈 BTC: 118034.700000 → 118055.500000 (+0.018%)
2025-07-26 19:49:53 - __main__ - INFO - 🔄 Ciclo #300: 8 ativos | 4 atualizações | 0 transições | 0.08s
2025-07-26 19:49:53 - __main__ - INFO - 📊 ESTATÍSTICAS HORÁRIAS:
2025-07-26 19:49:53 - __main__ - INFO -    ⏱️ Uptime: 2h 29m
2025-07-26 19:49:53 - __main__ - INFO -    🔄 Verificações: 300
2025-07-26 19:49:53 - __main__ - INFO -    📝 Atualizações: 842
2025-07-26 19:49:53 - __main__ - INFO -    🔄 Transições: 5
2025-07-26 19:49:53 - __main__ - INFO -    🎯 Sinais ativos: 8
2025-07-26 19:49:53 - __main__ - INFO -    ✅ Preços atualizados: 842
2025-07-26 19:49:53 - __main__ - INFO -    ❌ Falhas de preço: 0
2025-07-26 19:49:53 - __main__ - INFO -    🆕 Transições recentes: 0
2025-07-26 19:49:53 - __main__ - INFO -    📊 Símbolos com dados recentes: 10
2025-07-26 19:50:23 - __main__ - INFO - 📈 ENA: 0.607200 → 0.610100 (+0.478%)
2025-07-26 19:50:23 - __main__ - INFO - 📈 BNB: 792.730000 → 793.440000 (+0.090%)
2025-07-26 19:50:23 - __main__ - INFO - 📈 HYPE: 43.861000 → 43.882000 (+0.048%)
2025-07-26 19:50:23 - __main__ - INFO - 📈 ETH: 3750.360000 → 3754.220000 (+0.103%)
2025-07-26 19:50:23 - __main__ - INFO - 📈 BTC: 118055.500000 → 118075.900000 (+0.017%)
2025-07-26 19:50:23 - __main__ - INFO - 🔄 Ciclo #301: 8 ativos | 5 atualizações | 0 transições | 0.11s
2025-07-26 19:50:53 - __main__ - INFO - 📈 PEPE: 0.012594 → 0.012608 (+0.106%)
2025-07-26 19:50:53 - __main__ - INFO - 📈 NEAR: 2.897000 → 2.900000 (+0.104%)
2025-07-26 19:50:53 - __main__ - INFO - 📈 IMX: 0.568300 → 0.568900 (+0.106%)
2025-07-26 19:50:53 - __main__ - INFO - 🔄 Ciclo #302: 8 ativos | 3 atualizações | 0 transições | 0.08s
2025-07-26 19:51:23 - __main__ - INFO - 📈 ENA: 0.610100 → 0.609400 (-0.115%)
2025-07-26 19:51:23 - __main__ - INFO - 📈 PEPE: 0.012608 → 0.012603 (-0.042%)
2025-07-26 19:51:24 - __main__ - INFO - 📈 IMX: 0.568900 → 0.568200 (-0.123%)
2025-07-26 19:51:24 - __main__ - INFO - 📈 HYPE: 43.882000 → 43.855000 (-0.062%)
2025-07-26 19:51:24 - __main__ - INFO - 🔄 Ciclo #303: 8 ativos | 4 atualizações | 0 transições | 0.09s
2025-07-26 19:51:54 - __main__ - INFO - 📈 BNB: 793.440000 → 792.450000 (-0.125%)
2025-07-26 19:51:54 - __main__ - INFO - 📈 NEAR: 2.900000 → 2.898000 (-0.069%)
2025-07-26 19:51:54 - __main__ - INFO - 📈 ETH: 3754.220000 → 3751.960000 (-0.060%)
2025-07-26 19:51:54 - __main__ - INFO - 📈 BTC: 118075.900000 → 118064.000000 (-0.010%)
2025-07-26 19:51:54 - __main__ - INFO - 🔄 Ciclo #304: 8 ativos | 4 atualizações | 0 transições | 0.10s
2025-07-26 19:52:24 - __main__ - INFO - 📈 ENA: 0.609400 → 0.610300 (+0.148%)
2025-07-26 19:52:24 - __main__ - INFO - 📈 BNB: 792.450000 → 792.880000 (+0.054%)
2025-07-26 19:52:24 - __main__ - INFO - 📈 ETH: 3751.960000 → 3753.590000 (+0.043%)
2025-07-26 19:52:24 - __main__ - INFO - 🔄 Ciclo #305: 8 ativos | 3 atualizações | 0 transições | 0.09s
2025-07-26 19:52:54 - __main__ - INFO - 📈 PEPE: 0.012603 → 0.012608 (+0.044%)
2025-07-26 19:52:54 - __main__ - INFO - 📈 IMX: 0.568200 → 0.568300 (+0.018%)
2025-07-26 19:52:54 - __main__ - INFO - 📈 HYPE: 43.855000 → 43.875000 (+0.046%)
2025-07-26 19:52:54 - __main__ - INFO - 🔄 Ciclo #306: 8 ativos | 3 atualizações | 0 transições | 0.08s
2025-07-26 19:53:24 - __main__ - INFO - 📈 PEPE: 0.012608 → 0.012601 (-0.056%)
2025-07-26 19:53:24 - __main__ - INFO - 📈 NEAR: 2.898000 → 2.897000 (-0.035%)
2025-07-26 19:53:24 - __main__ - INFO - 📈 IMX: 0.568300 → 0.568100 (-0.035%)
2025-07-26 19:53:24 - __main__ - INFO - 📈 HYPE: 43.875000 → 43.856000 (-0.043%)
2025-07-26 19:53:24 - __main__ - INFO - 🔄 Ciclo #307: 8 ativos | 4 atualizações | 0 transições | 0.08s
2025-07-26 19:53:54 - __main__ - INFO - 📈 BNB: 792.880000 → 791.800000 (-0.136%)
2025-07-26 19:53:54 - __main__ - INFO - 📈 ETH: 3753.590000 → 3751.090000 (-0.067%)
2025-07-26 19:53:54 - __main__ - INFO - 📈 BTC: 118064.000000 → 118049.200000 (-0.013%)
2025-07-26 19:53:54 - __main__ - INFO - 🔄 Ciclo #308: 8 ativos | 3 atualizações | 0 transições | 0.08s
2025-07-26 19:54:24 - __main__ - INFO - 📈 ENA: 0.610300 → 0.609200 (-0.180%)
2025-07-26 19:54:24 - __main__ - INFO - 📈 HYPE: 43.856000 → 43.874000 (+0.041%)
2025-07-26 19:54:24 - __main__ - INFO - 🔄 Ciclo #309: 8 ativos | 2 atualizações | 0 transições | 0.07s
2025-07-26 19:54:54 - __main__ - INFO - 📈 PEPE: 0.012601 → 0.012599 (-0.016%)
2025-07-26 19:54:54 - __main__ - INFO - 📈 NEAR: 2.897000 → 2.895000 (-0.069%)
2025-07-26 19:54:54 - __main__ - INFO - 📈 IMX: 0.568100 → 0.567900 (-0.035%)
2025-07-26 19:54:54 - __main__ - INFO - 🔄 Ciclo #310: 8 ativos | 3 atualizações | 0 transições | 0.09s
2025-07-26 19:55:24 - __main__ - INFO - 📈 PEPE: 0.012599 → 0.012594 (-0.038%)
2025-07-26 19:55:24 - __main__ - INFO - 📈 IMX: 0.567900 → 0.567800 (-0.018%)
2025-07-26 19:55:24 - __main__ - INFO - 🔄 Ciclo #311: 8 ativos | 2 atualizações | 0 transições | 0.06s
2025-07-26 19:55:54 - __main__ - INFO - 📈 ENA: 0.609200 → 0.610400 (+0.197%)
2025-07-26 19:55:54 - __main__ - INFO - 📈 BNB: 791.800000 → 791.910000 (+0.014%)
2025-07-26 19:55:54 - __main__ - INFO - 📈 ETH: 3751.090000 → 3749.350000 (-0.046%)
2025-07-26 19:55:54 - __main__ - INFO - 🔄 Ciclo #312: 8 ativos | 3 atualizações | 0 transições | 0.09s
2025-07-26 19:56:24 - __main__ - INFO - 📈 ENA: 0.610400 → 0.611400 (+0.164%)
2025-07-26 19:56:24 - __main__ - INFO - 📈 BNB: 791.910000 → 791.690000 (-0.028%)
2025-07-26 19:56:24 - __main__ - INFO - 📈 PEPE: 0.012594 → 0.012590 (-0.034%)
2025-07-26 19:56:24 - __main__ - INFO - 📈 HYPE: 43.874000 → 43.860000 (-0.032%)
2025-07-26 19:56:24 - __main__ - INFO - 📈 ETH: 3749.350000 → 3747.470000 (-0.050%)
2025-07-26 19:56:24 - __main__ - INFO - 📈 BTC: 118049.200000 → 118034.000000 (-0.013%)
2025-07-26 19:56:24 - __main__ - INFO - 🔄 Ciclo #313: 8 ativos | 6 atualizações | 0 transições | 0.15s
2025-07-26 19:56:54 - __main__ - INFO - 📈 NEAR: 2.895000 → 2.894000 (-0.035%)
2025-07-26 19:56:54 - __main__ - INFO - 📈 IMX: 0.567800 → 0.567700 (-0.018%)
2025-07-26 19:56:55 - __main__ - INFO - 🔄 Ciclo #314: 8 ativos | 2 atualizações | 0 transições | 0.08s
2025-07-26 19:57:25 - __main__ - INFO - 📈 PEPE: 0.012590 → 0.012582 (-0.065%)
2025-07-26 19:57:25 - __main__ - INFO - 📈 NEAR: 2.894000 → 2.892000 (-0.069%)
2025-07-26 19:57:25 - __main__ - INFO - 📈 IMX: 0.567700 → 0.567400 (-0.053%)
2025-07-26 19:57:25 - __main__ - INFO - 📈 HYPE: 43.860000 → 43.815000 (-0.103%)
2025-07-26 19:57:25 - __main__ - INFO - 🔄 Ciclo #315: 8 ativos | 4 atualizações | 0 transições | 0.10s
2025-07-26 19:57:55 - __main__ - INFO - 📈 ENA: 0.611400 → 0.610300 (-0.180%)
2025-07-26 19:57:55 - __main__ - INFO - 📈 BNB: 791.690000 → 791.370000 (-0.040%)
2025-07-26 19:57:55 - __main__ - INFO - 🔄 Ciclo #316: 8 ativos | 2 atualizações | 0 transições | 0.06s
2025-07-26 19:58:25 - __main__ - INFO - 📈 ENA: 0.610300 → 0.610800 (+0.082%)
2025-07-26 19:58:25 - __main__ - INFO - 📈 BNB: 791.370000 → 791.810000 (+0.056%)
2025-07-26 19:58:25 - __main__ - INFO - 📈 NEAR: 2.892000 → 2.893000 (+0.035%)
2025-07-26 19:58:25 - __main__ - INFO - 📈 HYPE: 43.815000 → 43.757000 (-0.132%)
2025-07-26 19:58:25 - __main__ - INFO - 📈 ETH: 3747.470000 → 3746.210000 (-0.034%)
2025-07-26 19:58:25 - __main__ - INFO - 📈 BTC: 118034.000000 → 117995.100000 (-0.033%)
2025-07-26 19:58:25 - __main__ - INFO - 🔄 Ciclo #317: 8 ativos | 6 atualizações | 0 transições | 0.11s
2025-07-26 19:58:55 - __main__ - INFO - 📈 IMX: 0.567400 → 0.567300 (-0.018%)
2025-07-26 19:58:55 - __main__ - INFO - 🔄 Ciclo #318: 8 ativos | 1 atualizações | 0 transições | 0.05s
2025-07-26 19:59:55 - __main__ - INFO - 📈 ENA: 0.610800 → 0.611300 (+0.082%)
2025-07-26 19:59:55 - __main__ - INFO - 📈 BNB: 791.810000 → 791.730000 (-0.010%)
2025-07-26 19:59:55 - __main__ - INFO - 📈 HYPE: 43.757000 → 43.807000 (+0.114%)
2025-07-26 19:59:55 - __main__ - INFO - 📈 ETH: 3746.210000 → 3747.110000 (+0.024%)
2025-07-26 19:59:55 - __main__ - INFO - 🔄 Ciclo #320: 8 ativos | 4 atualizações | 0 transições | 0.09s
2025-07-26 20:00:25 - __main__ - INFO - 📈 ENA: 0.611300 → 0.612800 (+0.245%)
2025-07-26 20:00:25 - __main__ - INFO - 📈 BNB: 791.730000 → 791.870000 (+0.018%)
2025-07-26 20:00:25 - __main__ - INFO - 📈 PEPE: 0.012582 → 0.012592 (+0.082%)
2025-07-26 20:00:25 - __main__ - INFO - 📈 NEAR: 2.893000 → 2.894000 (+0.035%)
2025-07-26 20:00:25 - __main__ - INFO - 📈 IMX: 0.567300 → 0.567600 (+0.053%)
2025-07-26 20:00:25 - __main__ - INFO - 📈 HYPE: 43.807000 → 43.800000 (-0.016%)
2025-07-26 20:00:25 - __main__ - INFO - 📈 ETH: 3747.110000 → 3748.400000 (+0.034%)
2025-07-26 20:00:25 - __main__ - INFO - 📈 BTC: 117995.100000 → 117974.900000 (-0.017%)
2025-07-26 20:00:25 - __main__ - INFO - 🔄 Ciclo #321: 8 ativos | 8 atualizações | 0 transições | 0.12s
2025-07-26 20:01:25 - __main__ - INFO - 📈 NEAR: 2.894000 → 2.893000 (-0.035%)
2025-07-26 20:01:25 - __main__ - INFO - 📈 IMX: 0.567600 → 0.567900 (+0.053%)
2025-07-26 20:01:25 - __main__ - INFO - 🔄 Ciclo #323: 8 ativos | 2 atualizações | 0 transições | 0.13s
2025-07-26 20:01:55 - __main__ - INFO - 📈 ENA: 0.612800 → 0.618300 (+0.898%)
2025-07-26 20:01:55 - __main__ - INFO - 📈 BNB: 791.870000 → 792.520000 (+0.082%)
2025-07-26 20:01:55 - __main__ - INFO - 📈 PEPE: 0.012592 → 0.012600 (+0.062%)
2025-07-26 20:01:55 - __main__ - INFO - 📈 HYPE: 43.800000 → 43.827000 (+0.062%)
2025-07-26 20:01:55 - __main__ - INFO - 📈 ETH: 3748.400000 → 3750.000000 (+0.043%)
2025-07-26 20:01:55 - __main__ - INFO - 📈 BTC: 117974.900000 → 118000.500000 (+0.022%)
2025-07-26 20:01:55 - __main__ - INFO - 🔄 Ciclo #324: 8 ativos | 6 atualizações | 0 transições | 0.18s
2025-07-26 20:02:26 - __main__ - INFO - 📈 BNB: 792.520000 → 793.430000 (+0.115%)
2025-07-26 20:02:26 - __main__ - INFO - 📈 ETH: 3750.000000 → 3751.140000 (+0.030%)
2025-07-26 20:02:26 - __main__ - INFO - 🔄 Ciclo #325: 8 ativos | 2 atualizações | 0 transições | 0.14s
2025-07-26 20:02:56 - __main__ - INFO - 📈 PEPE: 0.012600 → 0.012603 (+0.026%)
2025-07-26 20:02:56 - __main__ - INFO - 📈 IMX: 0.567900 → 0.567700 (-0.035%)
2025-07-26 20:02:56 - __main__ - INFO - 🔄 Ciclo #326: 8 ativos | 2 atualizações | 0 transições | 0.07s
2025-07-26 20:03:26 - __main__ - INFO - 📈 ENA: 0.618300 → 0.616600 (-0.275%)
2025-07-26 20:03:26 - __main__ - INFO - 📈 PEPE: 0.012603 → 0.012594 (-0.072%)
2025-07-26 20:03:26 - __main__ - INFO - 📈 NEAR: 2.893000 → 2.891000 (-0.069%)
2025-07-26 20:03:26 - __main__ - INFO - 📈 IMX: 0.567700 → 0.567400 (-0.053%)
2025-07-26 20:03:26 - __main__ - INFO - 📈 HYPE: 43.827000 → 43.804000 (-0.052%)
2025-07-26 20:03:26 - __main__ - INFO - 🔄 Ciclo #327: 8 ativos | 5 atualizações | 0 transições | 0.09s
2025-07-26 20:03:56 - __main__ - INFO - 📈 BNB: 793.430000 → 793.710000 (+0.035%)
2025-07-26 20:03:56 - __main__ - INFO - 📈 ETH: 3751.140000 → 3750.250000 (-0.024%)
2025-07-26 20:03:56 - __main__ - INFO - 🔄 Ciclo #328: 8 ativos | 2 atualizações | 0 transições | 0.06s
2025-07-26 20:04:26 - __main__ - INFO - 📈 ENA: 0.616600 → 0.617400 (+0.130%)
2025-07-26 20:04:26 - __main__ - INFO - 📈 BNB: 793.710000 → 793.570000 (-0.018%)
2025-07-26 20:04:26 - __main__ - INFO - 📈 PEPE: 0.012594 → 0.012589 (-0.041%)
2025-07-26 20:04:26 - __main__ - INFO - 📈 HYPE: 43.804000 → 43.764000 (-0.091%)
2025-07-26 20:04:26 - __main__ - INFO - 📈 ETH: 3750.250000 → 3750.970000 (+0.019%)
2025-07-26 20:04:26 - __main__ - INFO - 🔄 Ciclo #329: 8 ativos | 5 atualizações | 0 transições | 0.09s
2025-07-26 20:04:56 - __main__ - INFO - 📈 IMX: 0.567400 → 0.567300 (-0.018%)
2025-07-26 20:04:56 - __main__ - INFO - 🔄 Ciclo #330: 8 ativos | 1 atualizações | 0 transições | 0.05s
2025-07-26 20:05:26 - __main__ - INFO - 📈 PEPE: 0.012589 → 0.012596 (+0.057%)
2025-07-26 20:05:26 - __main__ - INFO - 📈 NEAR: 2.891000 → 2.890000 (-0.035%)
2025-07-26 20:05:26 - __main__ - INFO - 📈 IMX: 0.567300 → 0.567600 (+0.053%)
2025-07-26 20:05:26 - __main__ - INFO - 🔄 Ciclo #331: 8 ativos | 3 atualizações | 0 transições | 0.08s
2025-07-26 20:05:56 - __main__ - INFO - 📈 ENA: 0.617400 → 0.617100 (-0.049%)
2025-07-26 20:05:56 - __main__ - INFO - 📈 BNB: 793.570000 → 793.470000 (-0.013%)
2025-07-26 20:05:56 - __main__ - INFO - 📈 HYPE: 43.764000 → 43.759000 (-0.011%)
2025-07-26 20:05:56 - __main__ - INFO - 📈 ETH: 3750.970000 → 3752.500000 (+0.041%)
2025-07-26 20:05:56 - __main__ - INFO - 📈 BTC: 118000.500000 → 117977.300000 (-0.020%)
2025-07-26 20:05:56 - __main__ - INFO - 🔄 Ciclo #332: 8 ativos | 5 atualizações | 0 transições | 0.11s
2025-07-26 20:06:26 - __main__ - INFO - 📈 ENA: 0.617100 → 0.615300 (-0.292%)
2025-07-26 20:06:26 - __main__ - INFO - 📈 BNB: 793.470000 → 793.330000 (-0.018%)
2025-07-26 20:06:26 - __main__ - INFO - 📈 PEPE: 0.012596 → 0.012601 (+0.037%)
2025-07-26 20:06:26 - __main__ - INFO - 📈 HYPE: 43.759000 → 43.742000 (-0.039%)
2025-07-26 20:06:26 - __main__ - INFO - 📈 ETH: 3752.500000 → 3752.120000 (-0.010%)
2025-07-26 20:06:26 - __main__ - INFO - 🔄 Ciclo #333: 8 ativos | 5 atualizações | 0 transições | 0.16s
2025-07-26 20:06:56 - __main__ - INFO - 📈 NEAR: 2.890000 → 2.891000 (+0.035%)
2025-07-26 20:06:56 - __main__ - INFO - 📈 IMX: 0.567600 → 0.567700 (+0.018%)
2025-07-26 20:06:56 - __main__ - INFO - 🔄 Ciclo #334: 8 ativos | 2 atualizações | 0 transições | 0.09s
2025-07-26 20:07:26 - __main__ - INFO - 📈 ENA: 0.615300 → 0.614200 (-0.179%)
2025-07-26 20:07:26 - __main__ - INFO - 📈 BNB: 793.330000 → 793.810000 (+0.061%)
2025-07-26 20:07:26 - __main__ - INFO - 📈 PEPE: 0.012601 → 0.012603 (+0.018%)
2025-07-26 20:07:27 - __main__ - INFO - 📈 NEAR: 2.891000 → 2.893000 (+0.069%)
2025-07-26 20:07:27 - __main__ - INFO - 📈 IMX: 0.567700 → 0.567800 (+0.018%)
2025-07-26 20:07:27 - __main__ - INFO - 📈 HYPE: 43.742000 → 43.781000 (+0.089%)
2025-07-26 20:07:27 - __main__ - INFO - 🔄 Ciclo #335: 8 ativos | 6 atualizações | 0 transições | 0.11s
2025-07-26 20:07:57 - __main__ - INFO - 📈 ETH: 3752.120000 → 3752.530000 (+0.011%)
2025-07-26 20:07:57 - __main__ - INFO - 🔄 Ciclo #336: 8 ativos | 1 atualizações | 0 transições | 0.06s
2025-07-26 20:08:27 - __main__ - INFO - 📈 ENA: 0.614200 → 0.613200 (-0.163%)
2025-07-26 20:08:27 - __main__ - INFO - 📈 BNB: 793.810000 → 793.980000 (+0.021%)
2025-07-26 20:08:27 - __main__ - INFO - 📈 PEPE: 0.012603 → 0.012575 (-0.227%)
2025-07-26 20:08:27 - __main__ - INFO - 📈 HYPE: 43.781000 → 43.703000 (-0.178%)
2025-07-26 20:08:27 - __main__ - INFO - 📈 ETH: 3752.530000 → 3746.800000 (-0.153%)
2025-07-26 20:08:27 - __main__ - INFO - 📈 BTC: 117977.300000 → 117939.200000 (-0.032%)
2025-07-26 20:08:27 - __main__ - INFO - 🔄 Ciclo #337: 8 ativos | 6 atualizações | 0 transições | 0.11s
2025-07-26 20:08:57 - __main__ - INFO - 📈 NEAR: 2.893000 → 2.886000 (-0.242%)
2025-07-26 20:08:57 - __main__ - INFO - 📈 IMX: 0.567800 → 0.566700 (-0.194%)
2025-07-26 20:08:57 - __main__ - INFO - 🔄 Ciclo #338: 8 ativos | 2 atualizações | 0 transições | 0.07s
2025-07-26 20:09:27 - __main__ - INFO - 📈 ENA: 0.613200 → 0.611000 (-0.359%)
2025-07-26 20:09:27 - __main__ - INFO - 📈 NEAR: 2.886000 → 2.889000 (+0.104%)
2025-07-26 20:09:27 - __main__ - INFO - 📈 IMX: 0.566700 → 0.567200 (+0.088%)
2025-07-26 20:09:27 - __main__ - INFO - 📈 HYPE: 43.703000 → 43.712000 (+0.021%)
2025-07-26 20:09:27 - __main__ - INFO - 🔄 Ciclo #339: 8 ativos | 4 atualizações | 0 transições | 0.07s
2025-07-26 20:09:57 - __main__ - INFO - 📈 BNB: 793.980000 → 794.710000 (+0.092%)
2025-07-26 20:09:57 - __main__ - INFO - 🔄 Ciclo #340: 8 ativos | 1 atualizações | 0 transições | 0.06s
2025-07-26 20:10:27 - __main__ - INFO - 📈 ENA: 0.611000 → 0.613700 (+0.442%)
2025-07-26 20:10:27 - __main__ - INFO - 📈 BNB: 794.710000 → 795.000000 (+0.036%)
2025-07-26 20:10:27 - __main__ - INFO - 📈 PEPE: 0.012575 → 0.012577 (+0.021%)
2025-07-26 20:10:27 - __main__ - INFO - 📈 NEAR: 2.889000 → 2.890000 (+0.035%)
2025-07-26 20:10:27 - __main__ - INFO - 📈 IMX: 0.567200 → 0.567400 (+0.035%)
2025-07-26 20:10:27 - __main__ - INFO - 📈 HYPE: 43.712000 → 43.676000 (-0.082%)
2025-07-26 20:10:27 - __main__ - INFO - 🔄 Ciclo #341: 8 ativos | 6 atualizações | 0 transições | 0.10s
2025-07-26 20:11:27 - __main__ - INFO - 📈 PEPE: 0.012577 → 0.012570 (-0.054%)
2025-07-26 20:11:27 - __main__ - INFO - 📈 IMX: 0.567400 → 0.567600 (+0.035%)
2025-07-26 20:11:27 - __main__ - INFO - 🔄 Ciclo #343: 8 ativos | 2 atualizações | 0 transições | 0.07s
2025-07-26 20:11:57 - __main__ - INFO - 📈 ENA: 0.613700 → 0.618300 (+0.750%)
2025-07-26 20:11:57 - __main__ - INFO - 📈 ETH: 3746.800000 → 3747.930000 (+0.030%)
2025-07-26 20:11:57 - __main__ - INFO - 📈 BTC: 117939.200000 → 117952.800000 (+0.012%)
2025-07-26 20:11:57 - __main__ - INFO - 🔄 Ciclo #344: 8 ativos | 3 atualizações | 0 transições | 0.08s
2025-07-26 20:12:27 - __main__ - INFO - 📈 ENA: 0.618300 → 0.617100 (-0.194%)
2025-07-26 20:12:27 - __main__ - INFO - 📈 PEPE: 0.012570 → 0.012524 (-0.368%)
2025-07-26 20:12:27 - __main__ - INFO - 📈 NEAR: 2.890000 → 2.888000 (-0.069%)
2025-07-26 20:12:27 - __main__ - INFO - 📈 IMX: 0.567600 → 0.567400 (-0.035%)
2025-07-26 20:12:27 - __main__ - INFO - 📈 ETH: 3747.930000 → 3747.080000 (-0.023%)
2025-07-26 20:12:27 - __main__ - INFO - 🔄 Ciclo #345: 8 ativos | 5 atualizações | 0 transições | 0.11s
2025-07-26 20:13:57 - __main__ - INFO - 📈 ENA: 0.617100 → 0.615000 (-0.340%)
2025-07-26 20:13:58 - __main__ - INFO - 📈 HYPE: 43.676000 → 43.684000 (+0.018%)
2025-07-26 20:13:58 - __main__ - INFO - 📈 ETH: 3747.080000 → 3745.150000 (-0.052%)
2025-07-26 20:13:58 - __main__ - INFO - 📈 BTC: 117952.800000 → 117975.900000 (+0.020%)
2025-07-26 20:13:58 - __main__ - INFO - 🔄 Ciclo #348: 8 ativos | 4 atualizações | 0 transições | 0.08s
2025-07-26 20:14:28 - __main__ - INFO - 📈 ENA: 0.615000 → 0.617500 (+0.407%)
2025-07-26 20:14:28 - __main__ - INFO - 📈 BNB: 795.000000 → 795.490000 (+0.062%)
2025-07-26 20:14:28 - __main__ - INFO - 📈 PEPE: 0.012524 → 0.012528 (+0.032%)
2025-07-26 20:14:28 - __main__ - INFO - 📈 NEAR: 2.888000 → 2.891000 (+0.104%)
2025-07-26 20:14:28 - __main__ - INFO - 📈 IMX: 0.567400 → 0.567700 (+0.053%)
2025-07-26 20:14:28 - __main__ - INFO - 📈 HYPE: 43.684000 → 43.651000 (-0.076%)
2025-07-26 20:14:28 - __main__ - INFO - 📈 ETH: 3745.150000 → 3746.380000 (+0.033%)
2025-07-26 20:14:28 - __main__ - INFO - 🔄 Ciclo #349: 8 ativos | 7 atualizações | 0 transições | 0.11s
2025-07-26 20:15:28 - __main__ - INFO - 📈 NEAR: 2.891000 → 2.889000 (-0.069%)
2025-07-26 20:15:28 - __main__ - INFO - 📈 IMX: 0.567700 → 0.567500 (-0.035%)
2025-07-26 20:15:28 - __main__ - INFO - 🔄 Ciclo #351: 8 ativos | 2 atualizações | 0 transições | 0.06s
2025-07-26 20:15:58 - __main__ - INFO - 📈 ENA: 0.617500 → 0.620000 (+0.405%)
2025-07-26 20:15:58 - __main__ - INFO - 📈 BNB: 795.490000 → 795.590000 (+0.013%)
2025-07-26 20:15:58 - __main__ - INFO - 📈 PEPE: 0.012528 → 0.012496 (-0.255%)
2025-07-26 20:15:58 - __main__ - INFO - 📈 ETH: 3746.380000 → 3744.550000 (-0.049%)
2025-07-26 20:15:58 - __main__ - INFO - 📈 BTC: 117975.900000 → 117957.600000 (-0.016%)
2025-07-26 20:15:58 - __main__ - INFO - 🔄 Ciclo #352: 8 ativos | 5 atualizações | 0 transições | 0.10s
2025-07-26 20:16:28 - __main__ - INFO - 📈 ENA: 0.620000 → 0.617800 (-0.355%)
2025-07-26 20:16:28 - __main__ - INFO - 📈 BNB: 795.590000 → 794.800000 (-0.099%)
2025-07-26 20:16:28 - __main__ - INFO - 📈 PEPE: 0.012496 → 0.012487 (-0.077%)
2025-07-26 20:16:28 - __main__ - INFO - 📈 NEAR: 2.889000 → 2.886000 (-0.104%)
2025-07-26 20:16:28 - __main__ - INFO - 📈 IMX: 0.567500 → 0.566900 (-0.106%)
2025-07-26 20:16:28 - __main__ - INFO - 📈 HYPE: 43.651000 → 43.620000 (-0.071%)
2025-07-26 20:16:28 - __main__ - INFO - 📈 ETH: 3744.550000 → 3742.360000 (-0.058%)
2025-07-26 20:16:28 - __main__ - INFO - 📈 BTC: 117957.600000 → 117938.300000 (-0.016%)
2025-07-26 20:16:28 - __main__ - INFO - 🔄 Ciclo #353: 8 ativos | 8 atualizações | 0 transições | 0.15s
2025-07-26 20:17:28 - __main__ - INFO - 📈 ENA: 0.617800 → 0.618500 (+0.113%)
2025-07-26 20:17:28 - __main__ - INFO - 📈 BNB: 794.800000 → 795.410000 (+0.077%)
2025-07-26 20:17:28 - __main__ - INFO - 📈 PEPE: 0.012487 → 0.012489 (+0.022%)
2025-07-26 20:17:28 - __main__ - INFO - 📈 NEAR: 2.886000 → 2.887000 (+0.035%)
2025-07-26 20:17:28 - __main__ - INFO - 📈 IMX: 0.566900 → 0.567000 (+0.018%)
2025-07-26 20:17:28 - __main__ - INFO - 🔄 Ciclo #355: 8 ativos | 5 atualizações | 0 transições | 0.11s
2025-07-26 20:17:58 - __main__ - INFO - 📈 HYPE: 43.620000 → 43.635000 (+0.034%)
2025-07-26 20:17:58 - __main__ - INFO - 📈 ETH: 3742.360000 → 3743.130000 (+0.021%)
2025-07-26 20:17:58 - __main__ - INFO - 🔄 Ciclo #356: 8 ativos | 2 atualizações | 0 transições | 0.07s
2025-07-26 20:18:28 - __main__ - INFO - 📈 ENA: 0.618500 → 0.618800 (+0.049%)
2025-07-26 20:18:28 - __main__ - INFO - 📈 BNB: 795.410000 → 794.640000 (-0.097%)
2025-07-26 20:18:28 - __main__ - INFO - 📈 PEPE: 0.012489 → 0.012424 (-0.528%)
2025-07-26 20:18:28 - __main__ - INFO - 📈 NEAR: 2.887000 → 2.886000 (-0.035%)
2025-07-26 20:18:28 - __main__ - INFO - 📈 IMX: 0.567000 → 0.566800 (-0.035%)
2025-07-26 20:18:28 - __main__ - INFO - 📈 HYPE: 43.635000 → 43.602000 (-0.076%)
2025-07-26 20:18:28 - __main__ - INFO - 📈 ETH: 3743.130000 → 3740.240000 (-0.077%)
2025-07-26 20:18:28 - __main__ - INFO - 🔄 Ciclo #357: 8 ativos | 7 atualizações | 0 transições | 0.10s
2025-07-26 20:19:29 - __main__ - INFO - 📈 PEPE: 0.012424 → 0.012410 (-0.107%)
2025-07-26 20:19:29 - __main__ - INFO - 📈 NEAR: 2.886000 → 2.884000 (-0.069%)
2025-07-26 20:19:29 - __main__ - INFO - 📈 IMX: 0.566800 → 0.566500 (-0.053%)
2025-07-26 20:19:29 - __main__ - WARNING - 🛑 PEPE: ACTIVE → STOP_HIT | Preço: 0.012410 | Preço atingiu Stop Loss: 0.012412
2025-07-26 20:19:29 - __main__ - INFO - 🔄 Ciclo #359: 8 ativos | 3 atualizações | 1 transições | 0.07s
2025-07-26 20:19:59 - __main__ - INFO - 📈 ENA: 0.618800 → 0.619100 (+0.048%)
2025-07-26 20:19:59 - __main__ - INFO - 📈 BNB: 794.640000 → 794.340000 (-0.038%)
2025-07-26 20:19:59 - __main__ - INFO - 📈 HYPE: 43.602000 → 43.607000 (+0.011%)
2025-07-26 20:19:59 - __main__ - INFO - 📈 ETH: 3740.240000 → 3741.420000 (+0.032%)
2025-07-26 20:19:59 - __main__ - INFO - 🔄 Ciclo #360: 7 ativos | 4 atualizações | 0 transições | 0.07s
2025-07-26 20:19:59 - __main__ - INFO - 📊 ESTATÍSTICAS HORÁRIAS:
2025-07-26 20:19:59 - __main__ - INFO -    ⏱️ Uptime: 2h 59m
2025-07-26 20:19:59 - __main__ - INFO -    🔄 Verificações: 360
2025-07-26 20:19:59 - __main__ - INFO -    📝 Atualizações: 1037
2025-07-26 20:19:59 - __main__ - INFO -    🔄 Transições: 6
2025-07-26 20:19:59 - __main__ - INFO -    🎯 Sinais ativos: 7
2025-07-26 20:19:59 - __main__ - INFO -    ✅ Preços atualizados: 1037
2025-07-26 20:19:59 - __main__ - INFO -    ❌ Falhas de preço: 0
2025-07-26 20:19:59 - __main__ - INFO -    🆕 Transições recentes: 0
2025-07-26 20:19:59 - __main__ - INFO -    📊 Símbolos com dados recentes: 10
2025-07-26 20:20:29 - __main__ - INFO - 📈 ENA: 0.619100 → 0.621300 (+0.355%)
2025-07-26 20:20:29 - __main__ - INFO - 📈 BNB: 794.340000 → 794.650000 (+0.039%)
2025-07-26 20:20:29 - __main__ - INFO - 📈 NEAR: 2.884000 → 2.888000 (+0.139%)
2025-07-26 20:20:29 - __main__ - INFO - 📈 IMX: 0.566500 → 0.566600 (+0.018%)
2025-07-26 20:20:29 - __main__ - INFO - 📈 HYPE: 43.607000 → 43.619000 (+0.028%)
2025-07-26 20:20:29 - __main__ - INFO - 📈 ETH: 3741.420000 → 3744.870000 (+0.092%)
2025-07-26 20:20:29 - __main__ - INFO - 📈 BTC: 117938.300000 → 117919.800000 (-0.016%)
2025-07-26 20:20:29 - __main__ - INFO - 🔄 Ciclo #361: 7 ativos | 7 atualizações | 0 transições | 0.10s
2025-07-26 20:21:29 - __main__ - INFO - 📈 NEAR: 2.888000 → 2.887000 (-0.035%)
2025-07-26 20:21:29 - __main__ - INFO - 📈 IMX: 0.566600 → 0.566400 (-0.035%)
2025-07-26 20:21:29 - __main__ - INFO - 🔄 Ciclo #363: 7 ativos | 2 atualizações | 0 transições | 0.07s
2025-07-26 20:21:59 - __main__ - INFO - 📈 ENA: 0.621300 → 0.623100 (+0.290%)
2025-07-26 20:21:59 - __main__ - INFO - 📈 BNB: 794.650000 → 794.270000 (-0.048%)
2025-07-26 20:21:59 - __main__ - INFO - 📈 ETH: 3744.870000 → 3743.180000 (-0.045%)
2025-07-26 20:21:59 - __main__ - INFO - 📈 BTC: 117919.800000 → 117951.100000 (+0.027%)
2025-07-26 20:21:59 - __main__ - INFO - 🔄 Ciclo #364: 7 ativos | 4 atualizações | 0 transições | 0.09s
2025-07-26 20:22:29 - __main__ - INFO - 📈 ENA: 0.623100 → 0.627300 (+0.674%)
2025-07-26 20:22:29 - __main__ - INFO - 📈 BNB: 794.270000 → 795.310000 (+0.131%)
2025-07-26 20:22:29 - __main__ - INFO - 📈 NEAR: 2.887000 → 2.893000 (+0.208%)
2025-07-26 20:22:29 - __main__ - INFO - 📈 IMX: 0.566400 → 0.567200 (+0.141%)
2025-07-26 20:22:29 - __main__ - INFO - 📈 HYPE: 43.619000 → 43.647000 (+0.064%)
2025-07-26 20:22:29 - __main__ - INFO - 📈 ETH: 3743.180000 → 3748.580000 (+0.144%)
2025-07-26 20:22:29 - __main__ - INFO - 📈 BTC: 117951.100000 → 118004.000000 (+0.045%)
2025-07-26 20:22:29 - __main__ - WARNING - 🛑 ENA: ACTIVE → STOP_HIT | Preço: 0.627300 | Preço atingiu Stop Loss: 0.626559
2025-07-26 20:22:29 - __main__ - INFO - 🔄 Ciclo #365: 7 ativos | 7 atualizações | 1 transições | 0.14s
2025-07-26 20:23:29 - __main__ - INFO - 📈 IMX: 0.567200 → 0.567100 (-0.018%)
2025-07-26 20:23:29 - __main__ - INFO - 📈 HYPE: 43.647000 → 43.597000 (-0.115%)
2025-07-26 20:23:29 - __main__ - INFO - 🔄 Ciclo #367: 6 ativos | 2 atualizações | 0 transições | 0.05s
2025-07-26 20:23:59 - __main__ - INFO - 📈 BNB: 795.310000 → 795.990000 (+0.086%)
2025-07-26 20:23:59 - __main__ - INFO - 📈 ETH: 3748.580000 → 3749.270000 (+0.018%)
2025-07-26 20:23:59 - __main__ - INFO - 🔄 Ciclo #368: 6 ativos | 2 atualizações | 0 transições | 0.06s
2025-07-26 20:24:29 - __main__ - INFO - 📈 BNB: 795.990000 → 795.410000 (-0.073%)
2025-07-26 20:24:29 - __main__ - INFO - 📈 ETH: 3749.270000 → 3747.670000 (-0.043%)
2025-07-26 20:24:29 - __main__ - INFO - 📈 BTC: 118004.000000 → 117975.100000 (-0.024%)
2025-07-26 20:24:29 - __main__ - INFO - 🔄 Ciclo #369: 6 ativos | 3 atualizações | 0 transições | 0.06s
2025-07-26 20:25:29 - __main__ - INFO - 📈 IMX: 0.567100 → 0.567300 (+0.035%)
2025-07-26 20:25:29 - __main__ - INFO - 🔄 Ciclo #371: 6 ativos | 1 atualizações | 0 transições | 0.04s
2025-07-26 20:25:59 - __main__ - INFO - 📈 BNB: 795.410000 → 796.500000 (+0.137%)
2025-07-26 20:26:00 - __main__ - INFO - 📈 ETH: 3747.670000 → 3748.200000 (+0.014%)
2025-07-26 20:26:00 - __main__ - INFO - 🔄 Ciclo #372: 6 ativos | 2 atualizações | 0 transições | 0.07s
2025-07-26 20:26:30 - __main__ - INFO - 📈 BNB: 796.500000 → 796.320000 (-0.023%)
2025-07-26 20:26:30 - __main__ - INFO - 📈 NEAR: 2.893000 → 2.889000 (-0.138%)
2025-07-26 20:26:30 - __main__ - INFO - 📈 IMX: 0.567300 → 0.566800 (-0.088%)
2025-07-26 20:26:30 - __main__ - INFO - 📈 HYPE: 43.597000 → 43.568000 (-0.067%)
2025-07-26 20:26:30 - __main__ - INFO - 📈 ETH: 3748.200000 → 3746.250000 (-0.052%)
2025-07-26 20:26:30 - __main__ - INFO - 📈 BTC: 117975.100000 → 117951.200000 (-0.020%)
2025-07-26 20:26:30 - __main__ - WARNING - 🛑 HYPE: ACTIVE → STOP_HIT | Preço: 43.568000 | Preço atingiu Stop Loss: 43.579552
2025-07-26 20:26:30 - __main__ - INFO - 🔄 Ciclo #373: 6 ativos | 6 atualizações | 1 transições | 0.10s
2025-07-26 20:27:30 - __main__ - INFO - 📈 NEAR: 2.889000 → 2.886000 (-0.104%)
2025-07-26 20:27:30 - __main__ - INFO - 📈 IMX: 0.566800 → 0.566400 (-0.071%)
2025-07-26 20:27:30 - __main__ - INFO - 🔄 Ciclo #375: 5 ativos | 2 atualizações | 0 transições | 0.07s
2025-07-26 20:28:00 - __main__ - INFO - 📈 BNB: 796.320000 → 796.460000 (+0.018%)
2025-07-26 20:28:00 - __main__ - INFO - 📈 ETH: 3746.250000 → 3743.890000 (-0.063%)
2025-07-26 20:28:00 - __main__ - INFO - 🔄 Ciclo #376: 5 ativos | 2 atualizações | 0 transições | 0.05s
2025-07-26 20:28:30 - __main__ - INFO - 📈 BNB: 796.460000 → 795.780000 (-0.085%)
2025-07-26 20:28:30 - __main__ - INFO - 📈 NEAR: 2.886000 → 2.887000 (+0.035%)
2025-07-26 20:28:30 - __main__ - INFO - 📈 ETH: 3743.890000 → 3744.860000 (+0.026%)
2025-07-26 20:28:30 - __main__ - INFO - 🔄 Ciclo #377: 5 ativos | 3 atualizações | 0 transições | 0.05s
2025-07-26 20:29:30 - __main__ - INFO - 📈 NEAR: 2.887000 → 2.888000 (+0.035%)
2025-07-26 20:29:30 - __main__ - INFO - 📈 IMX: 0.566400 → 0.566200 (-0.035%)
2025-07-26 20:29:30 - __main__ - INFO - 🔄 Ciclo #379: 5 ativos | 2 atualizações | 0 transições | 0.04s
2025-07-26 20:30:00 - __main__ - INFO - 📈 BNB: 795.780000 → 795.240000 (-0.068%)
2025-07-26 20:30:00 - __main__ - INFO - 📈 ETH: 3744.860000 → 3742.860000 (-0.053%)
2025-07-26 20:30:00 - __main__ - INFO - 📈 BTC: 117951.200000 → 117899.900000 (-0.043%)
2025-07-26 20:30:00 - __main__ - INFO - 🔄 Ciclo #380: 5 ativos | 3 atualizações | 0 transições | 0.06s
2025-07-26 20:30:30 - __main__ - INFO - 📈 NEAR: 2.888000 → 2.886000 (-0.069%)
2025-07-26 20:30:30 - __main__ - INFO - 📈 IMX: 0.566200 → 0.566300 (+0.018%)
2025-07-26 20:30:30 - __main__ - INFO - 🔄 Ciclo #381: 5 ativos | 2 atualizações | 0 transições | 0.05s
2025-07-26 20:31:30 - __main__ - INFO - 📈 PEPE: 0.012440 → 0.012426 (-0.117%)
2025-07-26 20:31:30 - __main__ - INFO - 📈 NEAR: 2.886000 → 2.884000 (-0.069%)
2025-07-26 20:31:30 - __main__ - INFO - 📈 IMX: 0.566300 → 0.565600 (-0.124%)
2025-07-26 20:31:30 - __main__ - INFO - 🔄 Ciclo #383: 8 ativos | 3 atualizações | 0 transições | 0.08s
2025-07-26 20:32:00 - __main__ - INFO - 📈 HYPE: 43.586000 → 43.569000 (-0.039%)
2025-07-26 20:32:00 - __main__ - INFO - 📈 ENA: 0.629600 → 0.626800 (-0.445%)
2025-07-26 20:32:00 - __main__ - INFO - 📈 BNB: 795.240000 → 795.840000 (+0.075%)
2025-07-26 20:32:00 - __main__ - INFO - 📈 ETH: 3742.860000 → 3741.310000 (-0.041%)
2025-07-26 20:32:00 - __main__ - INFO - 🔄 Ciclo #384: 8 ativos | 4 atualizações | 0 transições | 0.09s
2025-07-26 20:32:30 - __main__ - INFO - 📈 PEPE: 0.012426 → 0.012414 (-0.093%)
2025-07-26 20:32:30 - __main__ - INFO - 📈 HYPE: 43.569000 → 43.546000 (-0.053%)
2025-07-26 20:32:30 - __main__ - INFO - 📈 ENA: 0.626800 → 0.625600 (-0.191%)
2025-07-26 20:32:30 - __main__ - INFO - 📈 BNB: 795.840000 → 795.290000 (-0.069%)
2025-07-26 20:32:30 - __main__ - INFO - 📈 NEAR: 2.884000 → 2.885000 (+0.035%)
2025-07-26 20:32:30 - __main__ - INFO - 📈 IMX: 0.565600 → 0.565500 (-0.018%)
2025-07-26 20:32:30 - __main__ - INFO - 📈 ETH: 3741.310000 → 3738.520000 (-0.075%)
2025-07-26 20:32:30 - __main__ - INFO - 🔄 Ciclo #385: 8 ativos | 7 atualizações | 0 transições | 0.13s
2025-07-26 20:33:31 - __main__ - INFO - 📈 PEPE: 0.012414 → 0.012426 (+0.096%)
2025-07-26 20:33:31 - __main__ - INFO - 📈 HYPE: 43.546000 → 43.536000 (-0.023%)
2025-07-26 20:33:31 - __main__ - INFO - 📈 ENA: 0.625600 → 0.625400 (-0.032%)
2025-07-26 20:33:31 - __main__ - INFO - 📈 NEAR: 2.885000 → 2.883000 (-0.069%)
2025-07-26 20:33:31 - __main__ - INFO - 📈 IMX: 0.565500 → 0.565300 (-0.035%)
2025-07-26 20:33:31 - __main__ - INFO - 📈 ETH: 3738.520000 → 3736.240000 (-0.061%)
2025-07-26 20:33:31 - __main__ - INFO - 🔄 Ciclo #387: 8 ativos | 6 atualizações | 0 transições | 0.14s
2025-07-26 20:34:01 - __main__ - INFO - 📈 BNB: 795.290000 → 794.600000 (-0.087%)
2025-07-26 20:34:01 - __main__ - INFO - 📈 BTC: 117899.900000 → 117870.600000 (-0.025%)
2025-07-26 20:34:01 - __main__ - INFO - 🔄 Ciclo #388: 8 ativos | 2 atualizações | 0 transições | 0.06s
2025-07-26 20:34:31 - __main__ - INFO - 📈 PEPE: 0.012426 → 0.012434 (+0.063%)
2025-07-26 20:34:31 - __main__ - INFO - 📈 HYPE: 43.536000 → 43.506000 (-0.069%)
2025-07-26 20:34:31 - __main__ - INFO - 📈 ENA: 0.625400 → 0.626800 (+0.224%)
2025-07-26 20:34:31 - __main__ - INFO - 📈 NEAR: 2.883000 → 2.885000 (+0.069%)
2025-07-26 20:34:31 - __main__ - INFO - 📈 IMX: 0.565300 → 0.565900 (+0.106%)
2025-07-26 20:34:31 - __main__ - INFO - 📈 ETH: 3736.240000 → 3736.920000 (+0.018%)
2025-07-26 20:34:31 - __main__ - WARNING - 🛑 HYPE: ACTIVE → STOP_HIT | Preço: 43.506000 | Preço atingiu Stop Loss: 43.527968
2025-07-26 20:34:31 - __main__ - INFO - 🔄 Ciclo #389: 8 ativos | 6 atualizações | 1 transições | 0.10s
2025-07-26 20:35:31 - __main__ - INFO - 📈 PEPE: 0.012434 → 0.012419 (-0.121%)
2025-07-26 20:35:31 - __main__ - INFO - 📈 NEAR: 2.885000 → 2.884000 (-0.035%)
2025-07-26 20:35:31 - __main__ - INFO - 📈 IMX: 0.565900 → 0.565600 (-0.053%)
2025-07-26 20:35:31 - __main__ - INFO - 🔄 Ciclo #391: 7 ativos | 3 atualizações | 0 transições | 0.07s
2025-07-26 20:36:01 - __main__ - INFO - 📈 ENA: 0.626800 → 0.625800 (-0.160%)
2025-07-26 20:36:01 - __main__ - INFO - 📈 BNB: 794.600000 → 794.830000 (+0.029%)
2025-07-26 20:36:01 - __main__ - INFO - 📈 ETH: 3736.920000 → 3736.160000 (-0.020%)
2025-07-26 20:36:01 - __main__ - INFO - 📈 BTC: 117870.600000 → 117858.000000 (-0.011%)
2025-07-26 20:36:01 - __main__ - INFO - 🔄 Ciclo #392: 7 ativos | 4 atualizações | 0 transições | 0.12s
2025-07-26 20:36:31 - __main__ - INFO - 📈 PEPE: 0.012419 → 0.012443 (+0.193%)
2025-07-26 20:36:31 - __main__ - INFO - 📈 ENA: 0.625800 → 0.629600 (+0.607%)
2025-07-26 20:36:31 - __main__ - INFO - 📈 BNB: 794.830000 → 795.030000 (+0.025%)
2025-07-26 20:36:31 - __main__ - INFO - 📈 NEAR: 2.884000 → 2.887000 (+0.104%)
2025-07-26 20:36:31 - __main__ - INFO - 📈 IMX: 0.565600 → 0.566000 (+0.071%)
2025-07-26 20:36:31 - __main__ - INFO - 📈 ETH: 3736.160000 → 3740.920000 (+0.127%)
2025-07-26 20:36:31 - __main__ - INFO - 📈 BTC: 117858.000000 → 117890.000000 (+0.027%)
2025-07-26 20:36:31 - __main__ - INFO - 🔄 Ciclo #393: 7 ativos | 7 atualizações | 0 transições | 0.12s
2025-07-26 20:37:31 - __main__ - INFO - 📈 NEAR: 2.887000 → 2.888000 (+0.035%)
2025-07-26 20:37:31 - __main__ - INFO - 📈 IMX: 0.566000 → 0.565900 (-0.018%)
2025-07-26 20:37:31 - __main__ - INFO - 🔄 Ciclo #395: 7 ativos | 2 atualizações | 0 transições | 0.06s
2025-07-26 20:38:01 - __main__ - INFO - 📈 ENA: 0.629600 → 0.628500 (-0.175%)
2025-07-26 20:38:01 - __main__ - INFO - 🔄 Ciclo #396: 7 ativos | 1 atualizações | 0 transições | 0.05s
2025-07-26 20:38:31 - __main__ - INFO - 📈 ENA: 0.628500 → 0.625700 (-0.446%)
2025-07-26 20:38:31 - __main__ - INFO - 📈 NEAR: 2.888000 → 2.887000 (-0.035%)
2025-07-26 20:38:31 - __main__ - INFO - 📈 IMX: 0.565900 → 0.565700 (-0.035%)
2025-07-26 20:38:31 - __main__ - INFO - 📈 ETH: 3740.920000 → 3739.490000 (-0.038%)
2025-07-26 20:38:31 - __main__ - INFO - 🔄 Ciclo #397: 7 ativos | 4 atualizações | 0 transições | 0.08s
2025-07-26 20:40:02 - __main__ - INFO - 📈 PEPE: 0.012443 → 0.012445 (+0.021%)
2025-07-26 20:40:02 - __main__ - INFO - 📈 ENA: 0.625700 → 0.626700 (+0.160%)
2025-07-26 20:40:02 - __main__ - INFO - 📈 BNB: 795.030000 → 795.190000 (+0.020%)
2025-07-26 20:40:02 - __main__ - INFO - 📈 ETH: 3739.490000 → 3740.000000 (+0.014%)
2025-07-26 20:40:02 - __main__ - INFO - 🔄 Ciclo #400: 7 ativos | 4 atualizações | 0 transições | 0.09s
2025-07-26 20:40:32 - __main__ - INFO - 📈 PEPE: 0.012445 → 0.012439 (-0.051%)
2025-07-26 20:40:32 - __main__ - INFO - 📈 ENA: 0.626700 → 0.627400 (+0.112%)
2025-07-26 20:40:32 - __main__ - INFO - 📈 BNB: 795.190000 → 795.420000 (+0.029%)
2025-07-26 20:40:32 - __main__ - INFO - 📈 IMX: 0.565700 → 0.565600 (-0.018%)
2025-07-26 20:40:32 - __main__ - INFO - 📈 ETH: 3740.000000 → 3740.410000 (+0.011%)
2025-07-26 20:40:32 - __main__ - INFO - 🔄 Ciclo #401: 7 ativos | 5 atualizações | 0 transições | 0.11s
2025-07-26 20:42:02 - __main__ - INFO - 📈 PEPE: 0.012439 → 0.012447 (+0.062%)
2025-07-26 20:42:02 - __main__ - INFO - 📈 ENA: 0.627400 → 0.629500 (+0.335%)
2025-07-26 20:42:02 - __main__ - INFO - 📈 BNB: 795.420000 → 795.680000 (+0.033%)
2025-07-26 20:42:02 - __main__ - INFO - 📈 NEAR: 2.887000 → 2.889000 (+0.069%)
2025-07-26 20:42:02 - __main__ - INFO - 📈 IMX: 0.565600 → 0.565700 (+0.018%)
2025-07-26 20:42:02 - __main__ - INFO - 📈 ETH: 3740.410000 → 3741.450000 (+0.028%)
2025-07-26 20:42:02 - __main__ - INFO - 🔄 Ciclo #404: 7 ativos | 6 atualizações | 0 transições | 0.12s
2025-07-26 20:42:32 - __main__ - INFO - 📈 PEPE: 0.012447 → 0.012451 (+0.035%)
2025-07-26 20:42:32 - __main__ - INFO - 📈 ENA: 0.629500 → 0.625500 (-0.635%)
2025-07-26 20:42:32 - __main__ - INFO - 📈 BNB: 795.680000 → 796.160000 (+0.060%)
2025-07-26 20:42:32 - __main__ - INFO - 📈 IMX: 0.565700 → 0.565400 (-0.053%)
2025-07-26 20:42:32 - __main__ - INFO - 📈 ETH: 3741.450000 → 3742.700000 (+0.033%)
2025-07-26 20:42:32 - __main__ - INFO - 📈 BTC: 117890.000000 → 117919.000000 (+0.025%)
2025-07-26 20:42:32 - __main__ - INFO - 🔄 Ciclo #405: 7 ativos | 6 atualizações | 0 transições | 0.10s
2025-07-26 20:43:32 - __main__ - INFO - 📈 IMX: 0.565400 → 0.565200 (-0.035%)
2025-07-26 20:43:32 - __main__ - INFO - 🎯 IMX: ACTIVE → TARGET_1_HIT | Preço: 0.565200 | Preço atingiu Target 1: 0.565200
2025-07-26 20:43:32 - __main__ - INFO - 🔄 Ciclo #407: 7 ativos | 1 atualizações | 1 transições | 0.05s
2025-07-26 20:44:02 - __main__ - INFO - 📈 PEPE: 0.012451 → 0.012439 (-0.093%)
2025-07-26 20:44:02 - __main__ - INFO - 📈 ENA: 0.625500 → 0.623600 (-0.304%)
2025-07-26 20:44:02 - __main__ - INFO - 📈 BNB: 796.160000 → 796.460000 (+0.038%)
2025-07-26 20:44:02 - __main__ - INFO - 📈 NEAR: 2.889000 → 2.882000 (-0.242%)
2025-07-26 20:44:02 - __main__ - INFO - 📈 ETH: 3742.700000 → 3740.980000 (-0.046%)
2025-07-26 20:44:02 - __main__ - INFO - 🔄 Ciclo #408: 6 ativos | 5 atualizações | 0 transições | 0.09s
2025-07-26 20:44:32 - __main__ - INFO - 📈 PEPE: 0.012439 → 0.012438 (-0.014%)
2025-07-26 20:44:32 - __main__ - INFO - 📈 ENA: 0.623600 → 0.622200 (-0.225%)
2025-07-26 20:44:32 - __main__ - INFO - 📈 NEAR: 2.882000 → 2.879000 (-0.104%)
2025-07-26 20:44:32 - __main__ - INFO - 📈 BTC: 117919.000000 → 117905.500000 (-0.011%)
2025-07-26 20:44:32 - __main__ - INFO - 🔄 Ciclo #409: 6 ativos | 4 atualizações | 0 transições | 0.07s
2025-07-26 20:45:02 - __main__ - INFO - 📈 NEAR: 2.879000 → 2.880000 (+0.035%)
2025-07-26 20:45:02 - __main__ - INFO - 🔄 Ciclo #410: 6 ativos | 1 atualizações | 0 transições | 0.06s
2025-07-26 20:46:03 - __main__ - INFO - 📈 PEPE: 0.012438 → 0.012432 (-0.048%)
2025-07-26 20:46:03 - __main__ - INFO - 📈 ENA: 0.622200 → 0.619200 (-0.482%)
2025-07-26 20:46:03 - __main__ - INFO - 📈 BNB: 796.460000 → 795.250000 (-0.152%)
2025-07-26 20:46:03 - __main__ - INFO - 📈 BTC: 117905.500000 → 117879.000000 (-0.022%)
2025-07-26 20:46:03 - __main__ - INFO - 🔄 Ciclo #412: 8 ativos | 4 atualizações | 0 transições | 0.11s
2025-07-26 20:46:33 - __main__ - INFO - 📈 IMX: 0.564600 → 0.563800 (-0.142%)
2025-07-26 20:46:33 - __main__ - INFO - 📈 HYPE: 43.473000 → 43.457000 (-0.037%)
2025-07-26 20:46:33 - __main__ - INFO - 📈 PEPE: 0.012432 → 0.012420 (-0.096%)
2025-07-26 20:46:33 - __main__ - INFO - 📈 ENA: 0.619200 → 0.618300 (-0.145%)
2025-07-26 20:46:33 - __main__ - INFO - 📈 BNB: 795.250000 → 794.730000 (-0.065%)
2025-07-26 20:46:33 - __main__ - INFO - 📈 NEAR: 2.880000 → 2.878000 (-0.069%)
2025-07-26 20:46:33 - __main__ - INFO - 📈 ETH: 3740.980000 → 3738.160000 (-0.075%)
2025-07-26 20:46:33 - __main__ - INFO - 📈 BTC: 117879.000000 → 117861.800000 (-0.015%)
2025-07-26 20:46:33 - __main__ - INFO - 🔄 Ciclo #413: 8 ativos | 8 atualizações | 0 transições | 0.18s
2025-07-26 20:47:33 - __main__ - INFO - 📈 HYPE: 43.457000 → 43.437000 (-0.046%)
2025-07-26 20:47:33 - __main__ - INFO - 📈 PEPE: 0.012420 → 0.012411 (-0.073%)
2025-07-26 20:47:33 - __main__ - INFO - 📈 ENA: 0.618300 → 0.618900 (+0.097%)
2025-07-26 20:47:33 - __main__ - INFO - 📈 NEAR: 2.878000 → 2.879000 (+0.035%)
2025-07-26 20:47:33 - __main__ - INFO - 🔄 Ciclo #415: 8 ativos | 4 atualizações | 0 transições | 0.09s
2025-07-26 20:48:03 - __main__ - INFO - 📈 BNB: 794.730000 → 794.390000 (-0.043%)
2025-07-26 20:48:03 - __main__ - INFO - 📈 ETH: 3738.160000 → 3736.800000 (-0.036%)
2025-07-26 20:48:03 - __main__ - INFO - 🔄 Ciclo #416: 8 ativos | 2 atualizações | 0 transições | 0.07s
2025-07-26 20:48:33 - __main__ - INFO - 📈 IMX: 0.563800 → 0.564100 (+0.053%)
2025-07-26 20:48:33 - __main__ - INFO - 📈 HYPE: 43.437000 → 43.424000 (-0.030%)
2025-07-26 20:48:33 - __main__ - INFO - 📈 PEPE: 0.012411 → 0.012419 (+0.069%)
2025-07-26 20:48:33 - __main__ - INFO - 📈 ENA: 0.618900 → 0.618000 (-0.145%)
2025-07-26 20:48:33 - __main__ - INFO - 📈 BNB: 794.390000 → 794.570000 (+0.023%)
2025-07-26 20:48:33 - __main__ - INFO - 📈 NEAR: 2.879000 → 2.880000 (+0.035%)
2025-07-26 20:48:33 - __main__ - INFO - 📈 ETH: 3736.800000 → 3737.270000 (+0.013%)
2025-07-26 20:48:33 - __main__ - INFO - 🔄 Ciclo #417: 8 ativos | 7 atualizações | 0 transições | 0.11s
2025-07-26 20:49:03 - __main__ - INFO - 📈 ENA: 0.618000 → 0.620300 (+0.372%)
2025-07-26 20:49:03 - __main__ - INFO - 🔄 Ciclo #418: 8 ativos | 1 atualizações | 0 transições | 0.06s
2025-07-26 20:49:33 - __main__ - INFO - 📈 IMX: 0.564100 → 0.564000 (-0.018%)
2025-07-26 20:49:33 - __main__ - INFO - 📈 HYPE: 43.424000 → 43.402000 (-0.051%)
2025-07-26 20:49:33 - __main__ - INFO - 📈 PEPE: 0.012419 → 0.012416 (-0.027%)
2025-07-26 20:49:33 - __main__ - INFO - 🔄 Ciclo #419: 8 ativos | 3 atualizações | 0 transições | 0.07s
2025-07-26 20:50:03 - __main__ - INFO - 📈 ETH: 3737.270000 → 3737.810000 (+0.014%)
2025-07-26 20:50:03 - __main__ - INFO - 🔄 Ciclo #420: 8 ativos | 1 atualizações | 0 transições | 0.06s
2025-07-26 20:50:03 - __main__ - INFO - 📊 ESTATÍSTICAS HORÁRIAS:
2025-07-26 20:50:03 - __main__ - INFO -    ⏱️ Uptime: 3h 30m
2025-07-26 20:50:03 - __main__ - INFO -    🔄 Verificações: 420
2025-07-26 20:50:03 - __main__ - INFO -    📝 Atualizações: 1198
2025-07-26 20:50:03 - __main__ - INFO -    🔄 Transições: 10
2025-07-26 20:50:03 - __main__ - INFO -    🎯 Sinais ativos: 8
2025-07-26 20:50:03 - __main__ - INFO -    ✅ Preços atualizados: 1198
2025-07-26 20:50:03 - __main__ - INFO -    ❌ Falhas de preço: 0
2025-07-26 20:50:03 - __main__ - INFO -    🆕 Transições recentes: 0
2025-07-26 20:50:03 - __main__ - INFO -    📊 Símbolos com dados recentes: 10
2025-07-26 20:50:33 - __main__ - INFO - 📈 IMX: 0.564000 → 0.564200 (+0.035%)
2025-07-26 20:50:33 - __main__ - INFO - 📈 HYPE: 43.402000 → 43.421000 (+0.044%)
2025-07-26 20:50:33 - __main__ - INFO - 📈 PEPE: 0.012416 → 0.012390 (-0.209%)
2025-07-26 20:50:33 - __main__ - INFO - 📈 ENA: 0.620300 → 0.619800 (-0.081%)
2025-07-26 20:50:33 - __main__ - INFO - 📈 BNB: 794.570000 → 793.830000 (-0.093%)
2025-07-26 20:50:34 - __main__ - INFO - 📈 ETH: 3737.810000 → 3738.270000 (+0.012%)
2025-07-26 20:50:34 - __main__ - INFO - 🔄 Ciclo #421: 8 ativos | 6 atualizações | 0 transições | 0.12s
2025-07-26 20:51:04 - __main__ - INFO - 📈 HYPE: 43.421000 → 43.395000 (-0.060%)
2025-07-26 20:51:04 - __main__ - INFO - 🔄 Ciclo #422: 8 ativos | 1 atualizações | 0 transições | 0.06s
2025-07-26 20:51:34 - __main__ - INFO - 📈 IMX: 0.564200 → 0.564100 (-0.018%)
2025-07-26 20:51:34 - __main__ - INFO - 📈 PEPE: 0.012390 → 0.012382 (-0.064%)
2025-07-26 20:51:34 - __main__ - INFO - 📈 NEAR: 2.880000 → 2.878000 (-0.069%)
2025-07-26 20:51:34 - __main__ - INFO - 🔄 Ciclo #423: 8 ativos | 3 atualizações | 0 transições | 0.09s
2025-07-26 20:52:04 - __main__ - INFO - 📈 ENA: 0.619800 → 0.619900 (+0.016%)
2025-07-26 20:52:04 - __main__ - INFO - 📈 BNB: 793.830000 → 793.440000 (-0.049%)
2025-07-26 20:52:04 - __main__ - INFO - 📈 ETH: 3738.270000 → 3737.000000 (-0.034%)
2025-07-26 20:52:04 - __main__ - INFO - 🔄 Ciclo #424: 8 ativos | 3 atualizações | 0 transições | 0.25s
2025-07-26 20:52:34 - __main__ - INFO - 📈 IMX: 0.564100 → 0.564200 (+0.018%)
2025-07-26 20:52:34 - __main__ - INFO - 📈 HYPE: 43.395000 → 43.401000 (+0.014%)
2025-07-26 20:52:34 - __main__ - INFO - 📈 ENA: 0.619900 → 0.621000 (+0.177%)
2025-07-26 20:52:34 - __main__ - INFO - 📈 BNB: 793.440000 → 792.840000 (-0.076%)
2025-07-26 20:52:34 - __main__ - INFO - 📈 NEAR: 2.878000 → 2.881000 (+0.104%)
2025-07-26 20:52:34 - __main__ - INFO - 🔄 Ciclo #425: 8 ativos | 5 atualizações | 0 transições | 0.10s
2025-07-26 20:53:04 - __main__ - INFO - 📈 HYPE: 43.401000 → 43.442000 (+0.094%)
2025-07-26 20:53:04 - __main__ - INFO - 🔄 Ciclo #426: 8 ativos | 1 atualizações | 0 transições | 0.06s
2025-07-26 20:53:34 - __main__ - INFO - 📈 IMX: 0.564200 → 0.564300 (+0.018%)
2025-07-26 20:53:34 - __main__ - INFO - 📈 PEPE: 0.012382 → 0.012392 (+0.082%)
2025-07-26 20:53:34 - __main__ - INFO - 🔄 Ciclo #427: 8 ativos | 2 atualizações | 0 transições | 0.06s
2025-07-26 20:54:04 - __main__ - INFO - 📈 ENA: 0.621000 → 0.618900 (-0.338%)
2025-07-26 20:54:04 - __main__ - INFO - 📈 BNB: 792.840000 → 793.300000 (+0.058%)
2025-07-26 20:54:04 - __main__ - INFO - 📈 ETH: 3737.000000 → 3739.200000 (+0.059%)
2025-07-26 20:54:04 - __main__ - INFO - 🔄 Ciclo #428: 8 ativos | 3 atualizações | 0 transições | 0.08s
2025-07-26 20:54:34 - __main__ - INFO - 📈 HYPE: 43.442000 → 43.427000 (-0.035%)
2025-07-26 20:54:34 - __main__ - INFO - 📈 PEPE: 0.012392 → 0.012396 (+0.031%)
2025-07-26 20:54:34 - __main__ - INFO - 📈 ENA: 0.618900 → 0.619100 (+0.032%)
2025-07-26 20:54:34 - __main__ - INFO - 📈 BNB: 793.300000 → 793.480000 (+0.023%)
2025-07-26 20:54:34 - __main__ - INFO - 📈 NEAR: 2.881000 → 2.882000 (+0.035%)
2025-07-26 20:54:34 - __main__ - INFO - 📈 ETH: 3739.200000 → 3739.860000 (+0.018%)
2025-07-26 20:54:34 - __main__ - INFO - 🔄 Ciclo #429: 8 ativos | 6 atualizações | 0 transições | 0.10s
2025-07-26 20:55:04 - __main__ - INFO - 📈 NEAR: 2.882000 → 2.881000 (-0.035%)
2025-07-26 20:55:04 - __main__ - INFO - 🔄 Ciclo #430: 8 ativos | 1 atualizações | 0 transições | 0.08s
2025-07-26 20:56:04 - __main__ - INFO - 📈 IMX: 0.564300 → 0.564000 (-0.053%)
2025-07-26 20:56:05 - __main__ - INFO - 📈 HYPE: 43.427000 → 43.418000 (-0.021%)
2025-07-26 20:56:05 - __main__ - INFO - 📈 PEPE: 0.012396 → 0.012392 (-0.032%)
2025-07-26 20:56:05 - __main__ - INFO - 📈 ENA: 0.619100 → 0.617500 (-0.258%)
2025-07-26 20:56:05 - __main__ - INFO - 📈 BNB: 793.480000 → 793.210000 (-0.034%)
2025-07-26 20:56:05 - __main__ - INFO - 📈 ETH: 3739.860000 → 3739.010000 (-0.023%)
2025-07-26 20:56:05 - __main__ - INFO - 🔄 Ciclo #432: 8 ativos | 6 atualizações | 0 transições | 0.11s
2025-07-26 20:56:35 - __main__ - INFO - 📈 IMX: 0.564000 → 0.563400 (-0.106%)
2025-07-26 20:56:35 - __main__ - INFO - 📈 HYPE: 43.418000 → 43.405000 (-0.030%)
2025-07-26 20:56:35 - __main__ - INFO - 📈 PEPE: 0.012392 → 0.012380 (-0.098%)
2025-07-26 20:56:35 - __main__ - INFO - 📈 ENA: 0.617500 → 0.617200 (-0.049%)
2025-07-26 20:56:35 - __main__ - INFO - 📈 NEAR: 2.881000 → 2.878000 (-0.104%)
2025-07-26 20:56:35 - __main__ - INFO - 📈 ETH: 3739.010000 → 3736.940000 (-0.055%)
2025-07-26 20:56:35 - __main__ - INFO - 🔄 Ciclo #433: 8 ativos | 6 atualizações | 0 transições | 0.11s
2025-07-26 20:57:05 - __main__ - INFO - 📈 HYPE: 43.405000 → 43.350000 (-0.127%)
2025-07-26 20:57:05 - __main__ - INFO - 📈 PEPE: 0.012380 → 0.012385 (+0.040%)
2025-07-26 20:57:05 - __main__ - INFO - 🔄 Ciclo #434: 8 ativos | 2 atualizações | 0 transições | 0.09s
2025-07-26 20:57:35 - __main__ - INFO - 📈 NEAR: 2.878000 → 2.880000 (+0.069%)
2025-07-26 20:57:35 - __main__ - INFO - 🔄 Ciclo #435: 8 ativos | 1 atualizações | 0 transições | 0.06s
2025-07-26 20:58:05 - __main__ - INFO - 📈 IMX: 0.563400 → 0.563700 (+0.053%)
2025-07-26 20:58:05 - __main__ - INFO - 📈 ENA: 0.617200 → 0.618000 (+0.130%)
2025-07-26 20:58:05 - __main__ - INFO - 📈 BNB: 793.210000 → 793.390000 (+0.023%)
2025-07-26 20:58:05 - __main__ - INFO - 📈 ETH: 3736.940000 → 3737.830000 (+0.024%)
2025-07-26 20:58:05 - __main__ - INFO - 🔄 Ciclo #436: 8 ativos | 4 atualizações | 0 transições | 0.08s
2025-07-26 20:58:35 - __main__ - INFO - 📈 HYPE: 43.350000 → 43.336000 (-0.032%)
2025-07-26 20:58:35 - __main__ - INFO - 📈 PEPE: 0.012385 → 0.012398 (+0.104%)
2025-07-26 20:58:35 - __main__ - INFO - 📈 ENA: 0.618000 → 0.618100 (+0.016%)
2025-07-26 20:58:35 - __main__ - INFO - 📈 BNB: 793.390000 → 792.960000 (-0.054%)
2025-07-26 20:58:35 - __main__ - INFO - 📈 NEAR: 2.880000 → 2.882000 (+0.069%)
2025-07-26 20:58:35 - __main__ - INFO - 📈 ETH: 3737.830000 → 3738.590000 (+0.020%)
2025-07-26 20:58:35 - __main__ - INFO - 🔄 Ciclo #437: 8 ativos | 6 atualizações | 0 transições | 0.10s
2025-07-26 21:00:05 - __main__ - INFO - 📈 ENA: 0.618100 → 0.616900 (-0.194%)
2025-07-26 21:00:05 - __main__ - INFO - 📈 BNB: 792.960000 → 792.880000 (-0.010%)
2025-07-26 21:00:05 - __main__ - INFO - 📈 NEAR: 2.882000 → 2.880000 (-0.069%)
2025-07-26 21:00:05 - __main__ - INFO - 📈 ETH: 3738.590000 → 3737.370000 (-0.033%)
2025-07-26 21:00:05 - __main__ - INFO - 🔄 Ciclo #440: 8 ativos | 4 atualizações | 0 transições | 0.08s
2025-07-26 21:00:35 - __main__ - INFO - 📈 IMX: 0.563700 → 0.564500 (+0.142%)
2025-07-26 21:00:35 - __main__ - INFO - 📈 HYPE: 43.336000 → 43.363000 (+0.062%)
2025-07-26 21:00:35 - __main__ - INFO - 📈 PEPE: 0.012398 → 0.012409 (+0.088%)
2025-07-26 21:00:35 - __main__ - INFO - 📈 ENA: 0.616900 → 0.618700 (+0.292%)
2025-07-26 21:00:35 - __main__ - INFO - 📈 BNB: 792.880000 → 793.610000 (+0.092%)
2025-07-26 21:00:35 - __main__ - INFO - 📈 NEAR: 2.880000 → 2.882000 (+0.069%)
2025-07-26 21:00:35 - __main__ - INFO - 📈 ETH: 3737.370000 → 3740.000000 (+0.070%)
2025-07-26 21:00:35 - __main__ - INFO - 📈 BTC: 117861.800000 → 117889.200000 (+0.023%)
2025-07-26 21:00:35 - __main__ - INFO - 🔄 Ciclo #441: 8 ativos | 8 atualizações | 0 transições | 0.18s
2025-07-26 21:01:05 - __main__ - INFO - 📈 IMX: 0.564500 → 0.564300 (-0.035%)
2025-07-26 21:01:05 - __main__ - INFO - 📈 PEPE: 0.012409 → 0.012402 (-0.056%)
2025-07-26 21:01:06 - __main__ - INFO - 📈 NEAR: 2.882000 → 2.881000 (-0.035%)
2025-07-26 21:01:06 - __main__ - INFO - 🔄 Ciclo #442: 8 ativos | 3 atualizações | 0 transições | 0.14s
2025-07-26 21:02:06 - __main__ - INFO - 📈 HYPE: 43.363000 → 43.411000 (+0.111%)
2025-07-26 21:02:06 - __main__ - INFO - 📈 ENA: 0.618700 → 0.623900 (+0.840%)
2025-07-26 21:02:06 - __main__ - INFO - 📈 ETH: 3740.000000 → 3740.690000 (+0.018%)
2025-07-26 21:02:06 - __main__ - INFO - 📈 BTC: 117889.200000 → 117912.100000 (+0.019%)
2025-07-26 21:02:06 - __main__ - INFO - 🔄 Ciclo #444: 8 ativos | 4 atualizações | 0 transições | 0.11s
2025-07-26 21:02:36 - __main__ - INFO - 📈 IMX: 0.564300 → 0.564400 (+0.018%)
2025-07-26 21:02:36 - __main__ - INFO - 📈 HYPE: 43.411000 → 43.332000 (-0.182%)
2025-07-26 21:02:36 - __main__ - INFO - 📈 PEPE: 0.012402 → 0.012390 (-0.094%)
2025-07-26 21:02:36 - __main__ - INFO - 📈 ENA: 0.623900 → 0.623500 (-0.064%)
2025-07-26 21:02:36 - __main__ - INFO - 📈 BNB: 793.610000 → 793.360000 (-0.032%)
2025-07-26 21:02:36 - __main__ - INFO - 📈 NEAR: 2.881000 → 2.880000 (-0.035%)
2025-07-26 21:02:36 - __main__ - INFO - 📈 ETH: 3740.690000 → 3738.270000 (-0.065%)
2025-07-26 21:02:36 - __main__ - INFO - 📈 BTC: 117912.100000 → 117862.300000 (-0.042%)
2025-07-26 21:02:36 - __main__ - INFO - 🔄 Ciclo #445: 8 ativos | 8 atualizações | 0 transições | 0.15s
2025-07-26 21:03:06 - __main__ - INFO - 📈 ENA: 0.623500 → 0.618200 (-0.850%)
2025-07-26 21:03:06 - __main__ - INFO - 📈 ETH: 3738.270000 → 3736.200000 (-0.055%)
2025-07-26 21:03:06 - __main__ - INFO - 🔄 Ciclo #446: 8 ativos | 2 atualizações | 0 transições | 0.10s
2025-07-26 21:03:36 - __main__ - INFO - 📈 IMX: 0.564400 → 0.564100 (-0.053%)
2025-07-26 21:03:36 - __main__ - INFO - 📈 PEPE: 0.012390 → 0.012388 (-0.015%)
2025-07-26 21:03:36 - __main__ - INFO - 📈 NEAR: 2.880000 → 2.881000 (+0.035%)
2025-07-26 21:03:36 - __main__ - INFO - 🔄 Ciclo #447: 8 ativos | 3 atualizações | 0 transições | 0.08s
2025-07-26 21:04:06 - __main__ - INFO - 📈 BNB: 793.360000 → 793.650000 (+0.037%)
2025-07-26 21:04:06 - __main__ - INFO - 🔄 Ciclo #448: 8 ativos | 1 atualizações | 0 transições | 0.07s
2025-07-26 21:04:36 - __main__ - INFO - 📈 IMX: 0.564100 → 0.563500 (-0.106%)
2025-07-26 21:04:36 - __main__ - INFO - 📈 PEPE: 0.012388 → 0.012376 (-0.101%)
2025-07-26 21:04:36 - __main__ - INFO - 📈 ENA: 0.618200 → 0.615800 (-0.388%)
2025-07-26 21:04:36 - __main__ - INFO - 📈 BNB: 793.650000 → 793.340000 (-0.039%)
2025-07-26 21:04:36 - __main__ - INFO - 📈 NEAR: 2.881000 → 2.879000 (-0.069%)
2025-07-26 21:04:36 - __main__ - INFO - 📈 ETH: 3736.200000 → 3735.560000 (-0.017%)
2025-07-26 21:04:36 - __main__ - INFO - 🔄 Ciclo #449: 8 ativos | 6 atualizações | 0 transições | 0.10s
2025-07-26 21:05:06 - __main__ - INFO - 📈 PEPE: 0.012376 → 0.012389 (+0.109%)
2025-07-26 21:05:06 - __main__ - INFO - 📈 NEAR: 2.879000 → 2.880000 (+0.035%)
2025-07-26 21:05:06 - __main__ - INFO - 🔄 Ciclo #450: 8 ativos | 2 atualizações | 0 transições | 0.07s
2025-07-26 21:06:06 - __main__ - INFO - 📈 HYPE: 43.332000 → 43.345000 (+0.030%)
2025-07-26 21:06:06 - __main__ - INFO - 📈 ENA: 0.615800 → 0.615100 (-0.114%)
2025-07-26 21:06:07 - __main__ - INFO - 📈 ETH: 3735.560000 → 3734.360000 (-0.032%)
2025-07-26 21:06:07 - __main__ - INFO - 🔄 Ciclo #452: 8 ativos | 3 atualizações | 0 transições | 0.11s
2025-07-26 21:06:37 - __main__ - INFO - 📈 IMX: 0.563500 → 0.564000 (+0.089%)
2025-07-26 21:06:37 - __main__ - INFO - 📈 PEPE: 0.012389 → 0.012396 (+0.051%)
2025-07-26 21:06:37 - __main__ - INFO - 📈 ENA: 0.615100 → 0.618500 (+0.553%)
2025-07-26 21:06:37 - __main__ - INFO - 📈 BNB: 793.340000 → 793.520000 (+0.023%)
2025-07-26 21:06:37 - __main__ - INFO - 📈 NEAR: 2.880000 → 2.881000 (+0.035%)
2025-07-26 21:06:37 - __main__ - INFO - 📈 ETH: 3734.360000 → 3735.360000 (+0.027%)
2025-07-26 21:06:37 - __main__ - INFO - 📈 BTC: 117862.300000 → 117846.200000 (-0.014%)
2025-07-26 21:06:37 - __main__ - INFO - 🔄 Ciclo #453: 8 ativos | 7 atualizações | 0 transições | 0.17s
2025-07-26 21:07:07 - __main__ - INFO - 📈 HYPE: 43.345000 → 43.350000 (+0.012%)
2025-07-26 21:07:07 - __main__ - INFO - 📈 PEPE: 0.012396 → 0.012416 (+0.165%)
2025-07-26 21:07:07 - __main__ - INFO - 📈 ENA: 0.618500 → 0.619200 (+0.113%)
2025-07-26 21:07:07 - __main__ - INFO - 🔄 Ciclo #454: 8 ativos | 3 atualizações | 0 transições | 0.12s
2025-07-26 21:07:37 - __main__ - INFO - 📈 IMX: 0.564000 → 0.564600 (+0.106%)
2025-07-26 21:07:37 - __main__ - INFO - 📈 NEAR: 2.881000 → 2.883000 (+0.069%)
2025-07-26 21:07:37 - __main__ - INFO - 🔄 Ciclo #455: 8 ativos | 2 atualizações | 0 transições | 0.07s
2025-07-26 21:08:07 - __main__ - INFO - 📈 BNB: 793.520000 → 793.750000 (+0.029%)
2025-07-26 21:08:07 - __main__ - INFO - 📈 ETH: 3735.360000 → 3737.010000 (+0.044%)
2025-07-26 21:08:07 - __main__ - INFO - 🔄 Ciclo #456: 8 ativos | 2 atualizações | 0 transições | 0.07s
2025-07-26 21:08:37 - __main__ - INFO - 📈 IMX: 0.564600 → 0.564700 (+0.018%)
2025-07-26 21:08:37 - __main__ - INFO - 📈 HYPE: 43.350000 → 43.362000 (+0.028%)
2025-07-26 21:08:37 - __main__ - INFO - 📈 ENA: 0.619200 → 0.618600 (-0.097%)
2025-07-26 21:08:37 - __main__ - INFO - 📈 NEAR: 2.883000 → 2.885000 (+0.069%)
2025-07-26 21:08:37 - __main__ - INFO - 📈 BTC: 117846.200000 → 117871.100000 (+0.021%)
2025-07-26 21:08:37 - __main__ - INFO - 🔄 Ciclo #457: 8 ativos | 5 atualizações | 0 transições | 0.10s
2025-07-26 21:09:07 - __main__ - INFO - 📈 IMX: 0.564700 → 0.564200 (-0.089%)
2025-07-26 21:09:07 - __main__ - INFO - 🔄 Ciclo #458: 8 ativos | 1 atualizações | 0 transições | 0.05s
2025-07-26 21:09:37 - __main__ - INFO - 📈 BTC: 117871.100000 → 117813.800000 (-0.049%)
2025-07-26 21:09:37 - __main__ - INFO - 🔄 Ciclo #459: 8 ativos | 1 atualizações | 0 transições | 0.06s
2025-07-26 21:10:07 - __main__ - INFO - 📈 PEPE: 0.012416 → 0.012397 (-0.151%)
2025-07-26 21:10:07 - __main__ - INFO - 📈 ENA: 0.618600 → 0.619200 (+0.097%)
2025-07-26 21:10:07 - __main__ - INFO - 📈 BNB: 793.750000 → 792.630000 (-0.141%)
2025-07-26 21:10:07 - __main__ - INFO - 📈 NEAR: 2.885000 → 2.881000 (-0.139%)
2025-07-26 21:10:07 - __main__ - INFO - 📈 ETH: 3737.010000 → 3734.740000 (-0.061%)
2025-07-26 21:10:07 - __main__ - INFO - 🔄 Ciclo #460: 8 ativos | 5 atualizações | 0 transições | 0.09s
2025-07-26 21:10:37 - __main__ - INFO - 📈 IMX: 0.564200 → 0.564600 (+0.071%)
2025-07-26 21:10:37 - __main__ - INFO - 📈 HYPE: 43.362000 → 43.400000 (+0.088%)
2025-07-26 21:10:37 - __main__ - INFO - 📈 PEPE: 0.012397 → 0.012400 (+0.024%)
2025-07-26 21:10:37 - __main__ - INFO - 📈 ENA: 0.619200 → 0.617800 (-0.226%)
2025-07-26 21:10:37 - __main__ - INFO - 📈 BNB: 792.630000 → 791.860000 (-0.097%)
2025-07-26 21:10:37 - __main__ - INFO - 📈 ETH: 3734.740000 → 3734.030000 (-0.019%)
2025-07-26 21:10:37 - __main__ - INFO - 📈 BTC: 117813.800000 → 117801.800000 (-0.010%)
2025-07-26 21:10:37 - __main__ - INFO - 🔄 Ciclo #461: 8 ativos | 7 atualizações | 0 transições | 0.11s
2025-07-26 21:11:07 - __main__ - INFO - 📈 PEPE: 0.012400 → 0.012403 (+0.019%)
2025-07-26 21:11:07 - __main__ - INFO - 🔄 Ciclo #462: 8 ativos | 1 atualizações | 0 transições | 0.07s
2025-07-26 21:11:37 - __main__ - INFO - 📈 ETH: 3734.030000 → 3732.580000 (-0.039%)
2025-07-26 21:11:38 - __main__ - INFO - 📈 BTC: 117801.800000 → 117814.800000 (+0.011%)
2025-07-26 21:11:38 - __main__ - INFO - 🔄 Ciclo #463: 8 ativos | 2 atualizações | 0 transições | 0.09s
2025-07-26 21:12:08 - __main__ - INFO - 📈 IMX: 0.564600 → 0.565200 (+0.106%)
2025-07-26 21:12:08 - __main__ - INFO - 📈 HYPE: 43.400000 → 43.418000 (+0.041%)
2025-07-26 21:12:08 - __main__ - INFO - 📈 ENA: 0.617800 → 0.619300 (+0.243%)
2025-07-26 21:12:08 - __main__ - INFO - 📈 BNB: 791.860000 → 792.450000 (+0.075%)
2025-07-26 21:12:08 - __main__ - INFO - 🔄 Ciclo #464: 8 ativos | 4 atualizações | 0 transições | 0.10s
2025-07-26 21:12:38 - __main__ - INFO - 📈 IMX: 0.565200 → 0.565100 (-0.018%)
2025-07-26 21:12:38 - __main__ - INFO - 📈 HYPE: 43.418000 → 43.400000 (-0.041%)
2025-07-26 21:12:38 - __main__ - INFO - 📈 ENA: 0.619300 → 0.617700 (-0.258%)
2025-07-26 21:12:38 - __main__ - INFO - 📈 BNB: 792.450000 → 792.680000 (+0.029%)
2025-07-26 21:12:38 - __main__ - INFO - 📈 ETH: 3732.580000 → 3730.610000 (-0.053%)
2025-07-26 21:12:38 - __main__ - INFO - 🔄 Ciclo #465: 8 ativos | 5 atualizações | 0 transições | 0.10s
2025-07-26 21:13:08 - __main__ - INFO - 📈 PEPE: 0.012403 → 0.012410 (+0.060%)
2025-07-26 21:13:08 - __main__ - INFO - 📈 NEAR: 2.881000 → 2.883000 (+0.069%)
2025-07-26 21:13:08 - __main__ - INFO - 🔄 Ciclo #466: 8 ativos | 2 atualizações | 0 transições | 0.07s
2025-07-26 21:13:38 - __main__ - INFO - 📈 BNB: 792.680000 → 793.080000 (+0.050%)
2025-07-26 21:13:38 - __main__ - INFO - 📈 ETH: 3730.610000 → 3731.990000 (+0.037%)
2025-07-26 21:13:38 - __main__ - INFO - 🔄 Ciclo #467: 8 ativos | 2 atualizações | 0 transições | 0.08s
2025-07-26 21:14:08 - __main__ - INFO - 📈 IMX: 0.565100 → 0.565200 (+0.018%)
2025-07-26 21:14:08 - __main__ - INFO - 📈 HYPE: 43.400000 → 43.418000 (+0.041%)
2025-07-26 21:14:08 - __main__ - INFO - 📈 ENA: 0.617700 → 0.617000 (-0.113%)
2025-07-26 21:14:08 - __main__ - INFO - 🔄 Ciclo #468: 8 ativos | 3 atualizações | 0 transições | 0.08s
2025-07-26 21:14:38 - __main__ - INFO - 📈 IMX: 0.565200 → 0.565000 (-0.035%)
2025-07-26 21:14:38 - __main__ - INFO - 📈 HYPE: 43.418000 → 43.454000 (+0.083%)
2025-07-26 21:14:38 - __main__ - INFO - 📈 PEPE: 0.012410 → 0.012407 (-0.023%)
2025-07-26 21:14:38 - __main__ - INFO - 📈 ENA: 0.617000 → 0.616900 (-0.016%)
2025-07-26 21:14:38 - __main__ - INFO - 📈 BNB: 793.080000 → 794.000000 (+0.116%)
2025-07-26 21:14:38 - __main__ - INFO - 📈 BTC: 117814.800000 → 117840.800000 (+0.022%)
2025-07-26 21:14:38 - __main__ - INFO - 🔄 Ciclo #469: 8 ativos | 6 atualizações | 0 transições | 0.10s
2025-07-26 21:15:38 - __main__ - INFO - 📈 BNB: 794.000000 → 794.890000 (+0.112%)
2025-07-26 21:15:38 - __main__ - INFO - 📈 ETH: 3731.990000 → 3734.780000 (+0.075%)
2025-07-26 21:15:38 - __main__ - INFO - 📈 BTC: 117840.800000 → 117869.900000 (+0.025%)
2025-07-26 21:15:38 - __main__ - INFO - 🔄 Ciclo #471: 8 ativos | 3 atualizações | 0 transições | 0.08s
2025-07-26 21:16:08 - __main__ - INFO - 📈 IMX: 0.565000 → 0.565300 (+0.053%)
2025-07-26 21:16:08 - __main__ - INFO - 📈 HYPE: 43.454000 → 43.459000 (+0.012%)
2025-07-26 21:16:08 - __main__ - INFO - 📈 PEPE: 0.012407 → 0.012417 (+0.077%)
2025-07-26 21:16:08 - __main__ - INFO - 📈 ENA: 0.616900 → 0.616100 (-0.130%)
2025-07-26 21:16:08 - __main__ - INFO - 📈 NEAR: 2.883000 → 2.884000 (+0.035%)
2025-07-26 21:16:08 - __main__ - INFO - 🔄 Ciclo #472: 8 ativos | 5 atualizações | 0 transições | 0.11s
2025-07-26 21:16:38 - __main__ - INFO - 📈 IMX: 0.565300 → 0.565600 (+0.053%)
2025-07-26 21:16:38 - __main__ - INFO - 📈 HYPE: 43.459000 → 43.452000 (-0.016%)
2025-07-26 21:16:38 - __main__ - INFO - 📈 PEPE: 0.012417 → 0.012413 (-0.027%)
2025-07-26 21:16:38 - __main__ - INFO - 📈 ENA: 0.616100 → 0.615600 (-0.081%)
2025-07-26 21:16:38 - __main__ - INFO - 📈 BNB: 794.890000 → 794.790000 (-0.013%)
2025-07-26 21:16:38 - __main__ - INFO - 📈 NEAR: 2.884000 → 2.883000 (-0.035%)
2025-07-26 21:16:38 - __main__ - INFO - 📈 ETH: 3734.780000 → 3733.010000 (-0.047%)
2025-07-26 21:16:38 - __main__ - INFO - 🔄 Ciclo #473: 8 ativos | 7 atualizações | 0 transições | 0.13s
2025-07-26 21:17:39 - __main__ - INFO - 📈 HYPE: 43.452000 → 43.464000 (+0.028%)
2025-07-26 21:17:39 - __main__ - INFO - 📈 PEPE: 0.012413 → 0.012423 (+0.075%)
2025-07-26 21:17:39 - __main__ - INFO - 📈 ENA: 0.615600 → 0.618200 (+0.422%)
2025-07-26 21:17:39 - __main__ - INFO - 📈 NEAR: 2.883000 → 2.886000 (+0.104%)
2025-07-26 21:17:39 - __main__ - INFO - 📈 ETH: 3733.010000 → 3736.440000 (+0.092%)
2025-07-26 21:17:39 - __main__ - INFO - 🔄 Ciclo #475: 8 ativos | 5 atualizações | 0 transições | 0.10s
2025-07-26 21:18:09 - __main__ - INFO - 📈 PEPE: 0.012423 → 0.012442 (+0.153%)
2025-07-26 21:18:09 - __main__ - INFO - 📈 NEAR: 2.886000 → 2.891000 (+0.173%)
2025-07-26 21:18:09 - __main__ - INFO - 🔄 Ciclo #476: 8 ativos | 2 atualizações | 0 transições | 0.07s
2025-07-26 21:18:39 - __main__ - INFO - 📈 IMX: 0.565600 → 0.566500 (+0.159%)
2025-07-26 21:18:39 - __main__ - INFO - 🔄 Ciclo #477: 8 ativos | 1 atualizações | 0 transições | 0.06s
2025-07-26 21:19:09 - __main__ - INFO - 📈 HYPE: 43.464000 → 43.482000 (+0.041%)
2025-07-26 21:19:09 - __main__ - INFO - 📈 ENA: 0.618200 → 0.620500 (+0.372%)
2025-07-26 21:19:09 - __main__ - INFO - 📈 BNB: 794.790000 → 794.680000 (-0.014%)
2025-07-26 21:19:09 - __main__ - INFO - 📈 ETH: 3736.440000 → 3739.260000 (+0.075%)
2025-07-26 21:19:09 - __main__ - INFO - 📈 BTC: 117869.900000 → 117900.200000 (+0.026%)
2025-07-26 21:19:09 - __main__ - INFO - 🔄 Ciclo #478: 8 ativos | 5 atualizações | 0 transições | 0.09s
2025-07-26 21:19:39 - __main__ - INFO - 📈 HYPE: 43.482000 → 43.476000 (-0.014%)
2025-07-26 21:19:39 - __main__ - INFO - 📈 PEPE: 0.012442 → 0.012446 (+0.033%)
2025-07-26 21:19:39 - __main__ - INFO - 📈 ENA: 0.620500 → 0.620800 (+0.048%)
2025-07-26 21:19:39 - __main__ - INFO - 📈 BNB: 794.680000 → 795.110000 (+0.054%)
2025-07-26 21:19:39 - __main__ - INFO - 📈 NEAR: 2.891000 → 2.892000 (+0.035%)
2025-07-26 21:19:39 - __main__ - INFO - 📈 ETH: 3739.260000 → 3741.390000 (+0.057%)
2025-07-26 21:19:39 - __main__ - INFO - 📈 BTC: 117900.200000 → 117918.300000 (+0.015%)
2025-07-26 21:19:39 - __main__ - INFO - 🔄 Ciclo #479: 8 ativos | 7 atualizações | 0 transições | 0.11s
2025-07-26 21:20:09 - __main__ - INFO - 📈 IMX: 0.566500 → 0.566600 (+0.018%)
2025-07-26 21:20:09 - __main__ - INFO - 🔄 Ciclo #480: 8 ativos | 1 atualizações | 0 transições | 0.05s
2025-07-26 21:20:09 - __main__ - INFO - 📊 ESTATÍSTICAS HORÁRIAS:
2025-07-26 21:20:09 - __main__ - INFO -    ⏱️ Uptime: 4h 0m
2025-07-26 21:20:09 - __main__ - INFO -    🔄 Verificações: 480
2025-07-26 21:20:09 - __main__ - INFO -    📝 Atualizações: 1392
2025-07-26 21:20:09 - __main__ - INFO -    🔄 Transições: 10
2025-07-26 21:20:09 - __main__ - INFO -    🎯 Sinais ativos: 8
2025-07-26 21:20:09 - __main__ - INFO -    ✅ Preços atualizados: 1392
2025-07-26 21:20:09 - __main__ - INFO -    ❌ Falhas de preço: 0
2025-07-26 21:20:09 - __main__ - INFO -    🆕 Transições recentes: 0
2025-07-26 21:20:09 - __main__ - INFO -    📊 Símbolos com dados recentes: 10
2025-07-26 21:20:39 - __main__ - INFO - 📈 IMX: 0.566600 → 0.566200 (-0.071%)
2025-07-26 21:20:39 - __main__ - INFO - 📈 HYPE: 43.476000 → 43.471000 (-0.012%)
2025-07-26 21:20:39 - __main__ - INFO - 📈 PEPE: 0.012446 → 0.012443 (-0.027%)
2025-07-26 21:20:39 - __main__ - INFO - 📈 ENA: 0.620800 → 0.622400 (+0.258%)
2025-07-26 21:20:39 - __main__ - INFO - 📈 BNB: 795.110000 → 795.490000 (+0.048%)
2025-07-26 21:20:39 - __main__ - INFO - 📈 NEAR: 2.892000 → 2.889000 (-0.104%)
2025-07-26 21:20:39 - __main__ - INFO - 📈 ETH: 3741.390000 → 3740.870000 (-0.014%)
2025-07-26 21:20:39 - __main__ - INFO - 🔄 Ciclo #481: 8 ativos | 7 atualizações | 0 transições | 0.12s
2025-07-26 21:21:09 - __main__ - INFO - 📈 HYPE: 43.471000 → 43.485000 (+0.032%)
2025-07-26 21:21:09 - __main__ - INFO - 📈 PEPE: 0.012443 → 0.012453 (+0.084%)
2025-07-26 21:21:09 - __main__ - INFO - 📈 ENA: 0.622400 → 0.620100 (-0.370%)
2025-07-26 21:21:09 - __main__ - INFO - 🔄 Ciclo #482: 8 ativos | 3 atualizações | 0 transições | 0.08s
2025-07-26 21:21:39 - __main__ - INFO - 📈 IMX: 0.566200 → 0.566300 (+0.018%)
2025-07-26 21:21:39 - __main__ - INFO - 📈 NEAR: 2.889000 → 2.891000 (+0.069%)
2025-07-26 21:21:39 - __main__ - INFO - 🔄 Ciclo #483: 8 ativos | 2 atualizações | 0 transições | 0.13s
2025-07-26 21:22:09 - __main__ - INFO - 📈 BNB: 795.490000 → 796.660000 (+0.147%)
2025-07-26 21:22:09 - __main__ - INFO - 📈 ETH: 3740.870000 → 3741.820000 (+0.025%)
2025-07-26 21:22:09 - __main__ - INFO - 📈 BTC: 117918.300000 → 117931.000000 (+0.011%)
2025-07-26 21:22:09 - __main__ - INFO - 🔄 Ciclo #484: 8 ativos | 3 atualizações | 0 transições | 0.08s
2025-07-26 21:22:39 - __main__ - INFO - 📈 ENA: 0.620100 → 0.622800 (+0.435%)
2025-07-26 21:22:39 - __main__ - INFO - 📈 BNB: 796.660000 → 796.960000 (+0.038%)
2025-07-26 21:22:39 - __main__ - INFO - 📈 ETH: 3741.820000 → 3742.400000 (+0.016%)
2025-07-26 21:22:39 - __main__ - INFO - 🔄 Ciclo #485: 8 ativos | 3 atualizações | 0 transições | 0.09s
2025-07-26 21:23:10 - __main__ - INFO - 📈 IMX: 0.566300 → 0.566500 (+0.035%)
2025-07-26 21:23:10 - __main__ - INFO - 📈 PEPE: 0.012453 → 0.012458 (+0.039%)
2025-07-26 21:23:10 - __main__ - INFO - 📈 NEAR: 2.891000 → 2.893000 (+0.069%)
2025-07-26 21:23:10 - __main__ - INFO - 🔄 Ciclo #486: 8 ativos | 3 atualizações | 0 transições | 0.07s
2025-07-26 21:23:40 - __main__ - INFO - 📈 IMX: 0.566500 → 0.566200 (-0.053%)
2025-07-26 21:23:40 - __main__ - INFO - 📈 HYPE: 43.485000 → 43.429000 (-0.129%)
2025-07-26 21:23:40 - __main__ - INFO - 📈 PEPE: 0.012458 → 0.012456 (-0.018%)
2025-07-26 21:23:40 - __main__ - INFO - 📈 ENA: 0.622800 → 0.625200 (+0.385%)
2025-07-26 21:23:40 - __main__ - INFO - 📈 BNB: 796.960000 → 796.690000 (-0.034%)
2025-07-26 21:23:40 - __main__ - INFO - 📈 NEAR: 2.893000 → 2.891000 (-0.069%)
2025-07-26 21:23:40 - __main__ - INFO - 📈 ETH: 3742.400000 → 3740.650000 (-0.047%)
2025-07-26 21:23:40 - __main__ - INFO - 📈 BTC: 117931.000000 → 117895.000000 (-0.031%)
2025-07-26 21:23:40 - __main__ - INFO - 🔄 Ciclo #487: 8 ativos | 8 atualizações | 0 transições | 0.11s
2025-07-26 21:24:10 - __main__ - INFO - 📈 HYPE: 43.429000 → 43.368000 (-0.140%)
2025-07-26 21:24:10 - __main__ - INFO - 📈 ENA: 0.625200 → 0.624300 (-0.144%)
2025-07-26 21:24:10 - __main__ - INFO - 🔄 Ciclo #488: 8 ativos | 2 atualizações | 0 transições | 0.08s
2025-07-26 21:24:40 - __main__ - INFO - 📈 IMX: 0.566200 → 0.566000 (-0.035%)
2025-07-26 21:24:40 - __main__ - INFO - 📈 PEPE: 0.012456 → 0.012458 (+0.018%)
2025-07-26 21:24:40 - __main__ - INFO - 📈 NEAR: 2.891000 → 2.890000 (-0.035%)
2025-07-26 21:24:40 - __main__ - INFO - 🔄 Ciclo #489: 8 ativos | 3 atualizações | 0 transições | 0.07s
2025-07-26 21:25:10 - __main__ - INFO - 📈 BNB: 796.690000 → 796.210000 (-0.060%)
2025-07-26 21:25:10 - __main__ - INFO - 🔄 Ciclo #490: 8 ativos | 1 atualizações | 0 transições | 0.05s
2025-07-26 21:25:40 - __main__ - INFO - 📈 ENA: 0.624300 → 0.622100 (-0.352%)
2025-07-26 21:25:40 - __main__ - INFO - 📈 BTC: 117895.000000 → 117883.100000 (-0.010%)
2025-07-26 21:25:40 - __main__ - INFO - 🔄 Ciclo #491: 8 ativos | 2 atualizações | 0 transições | 0.07s
2025-07-26 21:26:10 - __main__ - INFO - 📈 IMX: 0.566000 → 0.565600 (-0.071%)
2025-07-26 21:26:10 - __main__ - INFO - 📈 HYPE: 43.368000 → 43.337000 (-0.071%)
2025-07-26 21:26:10 - __main__ - INFO - 📈 PEPE: 0.012458 → 0.012455 (-0.022%)
2025-07-26 21:26:10 - __main__ - INFO - 📈 NEAR: 2.890000 → 2.889000 (-0.035%)
2025-07-26 21:26:10 - __main__ - INFO - 🔄 Ciclo #492: 8 ativos | 4 atualizações | 0 transições | 0.18s
2025-07-26 21:26:40 - __main__ - INFO - 📈 IMX: 0.565600 → 0.565000 (-0.106%)
2025-07-26 21:26:40 - __main__ - INFO - 📈 HYPE: 43.337000 → 43.319000 (-0.042%)
2025-07-26 21:26:40 - __main__ - INFO - 📈 PEPE: 0.012455 → 0.012432 (-0.188%)
2025-07-26 21:26:40 - __main__ - INFO - 📈 ENA: 0.622100 → 0.622000 (-0.016%)
2025-07-26 21:26:40 - __main__ - INFO - 📈 BNB: 796.210000 → 794.970000 (-0.156%)
2025-07-26 21:26:40 - __main__ - INFO - 📈 NEAR: 2.889000 → 2.884000 (-0.173%)
2025-07-26 21:26:40 - __main__ - INFO - 📈 ETH: 3740.650000 → 3738.300000 (-0.063%)
2025-07-26 21:26:40 - __main__ - INFO - 📈 BTC: 117883.100000 → 117864.600000 (-0.016%)
2025-07-26 21:26:40 - __main__ - INFO - 🔄 Ciclo #493: 8 ativos | 8 atualizações | 0 transições | 0.13s
2025-07-26 21:27:10 - __main__ - INFO - 📈 NEAR: 2.884000 → 2.881000 (-0.104%)
2025-07-26 21:27:10 - __main__ - INFO - 🔄 Ciclo #494: 8 ativos | 1 atualizações | 0 transições | 0.07s
2025-07-26 21:27:40 - __main__ - INFO - 📈 ENA: 0.622000 → 0.621600 (-0.064%)
2025-07-26 21:27:40 - __main__ - INFO - 📈 BNB: 794.970000 → 795.190000 (+0.028%)
2025-07-26 21:27:40 - __main__ - INFO - 📈 ETH: 3738.300000 → 3735.980000 (-0.062%)
2025-07-26 21:27:40 - __main__ - INFO - 📈 BTC: 117864.600000 → 117820.500000 (-0.037%)
2025-07-26 21:27:40 - __main__ - INFO - 🔄 Ciclo #495: 8 ativos | 4 atualizações | 0 transições | 0.09s
2025-07-26 21:28:10 - __main__ - INFO - 📈 IMX: 0.565000 → 0.564800 (-0.035%)
2025-07-26 21:28:10 - __main__ - INFO - 📈 PEPE: 0.012432 → 0.012421 (-0.091%)
2025-07-26 21:28:10 - __main__ - INFO - 🔄 Ciclo #496: 8 ativos | 2 atualizações | 0 transições | 0.07s
2025-07-26 21:28:40 - __main__ - INFO - 📈 IMX: 0.564800 → 0.566100 (+0.230%)
2025-07-26 21:28:41 - __main__ - INFO - 📈 HYPE: 43.319000 → 43.361000 (+0.097%)
2025-07-26 21:28:41 - __main__ - INFO - 📈 PEPE: 0.012421 → 0.012432 (+0.089%)
2025-07-26 21:28:41 - __main__ - INFO - 📈 ENA: 0.621600 → 0.624100 (+0.402%)
2025-07-26 21:28:41 - __main__ - INFO - 📈 BNB: 795.190000 → 796.210000 (+0.128%)
2025-07-26 21:28:41 - __main__ - INFO - 📈 NEAR: 2.881000 → 2.888000 (+0.243%)
2025-07-26 21:28:41 - __main__ - INFO - 📈 ETH: 3735.980000 → 3740.070000 (+0.109%)
2025-07-26 21:28:41 - __main__ - INFO - 📈 BTC: 117820.500000 → 117866.200000 (+0.039%)
2025-07-26 21:28:41 - __main__ - INFO - 🔄 Ciclo #497: 8 ativos | 8 atualizações | 0 transições | 0.12s
2025-07-26 21:29:41 - __main__ - INFO - 📈 HYPE: 43.361000 → 43.347000 (-0.032%)
2025-07-26 21:29:41 - __main__ - INFO - 📈 PEPE: 0.012432 → 0.012416 (-0.124%)
2025-07-26 21:29:41 - __main__ - INFO - 📈 ENA: 0.624100 → 0.623000 (-0.176%)
2025-07-26 21:29:41 - __main__ - INFO - 📈 ETH: 3740.070000 → 3739.570000 (-0.013%)
2025-07-26 21:29:41 - __main__ - INFO - 📈 BTC: 117866.200000 → 117822.400000 (-0.037%)
2025-07-26 21:29:41 - __main__ - INFO - 🔄 Ciclo #499: 8 ativos | 5 atualizações | 0 transições | 0.10s
2025-07-26 21:30:11 - __main__ - INFO - 📈 IMX: 0.566100 → 0.565700 (-0.071%)
2025-07-26 21:30:11 - __main__ - INFO - 📈 NEAR: 2.888000 → 2.889000 (+0.035%)
2025-07-26 21:30:11 - __main__ - INFO - 🔄 Ciclo #500: 8 ativos | 2 atualizações | 0 transições | 0.08s
2025-07-26 21:30:41 - __main__ - INFO - 📈 HYPE: 43.347000 → 43.323000 (-0.055%)
2025-07-26 21:30:41 - __main__ - INFO - 📈 PEPE: 0.012416 → 0.012412 (-0.032%)
2025-07-26 21:30:41 - __main__ - INFO - 📈 ENA: 0.623000 → 0.622500 (-0.080%)
2025-07-26 21:30:41 - __main__ - INFO - 📈 BNB: 796.210000 → 796.940000 (+0.092%)
2025-07-26 21:30:41 - __main__ - INFO - 📈 NEAR: 2.889000 → 2.888000 (-0.035%)
2025-07-26 21:30:41 - __main__ - INFO - 📈 ETH: 3739.570000 → 3740.150000 (+0.016%)
2025-07-26 21:30:41 - __main__ - INFO - 🔄 Ciclo #501: 8 ativos | 6 atualizações | 0 transições | 0.12s
2025-07-26 21:31:41 - __main__ - INFO - 📈 ENA: 0.622500 → 0.623500 (+0.161%)
2025-07-26 21:31:41 - __main__ - INFO - 📈 ETH: 3740.150000 → 3738.940000 (-0.032%)
2025-07-26 21:31:41 - __main__ - INFO - 🔄 Ciclo #503: 8 ativos | 2 atualizações | 0 transições | 0.15s
2025-07-26 21:32:11 - __main__ - INFO - 📈 IMX: 0.565700 → 0.565200 (-0.088%)
2025-07-26 21:32:11 - __main__ - INFO - 📈 PEPE: 0.012412 → 0.012416 (+0.033%)
2025-07-26 21:32:11 - __main__ - INFO - 📈 NEAR: 2.888000 → 2.882000 (-0.208%)
2025-07-26 21:32:11 - __main__ - INFO - 🔄 Ciclo #504: 8 ativos | 3 atualizações | 0 transições | 0.11s
2025-07-26 21:32:41 - __main__ - INFO - 📈 IMX: 0.565200 → 0.565700 (+0.088%)
2025-07-26 21:32:41 - __main__ - INFO - 📈 PEPE: 0.012416 → 0.012419 (+0.017%)
2025-07-26 21:32:41 - __main__ - INFO - 📈 ENA: 0.623500 → 0.624000 (+0.080%)
2025-07-26 21:32:41 - __main__ - INFO - 📈 BNB: 796.940000 → 796.850000 (-0.011%)
2025-07-26 21:32:41 - __main__ - INFO - 📈 NEAR: 2.882000 → 2.879000 (-0.104%)
2025-07-26 21:32:41 - __main__ - INFO - 📈 BTC: 117822.400000 → 117810.000000 (-0.011%)
2025-07-26 21:32:41 - __main__ - INFO - 🔄 Ciclo #505: 8 ativos | 6 atualizações | 0 transições | 0.10s
2025-07-26 21:33:11 - __main__ - INFO - 📈 IMX: 0.565700 → 0.566000 (+0.053%)
2025-07-26 21:33:11 - __main__ - INFO - 📈 NEAR: 2.879000 → 2.882000 (+0.104%)
2025-07-26 21:33:11 - __main__ - INFO - 🔄 Ciclo #506: 8 ativos | 2 atualizações | 0 transições | 0.06s
2025-07-26 21:33:42 - __main__ - INFO - 📈 ENA: 0.624000 → 0.624800 (+0.128%)
2025-07-26 21:33:42 - __main__ - INFO - 📈 BNB: 796.850000 → 797.120000 (+0.034%)
2025-07-26 21:33:42 - __main__ - INFO - 📈 ETH: 3738.940000 → 3741.910000 (+0.079%)
2025-07-26 21:33:42 - __main__ - INFO - 🔄 Ciclo #507: 8 ativos | 3 atualizações | 0 transições | 0.08s
2025-07-26 21:34:12 - __main__ - INFO - 📈 HYPE: 43.323000 → 43.335000 (+0.028%)
2025-07-26 21:34:12 - __main__ - INFO - 📈 PEPE: 0.012419 → 0.012428 (+0.076%)
2025-07-26 21:34:12 - __main__ - INFO - 🔄 Ciclo #508: 8 ativos | 2 atualizações | 0 transições | 0.06s
2025-07-26 21:34:42 - __main__ - INFO - 📈 IMX: 0.566000 → 0.566900 (+0.159%)
2025-07-26 21:34:42 - __main__ - INFO - 📈 PEPE: 0.012428 → 0.012448 (+0.161%)
2025-07-26 21:34:42 - __main__ - INFO - 📈 ENA: 0.624800 → 0.626100 (+0.208%)
2025-07-26 21:34:42 - __main__ - INFO - 📈 BNB: 797.120000 → 797.730000 (+0.077%)
2025-07-26 21:34:42 - __main__ - INFO - 📈 NEAR: 2.882000 → 2.889000 (+0.243%)
2025-07-26 21:34:42 - __main__ - INFO - 📈 ETH: 3741.910000 → 3747.410000 (+0.147%)
2025-07-26 21:34:42 - __main__ - INFO - 📈 BTC: 117810.000000 → 117863.800000 (+0.046%)
2025-07-26 21:34:42 - __main__ - INFO - 🔄 Ciclo #509: 8 ativos | 7 atualizações | 0 transições | 0.11s
2025-07-26 21:35:12 - __main__ - INFO - 📈 IMX: 0.566900 → 0.567100 (+0.035%)
2025-07-26 21:35:12 - __main__ - INFO - 📈 PEPE: 0.012448 → 0.012445 (-0.020%)
2025-07-26 21:35:12 - __main__ - INFO - 🔄 Ciclo #510: 8 ativos | 2 atualizações | 0 transições | 0.06s
2025-07-26 21:35:42 - __main__ - INFO - 📈 ENA: 0.626100 → 0.628500 (+0.383%)
2025-07-26 21:35:42 - __main__ - INFO - 📈 ETH: 3747.410000 → 3748.510000 (+0.029%)
2025-07-26 21:35:42 - __main__ - INFO - 📈 BTC: 117863.800000 → 117888.100000 (+0.021%)
2025-07-26 21:35:42 - __main__ - INFO - 🔄 Ciclo #511: 8 ativos | 3 atualizações | 0 transições | 0.09s
2025-07-26 21:36:42 - __main__ - INFO - 📈 IMX: 0.567100 → 0.566900 (-0.035%)
2025-07-26 21:36:42 - __main__ - INFO - 📈 HYPE: 43.335000 → 43.436000 (+0.233%)
2025-07-26 21:36:42 - __main__ - INFO - 📈 PEPE: 0.012445 → 0.012441 (-0.032%)
2025-07-26 21:36:42 - __main__ - INFO - 📈 ENA: 0.628500 → 0.628200 (-0.048%)
2025-07-26 21:36:42 - __main__ - INFO - 📈 BNB: 797.730000 → 798.190000 (+0.058%)
2025-07-26 21:36:42 - __main__ - INFO - 📈 NEAR: 2.889000 → 2.888000 (-0.035%)
2025-07-26 21:36:42 - __main__ - INFO - 📈 ETH: 3748.510000 → 3749.450000 (+0.025%)
2025-07-26 21:36:42 - __main__ - INFO - 🔄 Ciclo #513: 8 ativos | 7 atualizações | 0 transições | 0.15s
2025-07-26 21:37:12 - __main__ - INFO - 📈 NEAR: 2.888000 → 2.884000 (-0.139%)
2025-07-26 21:37:12 - __main__ - INFO - 🔄 Ciclo #514: 8 ativos | 1 atualizações | 0 transições | 0.08s
2025-07-26 21:37:42 - __main__ - INFO - 📈 HYPE: 43.436000 → 43.235000 (-0.463%)
2025-07-26 21:37:42 - __main__ - INFO - 📈 BNB: 798.190000 → 798.000000 (-0.024%)
2025-07-26 21:37:42 - __main__ - INFO - 📈 ETH: 3749.450000 → 3746.710000 (-0.073%)
2025-07-26 21:37:42 - __main__ - INFO - 📈 BTC: 117888.100000 → 117855.000000 (-0.028%)
2025-07-26 21:37:42 - __main__ - INFO - 🔄 Ciclo #515: 8 ativos | 4 atualizações | 0 transições | 0.10s
2025-07-26 21:38:12 - __main__ - INFO - 📈 IMX: 0.566900 → 0.565900 (-0.176%)
2025-07-26 21:38:12 - __main__ - INFO - 📈 PEPE: 0.012441 → 0.012429 (-0.099%)
2025-07-26 21:38:12 - __main__ - INFO - 🔄 Ciclo #516: 8 ativos | 2 atualizações | 0 transições | 0.07s
2025-07-26 21:38:42 - __main__ - INFO - 📈 IMX: 0.565900 → 0.566200 (+0.053%)
2025-07-26 21:38:42 - __main__ - INFO - 📈 HYPE: 43.235000 → 43.352000 (+0.271%)
2025-07-26 21:38:42 - __main__ - INFO - 📈 PEPE: 0.012429 → 0.012435 (+0.047%)
2025-07-26 21:38:42 - __main__ - INFO - 📈 ENA: 0.628200 → 0.630500 (+0.366%)
2025-07-26 21:38:42 - __main__ - INFO - 📈 BNB: 798.000000 → 797.300000 (-0.088%)
2025-07-26 21:38:42 - __main__ - INFO - 📈 NEAR: 2.884000 → 2.883000 (-0.035%)
2025-07-26 21:38:42 - __main__ - INFO - 📈 ETH: 3746.710000 → 3746.090000 (-0.017%)
2025-07-26 21:38:42 - __main__ - INFO - 🔄 Ciclo #517: 8 ativos | 7 atualizações | 0 transições | 0.12s
2025-07-26 21:39:12 - __main__ - INFO - 📈 PEPE: 0.012435 → 0.012446 (+0.088%)
2025-07-26 21:39:12 - __main__ - INFO - 🔄 Ciclo #518: 8 ativos | 1 atualizações | 0 transições | 0.05s
2025-07-26 21:39:43 - __main__ - INFO - 📈 HYPE: 43.352000 → 43.204000 (-0.341%)
2025-07-26 21:39:43 - __main__ - INFO - 📈 ENA: 0.630500 → 0.632900 (+0.381%)
2025-07-26 21:39:43 - __main__ - INFO - 📈 BNB: 797.300000 → 797.670000 (+0.046%)
2025-07-26 21:39:43 - __main__ - INFO - 📈 NEAR: 2.883000 → 2.885000 (+0.069%)
2025-07-26 21:39:43 - __main__ - INFO - 📈 ETH: 3746.090000 → 3747.000000 (+0.024%)
2025-07-26 21:39:43 - __main__ - INFO - 🔄 Ciclo #519: 8 ativos | 5 atualizações | 0 transições | 0.11s
2025-07-26 21:40:43 - __main__ - INFO - 📈 HYPE: 43.204000 → 43.338000 (+0.310%)
2025-07-26 21:40:43 - __main__ - INFO - 📈 ENA: 0.632900 → 0.636500 (+0.569%)
2025-07-26 21:40:43 - __main__ - INFO - 📈 NEAR: 2.885000 → 2.884000 (-0.035%)
2025-07-26 21:40:43 - __main__ - INFO - 📈 ETH: 3747.000000 → 3748.330000 (+0.035%)
2025-07-26 21:40:43 - __main__ - INFO - 🔄 Ciclo #521: 8 ativos | 4 atualizações | 0 transições | 0.13s
2025-07-26 21:41:13 - __main__ - INFO - 📈 NEAR: 2.884000 → 2.885000 (+0.035%)
2025-07-26 21:41:13 - __main__ - INFO - 🔄 Ciclo #522: 8 ativos | 1 atualizações | 0 transições | 0.08s
2025-07-26 21:41:43 - __main__ - INFO - 📈 IMX: 0.566200 → 0.566500 (+0.053%)
2025-07-26 21:41:43 - __main__ - INFO - 📈 HYPE: 43.338000 → 43.280000 (-0.134%)
2025-07-26 21:41:43 - __main__ - INFO - 📈 PEPE: 0.012446 → 0.012457 (+0.088%)
2025-07-26 21:41:43 - __main__ - INFO - 📈 ENA: 0.636500 → 0.633700 (-0.440%)
2025-07-26 21:41:43 - __main__ - INFO - 📈 ETH: 3748.330000 → 3749.360000 (+0.027%)
2025-07-26 21:41:43 - __main__ - INFO - 🔄 Ciclo #523: 8 ativos | 5 atualizações | 0 transições | 0.14s
2025-07-26 21:42:43 - __main__ - INFO - 📈 IMX: 0.566500 → 0.565900 (-0.106%)
2025-07-26 21:42:43 - __main__ - INFO - 📈 HYPE: 43.280000 → 43.211000 (-0.159%)
2025-07-26 21:42:43 - __main__ - INFO - 📈 PEPE: 0.012457 → 0.012435 (-0.177%)
2025-07-26 21:42:43 - __main__ - INFO - 📈 ENA: 0.633700 → 0.631900 (-0.284%)
2025-07-26 21:42:43 - __main__ - INFO - 📈 BNB: 797.670000 → 797.560000 (-0.014%)
2025-07-26 21:42:43 - __main__ - INFO - 📈 NEAR: 2.885000 → 2.882000 (-0.104%)
2025-07-26 21:42:43 - __main__ - INFO - 📈 ETH: 3749.360000 → 3745.910000 (-0.092%)
2025-07-26 21:42:43 - __main__ - INFO - 🔄 Ciclo #525: 8 ativos | 7 atualizações | 0 transições | 0.12s
2025-07-26 21:43:13 - __main__ - INFO - 📈 IMX: 0.565900 → 0.565600 (-0.053%)
2025-07-26 21:43:13 - __main__ - INFO - 📈 NEAR: 2.882000 → 2.879000 (-0.104%)
2025-07-26 21:43:13 - __main__ - INFO - 🔄 Ciclo #526: 8 ativos | 2 atualizações | 0 transições | 0.06s
2025-07-26 21:43:43 - __main__ - INFO - 📈 HYPE: 43.211000 → 43.268000 (+0.132%)
2025-07-26 21:43:43 - __main__ - INFO - 📈 PEPE: 0.012435 → 0.012420 (-0.122%)
2025-07-26 21:43:43 - __main__ - INFO - 📈 ENA: 0.631900 → 0.632300 (+0.063%)
2025-07-26 21:43:43 - __main__ - INFO - 📈 BNB: 797.560000 → 797.930000 (+0.046%)
2025-07-26 21:43:43 - __main__ - INFO - 📈 ETH: 3745.910000 → 3740.250000 (-0.151%)
2025-07-26 21:43:43 - __main__ - INFO - 📈 BTC: 117855.000000 → 117806.200000 (-0.041%)
2025-07-26 21:43:43 - __main__ - INFO - 🔄 Ciclo #527: 8 ativos | 6 atualizações | 0 transições | 0.11s
2025-07-26 21:44:43 - __main__ - INFO - 📈 IMX: 0.565600 → 0.566000 (+0.071%)
2025-07-26 21:44:43 - __main__ - INFO - 📈 HYPE: 43.268000 → 43.138000 (-0.300%)
2025-07-26 21:44:43 - __main__ - INFO - 📈 PEPE: 0.012420 → 0.012430 (+0.080%)
2025-07-26 21:44:43 - __main__ - INFO - 📈 ENA: 0.632300 → 0.630300 (-0.316%)
2025-07-26 21:44:44 - __main__ - INFO - 📈 BNB: 797.930000 → 797.800000 (-0.016%)
2025-07-26 21:44:44 - __main__ - INFO - 📈 NEAR: 2.879000 → 2.880000 (+0.035%)
2025-07-26 21:44:44 - __main__ - INFO - 📈 ETH: 3740.250000 → 3742.620000 (+0.063%)
2025-07-26 21:44:44 - __main__ - INFO - 🔄 Ciclo #529: 8 ativos | 7 atualizações | 0 transições | 0.13s
2025-07-26 21:45:44 - __main__ - INFO - 📈 IMX: 0.566000 → 0.566200 (+0.035%)
2025-07-26 21:45:44 - __main__ - INFO - 📈 HYPE: 43.138000 → 43.200000 (+0.144%)
2025-07-26 21:45:44 - __main__ - INFO - 📈 PEPE: 0.012430 → 0.012434 (+0.039%)
2025-07-26 21:45:44 - __main__ - INFO - 📈 ENA: 0.630300 → 0.628800 (-0.238%)
2025-07-26 21:45:44 - __main__ - INFO - 📈 BNB: 797.800000 → 797.600000 (-0.025%)
2025-07-26 21:45:44 - __main__ - INFO - 📈 NEAR: 2.880000 → 2.882000 (+0.069%)
2025-07-26 21:45:44 - __main__ - INFO - 📈 ETH: 3742.620000 → 3743.060000 (+0.012%)
2025-07-26 21:45:44 - __main__ - INFO - 📈 BTC: 117806.200000 → 117840.300000 (+0.029%)
2025-07-26 21:45:44 - __main__ - INFO - 🔄 Ciclo #531: 8 ativos | 8 atualizações | 0 transições | 0.14s
2025-07-26 21:46:44 - __main__ - INFO - 📈 IMX: 0.566200 → 0.566000 (-0.035%)
2025-07-26 21:46:44 - __main__ - INFO - 📈 HYPE: 43.200000 → 43.187000 (-0.030%)
2025-07-26 21:46:44 - __main__ - INFO - 📈 PEPE: 0.012434 → 0.012425 (-0.080%)
2025-07-26 21:46:44 - __main__ - INFO - 📈 ENA: 0.628800 → 0.626600 (-0.350%)
2025-07-26 21:46:44 - __main__ - INFO - 📈 BNB: 797.600000 → 796.830000 (-0.097%)
2025-07-26 21:46:44 - __main__ - INFO - 📈 NEAR: 2.882000 → 2.880000 (-0.069%)
2025-07-26 21:46:44 - __main__ - INFO - 📈 ETH: 3743.060000 → 3741.710000 (-0.036%)
2025-07-26 21:46:44 - __main__ - INFO - 🔄 Ciclo #533: 8 ativos | 7 atualizações | 0 transições | 0.14s
2025-07-26 21:47:14 - __main__ - INFO - 📈 PEPE: 0.012425 → 0.012416 (-0.068%)
2025-07-26 21:47:14 - __main__ - INFO - 📈 NEAR: 2.880000 → 2.879000 (-0.035%)
2025-07-26 21:47:14 - __main__ - INFO - 🔄 Ciclo #534: 8 ativos | 2 atualizações | 0 transições | 0.11s
2025-07-26 21:47:44 - __main__ - INFO - 📈 ENA: 0.626600 → 0.624300 (-0.367%)
2025-07-26 21:47:44 - __main__ - INFO - 📈 BNB: 796.830000 → 797.360000 (+0.067%)
2025-07-26 21:47:44 - __main__ - INFO - 📈 ETH: 3741.710000 → 3742.370000 (+0.018%)
2025-07-26 21:47:44 - __main__ - INFO - 📈 BTC: 117840.300000 → 117817.700000 (-0.019%)
2025-07-26 21:47:44 - __main__ - INFO - 🔄 Ciclo #535: 8 ativos | 4 atualizações | 0 transições | 0.10s
2025-07-26 21:48:44 - __main__ - INFO - 📈 IMX: 0.566000 → 0.565400 (-0.106%)
2025-07-26 21:48:44 - __main__ - INFO - 📈 HYPE: 43.187000 → 43.164000 (-0.053%)
2025-07-26 21:48:44 - __main__ - INFO - 📈 PEPE: 0.012416 → 0.012408 (-0.061%)
2025-07-26 21:48:44 - __main__ - INFO - 📈 ENA: 0.624300 → 0.622700 (-0.256%)
2025-07-26 21:48:44 - __main__ - INFO - 📈 BNB: 797.360000 → 797.130000 (-0.029%)
2025-07-26 21:48:44 - __main__ - INFO - 📈 NEAR: 2.879000 → 2.878000 (-0.035%)
2025-07-26 21:48:44 - __main__ - INFO - 📈 ETH: 3742.370000 → 3741.330000 (-0.028%)
2025-07-26 21:48:44 - __main__ - INFO - 🔄 Ciclo #537: 8 ativos | 7 atualizações | 0 transições | 0.11s
2025-07-26 21:49:14 - __main__ - INFO - 📈 NEAR: 2.878000 → 2.880000 (+0.069%)
2025-07-26 21:49:14 - __main__ - INFO - 🔄 Ciclo #538: 8 ativos | 1 atualizações | 0 transições | 0.06s
2025-07-26 21:49:44 - __main__ - INFO - 📈 IMX: 0.565400 → 0.565600 (+0.035%)
2025-07-26 21:49:44 - __main__ - INFO - 📈 HYPE: 43.164000 → 43.109000 (-0.127%)
2025-07-26 21:49:44 - __main__ - INFO - 📈 PEPE: 0.012408 → 0.012420 (+0.094%)
2025-07-26 21:49:44 - __main__ - INFO - 📈 ENA: 0.622700 → 0.624800 (+0.337%)
2025-07-26 21:49:44 - __main__ - INFO - 📈 BNB: 797.130000 → 797.270000 (+0.018%)
2025-07-26 21:49:44 - __main__ - INFO - 📈 ETH: 3741.330000 → 3739.470000 (-0.050%)
2025-07-26 21:49:44 - __main__ - INFO - 🔄 Ciclo #539: 8 ativos | 6 atualizações | 0 transições | 0.10s
2025-07-26 21:50:15 - __main__ - INFO - 📈 BTC: 117817.700000 → 117830.700000 (+0.011%)
2025-07-26 21:50:15 - __main__ - INFO - 🔄 Ciclo #540: 8 ativos | 1 atualizações | 0 transições | 0.06s
2025-07-26 21:50:15 - __main__ - INFO - 📊 ESTATÍSTICAS HORÁRIAS:
2025-07-26 21:50:15 - __main__ - INFO -    ⏱️ Uptime: 4h 30m
2025-07-26 21:50:15 - __main__ - INFO -    🔄 Verificações: 540
2025-07-26 21:50:15 - __main__ - INFO -    📝 Atualizações: 1594
2025-07-26 21:50:15 - __main__ - INFO -    🔄 Transições: 10
2025-07-26 21:50:15 - __main__ - INFO -    🎯 Sinais ativos: 8
2025-07-26 21:50:15 - __main__ - INFO -    ✅ Preços atualizados: 1594
2025-07-26 21:50:15 - __main__ - INFO -    ❌ Falhas de preço: 0
2025-07-26 21:50:15 - __main__ - INFO -    🆕 Transições recentes: 0
2025-07-26 21:50:15 - __main__ - INFO -    📊 Símbolos com dados recentes: 10
2025-07-26 21:50:45 - __main__ - INFO - 📈 IMX: 0.565600 → 0.566000 (+0.071%)
2025-07-26 21:50:45 - __main__ - INFO - 📈 HYPE: 43.109000 → 43.114000 (+0.012%)
2025-07-26 21:50:45 - __main__ - INFO - 📈 PEPE: 0.012420 → 0.012427 (+0.055%)
2025-07-26 21:50:45 - __main__ - INFO - 📈 ENA: 0.624800 → 0.624500 (-0.048%)
2025-07-26 21:50:45 - __main__ - INFO - 📈 BNB: 797.270000 → 797.700000 (+0.054%)
2025-07-26 21:50:45 - __main__ - INFO - 📈 NEAR: 2.880000 → 2.881000 (+0.035%)
2025-07-26 21:50:45 - __main__ - INFO - 📈 ETH: 3739.470000 → 3743.500000 (+0.108%)
2025-07-26 21:50:45 - __main__ - INFO - 🔄 Ciclo #541: 8 ativos | 7 atualizações | 0 transições | 0.13s
2025-07-26 21:51:15 - __main__ - INFO - 📈 IMX: 0.566000 → 0.566700 (+0.124%)
2025-07-26 21:51:15 - __main__ - INFO - 🔄 Ciclo #542: 8 ativos | 1 atualizações | 0 transições | 0.06s
2025-07-26 21:51:45 - __main__ - INFO - 📈 HYPE: 43.114000 → 43.156000 (+0.097%)
2025-07-26 21:51:45 - __main__ - INFO - 📈 PEPE: 0.012427 → 0.012444 (+0.135%)
2025-07-26 21:51:45 - __main__ - INFO - 📈 ENA: 0.624500 → 0.627000 (+0.400%)
2025-07-26 21:51:45 - __main__ - INFO - 📈 BNB: 797.700000 → 797.930000 (+0.029%)
2025-07-26 21:51:45 - __main__ - INFO - 📈 NEAR: 2.881000 → 2.884000 (+0.104%)
2025-07-26 21:51:45 - __main__ - INFO - 📈 ETH: 3743.500000 → 3746.620000 (+0.083%)
2025-07-26 21:51:45 - __main__ - INFO - 📈 BTC: 117830.700000 → 117848.900000 (+0.015%)
2025-07-26 21:51:45 - __main__ - INFO - 🔄 Ciclo #543: 8 ativos | 7 atualizações | 0 transições | 0.16s
2025-07-26 21:52:15 - __main__ - INFO - 📈 BTC: 117848.900000 → 117861.000000 (+0.010%)
2025-07-26 21:52:15 - __main__ - INFO - 🔄 Ciclo #544: 8 ativos | 1 atualizações | 0 transições | 0.10s
2025-07-26 21:52:45 - __main__ - INFO - 📈 IMX: 0.566700 → 0.567500 (+0.141%)
2025-07-26 21:52:45 - __main__ - INFO - 📈 PEPE: 0.012444 → 0.012464 (+0.162%)
2025-07-26 21:52:45 - __main__ - INFO - 📈 ENA: 0.627000 → 0.628600 (+0.255%)
2025-07-26 21:52:45 - __main__ - INFO - 📈 BNB: 797.930000 → 797.630000 (-0.038%)
2025-07-26 21:52:45 - __main__ - INFO - 📈 NEAR: 2.884000 → 2.888000 (+0.139%)
2025-07-26 21:52:45 - __main__ - INFO - 📈 ETH: 3746.620000 → 3749.880000 (+0.087%)
2025-07-26 21:52:45 - __main__ - INFO - 🔄 Ciclo #545: 8 ativos | 6 atualizações | 0 transições | 0.11s
2025-07-26 21:53:15 - __main__ - INFO - 📈 IMX: 0.567500 → 0.567800 (+0.053%)
2025-07-26 21:53:15 - __main__ - INFO - 📈 NEAR: 2.888000 → 2.889000 (+0.035%)
2025-07-26 21:53:15 - __main__ - INFO - 🔄 Ciclo #546: 8 ativos | 2 atualizações | 0 transições | 0.06s
2025-07-26 21:53:45 - __main__ - INFO - 📈 HYPE: 43.156000 → 43.164000 (+0.019%)
2025-07-26 21:53:45 - __main__ - INFO - 📈 PEPE: 0.012464 → 0.012462 (-0.018%)
2025-07-26 21:53:45 - __main__ - INFO - 📈 ENA: 0.628600 → 0.628200 (-0.064%)
2025-07-26 21:53:45 - __main__ - INFO - 📈 BNB: 797.630000 → 797.930000 (+0.038%)
2025-07-26 21:53:45 - __main__ - INFO - 📈 ETH: 3749.880000 → 3750.360000 (+0.013%)
2025-07-26 21:53:45 - __main__ - INFO - 🔄 Ciclo #547: 8 ativos | 5 atualizações | 0 transições | 0.09s
2025-07-26 21:54:15 - __main__ - INFO - 📈 ETH: 3750.360000 → 3749.270000 (-0.029%)
2025-07-26 21:54:15 - __main__ - INFO - 🔄 Ciclo #548: 8 ativos | 1 atualizações | 0 transições | 0.05s
2025-07-26 21:54:45 - __main__ - INFO - 📈 IMX: 0.567800 → 0.567400 (-0.070%)
2025-07-26 21:54:45 - __main__ - INFO - 📈 HYPE: 43.164000 → 43.115000 (-0.114%)
2025-07-26 21:54:45 - __main__ - INFO - 📈 PEPE: 0.012462 → 0.012455 (-0.051%)
2025-07-26 21:54:45 - __main__ - INFO - 📈 ENA: 0.628200 → 0.629400 (+0.191%)
2025-07-26 21:54:45 - __main__ - INFO - 📈 NEAR: 2.889000 → 2.886000 (-0.104%)
2025-07-26 21:54:45 - __main__ - INFO - 🔄 Ciclo #549: 8 ativos | 5 atualizações | 0 transições | 0.10s
2025-07-26 21:55:46 - __main__ - INFO - 📈 IMX: 0.567400 → 0.567000 (-0.070%)
2025-07-26 21:55:46 - __main__ - INFO - 📈 HYPE: 43.115000 → 43.144000 (+0.067%)
2025-07-26 21:55:46 - __main__ - INFO - 📈 PEPE: 0.012455 → 0.012449 (-0.054%)
2025-07-26 21:55:46 - __main__ - INFO - 📈 ENA: 0.629400 → 0.630400 (+0.159%)
2025-07-26 21:55:46 - __main__ - INFO - 📈 BNB: 797.930000 → 797.530000 (-0.050%)
2025-07-26 21:55:46 - __main__ - INFO - 📈 NEAR: 2.886000 → 2.884000 (-0.069%)
2025-07-26 21:55:46 - __main__ - INFO - 📈 ETH: 3749.270000 → 3748.810000 (-0.012%)
2025-07-26 21:55:46 - __main__ - INFO - 🔄 Ciclo #551: 8 ativos | 7 atualizações | 0 transições | 0.23s
2025-07-26 21:56:16 - __main__ - INFO - 📈 BNB: 797.530000 → 796.960000 (-0.071%)
2025-07-26 21:56:16 - __main__ - INFO - 📈 ETH: 3748.810000 → 3750.190000 (+0.037%)
2025-07-26 21:56:16 - __main__ - INFO - 🔄 Ciclo #552: 8 ativos | 2 atualizações | 0 transições | 0.07s
2025-07-26 21:56:46 - __main__ - INFO - 📈 IMX: 0.567000 → 0.566900 (-0.018%)
2025-07-26 21:56:46 - __main__ - INFO - 📈 HYPE: 43.144000 → 43.137000 (-0.016%)
2025-07-26 21:56:46 - __main__ - INFO - 📈 PEPE: 0.012449 → 0.012455 (+0.047%)
2025-07-26 21:56:46 - __main__ - INFO - 📈 ENA: 0.630400 → 0.631700 (+0.206%)
2025-07-26 21:56:46 - __main__ - INFO - 📈 NEAR: 2.884000 → 2.886000 (+0.069%)
2025-07-26 21:56:46 - __main__ - INFO - 🔄 Ciclo #553: 8 ativos | 5 atualizações | 0 transições | 0.10s
2025-07-26 21:57:16 - __main__ - INFO - 📈 PEPE: 0.012455 → 0.012460 (+0.047%)
2025-07-26 21:57:16 - __main__ - INFO - 🔄 Ciclo #554: 8 ativos | 1 atualizações | 0 transições | 0.06s
2025-07-26 21:57:46 - __main__ - INFO - 📈 IMX: 0.566900 → 0.567600 (+0.123%)
2025-07-26 21:57:46 - __main__ - INFO - 📈 ENA: 0.631700 → 0.632100 (+0.063%)
2025-07-26 21:57:46 - __main__ - INFO - 📈 BNB: 796.960000 → 797.380000 (+0.053%)
2025-07-26 21:57:46 - __main__ - INFO - 📈 ETH: 3750.190000 → 3751.240000 (+0.028%)
2025-07-26 21:57:46 - __main__ - INFO - 📈 BTC: 117861.000000 → 117880.000000 (+0.016%)
2025-07-26 21:57:46 - __main__ - INFO - 🔄 Ciclo #555: 8 ativos | 5 atualizações | 0 transições | 0.10s
2025-07-26 21:58:16 - __main__ - INFO - 📈 BNB: 797.380000 → 797.540000 (+0.020%)
2025-07-26 21:58:16 - __main__ - INFO - 📈 ETH: 3751.240000 → 3752.710000 (+0.039%)
2025-07-26 21:58:16 - __main__ - INFO - 📈 BTC: 117880.000000 → 117895.700000 (+0.013%)
2025-07-26 21:58:16 - __main__ - INFO - 🔄 Ciclo #556: 8 ativos | 3 atualizações | 0 transições | 0.08s
2025-07-26 21:58:46 - __main__ - INFO - 📈 IMX: 0.567600 → 0.568200 (+0.106%)
2025-07-26 21:58:46 - __main__ - INFO - 📈 HYPE: 43.137000 → 43.195000 (+0.134%)
2025-07-26 21:58:46 - __main__ - INFO - 📈 PEPE: 0.012460 → 0.012472 (+0.095%)
2025-07-26 21:58:46 - __main__ - INFO - 📈 ENA: 0.632100 → 0.631900 (-0.032%)
2025-07-26 21:58:46 - __main__ - INFO - 📈 NEAR: 2.886000 → 2.889000 (+0.104%)
2025-07-26 21:58:46 - __main__ - INFO - 🔄 Ciclo #557: 8 ativos | 5 atualizações | 0 transições | 0.11s
2025-07-26 21:59:46 - __main__ - INFO - 📈 IMX: 0.568200 → 0.568500 (+0.053%)
2025-07-26 21:59:46 - __main__ - INFO - 📈 HYPE: 43.195000 → 43.225000 (+0.069%)
2025-07-26 21:59:46 - __main__ - INFO - 📈 PEPE: 0.012472 → 0.012479 (+0.058%)
2025-07-26 21:59:46 - __main__ - INFO - 📈 ENA: 0.631900 → 0.631400 (-0.079%)
2025-07-26 21:59:46 - __main__ - INFO - 📈 BNB: 797.540000 → 797.760000 (+0.028%)
2025-07-26 21:59:46 - __main__ - INFO - 📈 NEAR: 2.889000 → 2.890000 (+0.035%)
2025-07-26 21:59:46 - __main__ - INFO - 📈 BTC: 117895.700000 → 117916.900000 (+0.018%)
2025-07-26 21:59:46 - __main__ - INFO - 🔄 Ciclo #559: 8 ativos | 7 atualizações | 0 transições | 0.11s
2025-07-26 22:00:16 - __main__ - INFO - 📈 HYPE: 43.225000 → 43.198000 (-0.062%)
2025-07-26 22:00:16 - __main__ - INFO - 📈 ENA: 0.631400 → 0.630500 (-0.143%)
2025-07-26 22:00:16 - __main__ - INFO - 📈 BNB: 797.760000 → 797.590000 (-0.021%)
2025-07-26 22:00:16 - __main__ - INFO - 📈 ETH: 3752.710000 → 3754.810000 (+0.056%)
2025-07-26 22:00:16 - __main__ - INFO - 🔄 Ciclo #560: 8 ativos | 4 atualizações | 0 transições | 0.09s
2025-07-26 22:00:46 - __main__ - INFO - 📈 IMX: 0.568500 → 0.568700 (+0.035%)
2025-07-26 22:00:47 - __main__ - INFO - 📈 PEPE: 0.012479 → 0.012484 (+0.038%)
2025-07-26 22:00:47 - __main__ - INFO - 📈 NEAR: 2.890000 → 2.891000 (+0.035%)
2025-07-26 22:00:47 - __main__ - INFO - 🔄 Ciclo #561: 8 ativos | 3 atualizações | 0 transições | 0.10s
2025-07-26 22:01:47 - __main__ - INFO - 📈 IMX: 0.568700 → 0.569600 (+0.158%)
2025-07-26 22:01:47 - __main__ - INFO - 📈 HYPE: 43.198000 → 43.217000 (+0.044%)
2025-07-26 22:01:47 - __main__ - INFO - 📈 PEPE: 0.012484 → 0.012498 (+0.107%)
2025-07-26 22:01:47 - __main__ - INFO - 📈 ENA: 0.630500 → 0.636400 (+0.936%)
2025-07-26 22:01:47 - __main__ - INFO - 📈 BNB: 797.590000 → 797.680000 (+0.011%)
2025-07-26 22:01:47 - __main__ - INFO - 📈 NEAR: 2.891000 → 2.893000 (+0.069%)
2025-07-26 22:01:47 - __main__ - INFO - 📈 ETH: 3754.810000 → 3756.550000 (+0.046%)
2025-07-26 22:01:47 - __main__ - INFO - 📈 BTC: 117916.900000 → 117938.200000 (+0.018%)
2025-07-26 22:01:47 - __main__ - INFO - 🔄 Ciclo #563: 8 ativos | 8 atualizações | 0 transições | 0.13s
2025-07-26 22:02:47 - __main__ - INFO - 📈 IMX: 0.569600 → 0.568500 (-0.193%)
2025-07-26 22:02:47 - __main__ - INFO - 📈 HYPE: 43.217000 → 43.174000 (-0.099%)
2025-07-26 22:02:47 - __main__ - INFO - 📈 PEPE: 0.012498 → 0.012476 (-0.173%)
2025-07-26 22:02:47 - __main__ - INFO - 📈 ENA: 0.636400 → 0.638400 (+0.314%)
2025-07-26 22:02:47 - __main__ - INFO - 📈 BNB: 797.680000 → 796.940000 (-0.093%)
2025-07-26 22:02:47 - __main__ - INFO - 📈 NEAR: 2.893000 → 2.889000 (-0.138%)
2025-07-26 22:02:47 - __main__ - INFO - 📈 ETH: 3756.550000 → 3754.580000 (-0.052%)
2025-07-26 22:02:47 - __main__ - INFO - 🔄 Ciclo #565: 8 ativos | 7 atualizações | 0 transições | 0.12s
2025-07-26 22:03:17 - __main__ - INFO - 📈 IMX: 0.568500 → 0.568300 (-0.035%)
2025-07-26 22:03:17 - __main__ - INFO - 📈 HYPE: 43.174000 → 43.150000 (-0.056%)
2025-07-26 22:03:17 - __main__ - INFO - 📈 NEAR: 2.889000 → 2.886000 (-0.104%)
2025-07-26 22:03:17 - __main__ - INFO - 🔄 Ciclo #566: 8 ativos | 3 atualizações | 0 transições | 0.07s
2025-07-26 22:03:47 - __main__ - INFO - 📈 ENA: 0.638400 → 0.640300 (+0.298%)
2025-07-26 22:03:47 - __main__ - INFO - 📈 ETH: 3754.580000 → 3753.000000 (-0.042%)
2025-07-26 22:03:47 - __main__ - INFO - 📈 BTC: 117938.200000 → 117910.700000 (-0.023%)
2025-07-26 22:03:47 - __main__ - WARNING - 🛑 ENA: ACTIVE → STOP_HIT | Preço: 0.640300 | Preço atingiu Stop Loss: 0.639044
2025-07-26 22:03:47 - __main__ - INFO - 🔄 Ciclo #567: 8 ativos | 3 atualizações | 1 transições | 0.08s
2025-07-26 22:04:17 - __main__ - INFO - 📈 ETH: 3753.000000 → 3750.750000 (-0.060%)
2025-07-26 22:04:17 - __main__ - INFO - 🔄 Ciclo #568: 7 ativos | 1 atualizações | 0 transições | 0.06s
2025-07-26 22:04:47 - __main__ - INFO - 📈 IMX: 0.568300 → 0.567600 (-0.123%)
2025-07-26 22:04:47 - __main__ - INFO - 📈 HYPE: 43.150000 → 43.114000 (-0.083%)
2025-07-26 22:04:47 - __main__ - INFO - 📈 PEPE: 0.012476 → 0.012454 (-0.177%)
2025-07-26 22:04:47 - __main__ - INFO - 📈 BNB: 796.940000 → 796.430000 (-0.064%)
2025-07-26 22:04:47 - __main__ - INFO - 📈 NEAR: 2.886000 → 2.883000 (-0.104%)
2025-07-26 22:04:47 - __main__ - INFO - 🔄 Ciclo #569: 7 ativos | 5 atualizações | 0 transições | 0.10s
2025-07-26 22:05:17 - __main__ - INFO - 📈 PEPE: 0.012454 → 0.012452 (-0.018%)
2025-07-26 22:05:17 - __main__ - INFO - 🔄 Ciclo #570: 7 ativos | 1 atualizações | 0 transições | 0.04s
2025-07-26 22:05:47 - __main__ - INFO - 📈 IMX: 0.567600 → 0.567500 (-0.018%)
2025-07-26 22:05:47 - __main__ - INFO - 📈 HYPE: 43.114000 → 43.050000 (-0.148%)
2025-07-26 22:05:47 - __main__ - INFO - 📈 BNB: 796.430000 → 796.670000 (+0.030%)
2025-07-26 22:05:47 - __main__ - INFO - 📈 NEAR: 2.883000 → 2.882000 (-0.035%)
2025-07-26 22:05:47 - __main__ - INFO - 📈 BTC: 117910.700000 → 117888.100000 (-0.019%)
2025-07-26 22:05:47 - __main__ - INFO - 🔄 Ciclo #571: 7 ativos | 5 atualizações | 0 transições | 0.10s
2025-07-26 22:06:17 - __main__ - INFO - 📈 BNB: 796.670000 → 796.450000 (-0.028%)
2025-07-26 22:06:17 - __main__ - INFO - 📈 ETH: 3750.750000 → 3751.640000 (+0.024%)
2025-07-26 22:06:17 - __main__ - INFO - 🔄 Ciclo #572: 7 ativos | 2 atualizações | 0 transições | 0.07s
2025-07-26 22:06:48 - __main__ - INFO - 📈 IMX: 0.567500 → 0.568100 (+0.106%)
2025-07-26 22:06:48 - __main__ - INFO - 📈 HYPE: 43.050000 → 43.117000 (+0.156%)
2025-07-26 22:06:48 - __main__ - INFO - 📈 PEPE: 0.012452 → 0.012464 (+0.099%)
2025-07-26 22:06:48 - __main__ - INFO - 📈 NEAR: 2.882000 → 2.883000 (+0.035%)
2025-07-26 22:06:48 - __main__ - INFO - 🔄 Ciclo #573: 7 ativos | 4 atualizações | 0 transições | 0.10s
2025-07-26 22:07:18 - __main__ - INFO - 📈 IMX: 0.568100 → 0.568800 (+0.123%)
2025-07-26 22:07:18 - __main__ - INFO - 📈 PEPE: 0.012464 → 0.012481 (+0.136%)
2025-07-26 22:07:18 - __main__ - INFO - 🔄 Ciclo #574: 7 ativos | 2 atualizações | 0 transições | 0.08s
2025-07-26 22:07:48 - __main__ - INFO - 📈 HYPE: 43.117000 → 43.154000 (+0.086%)
2025-07-26 22:07:48 - __main__ - INFO - 📈 NEAR: 2.883000 → 2.887000 (+0.139%)
2025-07-26 22:07:48 - __main__ - INFO - 📈 ETH: 3751.640000 → 3753.460000 (+0.049%)
2025-07-26 22:07:48 - __main__ - INFO - 📈 BTC: 117888.100000 → 117930.500000 (+0.036%)
2025-07-26 22:07:48 - __main__ - INFO - 🔄 Ciclo #575: 7 ativos | 4 atualizações | 0 transições | 0.07s
2025-07-26 22:08:18 - __main__ - INFO - 📈 BNB: 796.450000 → 796.360000 (-0.011%)
2025-07-26 22:08:18 - __main__ - INFO - 📈 ETH: 3753.460000 → 3757.710000 (+0.113%)
2025-07-26 22:08:18 - __main__ - INFO - 📈 BTC: 117930.500000 → 117979.200000 (+0.041%)
2025-07-26 22:08:18 - __main__ - INFO - 🔄 Ciclo #576: 7 ativos | 3 atualizações | 0 transições | 0.08s
2025-07-26 22:08:48 - __main__ - INFO - 📈 IMX: 0.568800 → 0.569500 (+0.123%)
2025-07-26 22:08:48 - __main__ - INFO - 📈 HYPE: 43.154000 → 43.219000 (+0.151%)
2025-07-26 22:08:48 - __main__ - INFO - 📈 PEPE: 0.012481 → 0.012503 (+0.174%)
2025-07-26 22:08:48 - __main__ - INFO - 📈 NEAR: 2.887000 → 2.891000 (+0.139%)
2025-07-26 22:08:48 - __main__ - INFO - 🔄 Ciclo #577: 7 ativos | 4 atualizações | 0 transições | 0.08s
2025-07-26 22:09:48 - __main__ - INFO - 📈 IMX: 0.569500 → 0.570500 (+0.176%)
2025-07-26 22:09:48 - __main__ - INFO - 📈 HYPE: 43.219000 → 43.291000 (+0.167%)
2025-07-26 22:09:48 - __main__ - INFO - 📈 PEPE: 0.012503 → 0.012525 (+0.182%)
2025-07-26 22:09:48 - __main__ - INFO - 📈 BNB: 796.360000 → 796.050000 (-0.039%)
2025-07-26 22:09:48 - __main__ - INFO - 📈 NEAR: 2.891000 → 2.898000 (+0.242%)
2025-07-26 22:09:48 - __main__ - INFO - 📈 ETH: 3757.710000 → 3762.380000 (+0.124%)
2025-07-26 22:09:48 - __main__ - INFO - 📈 BTC: 117979.200000 → 118049.800000 (+0.060%)
2025-07-26 22:09:48 - __main__ - INFO - 🔄 Ciclo #579: 7 ativos | 7 atualizações | 0 transições | 0.11s
2025-07-26 22:10:18 - __main__ - INFO - 📈 HYPE: 43.291000 → 43.281000 (-0.023%)
2025-07-26 22:10:18 - __main__ - INFO - 📈 BNB: 796.050000 → 796.150000 (+0.013%)
2025-07-26 22:10:18 - __main__ - INFO - 📈 ETH: 3762.380000 → 3760.770000 (-0.043%)
2025-07-26 22:10:18 - __main__ - INFO - 📈 BTC: 118049.800000 → 118027.400000 (-0.019%)
2025-07-26 22:10:18 - __main__ - INFO - 🔄 Ciclo #580: 7 ativos | 4 atualizações | 0 transições | 0.10s
2025-07-26 22:10:48 - __main__ - INFO - 📈 IMX: 0.570500 → 0.570200 (-0.053%)
2025-07-26 22:10:48 - __main__ - INFO - 📈 PEPE: 0.012525 → 0.012522 (-0.026%)
2025-07-26 22:10:48 - __main__ - INFO - 📈 NEAR: 2.898000 → 2.896000 (-0.069%)
2025-07-26 22:10:48 - __main__ - INFO - 🔄 Ciclo #581: 7 ativos | 3 atualizações | 0 transições | 0.10s
2025-07-26 22:11:48 - __main__ - INFO - 📈 IMX: 0.570200 → 0.570500 (+0.053%)
2025-07-26 22:11:48 - __main__ - INFO - 📈 PEPE: 0.012522 → 0.012528 (+0.050%)
2025-07-26 22:11:48 - __main__ - INFO - 📈 BNB: 796.150000 → 796.660000 (+0.064%)
2025-07-26 22:11:48 - __main__ - INFO - 📈 NEAR: 2.896000 → 2.898000 (+0.069%)
2025-07-26 22:11:48 - __main__ - INFO - 📈 ETH: 3760.770000 → 3762.740000 (+0.052%)
2025-07-26 22:11:48 - __main__ - INFO - 📈 BTC: 118027.400000 → 118049.800000 (+0.019%)
2025-07-26 22:11:48 - __main__ - INFO - 🔄 Ciclo #583: 7 ativos | 6 atualizações | 0 transições | 0.12s
2025-07-26 22:12:19 - __main__ - INFO - 📈 HYPE: 43.281000 → 43.286000 (+0.012%)
2025-07-26 22:12:19 - __main__ - INFO - 📈 BNB: 796.660000 → 797.000000 (+0.043%)
2025-07-26 22:12:19 - __main__ - INFO - 📈 ETH: 3762.740000 → 3764.060000 (+0.035%)
2025-07-26 22:12:19 - __main__ - INFO - 🔄 Ciclo #584: 7 ativos | 3 atualizações | 0 transições | 0.13s
2025-07-26 22:12:49 - __main__ - INFO - 📈 IMX: 0.570500 → 0.570900 (+0.070%)
2025-07-26 22:12:49 - __main__ - INFO - 📈 PEPE: 0.012528 → 0.012540 (+0.097%)
2025-07-26 22:12:49 - __main__ - INFO - 📈 NEAR: 2.898000 → 2.902000 (+0.138%)
2025-07-26 22:12:49 - __main__ - INFO - 🔄 Ciclo #585: 7 ativos | 3 atualizações | 0 transições | 0.07s
2025-07-26 22:13:49 - __main__ - INFO - 📈 IMX: 0.570900 → 0.570700 (-0.035%)
2025-07-26 22:13:49 - __main__ - INFO - 📈 HYPE: 43.286000 → 43.305000 (+0.044%)
2025-07-26 22:13:49 - __main__ - INFO - 📈 PEPE: 0.012540 → 0.012538 (-0.018%)
2025-07-26 22:13:49 - __main__ - INFO - 🔄 Ciclo #587: 7 ativos | 3 atualizações | 0 transições | 0.07s
2025-07-26 22:14:19 - __main__ - INFO - 📈 HYPE: 43.305000 → 43.294000 (-0.025%)
2025-07-26 22:14:19 - __main__ - INFO - 📈 PEPE: 0.012538 → 0.012561 (+0.182%)
2025-07-26 22:14:19 - __main__ - INFO - 📈 BNB: 797.000000 → 797.130000 (+0.016%)
2025-07-26 22:14:19 - __main__ - INFO - 📈 NEAR: 2.902000 → 2.909000 (+0.241%)
2025-07-26 22:14:19 - __main__ - INFO - 📈 ETH: 3764.060000 → 3767.410000 (+0.089%)
2025-07-26 22:14:19 - __main__ - INFO - 📈 BTC: 118049.800000 → 118123.800000 (+0.063%)
2025-07-26 22:14:19 - __main__ - INFO - 🔄 Ciclo #588: 7 ativos | 6 atualizações | 0 transições | 0.13s
2025-07-26 22:14:49 - __main__ - INFO - 📈 IMX: 0.570700 → 0.571600 (+0.158%)
2025-07-26 22:14:49 - __main__ - INFO - 🔄 Ciclo #589: 7 ativos | 1 atualizações | 0 transições | 0.05s
2025-07-26 22:15:49 - __main__ - INFO - 📈 IMX: 0.571600 → 0.571700 (+0.017%)
2025-07-26 22:15:49 - __main__ - INFO - 📈 HYPE: 43.294000 → 43.242000 (-0.120%)
2025-07-26 22:15:49 - __main__ - INFO - 📈 PEPE: 0.012561 → 0.012552 (-0.072%)
2025-07-26 22:15:49 - __main__ - INFO - 📈 BNB: 797.130000 → 797.620000 (+0.061%)
2025-07-26 22:15:49 - __main__ - INFO - 📈 NEAR: 2.909000 → 2.906000 (-0.103%)
2025-07-26 22:15:49 - __main__ - INFO - 📈 ETH: 3767.410000 → 3766.390000 (-0.027%)
2025-07-26 22:15:49 - __main__ - INFO - 📈 BTC: 118123.800000 → 118065.700000 (-0.049%)
2025-07-26 22:15:49 - __main__ - INFO - 🔄 Ciclo #591: 8 ativos | 7 atualizações | 0 transições | 0.17s
2025-07-26 22:16:19 - __main__ - INFO - 📈 ENA: 0.646600 → 0.640900 (-0.882%)
2025-07-26 22:16:19 - __main__ - INFO - 📈 HYPE: 43.242000 → 43.299000 (+0.132%)
2025-07-26 22:16:19 - __main__ - INFO - 📈 PEPE: 0.012552 → 0.012549 (-0.027%)
2025-07-26 22:16:19 - __main__ - INFO - 📈 BNB: 797.620000 → 797.460000 (-0.020%)
2025-07-26 22:16:19 - __main__ - INFO - 📈 ETH: 3766.390000 → 3765.310000 (-0.029%)
2025-07-26 22:16:19 - __main__ - INFO - 📈 BTC: 118065.700000 → 118103.300000 (+0.032%)
2025-07-26 22:16:19 - __main__ - INFO - 🔄 Ciclo #592: 8 ativos | 6 atualizações | 0 transições | 0.12s
2025-07-26 22:16:49 - __main__ - INFO - 📈 IMX: 0.571700 → 0.572500 (+0.140%)
2025-07-26 22:16:49 - __main__ - INFO - 📈 NEAR: 2.906000 → 2.904000 (-0.069%)
2025-07-26 22:16:49 - __main__ - INFO - 🔄 Ciclo #593: 8 ativos | 2 atualizações | 0 transições | 0.13s
2025-07-26 22:17:19 - __main__ - INFO - 📈 NEAR: 2.904000 → 2.903000 (-0.034%)
2025-07-26 22:17:19 - __main__ - INFO - 🔄 Ciclo #594: 8 ativos | 1 atualizações | 0 transições | 0.07s
2025-07-26 22:17:50 - __main__ - INFO - 📈 ENA: 0.640900 → 0.639000 (-0.296%)
2025-07-26 22:17:50 - __main__ - INFO - 📈 IMX: 0.572500 → 0.572300 (-0.035%)
2025-07-26 22:17:50 - __main__ - INFO - 📈 BNB: 797.460000 → 797.010000 (-0.056%)
2025-07-26 22:17:50 - __main__ - INFO - 📈 ETH: 3765.310000 → 3766.260000 (+0.025%)
2025-07-26 22:17:50 - __main__ - INFO - 🔄 Ciclo #595: 8 ativos | 4 atualizações | 0 transições | 0.24s
2025-07-26 22:18:20 - __main__ - INFO - 📈 ENA: 0.639000 → 0.640500 (+0.235%)
2025-07-26 22:18:20 - __main__ - INFO - 📈 HYPE: 43.299000 → 43.290000 (-0.021%)
2025-07-26 22:18:20 - __main__ - INFO - 📈 BNB: 797.010000 → 796.720000 (-0.036%)
2025-07-26 22:18:20 - __main__ - INFO - 📈 ETH: 3766.260000 → 3770.400000 (+0.110%)
2025-07-26 22:18:20 - __main__ - INFO - 📈 BTC: 118103.300000 → 118126.000000 (+0.019%)
2025-07-26 22:18:20 - __main__ - INFO - 🔄 Ciclo #596: 8 ativos | 5 atualizações | 0 transições | 0.11s
2025-07-26 22:18:50 - __main__ - INFO - 📈 IMX: 0.572300 → 0.572800 (+0.087%)
2025-07-26 22:18:50 - __main__ - INFO - 📈 PEPE: 0.012549 → 0.012563 (+0.113%)
2025-07-26 22:18:50 - __main__ - INFO - 📈 NEAR: 2.903000 → 2.905000 (+0.069%)
2025-07-26 22:18:50 - __main__ - INFO - 🔄 Ciclo #597: 8 ativos | 3 atualizações | 0 transições | 0.08s
2025-07-26 22:19:50 - __main__ - INFO - 📈 ENA: 0.640500 → 0.642400 (+0.297%)
2025-07-26 22:19:50 - __main__ - INFO - 📈 IMX: 0.572800 → 0.573000 (+0.035%)
2025-07-26 22:19:50 - __main__ - INFO - 📈 HYPE: 43.290000 → 43.301000 (+0.025%)
2025-07-26 22:19:50 - __main__ - INFO - 📈 PEPE: 0.012563 → 0.012571 (+0.066%)
2025-07-26 22:19:50 - __main__ - INFO - 📈 BNB: 796.720000 → 797.020000 (+0.038%)
2025-07-26 22:19:50 - __main__ - INFO - 📈 ETH: 3770.400000 → 3769.390000 (-0.027%)
2025-07-26 22:19:50 - __main__ - INFO - 🔄 Ciclo #599: 8 ativos | 6 atualizações | 0 transições | 0.12s
2025-07-26 22:20:20 - __main__ - INFO - 📈 ENA: 0.642400 → 0.641400 (-0.156%)
2025-07-26 22:20:20 - __main__ - INFO - 📈 HYPE: 43.301000 → 43.329000 (+0.065%)
2025-07-26 22:20:20 - __main__ - INFO - 📈 BNB: 797.020000 → 797.230000 (+0.026%)
2025-07-26 22:20:20 - __main__ - INFO - 📈 NEAR: 2.905000 → 2.904000 (-0.034%)
2025-07-26 22:20:20 - __main__ - INFO - 🔄 Ciclo #600: 8 ativos | 4 atualizações | 0 transições | 0.08s
2025-07-26 22:20:20 - __main__ - INFO - 📊 ESTATÍSTICAS HORÁRIAS:
2025-07-26 22:20:20 - __main__ - INFO -    ⏱️ Uptime: 5h 0m
2025-07-26 22:20:20 - __main__ - INFO -    🔄 Verificações: 600
2025-07-26 22:20:20 - __main__ - INFO -    📝 Atualizações: 1797
2025-07-26 22:20:20 - __main__ - INFO -    🔄 Transições: 11
2025-07-26 22:20:20 - __main__ - INFO -    🎯 Sinais ativos: 8
2025-07-26 22:20:20 - __main__ - INFO -    ✅ Preços atualizados: 1797
2025-07-26 22:20:20 - __main__ - INFO -    ❌ Falhas de preço: 0
2025-07-26 22:20:20 - __main__ - INFO -    🆕 Transições recentes: 1
2025-07-26 22:20:20 - __main__ - INFO -    📊 Símbolos com dados recentes: 10
2025-07-26 22:20:50 - __main__ - INFO - 📈 IMX: 0.573000 → 0.572800 (-0.035%)
2025-07-26 22:20:50 - __main__ - INFO - 🔄 Ciclo #601: 8 ativos | 1 atualizações | 0 transições | 0.08s
2025-07-26 22:21:50 - __main__ - INFO - 📈 ENA: 0.641400 → 0.637400 (-0.624%)
2025-07-26 22:21:50 - __main__ - INFO - 📈 IMX: 0.572800 → 0.572700 (-0.017%)
2025-07-26 22:21:50 - __main__ - INFO - 📈 HYPE: 43.329000 → 43.311000 (-0.042%)
2025-07-26 22:21:50 - __main__ - INFO - 📈 PEPE: 0.012571 → 0.012560 (-0.091%)
2025-07-26 22:21:50 - __main__ - INFO - 📈 BNB: 797.230000 → 797.630000 (+0.050%)
2025-07-26 22:21:50 - __main__ - INFO - 📈 NEAR: 2.904000 → 2.903000 (-0.034%)
2025-07-26 22:21:50 - __main__ - INFO - 📈 ETH: 3769.390000 → 3765.010000 (-0.116%)
2025-07-26 22:21:51 - __main__ - INFO - 📈 BTC: 118126.000000 → 118080.100000 (-0.039%)
2025-07-26 22:21:51 - __main__ - INFO - 🔄 Ciclo #603: 8 ativos | 8 atualizações | 0 transições | 0.20s
2025-07-26 22:22:21 - __main__ - INFO - 📈 ENA: 0.637400 → 0.638700 (+0.204%)
2025-07-26 22:22:21 - __main__ - INFO - 📈 HYPE: 43.311000 → 43.324000 (+0.030%)
2025-07-26 22:22:21 - __main__ - INFO - 📈 PEPE: 0.012560 → 0.012562 (+0.016%)
2025-07-26 22:22:21 - __main__ - INFO - 📈 BNB: 797.630000 → 798.240000 (+0.076%)
2025-07-26 22:22:21 - __main__ - INFO - 📈 NEAR: 2.903000 → 2.904000 (+0.034%)
2025-07-26 22:22:21 - __main__ - INFO - 📈 ETH: 3765.010000 → 3763.720000 (-0.034%)
2025-07-26 22:22:21 - __main__ - INFO - 📈 BTC: 118080.100000 → 118094.600000 (+0.012%)
2025-07-26 22:22:21 - __main__ - INFO - 🔄 Ciclo #604: 8 ativos | 7 atualizações | 0 transições | 0.18s
2025-07-26 22:22:51 - __main__ - INFO - 📈 IMX: 0.572700 → 0.572500 (-0.035%)
2025-07-26 22:22:51 - __main__ - INFO - 🔄 Ciclo #605: 8 ativos | 1 atualizações | 0 transições | 0.10s
2025-07-26 22:23:51 - __main__ - INFO - 📈 ENA: 0.638700 → 0.639900 (+0.188%)
2025-07-26 22:23:51 - __main__ - INFO - 📈 IMX: 0.572500 → 0.573200 (+0.122%)
2025-07-26 22:23:51 - __main__ - INFO - 📈 HYPE: 43.324000 → 43.337000 (+0.030%)
2025-07-26 22:23:51 - __main__ - INFO - 📈 PEPE: 0.012562 → 0.012572 (+0.081%)
2025-07-26 22:23:51 - __main__ - INFO - 📈 BNB: 798.240000 → 798.650000 (+0.051%)
2025-07-26 22:23:51 - __main__ - INFO - 📈 NEAR: 2.904000 → 2.905000 (+0.034%)
2025-07-26 22:23:51 - __main__ - INFO - 📈 ETH: 3763.720000 → 3765.820000 (+0.056%)
2025-07-26 22:23:51 - __main__ - INFO - 📈 BTC: 118094.600000 → 118121.400000 (+0.023%)
2025-07-26 22:23:51 - __main__ - INFO - 🔄 Ciclo #607: 8 ativos | 8 atualizações | 0 transições | 0.15s
2025-07-26 22:24:21 - __main__ - INFO - 📈 ENA: 0.639900 → 0.639200 (-0.109%)
2025-07-26 22:24:21 - __main__ - INFO - 📈 HYPE: 43.337000 → 43.348000 (+0.025%)
2025-07-26 22:24:21 - __main__ - INFO - 🔄 Ciclo #608: 8 ativos | 2 atualizações | 0 transições | 0.08s
2025-07-26 22:24:51 - __main__ - INFO - 📈 IMX: 0.573200 → 0.573400 (+0.035%)
2025-07-26 22:24:51 - __main__ - INFO - 📈 PEPE: 0.012572 → 0.012570 (-0.016%)
2025-07-26 22:24:51 - __main__ - INFO - 📈 NEAR: 2.905000 → 2.904000 (-0.034%)
2025-07-26 22:24:51 - __main__ - INFO - 🔄 Ciclo #609: 8 ativos | 3 atualizações | 0 transições | 0.10s
2025-07-26 22:25:21 - __main__ - INFO - 📈 IMX: 0.573400 → 0.573600 (+0.035%)
2025-07-26 22:25:21 - __main__ - INFO - 📈 PEPE: 0.012570 → 0.012573 (+0.028%)
2025-07-26 22:25:21 - __main__ - INFO - 📈 NEAR: 2.904000 → 2.903000 (-0.034%)
2025-07-26 22:25:21 - __main__ - INFO - 🔄 Ciclo #610: 8 ativos | 3 atualizações | 0 transições | 0.09s
2025-07-26 22:25:51 - __main__ - INFO - 📈 ENA: 0.639200 → 0.637200 (-0.313%)
2025-07-26 22:25:51 - __main__ - INFO - 📈 BNB: 798.650000 → 798.540000 (-0.014%)
2025-07-26 22:25:51 - __main__ - INFO - 📈 ETH: 3765.820000 → 3766.750000 (+0.025%)
2025-07-26 22:25:51 - __main__ - INFO - 🔄 Ciclo #611: 8 ativos | 3 atualizações | 0 transições | 0.15s
2025-07-26 22:26:52 - __main__ - INFO - 📈 ENA: 0.637200 → 0.635600 (-0.251%)
2025-07-26 22:26:52 - __main__ - INFO - 📈 IMX: 0.573600 → 0.573100 (-0.087%)
2025-07-26 22:26:52 - __main__ - INFO - 📈 HYPE: 43.348000 → 43.390000 (+0.097%)
2025-07-26 22:26:52 - __main__ - INFO - 📈 PEPE: 0.012573 → 0.012567 (-0.047%)
2025-07-26 22:26:52 - __main__ - INFO - 📈 BNB: 798.540000 → 798.680000 (+0.018%)
2025-07-26 22:26:52 - __main__ - INFO - 🔄 Ciclo #613: 8 ativos | 5 atualizações | 0 transições | 0.11s
2025-07-26 22:27:22 - __main__ - INFO - 📈 BNB: 798.680000 → 798.870000 (+0.024%)
2025-07-26 22:27:22 - __main__ - INFO - 📈 BTC: 118121.400000 → 118108.200000 (-0.011%)
2025-07-26 22:27:22 - __main__ - INFO - 🔄 Ciclo #614: 8 ativos | 2 atualizações | 0 transições | 0.10s
2025-07-26 22:27:52 - __main__ - INFO - 📈 ENA: 0.635600 → 0.635100 (-0.079%)
2025-07-26 22:27:52 - __main__ - INFO - 📈 IMX: 0.573100 → 0.572800 (-0.052%)
2025-07-26 22:27:52 - __main__ - INFO - 📈 HYPE: 43.390000 → 43.371000 (-0.044%)
2025-07-26 22:27:52 - __main__ - INFO - 📈 PEPE: 0.012567 → 0.012561 (-0.049%)
2025-07-26 22:27:52 - __main__ - INFO - 🔄 Ciclo #615: 8 ativos | 4 atualizações | 0 transições | 0.09s
2025-07-26 22:28:22 - __main__ - INFO - 📈 ENA: 0.635100 → 0.633600 (-0.236%)
2025-07-26 22:28:22 - __main__ - INFO - 📈 IMX: 0.572800 → 0.572000 (-0.140%)
2025-07-26 22:28:22 - __main__ - INFO - 📈 PEPE: 0.012561 → 0.012546 (-0.120%)
2025-07-26 22:28:22 - __main__ - INFO - 📈 BNB: 798.870000 → 798.700000 (-0.021%)
2025-07-26 22:28:22 - __main__ - INFO - 📈 NEAR: 2.903000 → 2.897000 (-0.207%)
2025-07-26 22:28:22 - __main__ - INFO - 📈 ETH: 3766.750000 → 3763.060000 (-0.098%)
2025-07-26 22:28:22 - __main__ - INFO - 📈 BTC: 118108.200000 → 118078.000000 (-0.026%)
2025-07-26 22:28:22 - __main__ - INFO - 🔄 Ciclo #616: 8 ativos | 7 atualizações | 0 transições | 0.11s
2025-07-26 22:29:22 - __main__ - INFO - 📈 IMX: 0.572000 → 0.572100 (+0.017%)
2025-07-26 22:29:22 - __main__ - INFO - 🔄 Ciclo #618: 8 ativos | 1 atualizações | 0 transições | 0.06s
2025-07-26 22:29:52 - __main__ - INFO - 📈 ENA: 0.633600 → 0.634300 (+0.110%)
2025-07-26 22:29:52 - __main__ - INFO - 📈 HYPE: 43.371000 → 43.399000 (+0.065%)
2025-07-26 22:29:52 - __main__ - INFO - 📈 PEPE: 0.012546 → 0.012550 (+0.029%)
2025-07-26 22:29:52 - __main__ - INFO - 📈 NEAR: 2.897000 → 2.899000 (+0.069%)
2025-07-26 22:29:52 - __main__ - INFO - 📈 ETH: 3763.060000 → 3764.650000 (+0.042%)
2025-07-26 22:29:52 - __main__ - INFO - 📈 BTC: 118078.000000 → 118118.000000 (+0.034%)
2025-07-26 22:29:52 - __main__ - INFO - 🔄 Ciclo #619: 8 ativos | 6 atualizações | 0 transições | 0.11s
2025-07-26 22:30:22 - __main__ - INFO - 📈 ENA: 0.634300 → 0.634600 (+0.047%)
2025-07-26 22:30:22 - __main__ - INFO - 📈 BNB: 798.700000 → 798.940000 (+0.030%)
2025-07-26 22:30:22 - __main__ - INFO - 🔄 Ciclo #620: 8 ativos | 2 atualizações | 0 transições | 0.08s
2025-07-26 22:30:52 - __main__ - INFO - 📈 IMX: 0.572100 → 0.573300 (+0.210%)
2025-07-26 22:30:52 - __main__ - INFO - 📈 NEAR: 2.899000 → 2.900000 (+0.034%)
2025-07-26 22:30:52 - __main__ - INFO - 🔄 Ciclo #621: 8 ativos | 2 atualizações | 0 transições | 0.09s
2025-07-26 22:31:22 - __main__ - INFO - 📈 IMX: 0.573300 → 0.573000 (-0.052%)
2025-07-26 22:31:22 - __main__ - INFO - 📈 PEPE: 0.012550 → 0.012534 (-0.125%)
2025-07-26 22:31:22 - __main__ - INFO - 📈 NEAR: 2.900000 → 2.896000 (-0.138%)
2025-07-26 22:31:22 - __main__ - INFO - 🔄 Ciclo #622: 8 ativos | 3 atualizações | 0 transições | 0.11s
2025-07-26 22:31:52 - __main__ - INFO - 📈 ENA: 0.634600 → 0.630000 (-0.725%)
2025-07-26 22:31:52 - __main__ - INFO - 📈 HYPE: 43.399000 → 43.355000 (-0.101%)
2025-07-26 22:31:53 - __main__ - INFO - 📈 BNB: 798.940000 → 799.190000 (+0.031%)
2025-07-26 22:31:53 - __main__ - INFO - 📈 ETH: 3764.650000 → 3762.120000 (-0.067%)
2025-07-26 22:31:53 - __main__ - INFO - 🔄 Ciclo #623: 8 ativos | 4 atualizações | 0 transições | 0.14s
2025-07-26 22:32:23 - __main__ - INFO - 📈 BNB: 799.190000 → 798.960000 (-0.029%)
2025-07-26 22:32:23 - __main__ - INFO - 📈 ETH: 3762.120000 → 3759.750000 (-0.063%)
2025-07-26 22:32:23 - __main__ - INFO - 🔄 Ciclo #624: 8 ativos | 2 atualizações | 0 transições | 0.13s
2025-07-26 22:32:53 - __main__ - INFO - 📈 ENA: 0.630000 → 0.629500 (-0.079%)
2025-07-26 22:32:53 - __main__ - INFO - 📈 IMX: 0.573000 → 0.572700 (-0.052%)
2025-07-26 22:32:53 - __main__ - INFO - 📈 HYPE: 43.355000 → 43.347000 (-0.018%)
2025-07-26 22:32:53 - __main__ - INFO - 📈 PEPE: 0.012534 → 0.012524 (-0.083%)
2025-07-26 22:32:53 - __main__ - INFO - 📈 NEAR: 2.896000 → 2.894000 (-0.069%)
2025-07-26 22:32:53 - __main__ - INFO - 🔄 Ciclo #625: 8 ativos | 5 atualizações | 0 transições | 0.10s
2025-07-26 22:33:23 - __main__ - INFO - 📈 IMX: 0.572700 → 0.572800 (+0.017%)
2025-07-26 22:33:23 - __main__ - INFO - 📈 PEPE: 0.012524 → 0.012527 (+0.026%)
2025-07-26 22:33:23 - __main__ - INFO - 📈 BNB: 798.960000 → 799.160000 (+0.025%)
2025-07-26 22:33:23 - __main__ - INFO - 🔄 Ciclo #626: 8 ativos | 3 atualizações | 0 transições | 0.08s
2025-07-26 22:33:53 - __main__ - INFO - 📈 ENA: 0.629500 → 0.629600 (+0.016%)
2025-07-26 22:33:53 - __main__ - INFO - 📈 HYPE: 43.347000 → 43.368000 (+0.048%)
2025-07-26 22:33:53 - __main__ - INFO - 📈 ETH: 3759.750000 → 3761.950000 (+0.059%)
2025-07-26 22:33:53 - __main__ - INFO - 📈 BTC: 118118.000000 → 118140.600000 (+0.019%)
2025-07-26 22:33:53 - __main__ - INFO - 🔄 Ciclo #627: 8 ativos | 4 atualizações | 0 transições | 0.09s
2025-07-26 22:34:23 - __main__ - INFO - 📈 ENA: 0.629600 → 0.627200 (-0.381%)
2025-07-26 22:34:23 - __main__ - INFO - 📈 BNB: 799.160000 → 798.980000 (-0.023%)
2025-07-26 22:34:23 - __main__ - INFO - 📈 ETH: 3761.950000 → 3763.440000 (+0.040%)
2025-07-26 22:34:23 - __main__ - INFO - 🔄 Ciclo #628: 8 ativos | 3 atualizações | 0 transições | 0.08s
2025-07-26 22:34:53 - __main__ - INFO - 📈 IMX: 0.572800 → 0.572900 (+0.017%)
2025-07-26 22:34:53 - __main__ - INFO - 📈 HYPE: 43.368000 → 43.377000 (+0.021%)
2025-07-26 22:34:53 - __main__ - INFO - 📈 PEPE: 0.012527 → 0.012536 (+0.069%)
2025-07-26 22:34:53 - __main__ - INFO - 📈 NEAR: 2.894000 → 2.896000 (+0.069%)
2025-07-26 22:34:53 - __main__ - INFO - 🔄 Ciclo #629: 8 ativos | 4 atualizações | 0 transições | 0.09s
2025-07-26 22:35:23 - __main__ - INFO - 📈 IMX: 0.572900 → 0.573400 (+0.087%)
2025-07-26 22:35:23 - __main__ - INFO - 📈 PEPE: 0.012536 → 0.012548 (+0.101%)
2025-07-26 22:35:23 - __main__ - INFO - 📈 NEAR: 2.896000 → 2.899000 (+0.104%)
2025-07-26 22:35:23 - __main__ - INFO - 🔄 Ciclo #630: 8 ativos | 3 atualizações | 0 transições | 0.07s
2025-07-26 22:35:53 - __main__ - INFO - 📈 ENA: 0.627200 → 0.628100 (+0.143%)
2025-07-26 22:35:53 - __main__ - INFO - 📈 HYPE: 43.377000 → 43.412000 (+0.081%)
2025-07-26 22:35:53 - __main__ - INFO - 📈 BNB: 798.980000 → 799.270000 (+0.036%)
2025-07-26 22:35:53 - __main__ - INFO - 📈 ETH: 3763.440000 → 3766.080000 (+0.070%)
2025-07-26 22:35:53 - __main__ - INFO - 🔄 Ciclo #631: 8 ativos | 4 atualizações | 0 transições | 0.09s
2025-07-26 22:36:23 - __main__ - INFO - 📈 ENA: 0.628100 → 0.629500 (+0.223%)
2025-07-26 22:36:23 - __main__ - INFO - 📈 BNB: 799.270000 → 799.400000 (+0.016%)
2025-07-26 22:36:23 - __main__ - INFO - 📈 ETH: 3766.080000 → 3767.810000 (+0.046%)
2025-07-26 22:36:23 - __main__ - INFO - 🔄 Ciclo #632: 8 ativos | 3 atualizações | 0 transições | 0.08s
2025-07-26 22:36:53 - __main__ - INFO - 📈 IMX: 0.573400 → 0.573600 (+0.035%)
2025-07-26 22:36:53 - __main__ - INFO - 📈 PEPE: 0.012548 → 0.012551 (+0.020%)
2025-07-26 22:36:53 - __main__ - INFO - 🔄 Ciclo #633: 8 ativos | 2 atualizações | 0 transições | 0.08s
2025-07-26 22:37:24 - __main__ - INFO - 📈 IMX: 0.573600 → 0.574100 (+0.087%)
2025-07-26 22:37:24 - __main__ - INFO - 📈 HYPE: 43.412000 → 43.398000 (-0.032%)
2025-07-26 22:37:24 - __main__ - INFO - 📈 PEPE: 0.012551 → 0.012554 (+0.023%)
2025-07-26 22:37:24 - __main__ - INFO - 📈 NEAR: 2.899000 → 2.901000 (+0.069%)
2025-07-26 22:37:24 - __main__ - INFO - 🔄 Ciclo #634: 8 ativos | 4 atualizações | 0 transições | 0.10s
2025-07-26 22:37:54 - __main__ - INFO - 📈 ENA: 0.629500 → 0.631900 (+0.381%)
2025-07-26 22:37:54 - __main__ - INFO - 📈 BNB: 799.400000 → 798.600000 (-0.100%)
2025-07-26 22:37:54 - __main__ - INFO - 📈 ETH: 3767.810000 → 3767.160000 (-0.017%)
2025-07-26 22:37:54 - __main__ - INFO - 🔄 Ciclo #635: 8 ativos | 3 atualizações | 0 transições | 0.09s
2025-07-26 22:38:24 - __main__ - INFO - 📈 ENA: 0.631900 → 0.633700 (+0.285%)
2025-07-26 22:38:24 - __main__ - INFO - 📈 BNB: 798.600000 → 798.760000 (+0.020%)
2025-07-26 22:38:24 - __main__ - INFO - 📈 ETH: 3767.160000 → 3765.630000 (-0.041%)
2025-07-26 22:38:24 - __main__ - INFO - 🔄 Ciclo #636: 8 ativos | 3 atualizações | 0 transições | 0.08s
2025-07-26 22:38:54 - __main__ - INFO - 📈 IMX: 0.574100 → 0.573900 (-0.035%)
2025-07-26 22:38:54 - __main__ - INFO - 📈 PEPE: 0.012554 → 0.012549 (-0.038%)
2025-07-26 22:38:54 - __main__ - INFO - 🔄 Ciclo #637: 8 ativos | 2 atualizações | 0 transições | 0.07s
2025-07-26 22:39:24 - __main__ - INFO - 📈 ENA: 0.633700 → 0.634500 (+0.126%)
2025-07-26 22:39:24 - __main__ - INFO - 📈 IMX: 0.573900 → 0.575100 (+0.209%)
2025-07-26 22:39:24 - __main__ - INFO - 📈 PEPE: 0.012549 → 0.012566 (+0.138%)
2025-07-26 22:39:24 - __main__ - INFO - 🔄 Ciclo #638: 8 ativos | 3 atualizações | 0 transições | 0.08s
2025-07-26 22:39:54 - __main__ - INFO - 📈 HYPE: 43.398000 → 43.409000 (+0.025%)
2025-07-26 22:39:54 - __main__ - INFO - 📈 BNB: 798.760000 → 798.650000 (-0.014%)
2025-07-26 22:39:54 - __main__ - INFO - 📈 NEAR: 2.901000 → 2.906000 (+0.172%)
2025-07-26 22:39:54 - __main__ - INFO - 📈 ETH: 3765.630000 → 3767.780000 (+0.057%)
2025-07-26 22:39:54 - __main__ - INFO - 📈 BTC: 118140.600000 → 118180.300000 (+0.034%)
2025-07-26 22:39:54 - __main__ - INFO - 🔄 Ciclo #639: 8 ativos | 5 atualizações | 0 transições | 0.10s
2025-07-26 22:40:24 - __main__ - INFO - 📈 ENA: 0.634500 → 0.633300 (-0.189%)
2025-07-26 22:40:24 - __main__ - INFO - 📈 HYPE: 43.409000 → 43.400000 (-0.021%)
2025-07-26 22:40:24 - __main__ - INFO - 📈 PEPE: 0.012566 → 0.012553 (-0.107%)
2025-07-26 22:40:24 - __main__ - INFO - 📈 BNB: 798.650000 → 798.800000 (+0.019%)
2025-07-26 22:40:24 - __main__ - INFO - 📈 NEAR: 2.906000 → 2.901000 (-0.172%)
2025-07-26 22:40:24 - __main__ - INFO - 📈 ETH: 3767.780000 → 3765.200000 (-0.068%)
2025-07-26 22:40:24 - __main__ - INFO - 📈 BTC: 118180.300000 → 118155.800000 (-0.021%)
2025-07-26 22:40:24 - __main__ - INFO - 🔄 Ciclo #640: 8 ativos | 7 atualizações | 0 transições | 0.13s
2025-07-26 22:40:54 - __main__ - INFO - 📈 IMX: 0.575100 → 0.574700 (-0.070%)
2025-07-26 22:40:54 - __main__ - INFO - 🔄 Ciclo #641: 8 ativos | 1 atualizações | 0 transições | 0.10s
2025-07-26 22:41:24 - __main__ - INFO - 📈 PEPE: 0.012553 → 0.012550 (-0.019%)
2025-07-26 22:41:24 - __main__ - INFO - 🔄 Ciclo #642: 8 ativos | 1 atualizações | 0 transições | 0.06s
2025-07-26 22:41:54 - __main__ - INFO - 📈 ENA: 0.633300 → 0.632100 (-0.189%)
2025-07-26 22:41:54 - __main__ - INFO - 📈 IMX: 0.574700 → 0.575600 (+0.157%)
2025-07-26 22:41:54 - __main__ - INFO - 📈 HYPE: 43.400000 → 43.378000 (-0.051%)
2025-07-26 22:41:54 - __main__ - INFO - 📈 BNB: 798.800000 → 798.280000 (-0.065%)
2025-07-26 22:41:54 - __main__ - INFO - 📈 NEAR: 2.901000 → 2.898000 (-0.103%)
2025-07-26 22:41:54 - __main__ - INFO - 📈 ETH: 3765.200000 → 3763.900000 (-0.035%)
2025-07-26 22:41:54 - __main__ - INFO - 📈 BTC: 118155.800000 → 118125.800000 (-0.025%)
2025-07-26 22:41:54 - __main__ - INFO - 🔄 Ciclo #643: 8 ativos | 7 atualizações | 0 transições | 0.15s
2025-07-26 22:42:24 - __main__ - INFO - 📈 ENA: 0.632100 → 0.630300 (-0.285%)
2025-07-26 22:42:24 - __main__ - INFO - 📈 HYPE: 43.378000 → 43.371000 (-0.016%)
2025-07-26 22:42:24 - __main__ - INFO - 📈 PEPE: 0.012550 → 0.012557 (+0.053%)
2025-07-26 22:42:25 - __main__ - INFO - 📈 BNB: 798.280000 → 798.740000 (+0.058%)
2025-07-26 22:42:25 - __main__ - INFO - 📈 NEAR: 2.898000 → 2.899000 (+0.035%)
2025-07-26 22:42:25 - __main__ - INFO - 📈 ETH: 3763.900000 → 3764.990000 (+0.029%)
2025-07-26 22:42:25 - __main__ - INFO - 🔄 Ciclo #644: 8 ativos | 6 atualizações | 0 transições | 0.13s
2025-07-26 22:42:55 - __main__ - INFO - 📈 IMX: 0.575600 → 0.576000 (+0.069%)
2025-07-26 22:42:55 - __main__ - INFO - 🔄 Ciclo #645: 8 ativos | 1 atualizações | 0 transições | 0.06s
2025-07-26 22:43:55 - __main__ - INFO - 📈 ENA: 0.630300 → 0.630500 (+0.032%)
2025-07-26 22:43:55 - __main__ - INFO - 📈 HYPE: 43.371000 → 43.383000 (+0.028%)
2025-07-26 22:43:55 - __main__ - INFO - 📈 BNB: 798.740000 → 798.450000 (-0.036%)
2025-07-26 22:43:55 - __main__ - INFO - 📈 NEAR: 2.899000 → 2.897000 (-0.069%)
2025-07-26 22:43:55 - __main__ - INFO - 📈 BTC: 118125.800000 → 118107.600000 (-0.015%)
2025-07-26 22:43:55 - __main__ - INFO - 🔄 Ciclo #647: 8 ativos | 5 atualizações | 0 transições | 0.09s
2025-07-26 22:44:25 - __main__ - INFO - 📈 ENA: 0.630500 → 0.629900 (-0.095%)
2025-07-26 22:44:25 - __main__ - INFO - 📈 HYPE: 43.383000 → 43.412000 (+0.067%)
2025-07-26 22:44:25 - __main__ - INFO - 📈 PEPE: 0.012557 → 0.012554 (-0.022%)
2025-07-26 22:44:25 - __main__ - INFO - 📈 BNB: 798.450000 → 798.330000 (-0.015%)
2025-07-26 22:44:25 - __main__ - INFO - 📈 NEAR: 2.897000 → 2.898000 (+0.035%)
2025-07-26 22:44:25 - __main__ - INFO - 📈 ETH: 3764.990000 → 3764.590000 (-0.011%)
2025-07-26 22:44:25 - __main__ - INFO - 🔄 Ciclo #648: 8 ativos | 6 atualizações | 0 transições | 0.10s
2025-07-26 22:45:55 - __main__ - INFO - 📈 ENA: 0.629900 → 0.630400 (+0.079%)
2025-07-26 22:45:55 - __main__ - INFO - 📈 HYPE: 43.412000 → 43.402000 (-0.023%)
2025-07-26 22:45:55 - __main__ - INFO - 📈 PEPE: 0.012554 → 0.012549 (-0.044%)
2025-07-26 22:45:55 - __main__ - INFO - 📈 BNB: 798.330000 → 798.520000 (+0.024%)
2025-07-26 22:45:55 - __main__ - INFO - 📈 NEAR: 2.898000 → 2.897000 (-0.035%)
2025-07-26 22:45:55 - __main__ - INFO - 📈 ETH: 3764.590000 → 3763.310000 (-0.034%)
2025-07-26 22:45:55 - __main__ - INFO - 🔄 Ciclo #651: 8 ativos | 6 atualizações | 0 transições | 0.17s
2025-07-26 22:46:25 - __main__ - INFO - 📈 ENA: 0.630400 → 0.629300 (-0.174%)
2025-07-26 22:46:25 - __main__ - INFO - 📈 HYPE: 43.402000 → 43.333000 (-0.159%)
2025-07-26 22:46:25 - __main__ - INFO - 📈 BNB: 798.520000 → 797.930000 (-0.074%)
2025-07-26 22:46:25 - __main__ - INFO - 📈 ETH: 3763.310000 → 3759.670000 (-0.097%)
2025-07-26 22:46:25 - __main__ - INFO - 📈 BTC: 118107.600000 → 118074.600000 (-0.028%)
2025-07-26 22:46:25 - __main__ - INFO - 🔄 Ciclo #652: 8 ativos | 5 atualizações | 0 transições | 0.10s
2025-07-26 22:46:55 - __main__ - INFO - 📈 IMX: 0.576000 → 0.575600 (-0.069%)
2025-07-26 22:46:55 - __main__ - INFO - 📈 PEPE: 0.012549 → 0.012528 (-0.169%)
2025-07-26 22:46:55 - __main__ - INFO - 📈 NEAR: 2.897000 → 2.893000 (-0.138%)
2025-07-26 22:46:55 - __main__ - INFO - 🔄 Ciclo #653: 8 ativos | 3 atualizações | 0 transições | 0.11s
2025-07-26 22:47:25 - __main__ - INFO - 📈 ENA: 0.629300 → 0.627600 (-0.270%)
2025-07-26 22:47:25 - __main__ - INFO - 📈 IMX: 0.575600 → 0.575500 (-0.017%)
2025-07-26 22:47:25 - __main__ - INFO - 📈 HYPE: 43.333000 → 43.296000 (-0.085%)
2025-07-26 22:47:25 - __main__ - INFO - 📈 PEPE: 0.012528 → 0.012520 (-0.062%)
2025-07-26 22:47:25 - __main__ - INFO - 📈 BNB: 797.930000 → 797.220000 (-0.089%)
2025-07-26 22:47:25 - __main__ - INFO - 📈 NEAR: 2.893000 → 2.891000 (-0.069%)
2025-07-26 22:47:25 - __main__ - INFO - 📈 ETH: 3759.670000 → 3756.190000 (-0.093%)
2025-07-26 22:47:25 - __main__ - INFO - 🔄 Ciclo #654: 8 ativos | 7 atualizações | 0 transições | 0.12s
2025-07-26 22:47:56 - __main__ - INFO - 📈 BTC: 118074.600000 → 118048.700000 (-0.022%)
2025-07-26 22:47:56 - __main__ - INFO - 🔄 Ciclo #655: 8 ativos | 1 atualizações | 0 transições | 0.09s
2025-07-26 22:48:56 - __main__ - INFO - 📈 ENA: 0.627600 → 0.629200 (+0.255%)
2025-07-26 22:48:56 - __main__ - INFO - 📈 IMX: 0.575500 → 0.576000 (+0.087%)
2025-07-26 22:48:56 - __main__ - INFO - 📈 HYPE: 43.296000 → 43.338000 (+0.097%)
2025-07-26 22:48:56 - __main__ - INFO - 📈 PEPE: 0.012520 → 0.012531 (+0.089%)
2025-07-26 22:48:56 - __main__ - INFO - 📈 NEAR: 2.891000 → 2.893000 (+0.069%)
2025-07-26 22:48:56 - __main__ - INFO - 📈 ETH: 3756.190000 → 3757.990000 (+0.048%)
2025-07-26 22:48:56 - __main__ - INFO - 📈 BTC: 118048.700000 → 118093.800000 (+0.038%)
2025-07-26 22:48:56 - __main__ - INFO - 🔄 Ciclo #657: 8 ativos | 7 atualizações | 0 transições | 0.11s
2025-07-26 22:49:26 - __main__ - INFO - 📈 BNB: 797.220000 → 797.570000 (+0.044%)
2025-07-26 22:49:26 - __main__ - INFO - 📈 ETH: 3757.990000 → 3759.280000 (+0.034%)
2025-07-26 22:49:26 - __main__ - INFO - 🔄 Ciclo #658: 8 ativos | 2 atualizações | 0 transições | 0.07s
2025-07-26 22:49:56 - __main__ - INFO - 📈 ENA: 0.629200 → 0.629300 (+0.016%)
2025-07-26 22:49:56 - __main__ - INFO - 📈 IMX: 0.576000 → 0.577000 (+0.174%)
2025-07-26 22:49:56 - __main__ - INFO - 📈 HYPE: 43.338000 → 43.356000 (+0.042%)
2025-07-26 22:49:56 - __main__ - INFO - 📈 PEPE: 0.012531 → 0.012533 (+0.015%)
2025-07-26 22:49:56 - __main__ - INFO - 📈 NEAR: 2.893000 → 2.895000 (+0.069%)
2025-07-26 22:49:56 - __main__ - WARNING - 🛑 IMX: ACTIVE → STOP_HIT | Preço: 0.577000 | Preço atingiu Stop Loss: 0.576300
2025-07-26 22:49:56 - __main__ - INFO - 🔄 Ciclo #659: 8 ativos | 5 atualizações | 1 transições | 0.10s
2025-07-26 22:50:26 - __main__ - INFO - 📈 ENA: 0.629300 → 0.630500 (+0.191%)
2025-07-26 22:50:26 - __main__ - INFO - 📈 HYPE: 43.356000 → 43.366000 (+0.023%)
2025-07-26 22:50:26 - __main__ - INFO - 📈 PEPE: 0.012533 → 0.012540 (+0.059%)
2025-07-26 22:50:26 - __main__ - INFO - 📈 NEAR: 2.895000 → 2.897000 (+0.069%)
2025-07-26 22:50:26 - __main__ - INFO - 📈 ETH: 3759.280000 → 3762.280000 (+0.080%)
2025-07-26 22:50:26 - __main__ - INFO - 🔄 Ciclo #660: 7 ativos | 5 atualizações | 0 transições | 0.09s
2025-07-26 22:50:26 - __main__ - INFO - 📊 ESTATÍSTICAS HORÁRIAS:
2025-07-26 22:50:26 - __main__ - INFO -    ⏱️ Uptime: 5h 30m
2025-07-26 22:50:26 - __main__ - INFO -    🔄 Verificações: 660
2025-07-26 22:50:26 - __main__ - INFO -    📝 Atualizações: 1997
2025-07-26 22:50:26 - __main__ - INFO -    🔄 Transições: 12
2025-07-26 22:50:26 - __main__ - INFO -    🎯 Sinais ativos: 7
2025-07-26 22:50:26 - __main__ - INFO -    ✅ Preços atualizados: 1997
2025-07-26 22:50:26 - __main__ - INFO -    ❌ Falhas de preço: 0
2025-07-26 22:50:26 - __main__ - INFO -    🆕 Transições recentes: 2
2025-07-26 22:50:26 - __main__ - INFO -    📊 Símbolos com dados recentes: 10
2025-07-26 22:51:26 - __main__ - INFO - 📈 PEPE: 0.012540 → 0.012528 (-0.095%)
2025-07-26 22:51:26 - __main__ - INFO - 🔄 Ciclo #662: 7 ativos | 1 atualizações | 0 transições | 0.08s
2025-07-26 22:51:56 - __main__ - INFO - 📈 ENA: 0.630500 → 0.631400 (+0.143%)
2025-07-26 22:51:56 - __main__ - INFO - 📈 HYPE: 43.366000 → 43.290000 (-0.175%)
2025-07-26 22:51:56 - __main__ - INFO - 📈 BNB: 797.570000 → 797.290000 (-0.035%)
2025-07-26 22:51:56 - __main__ - INFO - 📈 ETH: 3762.280000 → 3760.350000 (-0.051%)
2025-07-26 22:51:56 - __main__ - INFO - 📈 BTC: 118093.800000 → 118080.900000 (-0.011%)
2025-07-26 22:51:56 - __main__ - INFO - 🔄 Ciclo #663: 7 ativos | 5 atualizações | 0 transições | 0.15s
2025-07-26 22:52:26 - __main__ - INFO - 📈 ENA: 0.631400 → 0.632400 (+0.158%)
2025-07-26 22:52:26 - __main__ - INFO - 📈 HYPE: 43.290000 → 43.252000 (-0.088%)
2025-07-26 22:52:26 - __main__ - INFO - 📈 BNB: 797.290000 → 797.420000 (+0.016%)
2025-07-26 22:52:26 - __main__ - INFO - 📈 ETH: 3760.350000 → 3758.270000 (-0.055%)
2025-07-26 22:52:26 - __main__ - INFO - 📈 BTC: 118080.900000 → 118043.400000 (-0.032%)
2025-07-26 22:52:26 - __main__ - INFO - 🔄 Ciclo #664: 7 ativos | 5 atualizações | 0 transições | 0.09s
2025-07-26 22:52:56 - __main__ - INFO - 📈 PEPE: 0.012528 → 0.012514 (-0.115%)
2025-07-26 22:52:56 - __main__ - INFO - 📈 NEAR: 2.897000 → 2.896000 (-0.035%)
2025-07-26 22:52:56 - __main__ - INFO - 🔄 Ciclo #665: 7 ativos | 2 atualizações | 0 transições | 0.07s
2025-07-26 22:53:26 - __main__ - INFO - 📈 HYPE: 43.252000 → 43.241000 (-0.025%)
2025-07-26 22:53:26 - __main__ - INFO - 📈 NEAR: 2.896000 → 2.897000 (+0.035%)
2025-07-26 22:53:26 - __main__ - INFO - 🔄 Ciclo #666: 7 ativos | 2 atualizações | 0 transições | 0.06s
2025-07-26 22:53:57 - __main__ - INFO - 📈 ENA: 0.632400 → 0.633000 (+0.095%)
2025-07-26 22:53:57 - __main__ - INFO - 📈 BNB: 797.420000 → 797.640000 (+0.028%)
2025-07-26 22:53:57 - __main__ - INFO - 📈 ETH: 3758.270000 → 3755.450000 (-0.075%)
2025-07-26 22:53:57 - __main__ - INFO - 🔄 Ciclo #667: 7 ativos | 3 atualizações | 0 transições | 0.07s
2025-07-26 22:54:27 - __main__ - INFO - 📈 ENA: 0.633000 → 0.632000 (-0.158%)
2025-07-26 22:54:27 - __main__ - INFO - 📈 HYPE: 43.241000 → 43.278000 (+0.086%)
2025-07-26 22:54:27 - __main__ - INFO - 📈 PEPE: 0.012514 → 0.012525 (+0.086%)
2025-07-26 22:54:27 - __main__ - INFO - 📈 ETH: 3755.450000 → 3757.040000 (+0.042%)
2025-07-26 22:54:27 - __main__ - INFO - 📈 BTC: 118043.400000 → 118060.000000 (+0.014%)
2025-07-26 22:54:27 - __main__ - INFO - 🔄 Ciclo #668: 7 ativos | 5 atualizações | 0 transições | 0.09s
2025-07-26 22:55:57 - __main__ - INFO - 📈 ENA: 0.632000 → 0.632800 (+0.127%)
2025-07-26 22:55:57 - __main__ - INFO - 📈 HYPE: 43.278000 → 43.246000 (-0.074%)
2025-07-26 22:55:57 - __main__ - INFO - 📈 PEPE: 0.012525 → 0.012520 (-0.038%)
2025-07-26 22:55:57 - __main__ - INFO - 📈 BNB: 797.640000 → 797.530000 (-0.014%)
2025-07-26 22:55:57 - __main__ - INFO - 📈 ETH: 3757.040000 → 3756.570000 (-0.013%)
2025-07-26 22:55:57 - __main__ - INFO - 🔄 Ciclo #671: 7 ativos | 5 atualizações | 0 transições | 0.12s
2025-07-26 22:56:27 - __main__ - INFO - 📈 ENA: 0.632800 → 0.631900 (-0.142%)
2025-07-26 22:56:27 - __main__ - INFO - 📈 HYPE: 43.246000 → 43.234000 (-0.028%)
2025-07-26 22:56:27 - __main__ - INFO - 📈 PEPE: 0.012520 → 0.012512 (-0.068%)
2025-07-26 22:56:27 - __main__ - INFO - 📈 BNB: 797.530000 → 797.100000 (-0.054%)
2025-07-26 22:56:27 - __main__ - INFO - 📈 NEAR: 2.897000 → 2.892000 (-0.173%)
2025-07-26 22:56:27 - __main__ - INFO - 📈 ETH: 3756.570000 → 3754.750000 (-0.048%)
2025-07-26 22:56:27 - __main__ - INFO - 📈 BTC: 118060.000000 → 118046.600000 (-0.011%)
2025-07-26 22:56:27 - __main__ - INFO - 🔄 Ciclo #672: 7 ativos | 7 atualizações | 0 transições | 0.13s
2025-07-26 22:57:27 - __main__ - INFO - 📈 PEPE: 0.012512 → 0.012508 (-0.031%)
2025-07-26 22:57:27 - __main__ - INFO - 📈 NEAR: 2.892000 → 2.891000 (-0.035%)
2025-07-26 22:57:27 - __main__ - INFO - 🔄 Ciclo #674: 7 ativos | 2 atualizações | 0 transições | 0.09s
2025-07-26 22:57:57 - __main__ - INFO - 📈 ENA: 0.631900 → 0.631600 (-0.047%)
2025-07-26 22:57:57 - __main__ - INFO - 📈 HYPE: 43.234000 → 43.218000 (-0.037%)
2025-07-26 22:57:57 - __main__ - INFO - 📈 BNB: 797.100000 → 796.890000 (-0.026%)
2025-07-26 22:57:57 - __main__ - INFO - 📈 ETH: 3754.750000 → 3754.000000 (-0.020%)
2025-07-26 22:57:57 - __main__ - INFO - 🔄 Ciclo #675: 7 ativos | 4 atualizações | 0 transições | 0.07s
2025-07-26 22:58:27 - __main__ - INFO - 📈 ENA: 0.631600 → 0.631900 (+0.047%)
2025-07-26 22:58:27 - __main__ - INFO - 📈 HYPE: 43.218000 → 43.257000 (+0.090%)
2025-07-26 22:58:27 - __main__ - INFO - 📈 PEPE: 0.012508 → 0.012512 (+0.034%)
2025-07-26 22:58:27 - __main__ - INFO - 📈 BNB: 796.890000 → 796.810000 (-0.010%)
2025-07-26 22:58:27 - __main__ - INFO - 📈 NEAR: 2.891000 → 2.892000 (+0.035%)
2025-07-26 22:58:27 - __main__ - INFO - 📈 ETH: 3754.000000 → 3755.220000 (+0.032%)
2025-07-26 22:58:27 - __main__ - INFO - 🔄 Ciclo #676: 7 ativos | 6 atualizações | 0 transições | 0.09s
2025-07-26 22:59:57 - __main__ - INFO - 📈 ENA: 0.631900 → 0.630500 (-0.222%)
2025-07-26 22:59:57 - __main__ - INFO - 📈 HYPE: 43.257000 → 43.318000 (+0.141%)
2025-07-26 22:59:58 - __main__ - INFO - 📈 PEPE: 0.012512 → 0.012505 (-0.055%)
2025-07-26 22:59:58 - __main__ - INFO - 📈 BNB: 796.810000 → 796.510000 (-0.038%)
2025-07-26 22:59:58 - __main__ - INFO - 📈 BTC: 118046.600000 → 118071.800000 (+0.021%)
2025-07-26 22:59:58 - __main__ - INFO - 🔄 Ciclo #679: 7 ativos | 5 atualizações | 0 transições | 0.09s
2025-07-26 23:00:28 - __main__ - INFO - 📈 ENA: 0.630500 → 0.629600 (-0.143%)
2025-07-26 23:00:28 - __main__ - INFO - 📈 HYPE: 43.318000 → 43.348000 (+0.069%)
2025-07-26 23:00:28 - __main__ - INFO - 📈 NEAR: 2.892000 → 2.893000 (+0.035%)
2025-07-26 23:00:28 - __main__ - INFO - 🔄 Ciclo #680: 7 ativos | 3 atualizações | 0 transições | 0.07s
2025-07-26 23:01:28 - __main__ - INFO - 📈 IMX: 0.598500 → 0.602400 (+0.652%)
2025-07-26 23:01:28 - __main__ - INFO - 📈 PEPE: 0.012505 → 0.012499 (-0.049%)
2025-07-26 23:01:28 - __main__ - INFO - 🔄 Ciclo #682: 8 ativos | 2 atualizações | 0 transições | 0.08s
2025-07-26 23:01:58 - __main__ - INFO - 📈 ENA: 0.629600 → 0.627900 (-0.270%)
2025-07-26 23:01:58 - __main__ - INFO - 📈 HYPE: 43.348000 → 43.321000 (-0.062%)
2025-07-26 23:01:58 - __main__ - INFO - 📈 BNB: 796.510000 → 796.320000 (-0.024%)
2025-07-26 23:01:58 - __main__ - INFO - 📈 ETH: 3755.220000 → 3754.200000 (-0.027%)
2025-07-26 23:01:58 - __main__ - INFO - 📈 BTC: 118071.800000 → 118043.200000 (-0.024%)
2025-07-26 23:01:58 - __main__ - INFO - 🔄 Ciclo #683: 8 ativos | 5 atualizações | 0 transições | 0.12s
2025-07-26 23:02:28 - __main__ - INFO - 📈 ENA: 0.627900 → 0.626700 (-0.191%)
2025-07-26 23:02:28 - __main__ - INFO - 📈 HYPE: 43.321000 → 43.264000 (-0.132%)
2025-07-26 23:02:28 - __main__ - INFO - 📈 PEPE: 0.012499 → 0.012498 (-0.011%)
2025-07-26 23:02:28 - __main__ - INFO - 📈 BNB: 796.320000 → 796.610000 (+0.036%)
2025-07-26 23:02:28 - __main__ - INFO - 📈 NEAR: 2.893000 → 2.892000 (-0.035%)
2025-07-26 23:02:28 - __main__ - INFO - 📈 ETH: 3754.200000 → 3755.010000 (+0.022%)
2025-07-26 23:02:28 - __main__ - INFO - 🔄 Ciclo #684: 8 ativos | 6 atualizações | 0 transições | 0.21s
2025-07-26 23:02:58 - __main__ - INFO - 📈 IMX: 0.602400 → 0.606200 (+0.631%)
2025-07-26 23:02:58 - __main__ - INFO - 🔄 Ciclo #685: 8 ativos | 1 atualizações | 0 transições | 0.06s
2025-07-26 23:03:28 - __main__ - INFO - 📈 IMX: 0.606200 → 0.605300 (-0.148%)
2025-07-26 23:03:28 - __main__ - INFO - 📈 ENA: 0.626700 → 0.626800 (+0.016%)
2025-07-26 23:03:28 - __main__ - INFO - 📈 HYPE: 43.264000 → 43.299000 (+0.081%)
2025-07-26 23:03:28 - __main__ - INFO - 📈 PEPE: 0.012498 → 0.012501 (+0.027%)
2025-07-26 23:03:28 - __main__ - INFO - 📈 BNB: 796.610000 → 797.440000 (+0.104%)
2025-07-26 23:03:28 - __main__ - INFO - 🔄 Ciclo #686: 8 ativos | 5 atualizações | 0 transições | 0.09s
2025-07-26 23:03:58 - __main__ - INFO - 📈 ETH: 3755.010000 → 3757.440000 (+0.065%)
2025-07-26 23:03:58 - __main__ - INFO - 🔄 Ciclo #687: 8 ativos | 1 atualizações | 0 transições | 0.05s
2025-07-26 23:04:28 - __main__ - INFO - 📈 IMX: 0.605300 → 0.592800 (-2.065%)
2025-07-26 23:04:28 - __main__ - INFO - 📈 ENA: 0.626800 → 0.625300 (-0.239%)
2025-07-26 23:04:28 - __main__ - INFO - 📈 HYPE: 43.299000 → 43.222000 (-0.178%)
2025-07-26 23:04:28 - __main__ - INFO - 📈 PEPE: 0.012501 → 0.012478 (-0.183%)
2025-07-26 23:04:28 - __main__ - INFO - 📈 BNB: 797.440000 → 797.340000 (-0.013%)
2025-07-26 23:04:28 - __main__ - INFO - 📈 NEAR: 2.892000 → 2.890000 (-0.069%)
2025-07-26 23:04:28 - __main__ - INFO - 📈 ETH: 3757.440000 → 3754.140000 (-0.088%)
2025-07-26 23:04:28 - __main__ - INFO - 📈 BTC: 118043.200000 → 118020.000000 (-0.020%)
2025-07-26 23:04:28 - __main__ - INFO - 🔄 Ciclo #688: 8 ativos | 8 atualizações | 0 transições | 0.12s
2025-07-26 23:05:29 - __main__ - INFO - 📈 IMX: 0.592800 → 0.598000 (+0.877%)
2025-07-26 23:05:29 - __main__ - INFO - 📈 HYPE: 43.222000 → 43.251000 (+0.067%)
2025-07-26 23:05:29 - __main__ - INFO - 📈 PEPE: 0.012478 → 0.012486 (+0.065%)
2025-07-26 23:05:29 - __main__ - INFO - 📈 NEAR: 2.890000 → 2.892000 (+0.069%)
2025-07-26 23:05:29 - __main__ - INFO - 🔄 Ciclo #690: 8 ativos | 4 atualizações | 0 transições | 0.09s
2025-07-26 23:05:59 - __main__ - INFO - 📈 ENA: 0.625300 → 0.627700 (+0.384%)
2025-07-26 23:05:59 - __main__ - INFO - 📈 ETH: 3754.140000 → 3754.630000 (+0.013%)
2025-07-26 23:05:59 - __main__ - INFO - 🔄 Ciclo #691: 8 ativos | 2 atualizações | 0 transições | 0.08s
2025-07-26 23:06:29 - __main__ - INFO - 📈 IMX: 0.598000 → 0.595300 (-0.452%)
2025-07-26 23:06:29 - __main__ - INFO - 📈 ENA: 0.627700 → 0.626500 (-0.191%)
2025-07-26 23:06:29 - __main__ - INFO - 📈 PEPE: 0.012486 → 0.012482 (-0.032%)
2025-07-26 23:06:29 - __main__ - INFO - 📈 BNB: 797.340000 → 796.480000 (-0.108%)
2025-07-26 23:06:29 - __main__ - INFO - 📈 NEAR: 2.892000 → 2.889000 (-0.104%)
2025-07-26 23:06:29 - __main__ - INFO - 📈 ETH: 3754.630000 → 3751.170000 (-0.092%)
2025-07-26 23:06:29 - __main__ - INFO - 📈 BTC: 118020.000000 → 117989.200000 (-0.026%)
2025-07-26 23:06:29 - __main__ - INFO - 🔄 Ciclo #692: 8 ativos | 7 atualizações | 0 transições | 0.12s
2025-07-26 23:07:29 - __main__ - INFO - 📈 IMX: 0.595300 → 0.594200 (-0.185%)
2025-07-26 23:07:29 - __main__ - INFO - 📈 PEPE: 0.012482 → 0.012490 (+0.061%)
2025-07-26 23:07:29 - __main__ - INFO - 🔄 Ciclo #694: 8 ativos | 2 atualizações | 0 transições | 0.08s
2025-07-26 23:07:59 - __main__ - INFO - 📈 ENA: 0.626500 → 0.627300 (+0.128%)
2025-07-26 23:07:59 - __main__ - INFO - 📈 HYPE: 43.251000 → 43.266000 (+0.035%)
2025-07-26 23:07:59 - __main__ - INFO - 📈 BNB: 796.480000 → 796.610000 (+0.016%)
2025-07-26 23:07:59 - __main__ - INFO - 🔄 Ciclo #695: 8 ativos | 3 atualizações | 0 transições | 0.07s
2025-07-26 23:08:29 - __main__ - INFO - 📈 IMX: 0.594200 → 0.597500 (+0.555%)
2025-07-26 23:08:29 - __main__ - INFO - 📈 ENA: 0.627300 → 0.629100 (+0.287%)
2025-07-26 23:08:29 - __main__ - INFO - 📈 HYPE: 43.266000 → 43.256000 (-0.023%)
2025-07-26 23:08:29 - __main__ - INFO - 📈 PEPE: 0.012490 → 0.012492 (+0.016%)
2025-07-26 23:08:29 - __main__ - INFO - 📈 NEAR: 2.889000 → 2.890000 (+0.035%)
2025-07-26 23:08:29 - __main__ - INFO - 🔄 Ciclo #696: 8 ativos | 5 atualizações | 0 transições | 0.10s
2025-07-26 23:09:29 - __main__ - INFO - 📈 IMX: 0.597500 → 0.593700 (-0.636%)
2025-07-26 23:09:29 - __main__ - INFO - 📈 HYPE: 43.256000 → 43.299000 (+0.099%)
2025-07-26 23:09:29 - __main__ - INFO - 📈 PEPE: 0.012492 → 0.012500 (+0.068%)
2025-07-26 23:09:29 - __main__ - INFO - 🔄 Ciclo #698: 8 ativos | 3 atualizações | 0 transições | 0.07s
2025-07-26 23:09:59 - __main__ - INFO - 📈 ENA: 0.629100 → 0.630400 (+0.207%)
2025-07-26 23:09:59 - __main__ - INFO - 📈 ETH: 3751.170000 → 3753.700000 (+0.067%)
2025-07-26 23:09:59 - __main__ - INFO - 📈 BTC: 117989.200000 → 118007.600000 (+0.016%)
2025-07-26 23:09:59 - __main__ - INFO - 🔄 Ciclo #699: 8 ativos | 3 atualizações | 0 transições | 0.07s
2025-07-26 23:10:29 - __main__ - INFO - 📈 IMX: 0.593700 → 0.592300 (-0.236%)
2025-07-26 23:10:29 - __main__ - INFO - 📈 ENA: 0.630400 → 0.631200 (+0.127%)
2025-07-26 23:10:29 - __main__ - INFO - 📈 HYPE: 43.299000 → 43.391000 (+0.212%)
2025-07-26 23:10:29 - __main__ - INFO - 📈 PEPE: 0.012500 → 0.012518 (+0.138%)
2025-07-26 23:10:29 - __main__ - INFO - 📈 BNB: 796.610000 → 797.160000 (+0.069%)
2025-07-26 23:10:29 - __main__ - INFO - 📈 NEAR: 2.890000 → 2.897000 (+0.242%)
2025-07-26 23:10:29 - __main__ - INFO - 📈 ETH: 3753.700000 → 3757.660000 (+0.105%)
2025-07-26 23:10:29 - __main__ - INFO - 📈 BTC: 118007.600000 → 118092.400000 (+0.072%)
2025-07-26 23:10:29 - __main__ - INFO - 🔄 Ciclo #700: 8 ativos | 8 atualizações | 0 transições | 0.12s
2025-07-26 23:11:30 - __main__ - INFO - 📈 IMX: 0.592300 → 0.593700 (+0.236%)
2025-07-26 23:11:30 - __main__ - INFO - 📈 NEAR: 2.897000 → 2.898000 (+0.035%)
2025-07-26 23:11:30 - __main__ - INFO - 🔄 Ciclo #702: 8 ativos | 2 atualizações | 0 transições | 0.08s
2025-07-26 23:12:00 - __main__ - INFO - 📈 ENA: 0.631200 → 0.629000 (-0.349%)
2025-07-26 23:12:00 - __main__ - INFO - 📈 HYPE: 43.391000 → 43.375000 (-0.037%)
2025-07-26 23:12:00 - __main__ - INFO - 📈 BNB: 797.160000 → 797.060000 (-0.013%)
2025-07-26 23:12:00 - __main__ - INFO - 📈 ETH: 3757.660000 → 3756.740000 (-0.024%)
2025-07-26 23:12:00 - __main__ - INFO - 📈 BTC: 118092.400000 → 118137.100000 (+0.038%)
2025-07-26 23:12:00 - __main__ - INFO - 🔄 Ciclo #703: 8 ativos | 5 atualizações | 0 transições | 0.15s
2025-07-26 23:12:30 - __main__ - INFO - 📈 IMX: 0.593700 → 0.595400 (+0.286%)
2025-07-26 23:12:30 - __main__ - INFO - 📈 ENA: 0.629000 → 0.628000 (-0.159%)
2025-07-26 23:12:30 - __main__ - INFO - 📈 HYPE: 43.375000 → 43.404000 (+0.067%)
2025-07-26 23:12:30 - __main__ - INFO - 📈 PEPE: 0.012518 → 0.012521 (+0.028%)
2025-07-26 23:12:30 - __main__ - INFO - 📈 BNB: 797.060000 → 797.600000 (+0.068%)
2025-07-26 23:12:30 - __main__ - INFO - 📈 ETH: 3756.740000 → 3758.230000 (+0.040%)
2025-07-26 23:12:30 - __main__ - INFO - 📈 BTC: 118137.100000 → 118155.600000 (+0.016%)
2025-07-26 23:12:30 - __main__ - INFO - 🔄 Ciclo #704: 8 ativos | 7 atualizações | 0 transições | 0.12s
2025-07-26 23:13:30 - __main__ - INFO - 📈 IMX: 0.595400 → 0.596200 (+0.134%)
2025-07-26 23:13:30 - __main__ - INFO - 📈 PEPE: 0.012521 → 0.012527 (+0.046%)
2025-07-26 23:13:30 - __main__ - INFO - 📈 NEAR: 2.898000 → 2.902000 (+0.138%)
2025-07-26 23:13:30 - __main__ - INFO - 🔄 Ciclo #706: 8 ativos | 3 atualizações | 0 transições | 0.07s
2025-07-26 23:14:00 - __main__ - INFO - 📈 ENA: 0.628000 → 0.628800 (+0.127%)
2025-07-26 23:14:00 - __main__ - INFO - 📈 HYPE: 43.404000 → 43.421000 (+0.039%)
2025-07-26 23:14:00 - __main__ - INFO - 📈 BNB: 797.600000 → 797.780000 (+0.023%)
2025-07-26 23:14:00 - __main__ - INFO - 📈 ETH: 3758.230000 → 3762.770000 (+0.121%)
2025-07-26 23:14:00 - __main__ - INFO - 🔄 Ciclo #707: 8 ativos | 4 atualizações | 0 transições | 0.08s
2025-07-26 23:14:30 - __main__ - INFO - 📈 IMX: 0.596200 → 0.593500 (-0.453%)
2025-07-26 23:14:30 - __main__ - INFO - 📈 ENA: 0.628800 → 0.628400 (-0.064%)
2025-07-26 23:14:30 - __main__ - INFO - 📈 HYPE: 43.421000 → 43.432000 (+0.025%)
2025-07-26 23:14:30 - __main__ - INFO - 📈 NEAR: 2.902000 → 2.903000 (+0.034%)
2025-07-26 23:14:30 - __main__ - INFO - 📈 ETH: 3762.770000 → 3762.320000 (-0.012%)
2025-07-26 23:14:30 - __main__ - INFO - 🔄 Ciclo #708: 8 ativos | 5 atualizações | 0 transições | 0.09s
2025-07-26 23:15:30 - __main__ - INFO - 📈 IMX: 0.593500 → 0.594200 (+0.118%)
2025-07-26 23:15:30 - __main__ - INFO - 🔄 Ciclo #710: 8 ativos | 1 atualizações | 0 transições | 0.05s
2025-07-26 23:16:00 - __main__ - INFO - 📈 ENA: 0.628400 → 0.627900 (-0.080%)
2025-07-26 23:16:00 - __main__ - INFO - 📈 HYPE: 43.432000 → 43.437000 (+0.012%)
2025-07-26 23:16:00 - __main__ - INFO - 📈 PEPE: 0.012527 → 0.012531 (+0.034%)
2025-07-26 23:16:00 - __main__ - INFO - 📈 BNB: 797.780000 → 798.280000 (+0.063%)
2025-07-26 23:16:00 - __main__ - INFO - 📈 NEAR: 2.903000 → 2.904000 (+0.034%)
2025-07-26 23:16:00 - __main__ - INFO - 📈 ETH: 3762.320000 → 3764.770000 (+0.065%)
2025-07-26 23:16:00 - __main__ - INFO - 🔄 Ciclo #711: 8 ativos | 6 atualizações | 0 transições | 0.11s
2025-07-26 23:16:30 - __main__ - INFO - 📈 IMX: 0.594200 → 0.596400 (+0.370%)
2025-07-26 23:16:30 - __main__ - INFO - 📈 ENA: 0.627900 → 0.628400 (+0.080%)
2025-07-26 23:16:31 - __main__ - INFO - 📈 PEPE: 0.012531 → 0.012544 (+0.105%)
2025-07-26 23:16:31 - __main__ - INFO - 📈 BNB: 798.280000 → 797.870000 (-0.051%)
2025-07-26 23:16:31 - __main__ - INFO - 📈 NEAR: 2.904000 → 2.909000 (+0.172%)
2025-07-26 23:16:31 - __main__ - INFO - 📈 ETH: 3764.770000 → 3767.660000 (+0.077%)
2025-07-26 23:16:31 - __main__ - INFO - 📈 BTC: 118155.600000 → 118191.600000 (+0.030%)
2025-07-26 23:16:31 - __main__ - INFO - 🔄 Ciclo #712: 8 ativos | 7 atualizações | 0 transições | 0.13s
2025-07-26 23:17:31 - __main__ - INFO - 📈 IMX: 0.596400 → 0.599600 (+0.537%)
2025-07-26 23:17:31 - __main__ - INFO - 📈 PEPE: 0.012544 → 0.012550 (+0.045%)
2025-07-26 23:17:31 - __main__ - INFO - 📈 NEAR: 2.909000 → 2.910000 (+0.034%)
2025-07-26 23:17:31 - __main__ - INFO - 🔄 Ciclo #714: 8 ativos | 3 atualizações | 0 transições | 0.10s
2025-07-26 23:18:01 - __main__ - INFO - 📈 ENA: 0.628400 → 0.628900 (+0.080%)
2025-07-26 23:18:01 - __main__ - INFO - 📈 HYPE: 43.437000 → 43.448000 (+0.025%)
2025-07-26 23:18:01 - __main__ - INFO - 📈 ETH: 3767.660000 → 3768.140000 (+0.013%)
2025-07-26 23:18:01 - __main__ - INFO - 📈 BTC: 118191.600000 → 118221.000000 (+0.025%)
2025-07-26 23:18:01 - __main__ - INFO - 🔄 Ciclo #715: 8 ativos | 4 atualizações | 0 transições | 0.10s
2025-07-26 23:18:31 - __main__ - INFO - 📈 IMX: 0.599600 → 0.598600 (-0.167%)
2025-07-26 23:18:31 - __main__ - INFO - 📈 ENA: 0.628900 → 0.630400 (+0.239%)
2025-07-26 23:18:31 - __main__ - INFO - 📈 HYPE: 43.448000 → 43.440000 (-0.018%)
2025-07-26 23:18:31 - __main__ - INFO - 📈 PEPE: 0.012550 → 0.012556 (+0.052%)
2025-07-26 23:18:31 - __main__ - INFO - 📈 BNB: 797.870000 → 797.650000 (-0.028%)
2025-07-26 23:18:31 - __main__ - INFO - 📈 NEAR: 2.910000 → 2.913000 (+0.103%)
2025-07-26 23:18:31 - __main__ - INFO - 📈 ETH: 3768.140000 → 3768.820000 (+0.018%)
2025-07-26 23:18:31 - __main__ - INFO - 📈 BTC: 118221.000000 → 118245.100000 (+0.020%)
2025-07-26 23:18:31 - __main__ - INFO - 🔄 Ciclo #716: 8 ativos | 8 atualizações | 0 transições | 0.12s
2025-07-26 23:19:31 - __main__ - INFO - 📈 IMX: 0.598600 → 0.598200 (-0.067%)
2025-07-26 23:19:31 - __main__ - INFO - 📈 PEPE: 0.012556 → 0.012542 (-0.113%)
2025-07-26 23:19:31 - __main__ - INFO - 📈 NEAR: 2.913000 → 2.909000 (-0.137%)
2025-07-26 23:19:31 - __main__ - INFO - 🔄 Ciclo #718: 8 ativos | 3 atualizações | 0 transições | 0.07s
2025-07-26 23:20:01 - __main__ - INFO - 📈 ENA: 0.630400 → 0.627900 (-0.397%)
2025-07-26 23:20:01 - __main__ - INFO - 📈 HYPE: 43.440000 → 43.433000 (-0.016%)
2025-07-26 23:20:01 - __main__ - INFO - 📈 BNB: 797.650000 → 797.160000 (-0.061%)
2025-07-26 23:20:01 - __main__ - INFO - 📈 ETH: 3768.820000 → 3765.070000 (-0.100%)
2025-07-26 23:20:01 - __main__ - INFO - 📈 BTC: 118245.100000 → 118214.300000 (-0.026%)
2025-07-26 23:20:01 - __main__ - INFO - 🔄 Ciclo #719: 8 ativos | 5 atualizações | 0 transições | 0.12s
2025-07-26 23:20:31 - __main__ - INFO - 📈 IMX: 0.598200 → 0.596100 (-0.351%)
2025-07-26 23:20:31 - __main__ - INFO - 📈 ENA: 0.627900 → 0.626900 (-0.159%)
2025-07-26 23:20:31 - __main__ - INFO - 📈 HYPE: 43.433000 → 43.414000 (-0.044%)
2025-07-26 23:20:31 - __main__ - INFO - 📈 PEPE: 0.012542 → 0.012539 (-0.026%)
2025-07-26 23:20:31 - __main__ - INFO - 📈 BNB: 797.160000 → 797.270000 (+0.014%)
2025-07-26 23:20:31 - __main__ - INFO - 📈 NEAR: 2.909000 → 2.906000 (-0.103%)
2025-07-26 23:20:31 - __main__ - INFO - 🔄 Ciclo #720: 8 ativos | 6 atualizações | 0 transições | 0.12s
2025-07-26 23:20:31 - __main__ - INFO - 📊 ESTATÍSTICAS HORÁRIAS:
2025-07-26 23:20:31 - __main__ - INFO -    ⏱️ Uptime: 6h 0m
2025-07-26 23:20:31 - __main__ - INFO -    🔄 Verificações: 720
2025-07-26 23:20:31 - __main__ - INFO -    📝 Atualizações: 2186
2025-07-26 23:20:31 - __main__ - INFO -    🔄 Transições: 12
2025-07-26 23:20:31 - __main__ - INFO -    🎯 Sinais ativos: 8
2025-07-26 23:20:31 - __main__ - INFO -    ✅ Preços atualizados: 2186
2025-07-26 23:20:31 - __main__ - INFO -    ❌ Falhas de preço: 0
2025-07-26 23:20:31 - __main__ - INFO -    🆕 Transições recentes: 2
2025-07-26 23:20:31 - __main__ - INFO -    📊 Símbolos com dados recentes: 10
2025-07-26 23:21:32 - __main__ - INFO - 📈 IMX: 0.596100 → 0.594500 (-0.268%)
2025-07-26 23:21:32 - __main__ - INFO - 📈 NEAR: 2.906000 → 2.909000 (+0.103%)
2025-07-26 23:21:32 - __main__ - INFO - 🔄 Ciclo #722: 8 ativos | 2 atualizações | 0 transições | 0.09s
2025-07-26 23:22:02 - __main__ - INFO - 📈 ENA: 0.626900 → 0.625700 (-0.191%)
2025-07-26 23:22:02 - __main__ - INFO - 📈 HYPE: 43.414000 → 43.449000 (+0.081%)
2025-07-26 23:22:02 - __main__ - INFO - 📈 PEPE: 0.012539 → 0.012542 (+0.027%)
2025-07-26 23:22:02 - __main__ - INFO - 📈 ETH: 3765.070000 → 3765.990000 (+0.024%)
2025-07-26 23:22:02 - __main__ - INFO - 📈 BTC: 118214.300000 → 118229.200000 (+0.013%)
2025-07-26 23:22:02 - __main__ - INFO - 🔄 Ciclo #723: 8 ativos | 5 atualizações | 0 transições | 0.13s
2025-07-26 23:22:32 - __main__ - INFO - 📈 IMX: 0.594500 → 0.598200 (+0.622%)
2025-07-26 23:22:32 - __main__ - INFO - 📈 ENA: 0.625700 → 0.625000 (-0.112%)
2025-07-26 23:22:32 - __main__ - INFO - 📈 HYPE: 43.449000 → 43.455000 (+0.014%)
2025-07-26 23:22:32 - __main__ - INFO - 📈 PEPE: 0.012542 → 0.012556 (+0.108%)
2025-07-26 23:22:32 - __main__ - INFO - 📈 BNB: 797.270000 → 797.360000 (+0.011%)
2025-07-26 23:22:32 - __main__ - INFO - 📈 NEAR: 2.909000 → 2.911000 (+0.069%)
2025-07-26 23:22:32 - __main__ - INFO - 📈 ETH: 3765.990000 → 3768.580000 (+0.069%)
2025-07-26 23:22:32 - __main__ - INFO - 🔄 Ciclo #724: 8 ativos | 7 atualizações | 0 transições | 0.12s
2025-07-26 23:23:32 - __main__ - INFO - 📈 IMX: 0.598200 → 0.600400 (+0.368%)
2025-07-26 23:23:32 - __main__ - INFO - 📈 PEPE: 0.012556 → 0.012553 (-0.027%)
2025-07-26 23:23:32 - __main__ - INFO - 🔄 Ciclo #726: 8 ativos | 2 atualizações | 0 transições | 0.06s
2025-07-26 23:24:02 - __main__ - INFO - 📈 ENA: 0.625000 → 0.625100 (+0.016%)
2025-07-26 23:24:02 - __main__ - INFO - 📈 BNB: 797.360000 → 797.250000 (-0.014%)
2025-07-26 23:24:02 - __main__ - INFO - 📈 NEAR: 2.911000 → 2.908000 (-0.103%)
2025-07-26 23:24:02 - __main__ - INFO - 📈 ETH: 3768.580000 → 3767.790000 (-0.021%)
2025-07-26 23:24:02 - __main__ - INFO - 🔄 Ciclo #727: 8 ativos | 4 atualizações | 0 transições | 0.08s
2025-07-26 23:24:32 - __main__ - INFO - 📈 IMX: 0.600400 → 0.597800 (-0.433%)
2025-07-26 23:24:32 - __main__ - INFO - 📈 ENA: 0.625100 → 0.626700 (+0.256%)
2025-07-26 23:24:32 - __main__ - INFO - 📈 HYPE: 43.455000 → 43.390000 (-0.150%)
2025-07-26 23:24:32 - __main__ - INFO - 📈 PEPE: 0.012553 → 0.012542 (-0.082%)
2025-07-26 23:24:32 - __main__ - INFO - 📈 BNB: 797.250000 → 796.960000 (-0.036%)
2025-07-26 23:24:32 - __main__ - INFO - 📈 NEAR: 2.908000 → 2.907000 (-0.034%)
2025-07-26 23:24:32 - __main__ - INFO - 📈 ETH: 3767.790000 → 3764.970000 (-0.075%)
2025-07-26 23:24:32 - __main__ - INFO - 📈 BTC: 118229.200000 → 118197.000000 (-0.027%)
2025-07-26 23:24:32 - __main__ - INFO - 🔄 Ciclo #728: 8 ativos | 8 atualizações | 0 transições | 0.12s
2025-07-26 23:26:02 - __main__ - INFO - 📈 IMX: 0.597800 → 0.598800 (+0.167%)
2025-07-26 23:26:02 - __main__ - INFO - 📈 ENA: 0.626700 → 0.625200 (-0.239%)
2025-07-26 23:26:02 - __main__ - INFO - 📈 HYPE: 43.390000 → 43.366000 (-0.055%)
2025-07-26 23:26:02 - __main__ - INFO - 📈 PEPE: 0.012542 → 0.012545 (+0.022%)
2025-07-26 23:26:02 - __main__ - INFO - 📈 BNB: 796.960000 → 796.550000 (-0.051%)
2025-07-26 23:26:02 - __main__ - INFO - 📈 NEAR: 2.907000 → 2.905000 (-0.069%)
2025-07-26 23:26:02 - __main__ - INFO - 📈 ETH: 3764.970000 → 3763.770000 (-0.032%)
2025-07-26 23:26:02 - __main__ - INFO - 📈 BTC: 118197.000000 → 118180.100000 (-0.014%)
2025-07-26 23:26:02 - __main__ - INFO - 🔄 Ciclo #731: 8 ativos | 8 atualizações | 0 transições | 0.17s
2025-07-26 23:26:32 - __main__ - INFO - 📈 IMX: 0.598800 → 0.600400 (+0.267%)
2025-07-26 23:26:33 - __main__ - INFO - 📈 ENA: 0.625200 → 0.623600 (-0.256%)
2025-07-26 23:26:33 - __main__ - INFO - 📈 HYPE: 43.366000 → 43.311000 (-0.127%)
2025-07-26 23:26:33 - __main__ - INFO - 📈 PEPE: 0.012545 → 0.012523 (-0.175%)
2025-07-26 23:26:33 - __main__ - INFO - 📈 BNB: 796.550000 → 796.010000 (-0.068%)
2025-07-26 23:26:33 - __main__ - INFO - 📈 NEAR: 2.905000 → 2.900000 (-0.172%)
2025-07-26 23:26:33 - __main__ - INFO - 📈 ETH: 3763.770000 → 3759.560000 (-0.112%)
2025-07-26 23:26:33 - __main__ - INFO - 📈 BTC: 118180.100000 → 118133.400000 (-0.040%)
2025-07-26 23:26:33 - __main__ - INFO - 🔄 Ciclo #732: 8 ativos | 8 atualizações | 0 transições | 0.16s
2025-07-26 23:27:33 - __main__ - INFO - 📈 IMX: 0.600400 → 0.607500 (+1.183%)
2025-07-26 23:27:33 - __main__ - INFO - 🎯 IMX: ACTIVE → TARGET_1_HIT | Preço: 0.607500 | Preço atingiu Target 1: 0.607478
2025-07-26 23:27:33 - __main__ - INFO - 🔄 Ciclo #734: 8 ativos | 1 atualizações | 1 transições | 0.06s
2025-07-26 23:28:03 - __main__ - INFO - 📈 ENA: 0.623600 → 0.623400 (-0.032%)
2025-07-26 23:28:03 - __main__ - INFO - 📈 HYPE: 43.311000 → 43.335000 (+0.055%)
2025-07-26 23:28:03 - __main__ - INFO - 📈 PEPE: 0.012523 → 0.012536 (+0.105%)
2025-07-26 23:28:03 - __main__ - INFO - 📈 NEAR: 2.900000 → 2.901000 (+0.034%)
2025-07-26 23:28:03 - __main__ - INFO - 📈 ETH: 3759.560000 → 3761.710000 (+0.057%)
2025-07-26 23:28:03 - __main__ - INFO - 📈 BTC: 118133.400000 → 118147.900000 (+0.012%)
2025-07-26 23:28:03 - __main__ - INFO - 🔄 Ciclo #735: 7 ativos | 6 atualizações | 0 transições | 0.09s
2025-07-26 23:28:33 - __main__ - INFO - 📈 ENA: 0.623400 → 0.623000 (-0.064%)
2025-07-26 23:28:33 - __main__ - INFO - 📈 PEPE: 0.012536 → 0.012538 (+0.014%)
2025-07-26 23:28:33 - __main__ - INFO - 📈 BNB: 796.010000 → 795.870000 (-0.018%)
2025-07-26 23:28:33 - __main__ - INFO - 📈 NEAR: 2.901000 → 2.903000 (+0.069%)
2025-07-26 23:28:33 - __main__ - INFO - 📈 ETH: 3761.710000 → 3762.380000 (+0.018%)
2025-07-26 23:28:33 - __main__ - INFO - 📈 BTC: 118147.900000 → 118131.600000 (-0.014%)
2025-07-26 23:28:33 - __main__ - INFO - 🔄 Ciclo #736: 7 ativos | 6 atualizações | 0 transições | 0.09s
2025-07-26 23:29:33 - __main__ - INFO - 📈 ETH: 3762.380000 → 3760.220000 (-0.057%)
2025-07-26 23:29:33 - __main__ - INFO - 📈 BTC: 118131.600000 → 118112.000000 (-0.017%)
2025-07-26 23:29:33 - __main__ - INFO - 🔄 Ciclo #738: 7 ativos | 2 atualizações | 0 transições | 0.07s
2025-07-26 23:30:03 - __main__ - INFO - 📈 ENA: 0.623000 → 0.621100 (-0.305%)
2025-07-26 23:30:03 - __main__ - INFO - 📈 HYPE: 43.335000 → 43.316000 (-0.044%)
2025-07-26 23:30:03 - __main__ - INFO - 📈 PEPE: 0.012538 → 0.012528 (-0.077%)
2025-07-26 23:30:03 - __main__ - INFO - 📈 BNB: 795.870000 → 795.710000 (-0.020%)
2025-07-26 23:30:03 - __main__ - INFO - 📈 NEAR: 2.903000 → 2.902000 (-0.034%)
2025-07-26 23:30:03 - __main__ - INFO - 🔄 Ciclo #739: 7 ativos | 5 atualizações | 0 transições | 0.08s
2025-07-26 23:30:33 - __main__ - INFO - 📈 BNB: 795.710000 → 795.450000 (-0.033%)
2025-07-26 23:30:33 - __main__ - INFO - 📈 ETH: 3760.220000 → 3761.000000 (+0.021%)
2025-07-26 23:30:33 - __main__ - INFO - 📈 BTC: 118112.000000 → 118124.400000 (+0.010%)
2025-07-26 23:30:33 - __main__ - INFO - 🔄 Ciclo #740: 7 ativos | 3 atualizações | 0 transições | 0.14s
2025-07-26 23:32:04 - __main__ - INFO - 📈 ENA: 0.621100 → 0.620500 (-0.097%)
2025-07-26 23:32:04 - __main__ - INFO - 📈 HYPE: 43.316000 → 43.304000 (-0.028%)
2025-07-26 23:32:04 - __main__ - INFO - 📈 PEPE: 0.012528 → 0.012526 (-0.014%)
2025-07-26 23:32:04 - __main__ - INFO - 📈 BNB: 795.450000 → 795.800000 (+0.044%)
2025-07-26 23:32:04 - __main__ - INFO - 🔄 Ciclo #743: 7 ativos | 4 atualizações | 0 transições | 0.14s
2025-07-26 23:32:34 - __main__ - INFO - 📈 ENA: 0.620500 → 0.621800 (+0.210%)
2025-07-26 23:32:34 - __main__ - INFO - 📈 HYPE: 43.304000 → 43.316000 (+0.028%)
2025-07-26 23:32:34 - __main__ - INFO - 📈 PEPE: 0.012526 → 0.012534 (+0.061%)
2025-07-26 23:32:34 - __main__ - INFO - 📈 BNB: 795.800000 → 796.040000 (+0.030%)
2025-07-26 23:32:34 - __main__ - INFO - 📈 NEAR: 2.902000 → 2.904000 (+0.069%)
2025-07-26 23:32:34 - __main__ - INFO - 📈 ETH: 3761.000000 → 3764.230000 (+0.086%)
2025-07-26 23:32:34 - __main__ - INFO - 📈 BTC: 118124.400000 → 118141.000000 (+0.014%)
2025-07-26 23:32:34 - __main__ - INFO - 🔄 Ciclo #744: 7 ativos | 7 atualizações | 0 transições | 0.11s
2025-07-26 23:33:04 - __main__ - INFO - 📈 NEAR: 2.904000 → 2.908000 (+0.138%)
2025-07-26 23:33:04 - __main__ - INFO - 🔄 Ciclo #745: 7 ativos | 1 atualizações | 0 transições | 0.05s
2025-07-26 23:34:04 - __main__ - INFO - 📈 ENA: 0.621800 → 0.622000 (+0.032%)
2025-07-26 23:34:04 - __main__ - INFO - 📈 HYPE: 43.316000 → 43.366000 (+0.115%)
2025-07-26 23:34:04 - __main__ - INFO - 📈 PEPE: 0.012534 → 0.012550 (+0.126%)
2025-07-26 23:34:04 - __main__ - INFO - 📈 BNB: 796.040000 → 796.270000 (+0.029%)
2025-07-26 23:34:04 - __main__ - INFO - 📈 ETH: 3764.230000 → 3767.330000 (+0.082%)
2025-07-26 23:34:04 - __main__ - INFO - 📈 BTC: 118141.000000 → 118159.300000 (+0.015%)
2025-07-26 23:34:04 - __main__ - INFO - 🔄 Ciclo #747: 7 ativos | 6 atualizações | 0 transições | 0.09s
2025-07-26 23:34:34 - __main__ - INFO - 📈 ENA: 0.622000 → 0.621900 (-0.016%)
2025-07-26 23:34:34 - __main__ - INFO - 📈 HYPE: 43.366000 → 43.336000 (-0.069%)
2025-07-26 23:34:34 - __main__ - INFO - 📈 PEPE: 0.012550 → 0.012547 (-0.019%)
2025-07-26 23:34:34 - __main__ - INFO - 📈 BNB: 796.270000 → 795.910000 (-0.045%)
2025-07-26 23:34:34 - __main__ - INFO - 📈 NEAR: 2.908000 → 2.905000 (-0.103%)
2025-07-26 23:34:34 - __main__ - INFO - 📈 ETH: 3767.330000 → 3764.980000 (-0.062%)
2025-07-26 23:34:34 - __main__ - INFO - 🔄 Ciclo #748: 7 ativos | 6 atualizações | 0 transições | 0.10s
2025-07-26 23:35:34 - __main__ - INFO - 📈 BNB: 795.910000 → 795.560000 (-0.044%)
2025-07-26 23:35:34 - __main__ - INFO - 📈 ETH: 3764.980000 → 3764.410000 (-0.015%)
2025-07-26 23:35:34 - __main__ - INFO - 🔄 Ciclo #750: 7 ativos | 2 atualizações | 0 transições | 0.07s
2025-07-26 23:36:04 - __main__ - INFO - 📈 HYPE: 43.336000 → 43.342000 (+0.014%)
2025-07-26 23:36:04 - __main__ - INFO - 🔄 Ciclo #751: 7 ativos | 1 atualizações | 0 transições | 0.08s
2025-07-26 23:36:34 - __main__ - INFO - 📈 ENA: 0.621900 → 0.622900 (+0.161%)
2025-07-26 23:36:34 - __main__ - INFO - 📈 PEPE: 0.012547 → 0.012552 (+0.037%)
2025-07-26 23:36:34 - __main__ - INFO - 📈 NEAR: 2.905000 → 2.908000 (+0.103%)
2025-07-26 23:36:34 - __main__ - INFO - 📈 ETH: 3764.410000 → 3765.440000 (+0.027%)
2025-07-26 23:36:34 - __main__ - INFO - 🔄 Ciclo #752: 7 ativos | 4 atualizações | 0 transições | 0.09s
2025-07-26 23:37:35 - __main__ - INFO - 📈 ETH: 3765.440000 → 3767.740000 (+0.061%)
2025-07-26 23:37:35 - __main__ - INFO - 📈 BTC: 118159.300000 → 118174.000000 (+0.012%)
2025-07-26 23:37:35 - __main__ - INFO - 🔄 Ciclo #754: 7 ativos | 2 atualizações | 0 transições | 0.06s
2025-07-26 23:38:05 - __main__ - INFO - 📈 ENA: 0.622900 → 0.622300 (-0.096%)
2025-07-26 23:38:05 - __main__ - INFO - 📈 HYPE: 43.342000 → 43.373000 (+0.072%)
2025-07-26 23:38:05 - __main__ - INFO - 📈 PEPE: 0.012552 → 0.012563 (+0.086%)
2025-07-26 23:38:05 - __main__ - INFO - 📈 BNB: 795.560000 → 795.720000 (+0.020%)
2025-07-26 23:38:05 - __main__ - INFO - 📈 NEAR: 2.908000 → 2.910000 (+0.069%)
2025-07-26 23:38:05 - __main__ - INFO - 🔄 Ciclo #755: 7 ativos | 5 atualizações | 0 transições | 0.08s
2025-07-26 23:38:35 - __main__ - INFO - 📈 ENA: 0.622300 → 0.622500 (+0.032%)
2025-07-26 23:38:35 - __main__ - INFO - 📈 PEPE: 0.012563 → 0.012569 (+0.051%)
2025-07-26 23:38:35 - __main__ - INFO - 📈 BNB: 795.720000 → 795.880000 (+0.020%)
2025-07-26 23:38:35 - __main__ - INFO - 📈 NEAR: 2.910000 → 2.913000 (+0.103%)
2025-07-26 23:38:35 - __main__ - INFO - 📈 ETH: 3767.740000 → 3768.940000 (+0.032%)
2025-07-26 23:38:35 - __main__ - INFO - 📈 BTC: 118174.000000 → 118188.600000 (+0.012%)
2025-07-26 23:38:35 - __main__ - INFO - 🔄 Ciclo #756: 7 ativos | 6 atualizações | 0 transições | 0.10s
2025-07-26 23:39:35 - __main__ - INFO - 📈 ENA: 0.622500 → 0.623100 (+0.096%)
2025-07-26 23:39:35 - __main__ - INFO - 📈 HYPE: 43.373000 → 43.398000 (+0.058%)
2025-07-26 23:39:35 - __main__ - INFO - 📈 BNB: 795.880000 → 795.610000 (-0.034%)
2025-07-26 23:39:35 - __main__ - INFO - 📈 ETH: 3768.940000 → 3770.290000 (+0.036%)
2025-07-26 23:39:35 - __main__ - INFO - 🔄 Ciclo #758: 7 ativos | 4 atualizações | 0 transições | 0.10s
2025-07-26 23:40:05 - __main__ - INFO - 📈 PEPE: 0.012569 → 0.012573 (+0.025%)
2025-07-26 23:40:05 - __main__ - INFO - 📈 NEAR: 2.913000 → 2.914000 (+0.034%)
2025-07-26 23:40:05 - __main__ - INFO - 🔄 Ciclo #759: 7 ativos | 2 atualizações | 0 transições | 0.06s
2025-07-26 23:40:35 - __main__ - INFO - 📈 ENA: 0.623100 → 0.622400 (-0.112%)
2025-07-26 23:40:35 - __main__ - INFO - 📈 HYPE: 43.398000 → 43.382000 (-0.037%)
2025-07-26 23:40:35 - __main__ - INFO - 📈 NEAR: 2.914000 → 2.913000 (-0.034%)
2025-07-26 23:40:35 - __main__ - INFO - 📈 ETH: 3770.290000 → 3769.730000 (-0.015%)
2025-07-26 23:40:35 - __main__ - INFO - 🔄 Ciclo #760: 7 ativos | 4 atualizações | 0 transições | 0.09s
2025-07-26 23:41:35 - __main__ - INFO - 📈 ENA: 0.622400 → 0.622700 (+0.048%)
2025-07-26 23:41:35 - __main__ - INFO - 📈 HYPE: 43.382000 → 43.360000 (-0.051%)
2025-07-26 23:41:35 - __main__ - INFO - 📈 BNB: 795.610000 → 795.770000 (+0.020%)
2025-07-26 23:41:35 - __main__ - INFO - 📈 ETH: 3769.730000 → 3770.400000 (+0.018%)
2025-07-26 23:41:35 - __main__ - INFO - 🔄 Ciclo #762: 7 ativos | 4 atualizações | 0 transições | 0.09s
2025-07-26 23:42:05 - __main__ - INFO - 📈 PEPE: 0.012573 → 0.012575 (+0.017%)
2025-07-26 23:42:05 - __main__ - INFO - 📈 NEAR: 2.913000 → 2.914000 (+0.034%)
2025-07-26 23:42:05 - __main__ - INFO - 🔄 Ciclo #763: 7 ativos | 2 atualizações | 0 transições | 0.06s
2025-07-26 23:42:35 - __main__ - INFO - 📈 HYPE: 43.360000 → 43.366000 (+0.014%)
2025-07-26 23:42:35 - __main__ - INFO - 📈 PEPE: 0.012575 → 0.012584 (+0.076%)
2025-07-26 23:42:35 - __main__ - INFO - 📈 BNB: 795.770000 → 795.910000 (+0.018%)
2025-07-26 23:42:35 - __main__ - INFO - 📈 NEAR: 2.914000 → 2.915000 (+0.034%)
2025-07-26 23:42:35 - __main__ - INFO - 📈 ETH: 3770.400000 → 3769.840000 (-0.015%)
2025-07-26 23:42:35 - __main__ - INFO - 🔄 Ciclo #764: 7 ativos | 5 atualizações | 0 transições | 0.11s
2025-07-26 23:43:35 - __main__ - INFO - 📈 ENA: 0.622700 → 0.621700 (-0.161%)
2025-07-26 23:43:35 - __main__ - INFO - 📈 HYPE: 43.366000 → 43.357000 (-0.021%)
2025-07-26 23:43:35 - __main__ - INFO - 📈 PEPE: 0.012584 → 0.012576 (-0.065%)
2025-07-26 23:43:35 - __main__ - INFO - 📈 BNB: 795.910000 → 795.760000 (-0.019%)
2025-07-26 23:43:35 - __main__ - INFO - 📈 NEAR: 2.915000 → 2.912000 (-0.103%)
2025-07-26 23:43:35 - __main__ - INFO - 📈 ETH: 3769.840000 → 3768.200000 (-0.044%)
2025-07-26 23:43:35 - __main__ - INFO - 🔄 Ciclo #766: 7 ativos | 6 atualizações | 0 transições | 0.11s
2025-07-26 23:44:36 - __main__ - INFO - 📈 ENA: 0.621700 → 0.622000 (+0.048%)
2025-07-26 23:44:36 - __main__ - INFO - 📈 HYPE: 43.357000 → 43.380000 (+0.053%)
2025-07-26 23:44:36 - __main__ - INFO - 📈 PEPE: 0.012576 → 0.012583 (+0.057%)
2025-07-26 23:44:36 - __main__ - INFO - 📈 NEAR: 2.912000 → 2.913000 (+0.034%)
2025-07-26 23:44:36 - __main__ - INFO - 📈 ETH: 3768.200000 → 3769.080000 (+0.023%)
2025-07-26 23:44:36 - __main__ - INFO - 📈 BTC: 118188.600000 → 118171.300000 (-0.015%)
2025-07-26 23:44:36 - __main__ - INFO - 🔄 Ciclo #768: 7 ativos | 6 atualizações | 0 transições | 0.10s
2025-07-26 23:45:36 - __main__ - INFO - 📈 HYPE: 43.380000 → 43.398000 (+0.041%)
2025-07-26 23:45:36 - __main__ - INFO - 📈 PEPE: 0.012583 → 0.012581 (-0.021%)
2025-07-26 23:45:36 - __main__ - INFO - 📈 BNB: 795.760000 → 795.490000 (-0.034%)
2025-07-26 23:45:36 - __main__ - INFO - 📈 NEAR: 2.913000 → 2.912000 (-0.034%)
2025-07-26 23:45:36 - __main__ - INFO - 🔄 Ciclo #770: 7 ativos | 4 atualizações | 0 transições | 0.11s
2025-07-26 23:46:36 - __main__ - INFO - 📈 ENA: 0.622000 → 0.619400 (-0.418%)
2025-07-26 23:46:36 - __main__ - INFO - 📈 HYPE: 43.398000 → 43.392000 (-0.014%)
2025-07-26 23:46:36 - __main__ - INFO - 📈 PEPE: 0.012581 → 0.012569 (-0.090%)
2025-07-26 23:46:36 - __main__ - INFO - 📈 NEAR: 2.912000 → 2.911000 (-0.034%)
2025-07-26 23:46:36 - __main__ - INFO - 📈 BTC: 118171.300000 → 118140.200000 (-0.026%)
2025-07-26 23:46:36 - __main__ - INFO - 🔄 Ciclo #772: 7 ativos | 5 atualizações | 0 transições | 0.19s
2025-07-26 23:47:36 - __main__ - INFO - 📈 ENA: 0.619400 → 0.618300 (-0.178%)
2025-07-26 23:47:36 - __main__ - INFO - 📈 HYPE: 43.392000 → 43.386000 (-0.014%)
2025-07-26 23:47:36 - __main__ - INFO - 📈 BNB: 795.490000 → 795.280000 (-0.026%)
2025-07-26 23:47:36 - __main__ - INFO - 📈 ETH: 3769.080000 → 3769.770000 (+0.018%)
2025-07-26 23:47:36 - __main__ - INFO - 🔄 Ciclo #774: 7 ativos | 4 atualizações | 0 transições | 0.11s
2025-07-26 23:48:36 - __main__ - INFO - 📈 ENA: 0.618300 → 0.617600 (-0.113%)
2025-07-26 23:48:36 - __main__ - INFO - 📈 HYPE: 43.386000 → 43.394000 (+0.018%)
2025-07-26 23:48:36 - __main__ - INFO - 📈 PEPE: 0.012569 → 0.012551 (-0.147%)
2025-07-26 23:48:36 - __main__ - INFO - 📈 BNB: 795.280000 → 794.640000 (-0.080%)
2025-07-26 23:48:36 - __main__ - INFO - 📈 NEAR: 2.911000 → 2.907000 (-0.137%)
2025-07-26 23:48:36 - __main__ - INFO - 📈 ETH: 3769.770000 → 3765.220000 (-0.121%)
2025-07-26 23:48:36 - __main__ - INFO - 📈 BTC: 118140.200000 → 118111.000000 (-0.025%)
2025-07-26 23:48:36 - __main__ - INFO - 🔄 Ciclo #776: 7 ativos | 7 atualizações | 0 transições | 0.11s
2025-07-26 23:49:37 - __main__ - INFO - 📈 ENA: 0.617600 → 0.617300 (-0.049%)
2025-07-26 23:49:37 - __main__ - INFO - 📈 HYPE: 43.394000 → 43.410000 (+0.037%)
2025-07-26 23:49:37 - __main__ - INFO - 📈 PEPE: 0.012551 → 0.012557 (+0.047%)
2025-07-26 23:49:37 - __main__ - INFO - 📈 BNB: 794.640000 → 794.720000 (+0.010%)
2025-07-26 23:49:37 - __main__ - INFO - 📈 NEAR: 2.907000 → 2.909000 (+0.069%)
2025-07-26 23:49:37 - __main__ - INFO - 📈 ETH: 3765.220000 → 3766.810000 (+0.042%)
2025-07-26 23:49:37 - __main__ - INFO - 🔄 Ciclo #778: 7 ativos | 6 atualizações | 0 transições | 0.09s
2025-07-26 23:50:07 - __main__ - INFO - 📈 BTC: 118111.000000 → 118140.100000 (+0.025%)
2025-07-26 23:50:07 - __main__ - INFO - 🔄 Ciclo #779: 7 ativos | 1 atualizações | 0 transições | 0.05s
2025-07-26 23:50:37 - __main__ - INFO - 📈 HYPE: 43.410000 → 43.440000 (+0.069%)
2025-07-26 23:50:37 - __main__ - INFO - 📈 PEPE: 0.012557 → 0.012562 (+0.038%)
2025-07-26 23:50:37 - __main__ - INFO - 📈 BNB: 794.720000 → 794.480000 (-0.030%)
2025-07-26 23:50:37 - __main__ - INFO - 📈 NEAR: 2.909000 → 2.908000 (-0.034%)
2025-07-26 23:50:37 - __main__ - INFO - 🔄 Ciclo #780: 7 ativos | 4 atualizações | 0 transições | 0.10s
2025-07-26 23:50:37 - __main__ - INFO - 📊 ESTATÍSTICAS HORÁRIAS:
2025-07-26 23:50:37 - __main__ - INFO -    ⏱️ Uptime: 6h 30m
2025-07-26 23:50:37 - __main__ - INFO -    🔄 Verificações: 780
2025-07-26 23:50:37 - __main__ - INFO -    📝 Atualizações: 2361
2025-07-26 23:50:37 - __main__ - INFO -    🔄 Transições: 13
2025-07-26 23:50:37 - __main__ - INFO -    🎯 Sinais ativos: 7
2025-07-26 23:50:37 - __main__ - INFO -    ✅ Preços atualizados: 2361
2025-07-26 23:50:37 - __main__ - INFO -    ❌ Falhas de preço: 0
2025-07-26 23:50:37 - __main__ - INFO -    🆕 Transições recentes: 3
2025-07-26 23:50:37 - __main__ - INFO -    📊 Símbolos com dados recentes: 10
2025-07-26 23:51:37 - __main__ - INFO - 📈 ENA: 0.617300 → 0.617200 (-0.016%)
2025-07-26 23:51:37 - __main__ - INFO - 📈 HYPE: 43.440000 → 43.396000 (-0.101%)
2025-07-26 23:51:37 - __main__ - INFO - 📈 PEPE: 0.012562 → 0.012565 (+0.029%)
2025-07-26 23:51:37 - __main__ - INFO - 📈 NEAR: 2.908000 → 2.910000 (+0.069%)
2025-07-26 23:51:37 - __main__ - INFO - 🔄 Ciclo #782: 7 ativos | 4 atualizações | 0 transições | 0.11s
2025-07-26 23:52:07 - __main__ - INFO - 📈 BTC: 118140.100000 → 118154.200000 (+0.012%)
2025-07-26 23:52:07 - __main__ - INFO - 🔄 Ciclo #783: 7 ativos | 1 atualizações | 0 transições | 0.05s
2025-07-26 23:52:37 - __main__ - INFO - 📈 ENA: 0.617200 → 0.618100 (+0.146%)
2025-07-26 23:52:37 - __main__ - INFO - 📈 HYPE: 43.396000 → 43.443000 (+0.108%)
2025-07-26 23:52:37 - __main__ - INFO - 📈 PEPE: 0.012565 → 0.012574 (+0.073%)
2025-07-26 23:52:37 - __main__ - INFO - 📈 BNB: 794.480000 → 794.790000 (+0.039%)
2025-07-26 23:52:37 - __main__ - INFO - 📈 NEAR: 2.910000 → 2.911000 (+0.034%)
2025-07-26 23:52:37 - __main__ - INFO - 📈 ETH: 3766.810000 → 3769.290000 (+0.066%)
2025-07-26 23:52:37 - __main__ - INFO - 🔄 Ciclo #784: 7 ativos | 6 atualizações | 0 transições | 0.11s
2025-07-26 23:53:37 - __main__ - INFO - 📈 ENA: 0.618100 → 0.618500 (+0.065%)
2025-07-26 23:53:37 - __main__ - INFO - 📈 HYPE: 43.443000 → 43.460000 (+0.039%)
2025-07-26 23:53:37 - __main__ - INFO - 📈 PEPE: 0.012574 → 0.012590 (+0.122%)
2025-07-26 23:53:37 - __main__ - INFO - 📈 BNB: 794.790000 → 795.050000 (+0.033%)
2025-07-26 23:53:37 - __main__ - INFO - 📈 NEAR: 2.911000 → 2.912000 (+0.034%)
2025-07-26 23:53:37 - __main__ - INFO - 📈 ETH: 3769.290000 → 3769.980000 (+0.018%)
2025-07-26 23:53:37 - __main__ - INFO - 📈 BTC: 118154.200000 → 118196.400000 (+0.036%)
2025-07-26 23:53:37 - __main__ - INFO - 🔄 Ciclo #786: 7 ativos | 7 atualizações | 0 transições | 0.11s
2025-07-26 23:54:07 - __main__ - INFO - 📈 BNB: 795.050000 → 796.140000 (+0.137%)
2025-07-26 23:54:07 - __main__ - INFO - 📈 ETH: 3769.980000 → 3784.340000 (+0.381%)
2025-07-26 23:54:07 - __main__ - INFO - 📈 BTC: 118196.400000 → 118297.500000 (+0.086%)
2025-07-26 23:54:07 - __main__ - INFO - 🔄 Ciclo #787: 7 ativos | 3 atualizações | 0 transições | 0.09s
2025-07-26 23:54:37 - __main__ - INFO - 📈 ENA: 0.618500 → 0.620100 (+0.259%)
2025-07-26 23:54:37 - __main__ - INFO - 📈 HYPE: 43.460000 → 43.508000 (+0.110%)
2025-07-26 23:54:37 - __main__ - INFO - 📈 PEPE: 0.012590 → 0.012644 (+0.434%)
2025-07-26 23:54:37 - __main__ - INFO - 📈 NEAR: 2.912000 → 2.926000 (+0.481%)
2025-07-26 23:54:37 - __main__ - INFO - 🔄 Ciclo #788: 7 ativos | 4 atualizações | 0 transições | 0.08s
2025-07-26 23:55:38 - __main__ - INFO - 📈 ENA: 0.620100 → 0.619800 (-0.048%)
2025-07-26 23:55:38 - __main__ - INFO - 📈 HYPE: 43.508000 → 43.520000 (+0.028%)
2025-07-26 23:55:38 - __main__ - INFO - 📈 PEPE: 0.012644 → 0.012651 (+0.055%)
2025-07-26 23:55:38 - __main__ - INFO - 📈 BNB: 796.140000 → 795.820000 (-0.040%)
2025-07-26 23:55:38 - __main__ - INFO - 📈 NEAR: 2.926000 → 2.927000 (+0.034%)
2025-07-26 23:55:38 - __main__ - INFO - 📈 ETH: 3784.340000 → 3781.980000 (-0.062%)
2025-07-26 23:55:38 - __main__ - INFO - 🔄 Ciclo #790: 7 ativos | 6 atualizações | 0 transições | 0.07s
2025-07-26 23:56:08 - __main__ - INFO - 📈 ENA: 0.619800 → 0.618600 (-0.194%)
2025-07-26 23:56:08 - __main__ - INFO - 📈 HYPE: 43.520000 → 43.470000 (-0.115%)
2025-07-26 23:56:08 - __main__ - INFO - 📈 BNB: 795.820000 → 795.450000 (-0.046%)
2025-07-26 23:56:08 - __main__ - INFO - 📈 BTC: 118297.500000 → 118285.200000 (-0.010%)
2025-07-26 23:56:08 - __main__ - INFO - 🔄 Ciclo #791: 7 ativos | 4 atualizações | 0 transições | 0.13s
2025-07-26 23:56:38 - __main__ - INFO - 📈 PEPE: 0.012651 → 0.012634 (-0.134%)
2025-07-26 23:56:38 - __main__ - INFO - 📈 NEAR: 2.927000 → 2.921000 (-0.205%)
2025-07-26 23:56:38 - __main__ - INFO - 🔄 Ciclo #792: 7 ativos | 2 atualizações | 0 transições | 0.10s
2025-07-26 23:57:08 - __main__ - INFO - 📈 ETH: 3781.980000 → 3778.560000 (-0.090%)
2025-07-26 23:57:08 - __main__ - INFO - 🔄 Ciclo #793: 7 ativos | 1 atualizações | 0 transições | 0.06s
2025-07-26 23:57:38 - __main__ - INFO - 📈 ENA: 0.618600 → 0.620200 (+0.259%)
2025-07-26 23:57:38 - __main__ - INFO - 📈 HYPE: 43.470000 → 43.498000 (+0.064%)
2025-07-26 23:57:38 - __main__ - INFO - 📈 PEPE: 0.012634 → 0.012649 (+0.116%)
2025-07-26 23:57:38 - __main__ - INFO - 📈 BNB: 795.450000 → 795.620000 (+0.021%)
2025-07-26 23:57:38 - __main__ - INFO - 📈 NEAR: 2.921000 → 2.922000 (+0.034%)
2025-07-26 23:57:38 - __main__ - INFO - 📈 ETH: 3778.560000 → 3785.500000 (+0.184%)
2025-07-26 23:57:38 - __main__ - INFO - 📈 BTC: 118285.200000 → 118314.500000 (+0.025%)
2025-07-26 23:57:38 - __main__ - INFO - 🔄 Ciclo #794: 7 ativos | 7 atualizações | 0 transições | 0.11s
2025-07-26 23:58:08 - __main__ - INFO - 📈 ENA: 0.620200 → 0.619800 (-0.064%)
2025-07-26 23:58:08 - __main__ - INFO - 📈 HYPE: 43.498000 → 43.493000 (-0.011%)
2025-07-26 23:58:08 - __main__ - INFO - 📈 BNB: 795.620000 → 795.420000 (-0.025%)
2025-07-26 23:58:08 - __main__ - INFO - 📈 ETH: 3785.500000 → 3783.760000 (-0.046%)
2025-07-26 23:58:08 - __main__ - INFO - 📈 BTC: 118314.500000 → 118277.400000 (-0.031%)
2025-07-26 23:58:08 - __main__ - INFO - 🔄 Ciclo #795: 7 ativos | 5 atualizações | 0 transições | 0.09s
2025-07-26 23:58:38 - __main__ - INFO - 📈 PEPE: 0.012649 → 0.012643 (-0.047%)
2025-07-26 23:58:38 - __main__ - INFO - 🔄 Ciclo #796: 7 ativos | 1 atualizações | 0 transições | 0.04s
2025-07-26 23:59:38 - __main__ - INFO - 📈 ENA: 0.619800 → 0.620200 (+0.065%)
2025-07-26 23:59:38 - __main__ - INFO - 📈 HYPE: 43.493000 → 43.498000 (+0.011%)
2025-07-26 23:59:38 - __main__ - INFO - 📈 PEPE: 0.012643 → 0.012639 (-0.037%)
2025-07-26 23:59:38 - __main__ - INFO - 📈 BNB: 795.420000 → 795.200000 (-0.028%)
2025-07-26 23:59:38 - __main__ - INFO - 📈 NEAR: 2.922000 → 2.920000 (-0.068%)
2025-07-26 23:59:38 - __main__ - INFO - 📈 ETH: 3783.760000 → 3781.450000 (-0.061%)
2025-07-26 23:59:38 - __main__ - INFO - 🔄 Ciclo #798: 7 ativos | 6 atualizações | 0 transições | 0.10s
2025-07-27 00:00:08 - __main__ - INFO - 📈 PEPE: 0.012639 → 0.012642 (+0.031%)
2025-07-27 00:00:08 - __main__ - INFO - 📈 BNB: 795.200000 → 795.300000 (+0.013%)
2025-07-27 00:00:08 - __main__ - INFO - 🔄 Ciclo #799: 7 ativos | 2 atualizações | 0 transições | 0.07s
2025-07-27 00:01:08 - __main__ - INFO - 📈 HYPE: 43.498000 → 43.528000 (+0.069%)
2025-07-27 00:01:09 - __main__ - INFO - 📈 ETH: 3781.450000 → 3783.700000 (+0.060%)
2025-07-27 00:01:09 - __main__ - INFO - 📈 BTC: 118277.400000 → 118302.800000 (+0.021%)
2025-07-27 00:01:09 - __main__ - INFO - 🔄 Ciclo #801: 7 ativos | 3 atualizações | 0 transições | 0.14s
2025-07-27 00:01:39 - __main__ - INFO - 📈 ENA: 0.620200 → 0.622700 (+0.403%)
2025-07-27 00:01:39 - __main__ - INFO - 📈 HYPE: 43.528000 → 43.512000 (-0.037%)
2025-07-27 00:01:39 - __main__ - INFO - 📈 BNB: 795.300000 → 796.010000 (+0.089%)
2025-07-27 00:01:39 - __main__ - INFO - 📈 NEAR: 2.920000 → 2.923000 (+0.103%)
2025-07-27 00:01:39 - __main__ - INFO - 📈 ETH: 3783.700000 → 3782.390000 (-0.035%)
2025-07-27 00:01:39 - __main__ - INFO - 🔄 Ciclo #802: 7 ativos | 5 atualizações | 0 transições | 0.12s
2025-07-27 00:02:09 - __main__ - INFO - 📈 BNB: 796.010000 → 796.260000 (+0.031%)
2025-07-27 00:02:09 - __main__ - INFO - 📈 ETH: 3782.390000 → 3780.380000 (-0.053%)
2025-07-27 00:02:09 - __main__ - INFO - 🔄 Ciclo #803: 7 ativos | 2 atualizações | 0 transições | 0.07s
2025-07-27 00:02:39 - __main__ - INFO - 📈 ENA: 0.622700 → 0.623200 (+0.080%)
2025-07-27 00:02:39 - __main__ - INFO - 📈 HYPE: 43.512000 → 43.526000 (+0.032%)
2025-07-27 00:02:39 - __main__ - INFO - 📈 PEPE: 0.012642 → 0.012645 (+0.020%)
2025-07-27 00:02:39 - __main__ - INFO - 📈 NEAR: 2.923000 → 2.926000 (+0.103%)
2025-07-27 00:02:39 - __main__ - INFO - 🔄 Ciclo #804: 7 ativos | 4 atualizações | 0 transições | 0.09s
2025-07-27 00:03:39 - __main__ - INFO - 📈 ENA: 0.623200 → 0.620700 (-0.401%)
2025-07-27 00:03:39 - __main__ - INFO - 📈 PEPE: 0.012645 → 0.012656 (+0.085%)
2025-07-27 00:03:39 - __main__ - INFO - 📈 BNB: 796.260000 → 796.920000 (+0.083%)
2025-07-27 00:03:39 - __main__ - INFO - 📈 ETH: 3780.380000 → 3782.100000 (+0.045%)
2025-07-27 00:03:39 - __main__ - INFO - 🔄 Ciclo #806: 7 ativos | 4 atualizações | 0 transições | 0.07s
2025-07-27 00:04:09 - __main__ - INFO - 📈 ENA: 0.620700 → 0.620400 (-0.048%)
2025-07-27 00:04:09 - __main__ - INFO - 📈 BNB: 796.920000 → 796.800000 (-0.015%)
2025-07-27 00:04:09 - __main__ - INFO - 📈 ETH: 3782.100000 → 3784.230000 (+0.056%)
2025-07-27 00:04:09 - __main__ - INFO - 🔄 Ciclo #807: 7 ativos | 3 atualizações | 0 transições | 0.08s
2025-07-27 00:04:39 - __main__ - INFO - 📈 HYPE: 43.526000 → 43.542000 (+0.037%)
2025-07-27 00:04:39 - __main__ - INFO - 📈 PEPE: 0.012656 → 0.012674 (+0.141%)
2025-07-27 00:04:39 - __main__ - INFO - 📈 NEAR: 2.926000 → 2.927000 (+0.034%)
2025-07-27 00:04:39 - __main__ - INFO - 🔄 Ciclo #808: 7 ativos | 3 atualizações | 0 transições | 0.06s
2025-07-27 00:05:39 - __main__ - INFO - 📈 ENA: 0.620400 → 0.622700 (+0.371%)
2025-07-27 00:05:39 - __main__ - INFO - 📈 HYPE: 43.542000 → 43.517000 (-0.057%)
2025-07-27 00:05:39 - __main__ - INFO - 📈 BNB: 796.800000 → 796.500000 (-0.038%)
2025-07-27 00:05:39 - __main__ - INFO - 📈 ETH: 3784.230000 → 3780.870000 (-0.089%)
2025-07-27 00:05:39 - __main__ - INFO - 🔄 Ciclo #810: 7 ativos | 4 atualizações | 0 transições | 0.15s
2025-07-27 00:06:09 - __main__ - INFO - 📈 PEPE: 0.012674 → 0.012663 (-0.082%)
2025-07-27 00:06:09 - __main__ - INFO - 📈 NEAR: 2.927000 → 2.924000 (-0.102%)
2025-07-27 00:06:09 - __main__ - INFO - 🔄 Ciclo #811: 7 ativos | 2 atualizações | 0 transições | 0.07s
2025-07-27 00:06:39 - __main__ - INFO - 🛑 Loop de monitoramento finalizado
2025-07-27 00:06:39 - __main__ - INFO - 🛑 MONITOR CORRIGIDO PARADO
2025-07-27 00:06:39 - __main__ - INFO - ⏱️ Tempo ativo: 6h 46m
2025-07-27 00:06:39 - __main__ - INFO - 📊 Estatísticas finais:
2025-07-27 00:06:39 - __main__ - INFO -    Verificações: 811
2025-07-27 00:06:39 - __main__ - INFO -    Atualizações: 2450
2025-07-27 00:06:39 - __main__ - INFO -    Transições: 13
2025-07-27 00:06:39 - __main__ - INFO -    Preços atualizados: 2450
2025-07-27 00:06:39 - __main__ - INFO -    Falhas de preço: 0
2025-07-27 00:09:49 - __main__ - INFO - 🔄 Monitor com SQLs CORRIGIDOS inicializado (intervalo: 30s)
2025-07-27 00:09:49 - __main__ - INFO - 📊 Stream DB: C:\Users\mzmvy\Documents\python\trading_system\data\crypto_stream.db
2025-07-27 00:09:49 - __main__ - INFO - 📊 Signals DB: C:\Users\mzmvy\Documents\python\trading_system\data\trading_analyzer_v2.db
2025-07-27 00:09:49 - __main__ - INFO - 📊 Stream DB: 29455 registros kline
2025-07-27 00:09:49 - __main__ - INFO - 📊 Símbolos disponíveis: 10 -> ['BNB', 'BTC', 'ENA', 'ETH', 'HYPE', 'IMX', 'NEAR', 'PEPE', 'SOL', 'SUI']
2025-07-27 00:09:49 - __main__ - INFO - 📊 Símbolos com dados recentes: 10
2025-07-27 00:09:49 - __main__ - INFO - 📊 Signals DB: 0 sinais total, 0 ativos
2025-07-27 00:09:49 - __main__ - INFO - 🔄 Loop de monitoramento iniciado
2025-07-27 00:09:49 - __main__ - INFO - 🚀 MONITOR CORRIGIDO INICIADO
2025-07-27 00:09:49 - __main__ - INFO - ⏱️ Intervalo: 30s
2025-07-27 00:09:49 - __main__ - INFO - 🎯 Usando CLOSE_PRICE da tabela kline_microstructure_1m
2025-07-27 00:11:49 - __main__ - INFO - 📈 PEPE: 0.012584 → 0.012588 (+0.033%)
2025-07-27 00:11:49 - __main__ - INFO - 📈 NEAR: 2.907000 → 2.908000 (+0.034%)
2025-07-27 00:11:49 - __main__ - INFO - 📈 IMX: 0.613700 → 0.612000 (-0.277%)
2025-07-27 00:11:49 - __main__ - INFO - 📈 HYPE: 43.409000 → 43.421000 (+0.028%)
2025-07-27 00:11:49 - __main__ - INFO - 📈 ETH: 3772.600000 → 3774.670000 (+0.055%)
2025-07-27 00:11:49 - __main__ - INFO - 📈 BTC: 118067.100000 → 118090.700000 (+0.020%)
2025-07-27 00:11:49 - __main__ - INFO - 🔄 Ciclo #3: 7 ativos | 6 atualizações | 0 transições | 0.16s
2025-07-27 00:12:19 - __main__ - INFO - 📈 HYPE: 43.421000 → 43.441000 (+0.046%)
2025-07-27 00:12:19 - __main__ - INFO - 📈 ETH: 3774.670000 → 3775.670000 (+0.026%)
2025-07-27 00:12:19 - __main__ - INFO - 📈 BTC: 118090.700000 → 118113.900000 (+0.020%)
2025-07-27 00:12:19 - __main__ - INFO - 🔄 Ciclo #4: 7 ativos | 3 atualizações | 0 transições | 0.15s
2025-07-27 00:12:49 - __main__ - INFO - 📈 PEPE: 0.012588 → 0.012592 (+0.033%)
2025-07-27 00:12:49 - __main__ - INFO - 📈 NEAR: 2.908000 → 2.912000 (+0.138%)
2025-07-27 00:12:49 - __main__ - INFO - 📈 IMX: 0.612000 → 0.611800 (-0.033%)
2025-07-27 00:12:50 - __main__ - INFO - 🔄 Ciclo #5: 7 ativos | 3 atualizações | 0 transições | 0.23s
2025-07-27 00:13:20 - __main__ - INFO - 📈 IMX: 0.611800 → 0.608000 (-0.621%)
2025-07-27 00:13:20 - __main__ - INFO - 🔄 Ciclo #6: 7 ativos | 1 atualizações | 0 transições | 0.07s
2025-07-27 00:13:50 - __main__ - INFO - 📈 HYPE: 43.441000 → 43.433000 (-0.018%)
2025-07-27 00:13:50 - __main__ - INFO - 📈 ETH: 3775.670000 → 3775.000000 (-0.018%)
2025-07-27 00:13:50 - __main__ - INFO - 📈 BTC: 118113.900000 → 118090.700000 (-0.020%)
2025-07-27 00:13:50 - __main__ - INFO - 📈 BNB: 795.000000 → 794.830000 (-0.021%)
2025-07-27 00:13:50 - __main__ - INFO - 🔄 Ciclo #7: 7 ativos | 4 atualizações | 0 transições | 0.09s
2025-07-27 00:14:50 - __main__ - INFO - 📈 PEPE: 0.012592 → 0.012587 (-0.044%)
2025-07-27 00:14:50 - __main__ - INFO - 📈 NEAR: 2.912000 → 2.910000 (-0.069%)
2025-07-27 00:14:50 - __main__ - INFO - 📈 IMX: 0.608000 → 0.607300 (-0.115%)
2025-07-27 00:14:50 - __main__ - INFO - 📈 HYPE: 43.433000 → 43.439000 (+0.014%)
2025-07-27 00:14:50 - __main__ - INFO - 🔄 Ciclo #9: 7 ativos | 4 atualizações | 0 transições | 0.11s
2025-07-27 00:15:20 - __main__ - INFO - 📈 PEPE: 0.012587 → 0.012583 (-0.029%)
2025-07-27 00:15:20 - __main__ - INFO - 📈 IMX: 0.607300 → 0.607100 (-0.033%)
2025-07-27 00:15:20 - __main__ - INFO - 🔄 Ciclo #10: 7 ativos | 2 atualizações | 0 transições | 0.08s
2025-07-27 00:15:50 - __main__ - INFO - 📈 NEAR: 2.910000 → 2.908000 (-0.069%)
2025-07-27 00:15:50 - __main__ - INFO - 📈 HYPE: 43.439000 → 43.408000 (-0.071%)
2025-07-27 00:15:50 - __main__ - INFO - 📈 ETH: 3775.000000 → 3773.700000 (-0.034%)
2025-07-27 00:15:50 - __main__ - INFO - 🔄 Ciclo #11: 8 ativos | 3 atualizações | 0 transições | 0.18s
2025-07-27 00:16:50 - __main__ - INFO - 📈 ENA: 0.618600 → 0.620000 (+0.226%)
2025-07-27 00:16:50 - __main__ - INFO - 📈 PEPE: 0.012583 → 0.012605 (+0.174%)
2025-07-27 00:16:50 - __main__ - INFO - 📈 NEAR: 2.908000 → 2.911000 (+0.103%)
2025-07-27 00:16:50 - __main__ - INFO - 📈 IMX: 0.607100 → 0.606000 (-0.181%)
2025-07-27 00:16:50 - __main__ - INFO - 📈 HYPE: 43.408000 → 43.464000 (+0.129%)
2025-07-27 00:16:50 - __main__ - INFO - 📈 ETH: 3773.700000 → 3777.430000 (+0.099%)
2025-07-27 00:16:50 - __main__ - INFO - 📈 BTC: 118090.700000 → 118129.500000 (+0.033%)
2025-07-27 00:16:51 - __main__ - INFO - 📈 BNB: 794.830000 → 795.630000 (+0.101%)
2025-07-27 00:16:51 - __main__ - INFO - 🔄 Ciclo #13: 8 ativos | 8 atualizações | 0 transições | 0.30s
2025-07-27 00:17:21 - __main__ - INFO - 📈 ENA: 0.620000 → 0.619400 (-0.097%)
2025-07-27 00:17:21 - __main__ - INFO - 📈 PEPE: 0.012605 → 0.012600 (-0.040%)
2025-07-27 00:17:21 - __main__ - INFO - 📈 IMX: 0.606000 → 0.606200 (+0.033%)
2025-07-27 00:17:21 - __main__ - INFO - 📈 HYPE: 43.464000 → 43.439000 (-0.058%)
2025-07-27 00:17:21 - __main__ - INFO - 📈 ETH: 3777.430000 → 3777.890000 (+0.012%)
2025-07-27 00:17:21 - __main__ - INFO - 📈 BNB: 795.630000 → 795.750000 (+0.015%)
2025-07-27 00:17:21 - __main__ - INFO - 🔄 Ciclo #14: 8 ativos | 6 atualizações | 0 transições | 0.16s
2025-07-27 00:18:51 - __main__ - INFO - 📈 ENA: 0.619400 → 0.619800 (+0.065%)
2025-07-27 00:18:51 - __main__ - INFO - 📈 PEPE: 0.012600 → 0.012585 (-0.115%)
2025-07-27 00:18:51 - __main__ - INFO - 📈 NEAR: 2.911000 → 2.908000 (-0.103%)
2025-07-27 00:18:51 - __main__ - INFO - 📈 IMX: 0.606200 → 0.604100 (-0.346%)
2025-07-27 00:18:51 - __main__ - INFO - 📈 HYPE: 43.439000 → 43.386000 (-0.122%)
2025-07-27 00:18:51 - __main__ - INFO - 📈 ETH: 3777.890000 → 3775.570000 (-0.061%)
2025-07-27 00:18:51 - __main__ - INFO - 📈 BTC: 118129.500000 → 118110.100000 (-0.016%)
2025-07-27 00:18:51 - __main__ - INFO - 📈 BNB: 795.750000 → 795.330000 (-0.053%)
2025-07-27 00:18:51 - __main__ - INFO - 🔄 Ciclo #17: 8 ativos | 8 atualizações | 0 transições | 0.16s
2025-07-27 00:19:21 - __main__ - INFO - 📈 ENA: 0.619800 → 0.619500 (-0.048%)
2025-07-27 00:19:21 - __main__ - INFO - 📈 NEAR: 2.908000 → 2.909000 (+0.034%)
2025-07-27 00:19:21 - __main__ - INFO - 📈 IMX: 0.604100 → 0.604600 (+0.083%)
2025-07-27 00:19:21 - __main__ - INFO - 📈 HYPE: 43.386000 → 43.395000 (+0.021%)
2025-07-27 00:19:21 - __main__ - INFO - 📈 ETH: 3775.570000 → 3777.000000 (+0.038%)
2025-07-27 00:19:21 - __main__ - INFO - 📈 BNB: 795.330000 → 795.160000 (-0.021%)
2025-07-27 00:19:21 - __main__ - INFO - 🔄 Ciclo #18: 8 ativos | 6 atualizações | 0 transições | 0.11s
2025-07-27 00:20:51 - __main__ - INFO - 📈 ENA: 0.619500 → 0.619200 (-0.048%)
2025-07-27 00:20:51 - __main__ - INFO - 📈 PEPE: 0.012585 → 0.012582 (-0.029%)
2025-07-27 00:20:51 - __main__ - INFO - 📈 NEAR: 2.909000 → 2.907000 (-0.069%)
2025-07-27 00:20:51 - __main__ - INFO - 📈 IMX: 0.604600 → 0.603500 (-0.182%)
2025-07-27 00:20:51 - __main__ - INFO - 📈 HYPE: 43.395000 → 43.368000 (-0.062%)
2025-07-27 00:20:51 - __main__ - INFO - 📈 ETH: 3777.000000 → 3776.050000 (-0.025%)
2025-07-27 00:20:51 - __main__ - INFO - 📈 BNB: 795.160000 → 794.960000 (-0.025%)
2025-07-27 00:20:51 - __main__ - INFO - 🔄 Ciclo #21: 8 ativos | 7 atualizações | 0 transições | 0.21s
2025-07-27 00:21:21 - __main__ - INFO - 📈 ENA: 0.619200 → 0.619600 (+0.065%)
2025-07-27 00:21:21 - __main__ - INFO - 📈 PEPE: 0.012582 → 0.012574 (-0.058%)
2025-07-27 00:21:22 - __main__ - INFO - 📈 NEAR: 2.907000 → 2.904000 (-0.103%)
2025-07-27 00:21:22 - __main__ - INFO - 📈 IMX: 0.603500 → 0.603300 (-0.033%)
2025-07-27 00:21:22 - __main__ - INFO - 📈 HYPE: 43.368000 → 43.393000 (+0.058%)
2025-07-27 00:21:22 - __main__ - INFO - 📈 ETH: 3776.050000 → 3774.210000 (-0.049%)
2025-07-27 00:21:22 - __main__ - INFO - 📈 BTC: 118110.100000 → 118084.900000 (-0.021%)
2025-07-27 00:21:22 - __main__ - INFO - 📈 BNB: 794.960000 → 794.670000 (-0.036%)
2025-07-27 00:21:22 - __main__ - INFO - 🔄 Ciclo #22: 8 ativos | 8 atualizações | 0 transições | 0.23s
2025-07-27 00:22:52 - __main__ - INFO - 📈 ENA: 0.619600 → 0.618800 (-0.129%)
2025-07-27 00:22:52 - __main__ - INFO - 📈 PEPE: 0.012574 → 0.012576 (+0.015%)
2025-07-27 00:22:52 - __main__ - INFO - 📈 IMX: 0.603300 → 0.603700 (+0.066%)
2025-07-27 00:22:52 - __main__ - INFO - 📈 ETH: 3774.210000 → 3772.110000 (-0.056%)
2025-07-27 00:22:52 - __main__ - INFO - 📈 BTC: 118084.900000 → 118070.900000 (-0.012%)
2025-07-27 00:22:52 - __main__ - INFO - 📈 BNB: 794.670000 → 795.250000 (+0.073%)
2025-07-27 00:22:52 - __main__ - INFO - 🔄 Ciclo #25: 8 ativos | 6 atualizações | 0 transições | 0.11s
2025-07-27 00:23:22 - __main__ - INFO - 📈 ENA: 0.618800 → 0.619800 (+0.162%)
2025-07-27 00:23:22 - __main__ - INFO - 📈 PEPE: 0.012576 → 0.012595 (+0.149%)
2025-07-27 00:23:22 - __main__ - INFO - 📈 NEAR: 2.904000 → 2.908000 (+0.138%)
2025-07-27 00:23:22 - __main__ - INFO - 📈 IMX: 0.603700 → 0.604600 (+0.149%)
2025-07-27 00:23:22 - __main__ - INFO - 📈 HYPE: 43.393000 → 43.436000 (+0.099%)
2025-07-27 00:23:22 - __main__ - INFO - 📈 BTC: 118070.900000 → 118120.900000 (+0.042%)
2025-07-27 00:23:22 - __main__ - INFO - 📈 BNB: 795.250000 → 795.540000 (+0.036%)
2025-07-27 00:23:22 - __main__ - INFO - 🔄 Ciclo #26: 8 ativos | 7 atualizações | 0 transições | 0.17s
2025-07-27 00:24:52 - __main__ - INFO - 📈 ENA: 0.619800 → 0.618900 (-0.145%)
2025-07-27 00:24:52 - __main__ - INFO - 📈 PEPE: 0.012595 → 0.012602 (+0.060%)
2025-07-27 00:24:52 - __main__ - INFO - 📈 IMX: 0.604600 → 0.605700 (+0.182%)
2025-07-27 00:24:52 - __main__ - INFO - 📈 HYPE: 43.436000 → 43.426000 (-0.023%)
2025-07-27 00:24:52 - __main__ - INFO - 📈 ETH: 3772.110000 → 3775.120000 (+0.080%)
2025-07-27 00:24:52 - __main__ - INFO - 📈 BTC: 118120.900000 → 118152.200000 (+0.026%)
2025-07-27 00:24:52 - __main__ - INFO - 📈 BNB: 795.540000 → 795.190000 (-0.044%)
2025-07-27 00:24:52 - __main__ - INFO - 🔄 Ciclo #29: 8 ativos | 7 atualizações | 0 transições | 0.14s
2025-07-27 00:25:22 - __main__ - INFO - 📈 ENA: 0.618900 → 0.619800 (+0.145%)
2025-07-27 00:25:22 - __main__ - INFO - 📈 PEPE: 0.012602 → 0.012598 (-0.035%)
2025-07-27 00:25:22 - __main__ - INFO - 📈 NEAR: 2.908000 → 2.907000 (-0.034%)
2025-07-27 00:25:23 - __main__ - INFO - 📈 IMX: 0.605700 → 0.604300 (-0.231%)
2025-07-27 00:25:23 - __main__ - INFO - 📈 HYPE: 43.426000 → 43.407000 (-0.044%)
2025-07-27 00:25:23 - __main__ - INFO - 📈 BTC: 118152.200000 → 118130.600000 (-0.018%)
2025-07-27 00:25:23 - __main__ - INFO - 🔄 Ciclo #30: 8 ativos | 6 atualizações | 0 transições | 0.12s
2025-07-27 00:26:23 - __main__ - INFO - 📈 IMX: 0.604300 → 0.603200 (-0.182%)
2025-07-27 00:26:23 - __main__ - INFO - 🔄 Ciclo #32: 8 ativos | 1 atualizações | 0 transições | 0.07s
2025-07-27 00:26:53 - __main__ - INFO - 📈 ENA: 0.619800 → 0.619500 (-0.048%)
2025-07-27 00:26:53 - __main__ - INFO - 📈 PEPE: 0.012598 → 0.012595 (-0.025%)
2025-07-27 00:26:53 - __main__ - INFO - 📈 NEAR: 2.907000 → 2.906000 (-0.034%)
2025-07-27 00:26:53 - __main__ - INFO - 📈 HYPE: 43.407000 → 43.416000 (+0.021%)
2025-07-27 00:26:53 - __main__ - INFO - 📈 BTC: 118130.600000 → 118145.800000 (+0.013%)
2025-07-27 00:26:53 - __main__ - INFO - 📈 BNB: 795.190000 → 795.420000 (+0.029%)
2025-07-27 00:26:53 - __main__ - INFO - 🔄 Ciclo #33: 8 ativos | 6 atualizações | 0 transições | 0.20s
2025-07-27 00:27:23 - __main__ - INFO - 📈 ENA: 0.619500 → 0.619700 (+0.032%)
2025-07-27 00:27:23 - __main__ - INFO - 🔄 Ciclo #34: 8 ativos | 1 atualizações | 0 transições | 0.13s
2025-07-27 00:27:53 - __main__ - INFO - 📈 NEAR: 2.906000 → 2.907000 (+0.034%)
2025-07-27 00:27:53 - __main__ - INFO - 📈 IMX: 0.603200 → 0.603800 (+0.099%)
2025-07-27 00:27:53 - __main__ - INFO - 🔄 Ciclo #35: 8 ativos | 2 atualizações | 0 transições | 0.07s
2025-07-27 00:28:23 - __main__ - INFO - 📈 PEPE: 0.012595 → 0.012602 (+0.059%)
2025-07-27 00:28:23 - __main__ - INFO - 📈 NEAR: 2.907000 → 2.906000 (-0.034%)
2025-07-27 00:28:23 - __main__ - INFO - 📈 IMX: 0.603800 → 0.602600 (-0.199%)
2025-07-27 00:28:23 - __main__ - INFO - 🔄 Ciclo #36: 8 ativos | 3 atualizações | 0 transições | 0.08s
2025-07-27 00:28:53 - __main__ - INFO - 📈 ENA: 0.619700 → 0.619000 (-0.113%)
2025-07-27 00:28:53 - __main__ - INFO - 📈 HYPE: 43.416000 → 43.407000 (-0.021%)
2025-07-27 00:28:53 - __main__ - INFO - 📈 ETH: 3775.120000 → 3774.670000 (-0.012%)
2025-07-27 00:28:53 - __main__ - INFO - 🔄 Ciclo #37: 8 ativos | 3 atualizações | 0 transições | 0.08s
2025-07-27 00:29:23 - __main__ - INFO - 📈 ENA: 0.619000 → 0.618700 (-0.048%)
2025-07-27 00:29:23 - __main__ - INFO - 📈 HYPE: 43.407000 → 43.413000 (+0.014%)
2025-07-27 00:29:23 - __main__ - INFO - 🔄 Ciclo #38: 8 ativos | 2 atualizações | 0 transições | 0.09s
2025-07-27 00:29:53 - __main__ - INFO - 📈 NEAR: 2.906000 → 2.905000 (-0.034%)
2025-07-27 00:29:53 - __main__ - INFO - 📈 IMX: 0.602600 → 0.603000 (+0.066%)
2025-07-27 00:29:53 - __main__ - INFO - 🔄 Ciclo #39: 8 ativos | 2 atualizações | 0 transições | 0.08s
2025-07-27 00:30:24 - __main__ - INFO - 📈 PEPE: 0.012602 → 0.012605 (+0.025%)
2025-07-27 00:30:24 - __main__ - INFO - 📈 NEAR: 2.905000 → 2.908000 (+0.103%)
2025-07-27 00:30:24 - __main__ - INFO - 📈 IMX: 0.603000 → 0.603800 (+0.133%)
2025-07-27 00:30:24 - __main__ - INFO - 🔄 Ciclo #40: 8 ativos | 3 atualizações | 0 transições | 0.18s
2025-07-27 00:30:54 - __main__ - INFO - 📈 ENA: 0.618700 → 0.619300 (+0.097%)
2025-07-27 00:30:54 - __main__ - INFO - 📈 HYPE: 43.413000 → 43.436000 (+0.053%)
2025-07-27 00:30:54 - __main__ - INFO - 📈 ETH: 3774.670000 → 3775.300000 (+0.017%)
2025-07-27 00:30:54 - __main__ - INFO - 📈 BTC: 118145.800000 → 118176.100000 (+0.026%)
2025-07-27 00:30:54 - __main__ - INFO - 📈 BNB: 795.420000 → 795.620000 (+0.025%)
2025-07-27 00:30:54 - __main__ - INFO - 🔄 Ciclo #41: 8 ativos | 5 atualizações | 0 transições | 0.20s
2025-07-27 00:31:54 - __main__ - INFO - 📈 ENA: 0.619300 → 0.618600 (-0.113%)
2025-07-27 00:31:54 - __main__ - INFO - 📈 PEPE: 0.012605 → 0.012598 (-0.055%)
2025-07-27 00:31:54 - __main__ - INFO - 📈 NEAR: 2.908000 → 2.909000 (+0.034%)
2025-07-27 00:31:54 - __main__ - INFO - 📈 IMX: 0.603800 → 0.603900 (+0.017%)
2025-07-27 00:31:54 - __main__ - INFO - 📈 HYPE: 43.436000 → 43.405000 (-0.071%)
2025-07-27 00:31:54 - __main__ - INFO - 📈 ETH: 3775.300000 → 3771.940000 (-0.089%)
2025-07-27 00:31:54 - __main__ - INFO - 📈 BTC: 118176.100000 → 118199.000000 (+0.019%)
2025-07-27 00:31:54 - __main__ - INFO - 📈 BNB: 795.620000 → 795.520000 (-0.013%)
2025-07-27 00:31:54 - __main__ - INFO - 🔄 Ciclo #43: 8 ativos | 8 atualizações | 0 transições | 0.16s
2025-07-27 00:36:24 - __main__ - INFO - 📈 ETH: 3773.750000 → 3772.950000 (-0.021%)
2025-07-27 00:36:24 - __main__ - INFO - 📈 BTC: 118207.100000 → 118227.400000 (+0.017%)
2025-07-27 00:36:24 - __main__ - INFO - 🔄 Ciclo #45: 8 ativos | 2 atualizações | 0 transições | 0.11s
2025-07-27 00:36:54 - __main__ - INFO - 📈 PEPE: 0.012605 → 0.012608 (+0.024%)
2025-07-27 00:36:54 - __main__ - INFO - 📈 IMX: 0.600600 → 0.599600 (-0.167%)
2025-07-27 00:36:54 - __main__ - INFO - 📈 HYPE: 43.408000 → 43.430000 (+0.051%)
2025-07-27 00:36:54 - __main__ - INFO - 📈 ENA: 0.618400 → 0.618000 (-0.065%)
2025-07-27 00:36:55 - __main__ - INFO - 🔄 Ciclo #46: 8 ativos | 4 atualizações | 0 transições | 0.12s
2025-07-27 00:37:25 - __main__ - INFO - 📈 PEPE: 0.012608 → 0.012606 (-0.013%)
2025-07-27 00:37:25 - __main__ - INFO - 📈 IMX: 0.599600 → 0.598900 (-0.117%)
2025-07-27 00:37:25 - __main__ - INFO - 📈 HYPE: 43.430000 → 43.395000 (-0.081%)
2025-07-27 00:37:25 - __main__ - INFO - 📈 ETH: 3772.950000 → 3772.210000 (-0.020%)
2025-07-27 00:37:25 - __main__ - INFO - 📈 ENA: 0.618000 → 0.617200 (-0.129%)
2025-07-27 00:37:25 - __main__ - INFO - 📈 BTC: 118227.400000 → 118202.900000 (-0.021%)
2025-07-27 00:37:25 - __main__ - INFO - 📈 BNB: 796.100000 → 795.960000 (-0.018%)
2025-07-27 00:37:25 - __main__ - INFO - 🔄 Ciclo #47: 8 ativos | 7 atualizações | 0 transições | 0.25s
2025-07-27 00:38:55 - __main__ - INFO - 📈 IMX: 0.598900 → 0.599900 (+0.167%)
2025-07-27 00:38:55 - __main__ - INFO - 📈 HYPE: 43.395000 → 43.423000 (+0.065%)
2025-07-27 00:38:55 - __main__ - INFO - 📈 ETH: 3772.210000 → 3772.990000 (+0.021%)
2025-07-27 00:38:55 - __main__ - INFO - 📈 ENA: 0.617200 → 0.616200 (-0.162%)
2025-07-27 00:38:55 - __main__ - INFO - 🔄 Ciclo #50: 8 ativos | 4 atualizações | 0 transições | 0.13s
2025-07-27 00:39:25 - __main__ - INFO - 📈 PEPE: 0.012606 → 0.012601 (-0.041%)
2025-07-27 00:39:25 - __main__ - INFO - 📈 IMX: 0.599900 → 0.599800 (-0.017%)
2025-07-27 00:39:25 - __main__ - INFO - 📈 ENA: 0.616200 → 0.615800 (-0.065%)
2025-07-27 00:39:25 - __main__ - INFO - 🔄 Ciclo #51: 8 ativos | 3 atualizações | 0 transições | 0.07s
2025-07-27 00:40:25 - __main__ - INFO - 📈 IMX: 0.599800 → 0.600200 (+0.067%)
2025-07-27 00:40:25 - __main__ - INFO - 🔄 Ciclo #53: 8 ativos | 1 atualizações | 0 transições | 0.07s
2025-07-27 00:40:55 - __main__ - INFO - 📈 PEPE: 0.012601 → 0.012616 (+0.117%)
2025-07-27 00:40:55 - __main__ - INFO - 📈 NEAR: 2.912000 → 2.917000 (+0.172%)
2025-07-27 00:40:55 - __main__ - INFO - 📈 HYPE: 43.423000 → 43.502000 (+0.182%)
2025-07-27 00:40:55 - __main__ - INFO - 📈 ETH: 3772.990000 → 3776.550000 (+0.094%)
2025-07-27 00:40:55 - __main__ - INFO - 📈 ENA: 0.615800 → 0.615100 (-0.114%)
2025-07-27 00:40:55 - __main__ - INFO - 📈 BTC: 118202.900000 → 118249.900000 (+0.040%)
2025-07-27 00:40:55 - __main__ - INFO - 📈 BNB: 795.960000 → 795.560000 (-0.050%)
2025-07-27 00:40:55 - __main__ - INFO - 🔄 Ciclo #54: 8 ativos | 7 atualizações | 0 transições | 0.17s
2025-07-27 00:41:26 - __main__ - INFO - 📈 HYPE: 43.502000 → 43.445000 (-0.131%)
2025-07-27 00:41:26 - __main__ - INFO - 📈 ENA: 0.615100 → 0.614600 (-0.081%)
2025-07-27 00:41:26 - __main__ - INFO - 🔄 Ciclo #55: 8 ativos | 2 atualizações | 0 transições | 0.12s
2025-07-27 00:41:56 - __main__ - INFO - 📈 PEPE: 0.012616 → 0.012610 (-0.048%)
2025-07-27 00:41:56 - __main__ - INFO - 📈 NEAR: 2.917000 → 2.913000 (-0.137%)
2025-07-27 00:41:56 - __main__ - INFO - 📈 IMX: 0.600200 → 0.600400 (+0.033%)
2025-07-27 00:41:56 - __main__ - INFO - 🔄 Ciclo #56: 8 ativos | 3 atualizações | 0 transições | 0.09s
2025-07-27 00:42:26 - __main__ - INFO - 📈 PEPE: 0.012610 → 0.012615 (+0.040%)
2025-07-27 00:42:26 - __main__ - INFO - 📈 NEAR: 2.913000 → 2.916000 (+0.103%)
2025-07-27 00:42:26 - __main__ - INFO - 📈 IMX: 0.600400 → 0.599800 (-0.100%)
2025-07-27 00:42:26 - __main__ - INFO - 🔄 Ciclo #57: 8 ativos | 3 atualizações | 0 transições | 0.09s
2025-07-27 00:42:56 - __main__ - INFO - 📈 ETH: 3776.550000 → 3777.690000 (+0.030%)
2025-07-27 00:42:56 - __main__ - INFO - 📈 ENA: 0.614600 → 0.615200 (+0.098%)
2025-07-27 00:42:56 - __main__ - INFO - 📈 BNB: 795.560000 → 795.650000 (+0.011%)
2025-07-27 00:42:56 - __main__ - INFO - 🔄 Ciclo #58: 8 ativos | 3 atualizações | 0 transições | 0.07s
2025-07-27 00:43:26 - __main__ - INFO - 📈 ETH: 3777.690000 → 3779.010000 (+0.035%)
2025-07-27 00:43:26 - __main__ - INFO - 📈 BTC: 118249.900000 → 118227.200000 (-0.019%)
2025-07-27 00:43:26 - __main__ - INFO - 🔄 Ciclo #59: 8 ativos | 2 atualizações | 0 transições | 0.07s
2025-07-27 00:43:56 - __main__ - INFO - 📈 PEPE: 0.012615 → 0.012618 (+0.029%)
2025-07-27 00:43:56 - __main__ - INFO - 📈 NEAR: 2.916000 → 2.914000 (-0.069%)
2025-07-27 00:43:56 - __main__ - INFO - 📈 IMX: 0.599800 → 0.600500 (+0.117%)
2025-07-27 00:43:56 - __main__ - INFO - 📈 HYPE: 43.445000 → 43.464000 (+0.044%)
2025-07-27 00:43:56 - __main__ - INFO - 📈 ENA: 0.615200 → 0.615100 (-0.016%)
2025-07-27 00:43:56 - __main__ - INFO - 🔄 Ciclo #60: 8 ativos | 5 atualizações | 0 transições | 0.12s
2025-07-27 00:43:56 - __main__ - INFO - 📊 ESTATÍSTICAS HORÁRIAS:
2025-07-27 00:43:56 - __main__ - INFO -    ⏱️ Uptime: 34m
2025-07-27 00:43:56 - __main__ - INFO -    🔄 Verificações: 60
2025-07-27 00:43:56 - __main__ - INFO -    📝 Atualizações: 177
2025-07-27 00:43:56 - __main__ - INFO -    🔄 Transições: 0
2025-07-27 00:43:56 - __main__ - INFO -    🎯 Sinais ativos: 8
2025-07-27 00:43:56 - __main__ - INFO -    ✅ Preços atualizados: 177
2025-07-27 00:43:56 - __main__ - INFO -    ❌ Falhas de preço: 0
2025-07-27 00:43:56 - __main__ - INFO -    🆕 Transições recentes: 0
2025-07-27 00:43:56 - __main__ - INFO -    📊 Símbolos com dados recentes: 10
2025-07-27 00:44:26 - __main__ - INFO - 📈 PEPE: 0.012618 → 0.012613 (-0.045%)
2025-07-27 00:44:26 - __main__ - INFO - 📈 NEAR: 2.914000 → 2.911000 (-0.103%)
2025-07-27 00:44:26 - __main__ - INFO - 📈 IMX: 0.600500 → 0.600400 (-0.017%)
2025-07-27 00:44:26 - __main__ - INFO - 📈 ETH: 3779.010000 → 3778.220000 (-0.021%)
2025-07-27 00:44:26 - __main__ - INFO - 📈 ENA: 0.615100 → 0.614100 (-0.163%)
2025-07-27 00:44:26 - __main__ - INFO - 📈 BNB: 795.650000 → 795.430000 (-0.028%)
2025-07-27 00:44:26 - __main__ - INFO - 🔄 Ciclo #61: 8 ativos | 6 atualizações | 0 transições | 0.12s
2025-07-27 00:45:56 - __main__ - INFO - 📈 PEPE: 0.012613 → 0.012607 (-0.047%)
2025-07-27 00:45:56 - __main__ - INFO - 📈 IMX: 0.600400 → 0.599800 (-0.100%)
2025-07-27 00:45:57 - __main__ - INFO - 📈 HYPE: 43.464000 → 43.495000 (+0.071%)
2025-07-27 00:45:57 - __main__ - INFO - 📈 ETH: 3778.220000 → 3777.510000 (-0.019%)
2025-07-27 00:45:57 - __main__ - INFO - 📈 ENA: 0.614100 → 0.614300 (+0.033%)
2025-07-27 00:45:57 - __main__ - INFO - 📈 BNB: 795.430000 → 795.700000 (+0.034%)
2025-07-27 00:45:57 - __main__ - INFO - 🔄 Ciclo #64: 8 ativos | 6 atualizações | 0 transições | 0.34s
2025-07-27 00:46:27 - __main__ - INFO - 📈 PEPE: 0.012607 → 0.012600 (-0.057%)
2025-07-27 00:46:27 - __main__ - INFO - 📈 NEAR: 2.911000 → 2.908000 (-0.103%)
2025-07-27 00:46:27 - __main__ - INFO - 📈 IMX: 0.599800 → 0.599600 (-0.033%)
2025-07-27 00:46:27 - __main__ - INFO - 📈 HYPE: 43.495000 → 43.479000 (-0.037%)
2025-07-27 00:46:27 - __main__ - INFO - 📈 ETH: 3777.510000 → 3775.720000 (-0.047%)
2025-07-27 00:46:27 - __main__ - INFO - 📈 ENA: 0.614300 → 0.614100 (-0.033%)
2025-07-27 00:46:27 - __main__ - INFO - 📈 BTC: 118227.200000 → 118158.200000 (-0.058%)
2025-07-27 00:46:27 - __main__ - INFO - 📈 BNB: 795.700000 → 795.440000 (-0.033%)
2025-07-27 00:46:27 - __main__ - INFO - 🔄 Ciclo #65: 8 ativos | 8 atualizações | 0 transições | 0.26s
2025-07-27 00:47:27 - __main__ - INFO - 📈 PEPE: 0.012600 → 0.012603 (+0.030%)
2025-07-27 00:47:27 - __main__ - INFO - 📈 IMX: 0.599600 → 0.600500 (+0.150%)
2025-07-27 00:47:27 - __main__ - INFO - 📈 HYPE: 43.479000 → 43.489000 (+0.023%)
2025-07-27 00:47:27 - __main__ - INFO - 📈 ENA: 0.614100 → 0.615400 (+0.212%)
2025-07-27 00:47:27 - __main__ - INFO - 🔄 Ciclo #67: 8 ativos | 4 atualizações | 0 transições | 0.22s
2025-07-27 00:47:57 - __main__ - INFO - 📈 ETH: 3775.720000 → 3776.350000 (+0.017%)
2025-07-27 00:47:57 - __main__ - INFO - 📈 BTC: 118158.200000 → 118174.000000 (+0.013%)
2025-07-27 00:47:57 - __main__ - INFO - 🔄 Ciclo #68: 8 ativos | 2 atualizações | 0 transições | 0.13s
2025-07-27 00:48:27 - __main__ - INFO - 📈 ETH: 3776.350000 → 3777.370000 (+0.027%)
2025-07-27 00:48:28 - __main__ - INFO - 📈 BTC: 118174.000000 → 118187.400000 (+0.011%)
2025-07-27 00:48:28 - __main__ - INFO - 🔄 Ciclo #69: 8 ativos | 2 atualizações | 0 transições | 0.11s
2025-07-27 00:48:58 - __main__ - INFO - 📈 PEPE: 0.012603 → 0.012605 (+0.012%)
2025-07-27 00:48:58 - __main__ - INFO - 📈 NEAR: 2.908000 → 2.910000 (+0.069%)
2025-07-27 00:48:58 - __main__ - INFO - 📈 IMX: 0.600500 → 0.600900 (+0.067%)
2025-07-27 00:48:58 - __main__ - INFO - 📈 ENA: 0.615400 → 0.615100 (-0.049%)
2025-07-27 00:48:58 - __main__ - INFO - 📈 BNB: 795.440000 → 795.530000 (+0.011%)
2025-07-27 00:48:58 - __main__ - INFO - 🔄 Ciclo #70: 8 ativos | 5 atualizações | 0 transições | 0.11s
2025-07-27 00:49:28 - __main__ - INFO - 📈 IMX: 0.600900 → 0.602100 (+0.200%)
2025-07-27 00:49:28 - __main__ - INFO - 📈 HYPE: 43.489000 → 43.471000 (-0.041%)
2025-07-27 00:49:28 - __main__ - INFO - 📈 ETH: 3777.370000 → 3776.980000 (-0.010%)
2025-07-27 00:49:28 - __main__ - INFO - 📈 ENA: 0.615100 → 0.614500 (-0.098%)
2025-07-27 00:49:28 - __main__ - INFO - 📈 BTC: 118187.400000 → 118171.700000 (-0.013%)
2025-07-27 00:49:28 - __main__ - INFO - 📈 BNB: 795.530000 → 795.440000 (-0.011%)
2025-07-27 00:49:28 - __main__ - INFO - 🔄 Ciclo #71: 8 ativos | 6 atualizações | 0 transições | 0.15s
2025-07-27 00:50:28 - __main__ - INFO - 📈 IMX: 0.602100 → 0.601800 (-0.050%)
2025-07-27 00:50:28 - __main__ - INFO - 🔄 Ciclo #73: 8 ativos | 1 atualizações | 0 transições | 0.09s
2025-07-27 00:50:58 - __main__ - INFO - 📈 PEPE: 0.012605 → 0.012603 (-0.015%)
2025-07-27 00:50:58 - __main__ - INFO - 📈 NEAR: 2.910000 → 2.912000 (+0.069%)
2025-07-27 00:50:58 - __main__ - INFO - 📈 HYPE: 43.471000 → 43.494000 (+0.053%)
2025-07-27 00:50:58 - __main__ - INFO - 📈 ETH: 3776.980000 → 3778.520000 (+0.041%)
2025-07-27 00:50:58 - __main__ - INFO - 📈 ENA: 0.614500 → 0.614200 (-0.049%)
2025-07-27 00:50:58 - __main__ - INFO - 📈 BNB: 795.440000 → 794.940000 (-0.063%)
2025-07-27 00:50:58 - __main__ - INFO - 🔄 Ciclo #74: 8 ativos | 6 atualizações | 0 transições | 0.22s
2025-07-27 00:51:28 - __main__ - INFO - 📈 ETH: 3778.520000 → 3777.660000 (-0.023%)
2025-07-27 00:51:28 - __main__ - INFO - 📈 ENA: 0.614200 → 0.614600 (+0.065%)
2025-07-27 00:51:28 - __main__ - INFO - 🔄 Ciclo #75: 8 ativos | 2 atualizações | 0 transições | 0.19s
2025-07-27 00:51:58 - __main__ - INFO - 📈 PEPE: 0.012603 → 0.012601 (-0.020%)
2025-07-27 00:51:58 - __main__ - INFO - 📈 NEAR: 2.912000 → 2.910000 (-0.069%)
2025-07-27 00:51:59 - __main__ - INFO - 📈 IMX: 0.601800 → 0.602100 (+0.050%)
2025-07-27 00:51:59 - __main__ - INFO - 📈 HYPE: 43.494000 → 43.420000 (-0.170%)
2025-07-27 00:51:59 - __main__ - INFO - 🔄 Ciclo #76: 8 ativos | 4 atualizações | 0 transições | 0.17s
2025-07-27 00:52:29 - __main__ - INFO - 📈 PEPE: 0.012601 → 0.012596 (-0.040%)
2025-07-27 00:52:29 - __main__ - INFO - 📈 NEAR: 2.910000 → 2.909000 (-0.034%)
2025-07-27 00:52:29 - __main__ - INFO - 📈 IMX: 0.602100 → 0.602300 (+0.033%)
2025-07-27 00:52:29 - __main__ - INFO - 📈 ETH: 3777.660000 → 3777.160000 (-0.013%)
2025-07-27 00:52:29 - __main__ - INFO - 🔄 Ciclo #77: 8 ativos | 4 atualizações | 0 transições | 0.15s
2025-07-27 00:53:29 - __main__ - INFO - 📈 IMX: 0.602300 → 0.603000 (+0.116%)
2025-07-27 00:53:29 - __main__ - INFO - 🔄 Ciclo #79: 8 ativos | 1 atualizações | 0 transições | 0.08s
2025-07-27 00:53:59 - __main__ - INFO - 📈 PEPE: 0.012596 → 0.012597 (+0.010%)
2025-07-27 00:53:59 - __main__ - INFO - 📈 NEAR: 2.909000 → 2.910000 (+0.034%)
2025-07-27 00:53:59 - __main__ - INFO - 📈 ETH: 3777.160000 → 3774.970000 (-0.058%)
2025-07-27 00:53:59 - __main__ - INFO - 📈 ENA: 0.614600 → 0.614000 (-0.098%)
2025-07-27 00:53:59 - __main__ - INFO - 🔄 Ciclo #80: 8 ativos | 4 atualizações | 0 transições | 0.10s
2025-07-27 00:54:29 - __main__ - INFO - 📈 PEPE: 0.012597 → 0.012595 (-0.014%)
2025-07-27 00:54:29 - __main__ - INFO - 📈 IMX: 0.603000 → 0.600200 (-0.464%)
2025-07-27 00:54:29 - __main__ - INFO - 📈 HYPE: 43.420000 → 43.426000 (+0.014%)
2025-07-27 00:54:29 - __main__ - INFO - 📈 ETH: 3774.970000 → 3773.840000 (-0.030%)
2025-07-27 00:54:29 - __main__ - INFO - 📈 ENA: 0.614000 → 0.613900 (-0.016%)
2025-07-27 00:54:29 - __main__ - INFO - 📈 BNB: 794.940000 → 794.520000 (-0.053%)
2025-07-27 00:54:29 - __main__ - INFO - 🔄 Ciclo #81: 8 ativos | 6 atualizações | 0 transições | 0.14s
2025-07-27 00:55:29 - __main__ - INFO - 📈 PEPE: 0.012595 → 0.012592 (-0.023%)
2025-07-27 00:55:29 - __main__ - INFO - 📈 IMX: 0.600200 → 0.600600 (+0.067%)
2025-07-27 00:55:29 - __main__ - INFO - 🔄 Ciclo #83: 8 ativos | 2 atualizações | 0 transições | 0.09s
2025-07-27 00:55:59 - __main__ - INFO - 📈 HYPE: 43.426000 → 43.414000 (-0.028%)
2025-07-27 00:55:59 - __main__ - INFO - 📈 ETH: 3773.840000 → 3771.430000 (-0.064%)
2025-07-27 00:55:59 - __main__ - INFO - 📈 ENA: 0.613900 → 0.613800 (-0.016%)
2025-07-27 00:56:00 - __main__ - INFO - 📈 BNB: 794.520000 → 794.720000 (+0.025%)
2025-07-27 00:56:00 - __main__ - INFO - 🔄 Ciclo #84: 8 ativos | 4 atualizações | 0 transições | 0.20s
2025-07-27 00:56:30 - __main__ - INFO - 📈 HYPE: 43.414000 → 43.441000 (+0.062%)
2025-07-27 00:56:30 - __main__ - INFO - 📈 ETH: 3771.430000 → 3772.390000 (+0.025%)
2025-07-27 00:56:30 - __main__ - INFO - 📈 ENA: 0.613800 → 0.613300 (-0.081%)
2025-07-27 00:56:30 - __main__ - INFO - 🔄 Ciclo #85: 8 ativos | 3 atualizações | 0 transições | 0.18s
2025-07-27 00:57:00 - __main__ - INFO - 📈 PEPE: 0.012592 → 0.012595 (+0.021%)
2025-07-27 00:57:00 - __main__ - INFO - 📈 NEAR: 2.910000 → 2.908000 (-0.069%)
2025-07-27 00:57:00 - __main__ - INFO - 🔄 Ciclo #86: 8 ativos | 2 atualizações | 0 transições | 0.15s
2025-07-27 00:57:30 - __main__ - INFO - 📈 PEPE: 0.012595 → 0.012589 (-0.044%)
2025-07-27 00:57:30 - __main__ - INFO - 📈 IMX: 0.600600 → 0.600400 (-0.033%)
2025-07-27 00:57:30 - __main__ - INFO - 📈 ENA: 0.613300 → 0.613100 (-0.033%)
2025-07-27 00:57:30 - __main__ - INFO - 📈 BNB: 794.720000 → 794.550000 (-0.021%)
2025-07-27 00:57:30 - __main__ - INFO - 🔄 Ciclo #87: 8 ativos | 4 atualizações | 0 transições | 0.12s
2025-07-27 00:59:00 - __main__ - INFO - 📈 PEPE: 0.012589 → 0.012586 (-0.027%)
2025-07-27 00:59:00 - __main__ - INFO - 📈 NEAR: 2.908000 → 2.907000 (-0.034%)
2025-07-27 00:59:00 - __main__ - INFO - 📈 IMX: 0.600400 → 0.599600 (-0.133%)
2025-07-27 00:59:00 - __main__ - INFO - 📈 HYPE: 43.441000 → 43.409000 (-0.074%)
2025-07-27 00:59:00 - __main__ - INFO - 📈 ETH: 3772.390000 → 3770.870000 (-0.040%)
2025-07-27 00:59:00 - __main__ - INFO - 📈 ENA: 0.613100 → 0.613300 (+0.033%)
2025-07-27 00:59:00 - __main__ - INFO - 🔄 Ciclo #90: 8 ativos | 6 atualizações | 0 transições | 0.20s
