2025-07-23 00:14:52,846 - root - INFO - Iniciando Inicialização do analyzer...
2025-07-23 00:14:52,846 - root - INFO - Inicializando Trading Analyzer...
2025-07-23 00:14:52,847 - core.data_reader - INFO - DataReader inicializado (OTIMIZADO para 5m/15m).
2025-07-23 00:14:52,850 - core.signal_writer - INFO - EnhancedSignalWriter inicializado com integração técnica corrigida
2025-07-23 00:14:52,850 - indicators.patterns - INFO - PatternAnalyzer SIMPLIFICADO - APENAS Double Top/Bottom
2025-07-23 00:14:52,851 - indicators.patterns - INFO - HeadAndShouldersDetector DESABILITADO conforme configuração
2025-07-23 00:14:52,851 - indicators.patterns - INFO - CupAndHandleDetector DESABILITADO conforme configuração
2025-07-23 00:14:52,852 - indicators.patterns - INFO - PatternAnalyzer SIMPLIFICADO - APENAS Double Top/Bottom
2025-07-23 00:14:52,852 - indicators.patterns - INFO - HeadAndShouldersDetector DESABILITADO conforme configuração
2025-07-23 00:14:52,852 - indicators.patterns - INFO - CupAndHandleDetector DESABILITADO conforme configuração
2025-07-23 00:14:52,853 - core.analyzer - INFO - MultiTimeframeAnalyzer OTIMIZADO inicializado:
2025-07-23 00:14:52,853 - core.analyzer - INFO -   • Timeframes ativos: ['5m', '15m']
2025-07-23 00:14:52,853 - core.analyzer - INFO -   • Preferência: 5m absoluta
2025-07-23 00:14:52,854 - core.analyzer - INFO -   • Sinais únicos por crypto: ATIVO
2025-07-23 00:14:52,854 - core.analyzer - INFO -   • Limpeza automática: ATIVA
2025-07-23 00:14:52,854 - root - INFO - Trading Analyzer inicializado com sucesso
2025-07-23 00:14:52,854 - root - INFO - Inicialização do analyzer concluída em 0.0s
2025-07-23 00:14:52,855 - core.analyzer - INFO - 🚀 Iniciando análise contínua OTIMIZADA
2025-07-23 00:14:52,855 - core.analyzer - INFO - 🔍 Verificando símbolos com dados suficientes...
2025-07-23 00:14:52,856 - core.data_reader - INFO - Verificando 8 símbolos...
2025-07-23 00:14:53,287 - core.data_reader - INFO - ✅ Símbolos válidos: 8/8 - ['BNB', 'BTC', 'ENA', 'ETH', 'NEAR', 'SOL', 'SUI', 'IMX']
2025-07-23 00:14:53,288 - core.analyzer - INFO - ✅ Símbolos válidos: 8 - ['BNB', 'BTC', 'ENA', 'ETH', 'NEAR', 'SOL', 'SUI', 'IMX']
2025-07-23 00:14:53,288 - core.analyzer - INFO - ⏱️ Intervalo: 300s | Timeframes: APENAS 5m e 15m
2025-07-23 00:14:53,289 - core.analyzer - INFO - 🔄 Ciclo 1 iniciado
2025-07-23 00:14:53,292 - core.analyzer - INFO - Análise iniciada para: BNB
2025-07-23 00:14:54,036 - core.technical_targets - INFO - 🎯 Targets Inteligentes usando configurações avançadas
2025-07-23 00:14:54,036 - core.technical_targets - ERROR - Erro no cálculo de targets inteligentes: 'TechnicalTargetsCalculator' object has no attribute 'config'
2025-07-23 00:14:54,037 - core.analyzer - WARNING - Sinal para BNB em 5m descartado: 'EnhancedTradingSignal' object has no attribute 'logger'
2025-07-23 00:14:54,058 - indicators.patterns - INFO - Padrões para BNB: 0 selecionados
2025-07-23 00:14:54,413 - core.technical_targets - INFO - 🎯 Targets Inteligentes usando configurações avançadas
2025-07-23 00:14:54,413 - core.technical_targets - ERROR - Erro no cálculo de targets inteligentes: 'TechnicalTargetsCalculator' object has no attribute 'config'
2025-07-23 00:14:54,413 - core.analyzer - WARNING - Sinal para BNB em 15m descartado: 'EnhancedTradingSignal' object has no attribute 'logger'
2025-07-23 00:14:54,414 - core.analyzer - INFO - ✓ BNB (1/8): 0 sinais em 1.1s
2025-07-23 00:14:54,516 - core.analyzer - INFO - Análise iniciada para: BTC
2025-07-23 00:14:54,546 - core.technical_stop_loss - INFO - 🔧 Stop Loss Inteligente usando configurações avançadas
2025-07-23 00:14:54,551 - core.analyzer - ERROR - Erro na análise técnica para BTC 5m: 'EnhancedTradingSignal' object has no attribute 'logger'
2025-07-23 00:14:55,126 - core.technical_targets - INFO - 🎯 Targets Inteligentes usando configurações avançadas
2025-07-23 00:14:55,127 - core.technical_targets - ERROR - Erro no cálculo de targets inteligentes: 'TechnicalTargetsCalculator' object has no attribute 'config'
2025-07-23 00:14:55,127 - core.analyzer - WARNING - Sinal para BTC em 5m descartado: 'EnhancedTradingSignal' object has no attribute 'logger'
2025-07-23 00:14:55,135 - core.technical_stop_loss - INFO - 🔧 Stop Loss Inteligente usando configurações avançadas
2025-07-23 00:14:55,142 - core.analyzer - ERROR - Erro na análise técnica para BTC 15m: 'EnhancedTradingSignal' object has no attribute 'logger'
2025-07-23 00:14:55,161 - indicators.patterns - INFO - Padrões para BTC: 0 selecionados
2025-07-23 00:14:55,523 - core.technical_targets - INFO - 🎯 Targets Inteligentes usando configurações avançadas
2025-07-23 00:14:55,524 - core.technical_targets - ERROR - Erro no cálculo de targets inteligentes: 'TechnicalTargetsCalculator' object has no attribute 'config'
2025-07-23 00:14:55,524 - core.analyzer - WARNING - Sinal para BTC em 15m descartado: 'EnhancedTradingSignal' object has no attribute 'logger'
2025-07-23 00:14:55,524 - core.analyzer - INFO - ✓ BTC (2/8): 0 sinais em 1.0s
2025-07-23 00:14:55,626 - core.analyzer - INFO - Análise iniciada para: ENA
2025-07-23 00:14:56,085 - core.technical_targets - INFO - 🎯 Targets Inteligentes usando configurações avançadas
2025-07-23 00:14:56,085 - core.technical_targets - ERROR - Erro no cálculo de targets inteligentes: 'TechnicalTargetsCalculator' object has no attribute 'config'
2025-07-23 00:14:56,085 - core.analyzer - WARNING - Sinal para ENA em 5m descartado: 'EnhancedTradingSignal' object has no attribute 'logger'
2025-07-23 00:14:56,104 - indicators.patterns - INFO - Padrões para ENA: 0 selecionados
2025-07-23 00:14:56,469 - core.technical_targets - INFO - 🎯 Targets Inteligentes usando configurações avançadas
2025-07-23 00:14:56,469 - core.technical_targets - ERROR - Erro no cálculo de targets inteligentes: 'TechnicalTargetsCalculator' object has no attribute 'config'
2025-07-23 00:14:56,470 - core.analyzer - WARNING - Sinal para ENA em 15m descartado: 'EnhancedTradingSignal' object has no attribute 'logger'
2025-07-23 00:14:56,470 - core.analyzer - INFO - ✓ ENA (3/8): 0 sinais em 0.8s
2025-07-23 00:14:56,572 - core.analyzer - INFO - Análise iniciada para: ETH
2025-07-23 00:14:57,099 - core.technical_targets - INFO - 🎯 Targets Inteligentes usando configurações avançadas
2025-07-23 00:14:57,100 - core.technical_targets - ERROR - Erro no cálculo de targets inteligentes: 'TechnicalTargetsCalculator' object has no attribute 'config'
2025-07-23 00:14:57,100 - core.analyzer - WARNING - Sinal para ETH em 5m descartado: 'EnhancedTradingSignal' object has no attribute 'logger'
2025-07-23 00:14:57,110 - core.technical_stop_loss - INFO - 🔧 Stop Loss Inteligente usando configurações avançadas
2025-07-23 00:14:57,114 - core.analyzer - ERROR - Erro na análise técnica para ETH 15m: 'EnhancedTradingSignal' object has no attribute 'logger'
2025-07-23 00:14:57,135 - indicators.patterns - INFO - Padrões para ETH: 0 selecionados
2025-07-23 00:14:57,553 - core.technical_targets - INFO - 🎯 Targets Inteligentes usando configurações avançadas
2025-07-23 00:14:57,554 - core.technical_targets - ERROR - Erro no cálculo de targets inteligentes: 'TechnicalTargetsCalculator' object has no attribute 'config'
2025-07-23 00:14:57,554 - core.analyzer - WARNING - Sinal para ETH em 15m descartado: 'EnhancedTradingSignal' object has no attribute 'logger'
2025-07-23 00:14:57,555 - core.analyzer - INFO - ✓ ETH (4/8): 0 sinais em 1.0s
2025-07-23 00:14:57,657 - core.analyzer - INFO - Análise iniciada para: NEAR
2025-07-23 00:14:57,672 - core.technical_stop_loss - INFO - 🔧 Stop Loss Inteligente usando configurações avançadas
2025-07-23 00:14:57,678 - core.analyzer - ERROR - Erro na análise técnica para NEAR 5m: 'EnhancedTradingSignal' object has no attribute 'logger'
2025-07-23 00:14:58,269 - core.technical_targets - INFO - 🎯 Targets Inteligentes usando configurações avançadas
2025-07-23 00:14:58,270 - core.technical_targets - ERROR - Erro no cálculo de targets inteligentes: 'TechnicalTargetsCalculator' object has no attribute 'config'
2025-07-23 00:14:58,270 - core.analyzer - WARNING - Sinal para NEAR em 5m descartado: 'EnhancedTradingSignal' object has no attribute 'logger'
2025-07-23 00:14:58,301 - indicators.patterns - INFO - Padrões para NEAR: 0 selecionados
2025-07-23 00:14:58,805 - core.technical_targets - INFO - 🎯 Targets Inteligentes usando configurações avançadas
2025-07-23 00:14:58,806 - core.technical_targets - ERROR - Erro no cálculo de targets inteligentes: 'TechnicalTargetsCalculator' object has no attribute 'config'
2025-07-23 00:14:58,806 - core.analyzer - WARNING - Sinal para NEAR em 15m descartado: 'EnhancedTradingSignal' object has no attribute 'logger'
2025-07-23 00:14:58,806 - core.analyzer - INFO - ✓ NEAR (5/8): 0 sinais em 1.2s
2025-07-23 00:14:58,909 - core.analyzer - INFO - Análise iniciada para: SOL
2025-07-23 00:14:59,497 - core.technical_targets - INFO - 🎯 Targets Inteligentes usando configurações avançadas
2025-07-23 00:14:59,497 - core.technical_targets - ERROR - Erro no cálculo de targets inteligentes: 'TechnicalTargetsCalculator' object has no attribute 'config'
2025-07-23 00:14:59,498 - core.analyzer - WARNING - Sinal para SOL em 5m descartado: 'EnhancedTradingSignal' object has no attribute 'logger'
2025-07-23 00:14:59,517 - indicators.patterns - INFO - Padrões para SOL: 0 selecionados
2025-07-23 00:14:59,879 - core.technical_targets - INFO - 🎯 Targets Inteligentes usando configurações avançadas
2025-07-23 00:14:59,879 - core.technical_targets - ERROR - Erro no cálculo de targets inteligentes: 'TechnicalTargetsCalculator' object has no attribute 'config'
2025-07-23 00:14:59,879 - core.analyzer - WARNING - Sinal para SOL em 15m descartado: 'EnhancedTradingSignal' object has no attribute 'logger'
2025-07-23 00:14:59,880 - core.analyzer - INFO - ✓ SOL (6/8): 0 sinais em 1.0s
2025-07-23 00:14:59,981 - core.analyzer - INFO - Análise iniciada para: SUI
2025-07-23 00:15:00,765 - core.technical_targets - INFO - 🎯 Targets Inteligentes usando configurações avançadas
2025-07-23 00:15:00,766 - core.technical_targets - ERROR - Erro no cálculo de targets inteligentes: 'TechnicalTargetsCalculator' object has no attribute 'config'
2025-07-23 00:15:00,766 - core.analyzer - WARNING - Sinal para SUI em 5m descartado: 'EnhancedTradingSignal' object has no attribute 'logger'
2025-07-23 00:15:00,796 - indicators.patterns - INFO - Padrões para SUI: 0 selecionados
2025-07-23 00:15:01,366 - core.technical_targets - INFO - 🎯 Targets Inteligentes usando configurações avançadas
2025-07-23 00:15:01,366 - core.technical_targets - ERROR - Erro no cálculo de targets inteligentes: 'TechnicalTargetsCalculator' object has no attribute 'config'
2025-07-23 00:15:01,367 - core.analyzer - WARNING - Sinal para SUI em 15m descartado: 'EnhancedTradingSignal' object has no attribute 'logger'
2025-07-23 00:15:01,367 - core.analyzer - INFO - ✓ SUI (7/8): 0 sinais em 1.4s
2025-07-23 00:15:01,470 - core.analyzer - INFO - Análise iniciada para: IMX
2025-07-23 00:15:02,367 - core.technical_targets - INFO - 🎯 Targets Inteligentes usando configurações avançadas
2025-07-23 00:15:02,368 - core.technical_targets - ERROR - Erro no cálculo de targets inteligentes: 'TechnicalTargetsCalculator' object has no attribute 'config'
2025-07-23 00:15:02,369 - core.analyzer - WARNING - Sinal para IMX em 5m descartado: 'EnhancedTradingSignal' object has no attribute 'logger'
2025-07-23 00:15:02,379 - core.technical_stop_loss - INFO - 🔧 Stop Loss Inteligente usando configurações avançadas
2025-07-23 00:15:02,390 - core.analyzer - ERROR - Erro na análise técnica para IMX 15m: 'EnhancedTradingSignal' object has no attribute 'logger'
2025-07-23 00:15:02,413 - indicators.patterns - INFO - Padrões para IMX: 0 selecionados
2025-07-23 00:15:02,928 - core.technical_targets - INFO - 🎯 Targets Inteligentes usando configurações avançadas
2025-07-23 00:15:02,929 - core.technical_targets - ERROR - Erro no cálculo de targets inteligentes: 'TechnicalTargetsCalculator' object has no attribute 'config'
2025-07-23 00:15:02,929 - core.analyzer - WARNING - Sinal para IMX em 15m descartado: 'EnhancedTradingSignal' object has no attribute 'logger'
2025-07-23 00:15:02,929 - core.analyzer - INFO - ✓ IMX (8/8): 0 sinais em 1.5s
2025-07-23 00:15:03,030 - core.analyzer - INFO - ✅ Ciclo 1: 0 novos | 0 bloqueados | 0 erros | 9.7s
2025-07-23 00:15:03,031 - core.analyzer - INFO - ⏳ Aguardando 300s...
2025-07-23 00:18:41,401 - root - INFO - Iniciando Inicialização do analyzer...
2025-07-23 00:18:41,402 - root - INFO - Inicializando Trading Analyzer...
2025-07-23 00:18:41,402 - core.data_reader - INFO - DataReader inicializado (OTIMIZADO para 5m/15m).
2025-07-23 00:18:41,405 - core.signal_writer - INFO - EnhancedSignalWriter inicializado com integração técnica corrigida
2025-07-23 00:18:41,405 - indicators.patterns - INFO - PatternAnalyzer SIMPLIFICADO - APENAS Double Top/Bottom
2025-07-23 00:18:41,406 - indicators.patterns - INFO - HeadAndShouldersDetector DESABILITADO conforme configuração
2025-07-23 00:18:41,406 - indicators.patterns - INFO - CupAndHandleDetector DESABILITADO conforme configuração
2025-07-23 00:18:41,406 - indicators.patterns - INFO - PatternAnalyzer SIMPLIFICADO - APENAS Double Top/Bottom
2025-07-23 00:18:41,406 - indicators.patterns - INFO - HeadAndShouldersDetector DESABILITADO conforme configuração
2025-07-23 00:18:41,407 - indicators.patterns - INFO - CupAndHandleDetector DESABILITADO conforme configuração
2025-07-23 00:18:41,407 - core.analyzer - INFO - MultiTimeframeAnalyzer OTIMIZADO inicializado:
2025-07-23 00:18:41,407 - core.analyzer - INFO -   • Timeframes ativos: ['5m', '15m']
2025-07-23 00:18:41,408 - core.analyzer - INFO -   • Preferência: 5m absoluta
2025-07-23 00:18:41,408 - core.analyzer - INFO -   • Sinais únicos por crypto: ATIVO
2025-07-23 00:18:41,408 - core.analyzer - INFO -   • Limpeza automática: ATIVA
2025-07-23 00:18:41,408 - root - INFO - Trading Analyzer inicializado com sucesso
2025-07-23 00:18:41,409 - root - INFO - Inicialização do analyzer concluída em 0.0s
2025-07-23 00:18:41,409 - core.analyzer - INFO - 🚀 Iniciando análise contínua OTIMIZADA
2025-07-23 00:18:41,410 - core.analyzer - INFO - 🔍 Verificando símbolos com dados suficientes...
2025-07-23 00:18:41,410 - core.data_reader - INFO - Verificando 8 símbolos...
2025-07-23 00:18:41,851 - core.data_reader - INFO - ✅ Símbolos válidos: 8/8 - ['BNB', 'BTC', 'ENA', 'ETH', 'NEAR', 'SOL', 'SUI', 'IMX']
2025-07-23 00:18:41,851 - core.analyzer - INFO - ✅ Símbolos válidos: 8 - ['BNB', 'BTC', 'ENA', 'ETH', 'NEAR', 'SOL', 'SUI', 'IMX']
2025-07-23 00:18:41,852 - core.analyzer - INFO - ⏱️ Intervalo: 300s | Timeframes: APENAS 5m e 15m
2025-07-23 00:18:41,852 - core.analyzer - INFO - 🔄 Ciclo 1 iniciado
2025-07-23 00:18:41,856 - core.analyzer - INFO - Análise iniciada para: BNB
2025-07-23 00:18:42,606 - core.technical_targets - INFO - 🎯 Targets Inteligentes usando configurações avançadas
2025-07-23 00:18:42,614 - core.analyzer - INFO - 🎯 Sinal de 5m de alta qualidade encontrado para BNB, priorizando...
2025-07-23 00:18:42,634 - core.analyzer - INFO - ✅ SINAL VALIDADO: BNB | 5m | Bullish Engulfing | Score: 5/6 (83.3%)
2025-07-23 00:18:42,637 - core.signal_writer - ERROR - Erro ao fazer backup do sinal: table signal_backup_v2 has no column named targets_analysis
2025-07-23 00:18:42,639 - core.signal_writer - ERROR - ❌ Erro ao gravar sinal técnico integrado: table trading_signals_v2 has no column named targets_analysis
2025-07-23 00:18:42,640 - core.signal_writer - ERROR - Erro ao fazer backup do sinal: table signal_backup_v2 has no column named targets_analysis
2025-07-23 00:18:42,641 - core.analyzer - INFO - ✓ BNB (1/8): 0 sinais em 0.8s
2025-07-23 00:18:42,743 - core.analyzer - INFO - Análise iniciada para: BTC
2025-07-23 00:18:43,492 - core.technical_targets - INFO - 🎯 Targets Inteligentes usando configurações avançadas
2025-07-23 00:18:43,501 - core.signal_writer - WARNING - Stop loss LONG corrigido para BTC: 116615.5900
2025-07-23 00:18:43,502 - core.analyzer - INFO - 🎯 Sinal de 5m de alta qualidade encontrado para BTC, priorizando...
2025-07-23 00:18:43,508 - core.analyzer - INFO - ✅ SINAL VALIDADO: BTC | 5m | Bullish Engulfing | Score: 5/6 (83.3%)
2025-07-23 00:18:43,513 - core.signal_writer - ERROR - Erro ao fazer backup do sinal: table signal_backup_v2 has no column named targets_analysis
2025-07-23 00:18:43,515 - core.signal_writer - ERROR - ❌ Erro ao gravar sinal técnico integrado: table trading_signals_v2 has no column named targets_analysis
2025-07-23 00:18:43,517 - core.signal_writer - ERROR - Erro ao fazer backup do sinal: table signal_backup_v2 has no column named targets_analysis
2025-07-23 00:18:43,517 - core.analyzer - INFO - ✓ BTC (2/8): 0 sinais em 0.8s
2025-07-23 00:18:43,619 - core.analyzer - INFO - Análise iniciada para: ENA
2025-07-23 00:18:44,142 - core.technical_targets - INFO - 🎯 Targets Inteligentes usando configurações avançadas
2025-07-23 00:18:44,151 - core.signal_writer - WARNING - Stop loss LONG corrigido para ENA: 0.4805
2025-07-23 00:18:44,152 - core.analyzer - INFO - 🎯 Sinal de 5m de alta qualidade encontrado para ENA, priorizando...
2025-07-23 00:18:44,158 - core.analyzer - INFO - ✅ SINAL VALIDADO: ENA | 5m | Bullish Engulfing | Score: 5/6 (83.3%)
2025-07-23 00:18:44,163 - core.signal_writer - ERROR - Erro ao fazer backup do sinal: table signal_backup_v2 has no column named targets_analysis
2025-07-23 00:18:44,166 - core.signal_writer - ERROR - ❌ Erro ao gravar sinal técnico integrado: table trading_signals_v2 has no column named targets_analysis
2025-07-23 00:18:44,168 - core.signal_writer - ERROR - Erro ao fazer backup do sinal: table signal_backup_v2 has no column named targets_analysis
2025-07-23 00:18:44,169 - core.analyzer - INFO - ✓ ENA (3/8): 0 sinais em 0.6s
2025-07-23 00:18:44,271 - core.analyzer - INFO - Análise iniciada para: ETH
2025-07-23 00:18:44,812 - core.technical_targets - INFO - 🎯 Targets Inteligentes usando configurações avançadas
2025-07-23 00:18:44,818 - core.signal_writer - WARNING - Stop loss SHORT corrigido para ETH: 3811.6992
2025-07-23 00:18:44,818 - core.analyzer - INFO - 🎯 Sinal de 5m de alta qualidade encontrado para ETH, priorizando...
2025-07-23 00:18:44,824 - core.analyzer - INFO - ✅ SINAL VALIDADO: ETH | 5m | Bearish Engulfing | Score: 5/6 (83.3%)
2025-07-23 00:18:44,829 - core.signal_writer - ERROR - Erro ao fazer backup do sinal: table signal_backup_v2 has no column named targets_analysis
2025-07-23 00:18:44,831 - core.signal_writer - ERROR - ❌ Erro ao gravar sinal técnico integrado: table trading_signals_v2 has no column named targets_analysis
2025-07-23 00:18:44,833 - core.signal_writer - ERROR - Erro ao fazer backup do sinal: table signal_backup_v2 has no column named targets_analysis
2025-07-23 00:18:44,833 - core.analyzer - INFO - ✓ ETH (4/8): 0 sinais em 0.6s
2025-07-23 00:18:44,936 - core.analyzer - INFO - Análise iniciada para: NEAR
2025-07-23 00:18:45,616 - core.technical_targets - INFO - 🎯 Targets Inteligentes usando configurações avançadas
2025-07-23 00:18:45,623 - core.analyzer - INFO - 🎯 Sinal de 5m de alta qualidade encontrado para NEAR, priorizando...
2025-07-23 00:18:45,632 - core.analyzer - INFO - ✅ SINAL VALIDADO: NEAR | 5m | Bearish Engulfing | Score: 5/6 (83.3%)
2025-07-23 00:18:45,635 - core.signal_writer - ERROR - Erro ao fazer backup do sinal: table signal_backup_v2 has no column named targets_analysis
2025-07-23 00:18:45,636 - core.signal_writer - ERROR - ❌ Erro ao gravar sinal técnico integrado: table trading_signals_v2 has no column named targets_analysis
2025-07-23 00:18:45,638 - core.signal_writer - ERROR - Erro ao fazer backup do sinal: table signal_backup_v2 has no column named targets_analysis
2025-07-23 00:18:45,638 - core.analyzer - INFO - ✓ NEAR (5/8): 0 sinais em 0.7s
2025-07-23 00:18:45,740 - core.analyzer - INFO - Análise iniciada para: SOL
2025-07-23 00:18:45,761 - core.technical_stop_loss - INFO - 🔧 Stop Loss Inteligente usando configurações avançadas
2025-07-23 00:18:45,767 - core.technical_targets - INFO - 🎯 Targets Inteligentes usando configurações avançadas
2025-07-23 00:18:46,422 - core.technical_targets - INFO - 🎯 Targets Inteligentes usando configurações avançadas
2025-07-23 00:18:46,429 - core.analyzer - INFO - 🎯 Sinal de 5m de alta qualidade encontrado para SOL, priorizando...
2025-07-23 00:18:46,429 - core.analyzer - WARNING - 🚨 CONFLITO: SOL - 2 sinais
2025-07-23 00:18:46,430 - core.analyzer - INFO - ✅ PREFERÊNCIA 5m: SOL → Bearish Engulfing | Conf: 0.850
2025-07-23 00:18:46,430 - core.analyzer - WARNING - 🚨 Total de conflitos resolvidos com PREFERÊNCIA 5m: 1
2025-07-23 00:18:46,436 - core.analyzer - INFO - ✅ SINAL VALIDADO: SOL | 5m | Bearish Engulfing | Score: 5/6 (83.3%)
2025-07-23 00:18:46,438 - core.signal_writer - ERROR - Erro ao fazer backup do sinal: table signal_backup_v2 has no column named targets_analysis
2025-07-23 00:18:46,440 - core.signal_writer - ERROR - ❌ Erro ao gravar sinal técnico integrado: table trading_signals_v2 has no column named targets_analysis
2025-07-23 00:18:46,442 - core.signal_writer - ERROR - Erro ao fazer backup do sinal: table signal_backup_v2 has no column named targets_analysis
2025-07-23 00:18:46,442 - core.analyzer - INFO - ✓ SOL (6/8): 0 sinais em 0.7s
2025-07-23 00:18:46,546 - core.analyzer - INFO - Análise iniciada para: SUI
2025-07-23 00:18:46,775 - core.analyzer - INFO - 🛑 Análise interrompida pelo usuário
2025-07-23 00:19:15,246 - root - INFO - Iniciando Inicialização do analyzer...
2025-07-23 00:19:15,247 - root - INFO - Inicializando Trading Analyzer...
2025-07-23 00:19:15,247 - core.data_reader - INFO - DataReader inicializado (OTIMIZADO para 5m/15m).
2025-07-23 00:19:15,250 - core.signal_writer - INFO - EnhancedSignalWriter inicializado com integração técnica corrigida
2025-07-23 00:19:15,251 - indicators.patterns - INFO - PatternAnalyzer SIMPLIFICADO - APENAS Double Top/Bottom
2025-07-23 00:19:15,251 - indicators.patterns - INFO - HeadAndShouldersDetector DESABILITADO conforme configuração
2025-07-23 00:19:15,252 - indicators.patterns - INFO - CupAndHandleDetector DESABILITADO conforme configuração
2025-07-23 00:19:15,252 - indicators.patterns - INFO - PatternAnalyzer SIMPLIFICADO - APENAS Double Top/Bottom
2025-07-23 00:19:15,252 - indicators.patterns - INFO - HeadAndShouldersDetector DESABILITADO conforme configuração
2025-07-23 00:19:15,252 - indicators.patterns - INFO - CupAndHandleDetector DESABILITADO conforme configuração
2025-07-23 00:19:15,253 - core.analyzer - INFO - MultiTimeframeAnalyzer OTIMIZADO inicializado:
2025-07-23 00:19:15,253 - core.analyzer - INFO -   • Timeframes ativos: ['5m', '15m']
2025-07-23 00:19:15,253 - core.analyzer - INFO -   • Preferência: 5m absoluta
2025-07-23 00:19:15,253 - core.analyzer - INFO -   • Sinais únicos por crypto: ATIVO
2025-07-23 00:19:15,254 - core.analyzer - INFO -   • Limpeza automática: ATIVA
2025-07-23 00:19:15,254 - root - INFO - Trading Analyzer inicializado com sucesso
2025-07-23 00:19:15,254 - root - INFO - Inicialização do analyzer concluída em 0.0s
2025-07-23 00:19:15,255 - core.analyzer - INFO - 🚀 Iniciando análise contínua OTIMIZADA
2025-07-23 00:19:15,255 - core.analyzer - INFO - 🔍 Verificando símbolos com dados suficientes...
2025-07-23 00:19:15,255 - core.data_reader - INFO - Verificando 8 símbolos...
2025-07-23 00:19:15,701 - core.data_reader - INFO - ✅ Símbolos válidos: 8/8 - ['BNB', 'BTC', 'ENA', 'ETH', 'NEAR', 'SOL', 'SUI', 'IMX']
2025-07-23 00:19:15,702 - core.analyzer - INFO - ✅ Símbolos válidos: 8 - ['BNB', 'BTC', 'ENA', 'ETH', 'NEAR', 'SOL', 'SUI', 'IMX']
2025-07-23 00:19:15,702 - core.analyzer - INFO - ⏱️ Intervalo: 300s | Timeframes: APENAS 5m e 15m
2025-07-23 00:19:15,702 - core.analyzer - INFO - 🔄 Ciclo 1 iniciado
2025-07-23 00:19:15,704 - core.analyzer - INFO - Análise iniciada para: BNB
2025-07-23 00:19:16,321 - core.technical_targets - INFO - 🎯 Targets Inteligentes usando configurações avançadas
2025-07-23 00:19:16,333 - core.analyzer - INFO - 🎯 Sinal de 5m de alta qualidade encontrado para BNB, priorizando...
2025-07-23 00:19:16,364 - core.analyzer - INFO - ✅ SINAL VALIDADO: BNB | 5m | Bullish Engulfing | Score: 5/6 (83.3%)
2025-07-23 00:19:16,368 - core.signal_writer - ERROR - Erro ao fazer backup do sinal: table signal_backup_v2 has no column named targets_analysis
2025-07-23 00:19:16,370 - core.signal_writer - ERROR - ❌ Erro ao gravar sinal técnico integrado: table trading_signals_v2 has no column named targets_analysis
2025-07-23 00:19:16,372 - core.signal_writer - ERROR - Erro ao fazer backup do sinal: table signal_backup_v2 has no column named targets_analysis
2025-07-23 00:19:16,373 - core.analyzer - INFO - ✓ BNB (1/8): 0 sinais em 0.7s
2025-07-23 00:19:16,476 - core.analyzer - INFO - Análise iniciada para: BTC
2025-07-23 00:19:17,200 - core.technical_targets - INFO - 🎯 Targets Inteligentes usando configurações avançadas
2025-07-23 00:19:17,206 - core.signal_writer - WARNING - Stop loss LONG corrigido para BTC: 116615.5900
2025-07-23 00:19:17,207 - core.analyzer - INFO - 🎯 Sinal de 5m de alta qualidade encontrado para BTC, priorizando...
2025-07-23 00:19:17,216 - core.analyzer - INFO - ✅ SINAL VALIDADO: BTC | 5m | Bullish Engulfing | Score: 5/6 (83.3%)
2025-07-23 00:19:17,219 - core.signal_writer - ERROR - Erro ao fazer backup do sinal: table signal_backup_v2 has no column named targets_analysis
2025-07-23 00:19:17,221 - core.signal_writer - ERROR - ❌ Erro ao gravar sinal técnico integrado: table trading_signals_v2 has no column named targets_analysis
2025-07-23 00:19:17,223 - core.signal_writer - ERROR - Erro ao fazer backup do sinal: table signal_backup_v2 has no column named targets_analysis
2025-07-23 00:19:17,223 - core.analyzer - INFO - ✓ BTC (2/8): 0 sinais em 0.7s
2025-07-23 00:19:17,325 - core.analyzer - INFO - Análise iniciada para: ENA
2025-07-23 00:19:17,878 - core.technical_targets - INFO - 🎯 Targets Inteligentes usando configurações avançadas
2025-07-23 00:19:17,887 - core.signal_writer - WARNING - Stop loss LONG corrigido para ENA: 0.4805
2025-07-23 00:19:17,888 - core.analyzer - INFO - 🎯 Sinal de 5m de alta qualidade encontrado para ENA, priorizando...
2025-07-23 00:19:17,896 - core.analyzer - INFO - ✅ SINAL VALIDADO: ENA | 5m | Bullish Engulfing | Score: 5/6 (83.3%)
2025-07-23 00:19:17,900 - core.signal_writer - ERROR - Erro ao fazer backup do sinal: table signal_backup_v2 has no column named targets_analysis
2025-07-23 00:19:17,901 - core.signal_writer - ERROR - ❌ Erro ao gravar sinal técnico integrado: table trading_signals_v2 has no column named targets_analysis
2025-07-23 00:19:17,903 - core.signal_writer - ERROR - Erro ao fazer backup do sinal: table signal_backup_v2 has no column named targets_analysis
2025-07-23 00:19:17,903 - core.analyzer - INFO - ✓ ENA (3/8): 0 sinais em 0.6s
2025-07-23 00:19:18,006 - core.analyzer - INFO - Análise iniciada para: ETH
2025-07-23 00:19:18,507 - core.technical_targets - INFO - 🎯 Targets Inteligentes usando configurações avançadas
2025-07-23 00:19:18,517 - core.signal_writer - WARNING - Stop loss SHORT corrigido para ETH: 3811.6992
2025-07-23 00:19:18,517 - core.analyzer - INFO - 🎯 Sinal de 5m de alta qualidade encontrado para ETH, priorizando...
2025-07-23 00:19:18,536 - core.analyzer - INFO - ✅ SINAL VALIDADO: ETH | 5m | Bearish Engulfing | Score: 5/6 (83.3%)
2025-07-23 00:19:18,538 - core.signal_writer - ERROR - Erro ao fazer backup do sinal: table signal_backup_v2 has no column named targets_analysis
2025-07-23 00:19:18,540 - core.signal_writer - ERROR - ❌ Erro ao gravar sinal técnico integrado: table trading_signals_v2 has no column named targets_analysis
2025-07-23 00:19:18,542 - core.signal_writer - ERROR - Erro ao fazer backup do sinal: table signal_backup_v2 has no column named targets_analysis
2025-07-23 00:19:18,543 - core.analyzer - INFO - ✓ ETH (4/8): 0 sinais em 0.5s
2025-07-23 00:19:18,597 - core.analyzer - INFO - 🛑 Análise interrompida pelo usuário
2025-07-23 00:21:51,596 - root - INFO - Iniciando Inicialização do analyzer...
2025-07-23 00:21:51,596 - root - INFO - Inicializando Trading Analyzer...
2025-07-23 00:21:51,596 - core.data_reader - INFO - DataReader inicializado (OTIMIZADO para 5m/15m).
2025-07-23 00:21:51,599 - core.signal_writer - INFO - EnhancedSignalWriter inicializado com integração técnica corrigida
2025-07-23 00:21:51,599 - indicators.patterns - INFO - PatternAnalyzer SIMPLIFICADO - APENAS Double Top/Bottom
2025-07-23 00:21:51,600 - indicators.patterns - INFO - HeadAndShouldersDetector DESABILITADO conforme configuração
2025-07-23 00:21:51,600 - indicators.patterns - INFO - CupAndHandleDetector DESABILITADO conforme configuração
2025-07-23 00:21:51,600 - indicators.patterns - INFO - PatternAnalyzer SIMPLIFICADO - APENAS Double Top/Bottom
2025-07-23 00:21:51,600 - indicators.patterns - INFO - HeadAndShouldersDetector DESABILITADO conforme configuração
2025-07-23 00:21:51,601 - indicators.patterns - INFO - CupAndHandleDetector DESABILITADO conforme configuração
2025-07-23 00:21:51,601 - core.analyzer - INFO - MultiTimeframeAnalyzer OTIMIZADO inicializado:
2025-07-23 00:21:51,602 - core.analyzer - INFO -   • Timeframes ativos: ['5m', '15m']
2025-07-23 00:21:51,603 - core.analyzer - INFO -   • Preferência: 5m absoluta
2025-07-23 00:21:51,603 - core.analyzer - INFO -   • Sinais únicos por crypto: ATIVO
2025-07-23 00:21:51,603 - core.analyzer - INFO -   • Limpeza automática: ATIVA
2025-07-23 00:21:51,604 - root - INFO - Trading Analyzer inicializado com sucesso
2025-07-23 00:21:51,604 - root - INFO - Inicialização do analyzer concluída em 0.0s
2025-07-23 00:21:51,605 - core.analyzer - INFO - 🚀 Iniciando análise contínua OTIMIZADA
2025-07-23 00:21:51,605 - core.analyzer - INFO - 🔍 Verificando símbolos com dados suficientes...
2025-07-23 00:21:51,606 - core.data_reader - INFO - Verificando 8 símbolos...
2025-07-23 00:21:52,045 - core.data_reader - INFO - ✅ Símbolos válidos: 8/8 - ['BNB', 'BTC', 'ENA', 'ETH', 'NEAR', 'SOL', 'SUI', 'IMX']
2025-07-23 00:21:52,046 - core.analyzer - INFO - ✅ Símbolos válidos: 8 - ['BNB', 'BTC', 'ENA', 'ETH', 'NEAR', 'SOL', 'SUI', 'IMX']
2025-07-23 00:21:52,046 - core.analyzer - INFO - ⏱️ Intervalo: 300s | Timeframes: APENAS 5m e 15m
2025-07-23 00:21:52,046 - core.analyzer - INFO - 🔄 Ciclo 1 iniciado
2025-07-23 00:21:52,049 - core.analyzer - INFO - Análise iniciada para: BNB
2025-07-23 00:21:52,749 - core.technical_targets - INFO - 🎯 Targets Inteligentes usando configurações avançadas
2025-07-23 00:21:52,755 - core.analyzer - INFO - 🎯 Sinal de 5m de alta qualidade encontrado para BNB, priorizando...
2025-07-23 00:21:52,771 - core.analyzer - INFO - ✅ SINAL VALIDADO: BNB | 5m | Bullish Engulfing | Score: 5/6 (83.3%)
2025-07-23 00:21:52,774 - core.signal_writer - ERROR - Erro ao fazer backup do sinal: table signal_backup_v2 has no column named targets_analysis
2025-07-23 00:21:52,778 - core.signal_writer - INFO - ✅ SINAL TÉCNICO INTEGRADO: BNB 5m | Entry: 792.4300 | Stop: 768.7600 (3.0%) [Unknown] | T1: 795.7800 (0.4%) | T2: 797.4400 (0.6%) [Resistance_Levels]
2025-07-23 00:21:52,779 - core.analyzer - INFO - 🎯 SINAL ÚNICO APROVADO: BNB | 5m | Bullish Engulfing | BUY_LONG | Conf: 0.850
2025-07-23 00:21:52,779 - core.analyzer - INFO - 🎯 BNB (1/8): 1 sinais em 0.7s
2025-07-23 00:21:52,894 - core.analyzer - INFO - Análise iniciada para: BTC
2025-07-23 00:21:53,471 - core.technical_targets - INFO - 🎯 Targets Inteligentes usando configurações avançadas
2025-07-23 00:21:53,478 - core.signal_writer - WARNING - Stop loss LONG corrigido para BTC: 116602.3600
2025-07-23 00:21:53,478 - core.analyzer - INFO - 🎯 Sinal de 5m de alta qualidade encontrado para BTC, priorizando...
2025-07-23 00:21:53,486 - core.analyzer - INFO - ✅ SINAL VALIDADO: BTC | 5m | Bullish Engulfing | Score: 3/6 (50.0%)
2025-07-23 00:21:53,490 - core.signal_writer - ERROR - Erro ao fazer backup do sinal: table signal_backup_v2 has no column named targets_analysis
2025-07-23 00:21:53,493 - core.signal_writer - INFO - ✅ SINAL TÉCNICO INTEGRADO: BTC 5m | Entry: 118982.0000 | Stop: 116602.3600 (2.0%) [Unknown] | T1: 119168.3000 (0.2%) | T2: 119408.0000 (0.4%) [Resistance_Levels]
2025-07-23 00:21:53,493 - core.analyzer - INFO - 🎯 SINAL ÚNICO APROVADO: BTC | 5m | Bullish Engulfing | BUY_LONG | Conf: 0.850
2025-07-23 00:21:53,493 - core.analyzer - INFO - 🎯 BTC (2/8): 1 sinais em 0.6s
2025-07-23 00:21:53,606 - core.analyzer - INFO - Análise iniciada para: ENA
2025-07-23 00:21:54,065 - core.technical_targets - INFO - 🎯 Targets Inteligentes usando configurações avançadas
2025-07-23 00:21:54,071 - core.analyzer - INFO - 🎯 Sinal de 5m de alta qualidade encontrado para ENA, priorizando...
2025-07-23 00:21:54,079 - core.analyzer - INFO - ✅ SINAL VALIDADO: ENA | 5m | Bearish Engulfing | Score: 5/6 (83.3%)
2025-07-23 00:21:54,081 - core.signal_writer - ERROR - Erro ao fazer backup do sinal: table signal_backup_v2 has no column named targets_analysis
2025-07-23 00:21:54,084 - core.signal_writer - INFO - ✅ SINAL TÉCNICO INTEGRADO: ENA 5m | Entry: 0.4898 | Stop: 0.4994 (2.0%) [Unknown] | T1: 0.4889 (0.2%) | T2: 0.4882 (0.3%) [Market_Structure]
2025-07-23 00:21:54,084 - core.analyzer - INFO - 🎯 SINAL ÚNICO APROVADO: ENA | 5m | Bearish Engulfing | SELL_SHORT | Conf: 0.850
2025-07-23 00:21:54,085 - core.analyzer - INFO - 🎯 ENA (3/8): 1 sinais em 0.5s
2025-07-23 00:21:54,197 - core.analyzer - INFO - Análise iniciada para: ETH
2025-07-23 00:21:54,726 - core.technical_targets - INFO - 🎯 Targets Inteligentes usando configurações avançadas
2025-07-23 00:21:54,733 - core.signal_writer - WARNING - Stop loss SHORT corrigido para ETH: 3814.7184
2025-07-23 00:21:54,734 - core.analyzer - INFO - 🎯 Sinal de 5m de alta qualidade encontrado para ETH, priorizando...
2025-07-23 00:21:54,742 - core.analyzer - INFO - ✅ SINAL VALIDADO: ETH | 5m | Bearish Engulfing | Score: 5/6 (83.3%)
2025-07-23 00:21:54,745 - core.signal_writer - ERROR - Erro ao fazer backup do sinal: table signal_backup_v2 has no column named targets_analysis
2025-07-23 00:21:54,748 - core.signal_writer - INFO - ✅ SINAL TÉCNICO INTEGRADO: ETH 5m | Entry: 3739.9200 | Stop: 3814.7184 (2.0%) [Unknown] | T1: 3728.0000 (0.3%) | T2: 3721.6500 (0.5%) [Support_Levels]
2025-07-23 00:21:54,749 - core.analyzer - INFO - 🎯 SINAL ÚNICO APROVADO: ETH | 5m | Bearish Engulfing | SELL_SHORT | Conf: 0.850
2025-07-23 00:21:54,749 - core.analyzer - INFO - 🎯 ETH (4/8): 1 sinais em 0.6s
2025-07-23 00:21:54,861 - core.analyzer - INFO - Análise iniciada para: NEAR
2025-07-23 00:21:55,430 - core.technical_targets - INFO - 🎯 Targets Inteligentes usando configurações avançadas
2025-07-23 00:21:55,436 - core.signal_writer - WARNING - Stop loss SHORT corrigido para NEAR: 3.0569
2025-07-23 00:21:55,437 - core.analyzer - INFO - 🎯 Sinal de 5m de alta qualidade encontrado para NEAR, priorizando...
2025-07-23 00:21:55,445 - core.analyzer - INFO - ✅ SINAL VALIDADO: NEAR | 5m | Bearish Engulfing | Score: 5/6 (83.3%)
2025-07-23 00:21:55,448 - core.signal_writer - ERROR - Erro ao fazer backup do sinal: table signal_backup_v2 has no column named targets_analysis
2025-07-23 00:21:55,452 - core.signal_writer - INFO - ✅ SINAL TÉCNICO INTEGRADO: NEAR 5m | Entry: 2.9970 | Stop: 3.0569 (2.0%) [Unknown] | T1: 2.9800 (0.6%) | T2: 2.9790 (0.6%) [Support_Levels]
2025-07-23 00:21:55,453 - core.analyzer - INFO - 🎯 SINAL ÚNICO APROVADO: NEAR | 5m | Bearish Engulfing | SELL_SHORT | Conf: 0.850
2025-07-23 00:21:55,453 - core.analyzer - INFO - 🎯 NEAR (5/8): 1 sinais em 0.6s
2025-07-23 00:21:55,565 - core.analyzer - INFO - Análise iniciada para: SOL
2025-07-23 00:21:56,071 - core.technical_targets - INFO - 🎯 Targets Inteligentes usando configurações avançadas
2025-07-23 00:21:56,079 - core.analyzer - INFO - 🎯 Sinal de 5m de alta qualidade encontrado para SOL, priorizando...
2025-07-23 00:21:56,088 - core.analyzer - INFO - ✅ SINAL VALIDADO: SOL | 5m | Bearish Engulfing | Score: 5/6 (83.3%)
2025-07-23 00:21:56,092 - core.signal_writer - ERROR - Erro ao fazer backup do sinal: table signal_backup_v2 has no column named targets_analysis
2025-07-23 00:21:56,095 - core.signal_writer - INFO - ✅ SINAL TÉCNICO INTEGRADO: SOL 5m | Entry: 202.5200 | Stop: 203.0000 (0.2%) [Unknown] | T1: 202.2700 (0.1%) | T2: 201.8800 (0.3%) [Support_Levels]
2025-07-23 00:21:56,095 - core.analyzer - INFO - 🎯 SINAL ÚNICO APROVADO: SOL | 5m | Bearish Engulfing | SELL_SHORT | Conf: 0.850
2025-07-23 00:21:56,095 - core.analyzer - INFO - 🎯 SOL (6/8): 1 sinais em 0.5s
2025-07-23 00:21:56,207 - core.analyzer - INFO - Análise iniciada para: SUI
2025-07-23 00:21:56,595 - core.analyzer - INFO - 🛑 Análise interrompida pelo usuário
2025-07-23 00:22:31,010 - root - INFO - Iniciando Inicialização do analyzer...
2025-07-23 00:22:31,011 - root - INFO - Inicializando Trading Analyzer...
2025-07-23 00:22:31,011 - core.data_reader - INFO - DataReader inicializado (OTIMIZADO para 5m/15m).
2025-07-23 00:22:31,013 - core.signal_writer - INFO - EnhancedSignalWriter inicializado com integração técnica corrigida
2025-07-23 00:22:31,014 - indicators.patterns - INFO - PatternAnalyzer SIMPLIFICADO - APENAS Double Top/Bottom
2025-07-23 00:22:31,014 - indicators.patterns - INFO - HeadAndShouldersDetector DESABILITADO conforme configuração
2025-07-23 00:22:31,014 - indicators.patterns - INFO - CupAndHandleDetector DESABILITADO conforme configuração
2025-07-23 00:22:31,015 - indicators.patterns - INFO - PatternAnalyzer SIMPLIFICADO - APENAS Double Top/Bottom
2025-07-23 00:22:31,015 - indicators.patterns - INFO - HeadAndShouldersDetector DESABILITADO conforme configuração
2025-07-23 00:22:31,015 - indicators.patterns - INFO - CupAndHandleDetector DESABILITADO conforme configuração
2025-07-23 00:22:31,016 - core.analyzer - INFO - MultiTimeframeAnalyzer OTIMIZADO inicializado:
2025-07-23 00:22:31,016 - core.analyzer - INFO -   • Timeframes ativos: ['5m', '15m']
2025-07-23 00:22:31,016 - core.analyzer - INFO -   • Preferência: 5m absoluta
2025-07-23 00:22:31,017 - core.analyzer - INFO -   • Sinais únicos por crypto: ATIVO
2025-07-23 00:22:31,017 - core.analyzer - INFO -   • Limpeza automática: ATIVA
2025-07-23 00:22:31,017 - root - INFO - Trading Analyzer inicializado com sucesso
2025-07-23 00:22:31,018 - root - INFO - Inicialização do analyzer concluída em 0.0s
2025-07-23 00:22:31,019 - core.analyzer - INFO - 🚀 Iniciando análise contínua OTIMIZADA
2025-07-23 00:22:31,019 - core.analyzer - INFO - 🔍 Verificando símbolos com dados suficientes...
2025-07-23 00:22:31,019 - core.data_reader - INFO - Verificando 8 símbolos...
2025-07-23 00:22:31,452 - core.data_reader - INFO - ✅ Símbolos válidos: 8/8 - ['BNB', 'BTC', 'ENA', 'ETH', 'NEAR', 'SOL', 'SUI', 'IMX']
2025-07-23 00:22:31,452 - core.analyzer - INFO - ✅ Símbolos válidos: 8 - ['BNB', 'BTC', 'ENA', 'ETH', 'NEAR', 'SOL', 'SUI', 'IMX']
2025-07-23 00:22:31,452 - core.analyzer - INFO - ⏱️ Intervalo: 300s | Timeframes: APENAS 5m e 15m
2025-07-23 00:22:31,453 - core.analyzer - INFO - 🔄 Ciclo 1 iniciado
2025-07-23 00:22:31,456 - core.analyzer - INFO - 🚫 ANÁLISE BLOQUEADA para BNB: Já existe sinal ativo
2025-07-23 00:22:31,558 - core.analyzer - INFO - 🚫 ANÁLISE BLOQUEADA para BTC: Já existe sinal ativo
2025-07-23 00:22:31,659 - core.analyzer - INFO - Análise iniciada para: ENA
2025-07-23 00:22:32,164 - core.technical_targets - INFO - 🎯 Targets Inteligentes usando configurações avançadas
2025-07-23 00:22:32,172 - core.analyzer - INFO - 🎯 Sinal de 5m de alta qualidade encontrado para ENA, priorizando...
2025-07-23 00:22:32,192 - core.analyzer - INFO - ✅ SINAL VALIDADO: ENA | 5m | Bearish Engulfing | Score: 5/6 (83.3%)
2025-07-23 00:22:32,212 - core.signal_writer - INFO - ✅ SINAL TÉCNICO INTEGRADO: ENA 5m | Entry: 0.4898 | Stop: 0.4994 (2.0%) [Unknown] | T1: 0.4889 (0.2%) | T2: 0.4882 (0.3%) [Market_Structure]
2025-07-23 00:22:32,212 - core.analyzer - INFO - 🎯 SINAL ÚNICO APROVADO: ENA | 5m | Bearish Engulfing | SELL_SHORT | Conf: 0.850
2025-07-23 00:22:32,213 - core.analyzer - INFO - 🎯 ENA (3/8): 1 sinais em 0.6s
2025-07-23 00:22:32,325 - core.analyzer - INFO - 🚫 ANÁLISE BLOQUEADA para ETH: Já existe sinal ativo
2025-07-23 00:22:32,426 - core.analyzer - INFO - 🚫 ANÁLISE BLOQUEADA para NEAR: Já existe sinal ativo
2025-07-23 00:22:32,528 - core.analyzer - INFO - 🚫 ANÁLISE BLOQUEADA para SOL: Já existe sinal ativo
2025-07-23 00:22:32,630 - core.analyzer - INFO - Análise iniciada para: SUI
2025-07-23 00:22:33,190 - core.technical_targets - INFO - 🎯 Targets Inteligentes usando configurações avançadas
2025-07-23 00:22:33,196 - core.analyzer - INFO - 🎯 Sinal de 5m de alta qualidade encontrado para SUI, priorizando...
2025-07-23 00:22:33,204 - core.analyzer - INFO - ✅ SINAL VALIDADO: SUI | 5m | Bullish Engulfing | Score: 3/6 (50.0%)
2025-07-23 00:22:33,223 - core.signal_writer - INFO - ✅ SINAL TÉCNICO INTEGRADO: SUI 5m | Entry: 3.9668 | Stop: 3.9459 (0.5%) [Unknown] | T1: 3.9675 (0.0%) | T2: 3.9685 (0.0%) [Market_Structure]
2025-07-23 00:22:33,224 - core.analyzer - INFO - 🎯 SINAL ÚNICO APROVADO: SUI | 5m | Bullish Engulfing | BUY_LONG | Conf: 0.850
2025-07-23 00:22:33,224 - core.analyzer - INFO - 🎯 SUI (7/8): 1 sinais em 0.6s
2025-07-23 00:22:33,336 - core.analyzer - INFO - Análise iniciada para: IMX
2025-07-23 00:22:33,362 - core.technical_stop_loss - INFO - 🔧 Stop Loss Inteligente usando configurações avançadas
2025-07-23 00:22:33,372 - core.technical_targets - INFO - 🎯 Targets Inteligentes usando configurações avançadas
2025-07-23 00:22:33,854 - core.technical_targets - INFO - 🎯 Targets Inteligentes usando configurações avançadas
2025-07-23 00:22:33,862 - core.analyzer - INFO - 🎯 Sinal de 5m de alta qualidade encontrado para IMX, priorizando...
2025-07-23 00:22:33,862 - core.analyzer - WARNING - 🚨 CONFLITO: IMX - 2 sinais
2025-07-23 00:22:33,863 - core.analyzer - INFO - ✅ PREFERÊNCIA 5m: IMX → Bullish Engulfing | Conf: 0.850
2025-07-23 00:22:33,863 - core.analyzer - WARNING - 🚨 Total de conflitos resolvidos com PREFERÊNCIA 5m: 1
2025-07-23 00:22:33,873 - core.analyzer - INFO - ✅ SINAL VALIDADO: IMX | 5m | Bullish Engulfing | Score: 5/6 (83.3%)
2025-07-23 00:22:33,890 - core.signal_writer - INFO - ✅ SINAL TÉCNICO INTEGRADO: IMX 5m | Entry: 0.6311 | Stop: 0.6256 (0.9%) [Unknown] | T1: 0.6350 (0.6%) | T2: 0.6352 (0.6%) [Resistance_Levels]
2025-07-23 00:22:33,890 - core.analyzer - INFO - 🎯 SINAL ÚNICO APROVADO: IMX | 5m | Bullish Engulfing | BUY_LONG | Conf: 0.850
2025-07-23 00:22:33,891 - core.analyzer - INFO - 🎯 IMX (8/8): 1 sinais em 0.6s
2025-07-23 00:22:33,991 - core.analyzer - INFO - ✅ Ciclo 1: 3 novos | 5 bloqueados | 0 erros | 2.5s
2025-07-23 00:22:33,992 - core.analyzer - INFO - ⏳ Aguardando 300s...
2025-07-23 00:27:33,994 - core.analyzer - INFO - 🔄 Ciclo 2 iniciado
2025-07-23 00:27:33,996 - core.analyzer - INFO - 🚫 ANÁLISE BLOQUEADA para BNB: Já existe sinal ativo
2025-07-23 00:27:34,098 - core.analyzer - INFO - 🚫 ANÁLISE BLOQUEADA para BTC: Já existe sinal ativo
2025-07-23 00:27:34,201 - core.analyzer - INFO - Análise iniciada para: ENA
2025-07-23 00:27:34,707 - core.technical_targets - INFO - 🎯 Targets Inteligentes usando configurações avançadas
2025-07-23 00:27:34,714 - core.analyzer - INFO - 🎯 Sinal de 5m de alta qualidade encontrado para ENA, priorizando...
2025-07-23 00:27:34,721 - core.analyzer - INFO - ✅ SINAL VALIDADO: ENA | 5m | Bearish Engulfing | Score: 5/6 (83.3%)
2025-07-23 00:27:34,743 - core.signal_writer - INFO - ✅ SINAL TÉCNICO INTEGRADO: ENA 5m | Entry: 0.4898 | Stop: 0.4994 (2.0%) [Unknown] | T1: 0.4889 (0.2%) | T2: 0.4882 (0.3%) [Market_Structure]
2025-07-23 00:27:34,744 - core.analyzer - INFO - 🎯 SINAL ÚNICO APROVADO: ENA | 5m | Bearish Engulfing | SELL_SHORT | Conf: 0.850
2025-07-23 00:27:34,744 - core.analyzer - INFO - 🎯 ENA (3/8): 1 sinais em 0.5s
2025-07-23 00:27:34,859 - core.analyzer - INFO - 🚫 ANÁLISE BLOQUEADA para ETH: Já existe sinal ativo
2025-07-23 00:27:34,962 - core.analyzer - INFO - 🚫 ANÁLISE BLOQUEADA para NEAR: Já existe sinal ativo
2025-07-23 00:27:35,064 - core.analyzer - INFO - 🚫 ANÁLISE BLOQUEADA para SOL: Já existe sinal ativo
2025-07-23 00:27:35,167 - core.analyzer - INFO - 🚫 ANÁLISE BLOQUEADA para SUI: Já existe sinal ativo
2025-07-23 00:27:35,269 - core.analyzer - INFO - 🚫 ANÁLISE BLOQUEADA para IMX: Já existe sinal ativo
2025-07-23 00:27:35,370 - core.analyzer - INFO - ✅ Ciclo 2: 1 novos | 7 bloqueados | 0 erros | 1.4s
2025-07-23 00:27:35,371 - core.analyzer - INFO - ⏳ Aguardando 300s...
2025-07-23 00:32:35,373 - core.analyzer - INFO - 🔄 Ciclo 3 iniciado
2025-07-23 00:32:35,389 - core.analyzer - INFO - 🚫 ANÁLISE BLOQUEADA para BNB: Já existe sinal ativo
2025-07-23 00:32:35,492 - core.analyzer - INFO - 🚫 ANÁLISE BLOQUEADA para BTC: Já existe sinal ativo
2025-07-23 00:32:35,595 - core.analyzer - INFO - Análise iniciada para: ENA
2025-07-23 00:32:36,215 - core.technical_targets - INFO - 🎯 Targets Inteligentes usando configurações avançadas
2025-07-23 00:32:36,225 - core.analyzer - INFO - 🎯 Sinal de 5m de alta qualidade encontrado para ENA, priorizando...
2025-07-23 00:32:36,267 - core.analyzer - INFO - ✅ SINAL VALIDADO: ENA | 5m | Bearish Engulfing | Score: 5/6 (83.3%)
2025-07-23 00:32:36,290 - core.signal_writer - INFO - ✅ SINAL TÉCNICO INTEGRADO: ENA 5m | Entry: 0.4867 | Stop: 0.4994 (2.6%) [Unknown] | T1: 0.4864 (0.1%) | T2: 0.4859 (0.2%) [Market_Structure]
2025-07-23 00:32:36,290 - core.analyzer - INFO - 🎯 SINAL ÚNICO APROVADO: ENA | 5m | Bearish Engulfing | SELL_SHORT | Conf: 0.850
2025-07-23 00:32:36,290 - core.analyzer - INFO - 🎯 ENA (3/8): 1 sinais em 0.7s
2025-07-23 00:32:36,402 - core.analyzer - INFO - 🚫 ANÁLISE BLOQUEADA para ETH: Já existe sinal ativo
2025-07-23 00:32:36,505 - core.analyzer - INFO - 🚫 ANÁLISE BLOQUEADA para NEAR: Já existe sinal ativo
2025-07-23 00:32:36,607 - core.analyzer - INFO - Análise iniciada para: SOL
2025-07-23 00:32:37,382 - core.technical_targets - INFO - 🎯 Targets Inteligentes usando configurações avançadas
2025-07-23 00:32:37,391 - core.analyzer - INFO - 🎯 Sinal de 5m de alta qualidade encontrado para SOL, priorizando...
2025-07-23 00:32:37,410 - core.analyzer - INFO - ✅ SINAL VALIDADO: SOL | 5m | Bearish Engulfing | Score: 5/6 (83.3%)
2025-07-23 00:32:37,429 - core.signal_writer - INFO - ✅ SINAL TÉCNICO INTEGRADO: SOL 5m | Entry: 202.3000 | Stop: 203.2400 (0.5%) [Unknown] | T1: 202.2700 (0.0%) | T2: 201.8800 (0.2%) [Support_Levels]
2025-07-23 00:32:37,430 - core.analyzer - INFO - 🎯 SINAL ÚNICO APROVADO: SOL | 5m | Bearish Engulfing | SELL_SHORT | Conf: 0.850
2025-07-23 00:32:37,430 - core.analyzer - INFO - 🎯 SOL (6/8): 1 sinais em 0.8s
2025-07-23 00:32:37,542 - core.analyzer - INFO - 🚫 ANÁLISE BLOQUEADA para SUI: Já existe sinal ativo
2025-07-23 00:32:37,644 - core.analyzer - INFO - 🚫 ANÁLISE BLOQUEADA para IMX: Já existe sinal ativo
2025-07-23 00:32:37,745 - core.analyzer - INFO - ✅ Ciclo 3: 2 novos | 6 bloqueados | 0 erros | 2.4s
2025-07-23 00:32:37,745 - core.analyzer - INFO - ⏳ Aguardando 300s...
2025-07-23 00:37:37,748 - core.analyzer - INFO - 🔄 Ciclo 4 iniciado
2025-07-23 00:37:37,750 - core.analyzer - INFO - 🚫 ANÁLISE BLOQUEADA para BNB: Já existe sinal ativo
2025-07-23 00:37:37,852 - core.analyzer - INFO - 🚫 ANÁLISE BLOQUEADA para BTC: Já existe sinal ativo
2025-07-23 00:37:37,954 - core.analyzer - INFO - 🚫 ANÁLISE BLOQUEADA para ENA: Já existe sinal ativo
2025-07-23 00:37:38,057 - core.analyzer - INFO - 🚫 ANÁLISE BLOQUEADA para ETH: Já existe sinal ativo
2025-07-23 00:37:38,159 - core.analyzer - INFO - 🚫 ANÁLISE BLOQUEADA para NEAR: Já existe sinal ativo
2025-07-23 00:37:38,261 - core.analyzer - INFO - Análise iniciada para: SOL
2025-07-23 00:37:39,032 - core.technical_targets - INFO - 🎯 Targets Inteligentes usando configurações avançadas
2025-07-23 00:37:39,039 - core.analyzer - INFO - 🎯 Sinal de 5m de alta qualidade encontrado para SOL, priorizando...
2025-07-23 00:37:39,046 - core.analyzer - INFO - ✅ SINAL VALIDADO: SOL | 5m | Bearish Engulfing | Score: 5/6 (83.3%)
2025-07-23 00:37:39,063 - core.signal_writer - INFO - ✅ SINAL TÉCNICO INTEGRADO: SOL 5m | Entry: 202.0300 | Stop: 202.9400 (0.5%) [Unknown] | T1: 201.8800 (0.1%) | T2: 201.6800 (0.2%) [Support_Levels]
2025-07-23 00:37:39,063 - core.analyzer - INFO - 🎯 SINAL ÚNICO APROVADO: SOL | 5m | Bearish Engulfing | SELL_SHORT | Conf: 0.850
2025-07-23 00:37:39,063 - core.analyzer - INFO - 🎯 SOL (6/8): 1 sinais em 0.8s
2025-07-23 00:37:39,174 - core.analyzer - INFO - 🚫 ANÁLISE BLOQUEADA para SUI: Já existe sinal ativo
2025-07-23 00:37:39,276 - core.analyzer - INFO - 🚫 ANÁLISE BLOQUEADA para IMX: Já existe sinal ativo
2025-07-23 00:37:39,377 - core.analyzer - INFO - ✅ Ciclo 4: 1 novos | 7 bloqueados | 0 erros | 1.6s
2025-07-23 00:37:39,377 - core.analyzer - INFO - ⏳ Aguardando 300s...
2025-07-23 00:42:39,380 - core.analyzer - INFO - 🔄 Ciclo 5 iniciado
2025-07-23 00:42:39,382 - core.analyzer - INFO - 🚫 ANÁLISE BLOQUEADA para BNB: Já existe sinal ativo
2025-07-23 00:42:39,484 - core.analyzer - INFO - 🚫 ANÁLISE BLOQUEADA para BTC: Já existe sinal ativo
2025-07-23 00:42:39,586 - core.analyzer - INFO - 🚫 ANÁLISE BLOQUEADA para ENA: Já existe sinal ativo
2025-07-23 00:42:39,688 - core.analyzer - INFO - 🚫 ANÁLISE BLOQUEADA para ETH: Já existe sinal ativo
2025-07-23 00:42:39,791 - core.analyzer - INFO - 🚫 ANÁLISE BLOQUEADA para NEAR: Já existe sinal ativo
2025-07-23 00:42:39,893 - core.analyzer - INFO - 🚫 ANÁLISE BLOQUEADA para SOL: Já existe sinal ativo
2025-07-23 00:42:39,995 - core.analyzer - INFO - 🚫 ANÁLISE BLOQUEADA para SUI: Já existe sinal ativo
2025-07-23 00:42:40,098 - core.analyzer - INFO - 🚫 ANÁLISE BLOQUEADA para IMX: Já existe sinal ativo
2025-07-23 00:42:40,199 - core.analyzer - INFO - ✅ Ciclo 5: 0 novos | 8 bloqueados | 0 erros | 0.8s
2025-07-23 00:42:40,199 - core.analyzer - INFO - ⏳ Aguardando 300s...
2025-07-23 00:47:40,201 - core.analyzer - INFO - 🔄 Ciclo 6 iniciado
2025-07-23 00:47:40,203 - core.analyzer - INFO - 🚫 ANÁLISE BLOQUEADA para BNB: Já existe sinal ativo
2025-07-23 00:47:40,305 - core.analyzer - INFO - 🚫 ANÁLISE BLOQUEADA para BTC: Já existe sinal ativo
2025-07-23 00:47:40,407 - core.analyzer - INFO - 🚫 ANÁLISE BLOQUEADA para ENA: Já existe sinal ativo
2025-07-23 00:47:40,509 - core.analyzer - INFO - 🚫 ANÁLISE BLOQUEADA para ETH: Já existe sinal ativo
2025-07-23 00:47:40,611 - core.analyzer - INFO - 🚫 ANÁLISE BLOQUEADA para NEAR: Já existe sinal ativo
2025-07-23 00:47:40,713 - core.analyzer - INFO - 🚫 ANÁLISE BLOQUEADA para SOL: Já existe sinal ativo
2025-07-23 00:47:40,815 - core.analyzer - INFO - 🚫 ANÁLISE BLOQUEADA para SUI: Já existe sinal ativo
2025-07-23 00:47:40,918 - core.analyzer - INFO - 🚫 ANÁLISE BLOQUEADA para IMX: Já existe sinal ativo
2025-07-23 00:47:41,019 - core.analyzer - INFO - ✅ Ciclo 6: 0 novos | 8 bloqueados | 0 erros | 0.8s
2025-07-23 00:47:41,019 - core.analyzer - INFO - ⏳ Aguardando 300s...
2025-07-23 00:52:41,022 - core.analyzer - INFO - 🔄 Ciclo 7 iniciado
2025-07-23 00:52:41,024 - core.analyzer - INFO - Análise iniciada para: BNB
2025-07-23 00:52:41,587 - core.technical_targets - INFO - 🎯 Targets Inteligentes usando configurações avançadas
2025-07-23 00:52:41,594 - core.signal_writer - WARNING - Stop loss SHORT corrigido para BNB: 811.2570
2025-07-23 00:52:41,594 - core.analyzer - INFO - 🎯 Sinal de 5m de alta qualidade encontrado para BNB, priorizando...
2025-07-23 00:52:41,610 - core.analyzer - INFO - ✅ SINAL VALIDADO: BNB | 5m | Bearish Engulfing | Score: 5/6 (83.3%)
2025-07-23 00:52:41,631 - core.signal_writer - INFO - ✅ SINAL TÉCNICO INTEGRADO: BNB 5m | Entry: 795.3500 | Stop: 811.2570 (2.0%) [Unknown] | T1: 791.1600 (0.5%) | T2: 791.0700 (0.5%) [Support_Levels]
2025-07-23 00:52:41,632 - core.analyzer - INFO - 🎯 SINAL ÚNICO APROVADO: BNB | 5m | Bearish Engulfing | SELL_SHORT | Conf: 0.850
2025-07-23 00:52:41,632 - core.analyzer - INFO - 🎯 BNB (1/8): 1 sinais em 0.6s
2025-07-23 00:52:41,742 - core.analyzer - INFO - 🚫 ANÁLISE BLOQUEADA para BTC: Já existe sinal ativo
2025-07-23 00:52:41,844 - core.analyzer - INFO - 🚫 ANÁLISE BLOQUEADA para ENA: Já existe sinal ativo
2025-07-23 00:52:41,946 - core.analyzer - INFO - 🚫 ANÁLISE BLOQUEADA para ETH: Já existe sinal ativo
2025-07-23 00:52:42,048 - core.analyzer - INFO - 🚫 ANÁLISE BLOQUEADA para NEAR: Já existe sinal ativo
2025-07-23 00:52:42,150 - core.analyzer - INFO - 🚫 ANÁLISE BLOQUEADA para SOL: Já existe sinal ativo
2025-07-23 00:52:42,252 - core.analyzer - INFO - 🚫 ANÁLISE BLOQUEADA para SUI: Já existe sinal ativo
2025-07-23 00:52:42,363 - core.analyzer - INFO - 🚫 ANÁLISE BLOQUEADA para IMX: Já existe sinal ativo
2025-07-23 00:52:42,464 - core.analyzer - INFO - ✅ Ciclo 7: 1 novos | 7 bloqueados | 0 erros | 1.4s
2025-07-23 00:52:42,464 - core.analyzer - INFO - ⏳ Aguardando 300s...
2025-07-23 00:57:42,467 - core.analyzer - INFO - 🔄 Ciclo 8 iniciado
2025-07-23 00:57:42,469 - core.analyzer - INFO - 🚫 ANÁLISE BLOQUEADA para BNB: Já existe sinal ativo
2025-07-23 00:57:42,572 - core.analyzer - INFO - 🚫 ANÁLISE BLOQUEADA para BTC: Já existe sinal ativo
2025-07-23 00:57:42,674 - core.analyzer - INFO - 🚫 ANÁLISE BLOQUEADA para ENA: Já existe sinal ativo
2025-07-23 00:57:42,776 - core.analyzer - INFO - Análise iniciada para: ETH
2025-07-23 00:57:42,805 - core.technical_stop_loss - INFO - 🔧 Stop Loss Inteligente usando configurações avançadas
2025-07-23 00:57:42,810 - core.technical_targets - INFO - 🎯 Targets Inteligentes usando configurações avançadas
2025-07-23 00:57:43,317 - core.technical_targets - INFO - 🎯 Targets Inteligentes usando configurações avançadas
2025-07-23 00:57:43,324 - core.signal_writer - WARNING - Stop loss SHORT corrigido para ETH: 3809.3022
2025-07-23 00:57:43,325 - core.analyzer - INFO - 🎯 Sinal de 5m de alta qualidade encontrado para ETH, priorizando...
2025-07-23 00:57:43,325 - core.analyzer - WARNING - 🚨 CONFLITO: ETH - 2 sinais
2025-07-23 00:57:43,325 - core.analyzer - INFO - ✅ PREFERÊNCIA 5m: ETH → Bearish Engulfing | Conf: 0.850
2025-07-23 00:57:43,326 - core.analyzer - WARNING - 🚨 Total de conflitos resolvidos com PREFERÊNCIA 5m: 1
2025-07-23 00:57:43,334 - core.analyzer - INFO - ✅ SINAL VALIDADO: ETH | 5m | Bearish Engulfing | Score: 5/6 (83.3%)
2025-07-23 00:57:43,362 - core.signal_writer - INFO - ✅ SINAL TÉCNICO INTEGRADO: ETH 5m | Entry: 3734.6100 | Stop: 3809.3022 (2.0%) [Unknown] | T1: 3730.0000 (0.1%) | T2: 3721.6500 (0.3%) [Support_Levels]
2025-07-23 00:57:43,363 - core.analyzer - INFO - 🎯 SINAL ÚNICO APROVADO: ETH | 5m | Bearish Engulfing | SELL_SHORT | Conf: 0.850
2025-07-23 00:57:43,364 - core.analyzer - INFO - 🎯 ETH (4/8): 1 sinais em 0.6s
2025-07-23 00:57:43,474 - core.analyzer - INFO - 🚫 ANÁLISE BLOQUEADA para NEAR: Já existe sinal ativo
2025-07-23 00:57:43,577 - core.analyzer - INFO - Análise iniciada para: SOL
2025-07-23 00:57:43,594 - core.technical_stop_loss - INFO - 🔧 Stop Loss Inteligente usando configurações avançadas
2025-07-23 00:57:43,601 - core.technical_targets - INFO - 🎯 Targets Inteligentes usando configurações avançadas
2025-07-23 00:57:44,259 - core.technical_targets - INFO - 🎯 Targets Inteligentes usando configurações avançadas
2025-07-23 00:57:44,267 - core.analyzer - INFO - 🎯 Sinal de 5m de alta qualidade encontrado para SOL, priorizando...
2025-07-23 00:57:44,267 - core.analyzer - WARNING - 🚨 CONFLITO: SOL - 2 sinais
2025-07-23 00:57:44,268 - core.analyzer - INFO - ✅ PREFERÊNCIA 5m: SOL → Bullish Engulfing | Conf: 0.850
2025-07-23 00:57:44,268 - core.analyzer - WARNING - 🚨 Total de conflitos resolvidos com PREFERÊNCIA 5m: 1
2025-07-23 00:57:44,286 - core.analyzer - INFO - ✅ SINAL VALIDADO: SOL | 5m | Bullish Engulfing | Score: 5/6 (83.3%)
2025-07-23 00:57:44,307 - core.signal_writer - INFO - ✅ SINAL TÉCNICO INTEGRADO: SOL 5m | Entry: 201.5100 | Stop: 199.1600 (1.2%) [Unknown] | T1: 202.8300 (0.7%) | T2: 203.2700 (0.9%) [Resistance_Levels]
2025-07-23 00:57:44,307 - core.analyzer - INFO - 🎯 SINAL ÚNICO APROVADO: SOL | 5m | Bullish Engulfing | BUY_LONG | Conf: 0.850
2025-07-23 00:57:44,308 - core.analyzer - INFO - 🎯 SOL (6/8): 1 sinais em 0.7s
2025-07-23 00:57:44,420 - core.analyzer - INFO - Análise iniciada para: SUI
2025-07-23 00:57:45,109 - core.technical_targets - INFO - 🎯 Targets Inteligentes usando configurações avançadas
2025-07-23 00:57:45,117 - core.analyzer - INFO - 🎯 Sinal de 5m de alta qualidade encontrado para SUI, priorizando...
2025-07-23 00:57:45,124 - core.analyzer - INFO - ✅ SINAL VALIDADO: SUI | 5m | Bullish Engulfing | Score: 3/6 (50.0%)
2025-07-23 00:57:45,145 - core.signal_writer - INFO - ✅ SINAL TÉCNICO INTEGRADO: SUI 5m | Entry: 3.9435 | Stop: 3.9397 (0.1%) [Unknown] | T1: 3.9733 (0.8%) | T2: 3.9890 (1.2%) [Resistance_Levels]
2025-07-23 00:57:45,145 - core.analyzer - INFO - 🎯 SINAL ÚNICO APROVADO: SUI | 5m | Bullish Engulfing | BUY_LONG | Conf: 0.850
2025-07-23 00:57:45,146 - core.analyzer - INFO - 🎯 SUI (7/8): 1 sinais em 0.7s
2025-07-23 00:57:45,258 - core.analyzer - INFO - 🚫 ANÁLISE BLOQUEADA para IMX: Já existe sinal ativo
2025-07-23 00:57:45,359 - core.analyzer - INFO - ✅ Ciclo 8: 3 novos | 5 bloqueados | 0 erros | 2.9s
2025-07-23 00:57:45,359 - core.analyzer - INFO - ⏳ Aguardando 300s...
2025-07-23 00:59:15,442 - root - INFO - Iniciando Inicialização do analyzer...
2025-07-23 00:59:15,443 - root - INFO - Inicializando Trading Analyzer...
2025-07-23 00:59:15,443 - core.data_reader - INFO - DataReader inicializado (OTIMIZADO para 5m/15m).
2025-07-23 00:59:15,447 - core.signal_writer - INFO - EnhancedSignalWriter LÓGICA CORRIGIDA - 2 targets apenas
2025-07-23 00:59:15,447 - indicators.patterns - INFO - PatternAnalyzer SIMPLIFICADO - APENAS Double Top/Bottom
2025-07-23 00:59:15,448 - indicators.patterns - INFO - HeadAndShouldersDetector DESABILITADO conforme configuração
2025-07-23 00:59:15,448 - indicators.patterns - INFO - CupAndHandleDetector DESABILITADO conforme configuração
2025-07-23 00:59:15,448 - indicators.patterns - INFO - PatternAnalyzer SIMPLIFICADO - APENAS Double Top/Bottom
2025-07-23 00:59:15,448 - indicators.patterns - INFO - HeadAndShouldersDetector DESABILITADO conforme configuração
2025-07-23 00:59:15,449 - indicators.patterns - INFO - CupAndHandleDetector DESABILITADO conforme configuração
2025-07-23 00:59:15,449 - core.analyzer - INFO - MultiTimeframeAnalyzer OTIMIZADO inicializado:
2025-07-23 00:59:15,449 - core.analyzer - INFO -   • Timeframes ativos: ['5m', '15m']
2025-07-23 00:59:15,450 - core.analyzer - INFO -   • Preferência: 5m absoluta
2025-07-23 00:59:15,450 - core.analyzer - INFO -   • Sinais únicos por crypto: ATIVO
2025-07-23 00:59:15,450 - core.analyzer - INFO -   • Limpeza automática: ATIVA
2025-07-23 00:59:15,451 - root - INFO - Trading Analyzer inicializado com sucesso
2025-07-23 00:59:15,451 - root - INFO - Inicialização do analyzer concluída em 0.0s
2025-07-23 00:59:15,452 - core.analyzer - INFO - 🚀 Iniciando análise contínua OTIMIZADA
2025-07-23 00:59:15,452 - core.analyzer - INFO - 🔍 Verificando símbolos com dados suficientes...
2025-07-23 00:59:15,452 - core.data_reader - INFO - Verificando 8 símbolos...
2025-07-23 00:59:15,911 - core.data_reader - INFO - ✅ Símbolos válidos: 8/8 - ['BNB', 'BTC', 'ENA', 'ETH', 'NEAR', 'SOL', 'SUI', 'IMX']
2025-07-23 00:59:15,911 - core.analyzer - INFO - ✅ Símbolos válidos: 8 - ['BNB', 'BTC', 'ENA', 'ETH', 'NEAR', 'SOL', 'SUI', 'IMX']
2025-07-23 00:59:15,912 - core.analyzer - INFO - ⏱️ Intervalo: 300s | Timeframes: APENAS 5m e 15m
2025-07-23 00:59:15,912 - core.analyzer - INFO - 🔄 Ciclo 1 iniciado
2025-07-23 00:59:15,915 - core.signal_writer - INFO - 🚫 SINAL BLOQUEADOR para BNB: BNB_SELL_SHORT_1753241999999 | Status: ACTIVE | Targets: [False, False] | Motivo: ACTIVE (nenhum target atingido)
2025-07-23 00:59:15,916 - core.signal_writer - INFO - 🚫 SINAL BLOQUEADOR para BNB: BNB_BUY_LONG_1753240499999 | Status: TARGET_HIT | Targets: [True, False] | Motivo: TARGET_HIT parcial [true, false]
2025-07-23 00:59:15,916 - core.analyzer - INFO - 🚫 ANÁLISE BLOQUEADA para BNB: Já existe sinal ativo
2025-07-23 00:59:16,020 - core.signal_writer - INFO - 🚫 SINAL BLOQUEADOR para BTC: BTC_BUY_LONG_1753240499999 | Status: ACTIVE | Targets: [False, False] | Motivo: ACTIVE (nenhum target atingido)
2025-07-23 00:59:16,020 - core.analyzer - INFO - 🚫 ANÁLISE BLOQUEADA para BTC: Já existe sinal ativo
2025-07-23 00:59:16,122 - core.signal_writer - INFO - 🚫 SINAL BLOQUEADOR para ENA: ENA_SELL_SHORT_1753240799999 | Status: ACTIVE | Targets: [False, False] | Motivo: ACTIVE (nenhum target atingido)
2025-07-23 00:59:16,123 - core.analyzer - INFO - 🚫 ANÁLISE BLOQUEADA para ENA: Já existe sinal ativo
2025-07-23 00:59:16,225 - core.signal_writer - INFO - 🚫 SINAL BLOQUEADOR para ETH: ETH_SELL_SHORT_1753242599999 | Status: TARGET_HIT | Targets: [True, False] | Motivo: TARGET_HIT parcial [true, false]
2025-07-23 00:59:16,226 - core.signal_writer - INFO - 🚫 SINAL BLOQUEADOR para ETH: ETH_SELL_SHORT_1753240499999 | Status: TARGET_HIT | Targets: [True, False] | Motivo: TARGET_HIT parcial [true, false]
2025-07-23 00:59:16,226 - core.analyzer - INFO - 🚫 ANÁLISE BLOQUEADA para ETH: Já existe sinal ativo
2025-07-23 00:59:16,328 - core.signal_writer - INFO - 🚫 SINAL BLOQUEADOR para NEAR: NEAR_SELL_SHORT_1753240499999 | Status: ACTIVE | Targets: [False, False] | Motivo: ACTIVE (nenhum target atingido)
2025-07-23 00:59:16,329 - core.analyzer - INFO - 🚫 ANÁLISE BLOQUEADA para NEAR: Já existe sinal ativo
2025-07-23 00:59:16,430 - core.signal_writer - INFO - 🚫 SINAL BLOQUEADOR para SOL: SOL_BUY_LONG_1753242599999 | Status: ACTIVE | Targets: [False, False] | Motivo: ACTIVE (nenhum target atingido)
2025-07-23 00:59:16,431 - core.signal_writer - INFO - 🚫 SINAL BLOQUEADOR para SOL: SOL_SELL_SHORT_1753240799999 | Status: TARGET_HIT | Targets: [True, False] | Motivo: TARGET_HIT parcial [true, false]
2025-07-23 00:59:16,431 - core.signal_writer - INFO - 🚫 SINAL BLOQUEADOR para SOL: SOL_SELL_SHORT_1753240499999 | Status: TARGET_HIT | Targets: [True, False] | Motivo: TARGET_HIT parcial [true, false]
2025-07-23 00:59:16,431 - core.analyzer - INFO - 🚫 ANÁLISE BLOQUEADA para SOL: Já existe sinal ativo
2025-07-23 00:59:16,534 - core.analyzer - INFO - Análise iniciada para: SUI
2025-07-23 00:59:17,135 - core.technical_targets - INFO - 🎯 Targets Inteligentes usando configurações avançadas
2025-07-23 00:59:17,143 - core.analyzer - INFO - 🎯 Sinal de 5m de alta qualidade encontrado para SUI, priorizando...
2025-07-23 00:59:17,181 - core.analyzer - INFO - ✅ SINAL VALIDADO: SUI | 5m | Bullish Engulfing | Score: 3/6 (50.0%)
2025-07-23 00:59:17,200 - core.signal_writer - INFO - ✅ SINAL 2-TARGETS: SUI 5m | Entry: 3.9435 | Stop: 3.9397 (0.1%) [Unknown] | T1: 3.9733 (0.8%) | T2: 3.9890 (1.2%) [Resistance_Levels]
2025-07-23 00:59:17,200 - core.analyzer - INFO - 🎯 SINAL ÚNICO APROVADO: SUI | 5m | Bullish Engulfing | BUY_LONG | Conf: 0.850
2025-07-23 00:59:17,201 - core.analyzer - INFO - 🎯 SUI (7/8): 1 sinais em 0.7s
2025-07-23 00:59:17,312 - core.signal_writer - INFO - 🚫 SINAL BLOQUEADOR para IMX: IMX_BUY_LONG_1753240499999 | Status: ACTIVE | Targets: [False, False] | Motivo: ACTIVE (nenhum target atingido)
2025-07-23 00:59:17,313 - core.analyzer - INFO - 🚫 ANÁLISE BLOQUEADA para IMX: Já existe sinal ativo
2025-07-23 00:59:17,414 - core.analyzer - INFO - ✅ Ciclo 1: 1 novos | 7 bloqueados | 0 erros | 1.5s
2025-07-23 00:59:17,414 - core.analyzer - INFO - ⏳ Aguardando 300s...
2025-07-23 01:04:17,417 - core.analyzer - INFO - 🔄 Ciclo 2 iniciado
2025-07-23 01:04:17,419 - core.signal_writer - INFO - 🚫 SINAL BLOQUEADOR para BNB: BNB_SELL_SHORT_1753241999999 | Status: ACTIVE | Targets: [False, False] | Motivo: ACTIVE (nenhum target atingido)
2025-07-23 01:04:17,419 - core.signal_writer - INFO - 🚫 SINAL BLOQUEADOR para BNB: BNB_BUY_LONG_1753240499999 | Status: TARGET_HIT | Targets: [True, False] | Motivo: TARGET_HIT parcial [true, false]
2025-07-23 01:04:17,420 - core.analyzer - INFO - 🚫 ANÁLISE BLOQUEADA para BNB: Já existe sinal ativo
2025-07-23 01:04:17,522 - core.signal_writer - INFO - 🚫 SINAL BLOQUEADOR para BTC: BTC_BUY_LONG_1753240499999 | Status: ACTIVE | Targets: [False, False] | Motivo: ACTIVE (nenhum target atingido)
2025-07-23 01:04:17,522 - core.analyzer - INFO - 🚫 ANÁLISE BLOQUEADA para BTC: Já existe sinal ativo
2025-07-23 01:04:17,624 - core.signal_writer - INFO - 🚫 SINAL BLOQUEADOR para ENA: ENA_SELL_SHORT_1753240799999 | Status: ACTIVE | Targets: [False, False] | Motivo: ACTIVE (nenhum target atingido)
2025-07-23 01:04:17,624 - core.analyzer - INFO - 🚫 ANÁLISE BLOQUEADA para ENA: Já existe sinal ativo
2025-07-23 01:04:17,728 - core.signal_writer - INFO - 🚫 SINAL BLOQUEADOR para ETH: ETH_SELL_SHORT_1753242599999 | Status: TARGET_HIT | Targets: [True, False] | Motivo: TARGET_HIT parcial [true, false]
2025-07-23 01:04:17,730 - core.signal_writer - INFO - 🚫 SINAL BLOQUEADOR para ETH: ETH_SELL_SHORT_1753240499999 | Status: TARGET_HIT | Targets: [True, False] | Motivo: TARGET_HIT parcial [true, false]
2025-07-23 01:04:17,732 - core.analyzer - INFO - 🚫 ANÁLISE BLOQUEADA para ETH: Já existe sinal ativo
2025-07-23 01:04:17,836 - core.signal_writer - INFO - 🚫 SINAL BLOQUEADOR para NEAR: NEAR_SELL_SHORT_1753240499999 | Status: ACTIVE | Targets: [False, False] | Motivo: ACTIVE (nenhum target atingido)
2025-07-23 01:04:17,837 - core.analyzer - INFO - 🚫 ANÁLISE BLOQUEADA para NEAR: Já existe sinal ativo
2025-07-23 01:04:17,939 - core.signal_writer - INFO - 🚫 SINAL BLOQUEADOR para SOL: SOL_BUY_LONG_1753242599999 | Status: ACTIVE | Targets: [False, False] | Motivo: ACTIVE (nenhum target atingido)
2025-07-23 01:04:17,939 - core.signal_writer - INFO - 🚫 SINAL BLOQUEADOR para SOL: SOL_SELL_SHORT_1753240799999 | Status: TARGET_HIT | Targets: [True, False] | Motivo: TARGET_HIT parcial [true, false]
2025-07-23 01:04:17,940 - core.signal_writer - INFO - 🚫 SINAL BLOQUEADOR para SOL: SOL_SELL_SHORT_1753240499999 | Status: TARGET_HIT | Targets: [True, False] | Motivo: TARGET_HIT parcial [true, false]
2025-07-23 01:04:17,940 - core.analyzer - INFO - 🚫 ANÁLISE BLOQUEADA para SOL: Já existe sinal ativo
2025-07-23 01:04:18,042 - core.analyzer - INFO - Análise iniciada para: SUI
2025-07-23 01:04:18,697 - core.technical_targets - INFO - 🎯 Targets Inteligentes usando configurações avançadas
2025-07-23 01:04:18,704 - core.analyzer - INFO - 🎯 Sinal de 5m de alta qualidade encontrado para SUI, priorizando...
2025-07-23 01:04:18,712 - core.analyzer - INFO - ✅ SINAL VALIDADO: SUI | 5m | Bearish Engulfing | Score: 5/6 (83.3%)
2025-07-23 01:04:18,730 - core.signal_writer - INFO - ✅ SINAL 2-TARGETS: SUI 5m | Entry: 3.9387 | Stop: 3.9922 (1.4%) [Unknown] | T1: 3.9384 (0.0%) | T2: 3.9364 (0.1%) [Market_Structure]
2025-07-23 01:04:18,730 - core.analyzer - INFO - 🎯 SINAL ÚNICO APROVADO: SUI | 5m | Bearish Engulfing | SELL_SHORT | Conf: 0.850
2025-07-23 01:04:18,731 - core.analyzer - INFO - 🎯 SUI (7/8): 1 sinais em 0.7s
2025-07-23 01:04:18,841 - core.signal_writer - INFO - 🚫 SINAL BLOQUEADOR para IMX: IMX_BUY_LONG_1753240499999 | Status: ACTIVE | Targets: [False, False] | Motivo: ACTIVE (nenhum target atingido)
2025-07-23 01:04:18,841 - core.analyzer - INFO - 🚫 ANÁLISE BLOQUEADA para IMX: Já existe sinal ativo
2025-07-23 01:04:18,942 - core.analyzer - INFO - ✅ Ciclo 2: 1 novos | 7 bloqueados | 0 erros | 1.5s
2025-07-23 01:04:18,942 - core.analyzer - INFO - ⏳ Aguardando 300s...
2025-07-23 01:07:33,571 - root - INFO - Iniciando Inicialização do analyzer...
2025-07-23 01:07:33,571 - root - INFO - Inicializando Trading Analyzer...
2025-07-23 01:07:33,572 - core.data_reader - INFO - DataReader inicializado (OTIMIZADO para 5m/15m).
2025-07-23 01:07:33,575 - core.signal_writer - INFO - EnhancedSignalWriter LÓGICA CORRIGIDA - 2 targets apenas
2025-07-23 01:07:33,575 - indicators.patterns - INFO - PatternAnalyzer SIMPLIFICADO - APENAS Double Top/Bottom
2025-07-23 01:07:33,576 - indicators.patterns - INFO - HeadAndShouldersDetector DESABILITADO conforme configuração
2025-07-23 01:07:33,576 - indicators.patterns - INFO - CupAndHandleDetector DESABILITADO conforme configuração
2025-07-23 01:07:33,577 - indicators.patterns - INFO - PatternAnalyzer SIMPLIFICADO - APENAS Double Top/Bottom
2025-07-23 01:07:33,577 - indicators.patterns - INFO - HeadAndShouldersDetector DESABILITADO conforme configuração
2025-07-23 01:07:33,578 - indicators.patterns - INFO - CupAndHandleDetector DESABILITADO conforme configuração
2025-07-23 01:07:33,578 - core.analyzer - INFO - MultiTimeframeAnalyzer OTIMIZADO inicializado:
2025-07-23 01:07:33,579 - core.analyzer - INFO -   • Timeframes ativos: ['5m', '15m']
2025-07-23 01:07:33,579 - core.analyzer - INFO -   • Preferência: 5m absoluta
2025-07-23 01:07:33,580 - core.analyzer - INFO -   • Sinais únicos por crypto: ATIVO
2025-07-23 01:07:33,580 - core.analyzer - INFO -   • Limpeza automática: ATIVA
2025-07-23 01:07:33,580 - root - INFO - Trading Analyzer inicializado com sucesso
2025-07-23 01:07:33,581 - root - INFO - Inicialização do analyzer concluída em 0.0s
2025-07-23 01:07:33,581 - core.analyzer - INFO - 🚀 Iniciando análise contínua OTIMIZADA
2025-07-23 01:07:33,581 - core.analyzer - INFO - 🔍 Verificando símbolos com dados suficientes...
2025-07-23 01:07:33,582 - core.data_reader - INFO - Verificando 8 símbolos...
2025-07-23 01:07:34,012 - core.data_reader - INFO - ✅ Símbolos válidos: 8/8 - ['BNB', 'BTC', 'ENA', 'ETH', 'NEAR', 'SOL', 'SUI', 'IMX']
2025-07-23 01:07:34,013 - core.analyzer - INFO - ✅ Símbolos válidos: 8 - ['BNB', 'BTC', 'ENA', 'ETH', 'NEAR', 'SOL', 'SUI', 'IMX']
2025-07-23 01:07:34,013 - core.analyzer - INFO - ⏱️ Intervalo: 300s | Timeframes: APENAS 5m e 15m
2025-07-23 01:07:34,013 - core.analyzer - INFO - 🔄 Ciclo 1 iniciado
2025-07-23 01:07:34,015 - core.signal_writer - INFO - 🚫 SINAL BLOQUEADOR para BNB: BNB_SELL_SHORT_1753241999999 | Status: ACTIVE | Targets: [False, False] | Motivo: ACTIVE (nenhum target atingido)
2025-07-23 01:07:34,016 - core.signal_writer - INFO - 🚫 SINAL BLOQUEADOR para BNB: BNB_BUY_LONG_1753240499999 | Status: TARGET_HIT | Targets: [True, False] | Motivo: TARGET_HIT parcial [true, false]
2025-07-23 01:07:34,016 - core.analyzer - INFO - 🚫 ANÁLISE BLOQUEADA para BNB: Já existe sinal ativo
2025-07-23 01:07:34,119 - core.signal_writer - INFO - 🚫 SINAL BLOQUEADOR para BTC: BTC_BUY_LONG_1753240499999 | Status: ACTIVE | Targets: [False, False] | Motivo: ACTIVE (nenhum target atingido)
2025-07-23 01:07:34,119 - core.analyzer - INFO - 🚫 ANÁLISE BLOQUEADA para BTC: Já existe sinal ativo
2025-07-23 01:07:34,221 - core.signal_writer - INFO - 🚫 SINAL BLOQUEADOR para ENA: ENA_SELL_SHORT_1753240799999 | Status: ACTIVE | Targets: [False, False] | Motivo: ACTIVE (nenhum target atingido)
2025-07-23 01:07:34,221 - core.analyzer - INFO - 🚫 ANÁLISE BLOQUEADA para ENA: Já existe sinal ativo
2025-07-23 01:07:34,324 - core.signal_writer - INFO - 🚫 SINAL BLOQUEADOR para ETH: ETH_SELL_SHORT_1753242599999 | Status: TARGET_HIT | Targets: [True, False] | Motivo: TARGET_HIT parcial [true, false]
2025-07-23 01:07:34,324 - core.signal_writer - INFO - 🚫 SINAL BLOQUEADOR para ETH: ETH_SELL_SHORT_1753240499999 | Status: TARGET_HIT | Targets: [True, False] | Motivo: TARGET_HIT parcial [true, false]
2025-07-23 01:07:34,324 - core.analyzer - INFO - 🚫 ANÁLISE BLOQUEADA para ETH: Já existe sinal ativo
2025-07-23 01:07:34,427 - core.signal_writer - INFO - 🚫 SINAL BLOQUEADOR para NEAR: NEAR_SELL_SHORT_1753240499999 | Status: ACTIVE | Targets: [False, False] | Motivo: ACTIVE (nenhum target atingido)
2025-07-23 01:07:34,428 - core.analyzer - INFO - 🚫 ANÁLISE BLOQUEADA para NEAR: Já existe sinal ativo
2025-07-23 01:07:34,530 - core.signal_writer - INFO - 🚫 SINAL BLOQUEADOR para SOL: SOL_BUY_LONG_1753242599999 | Status: ACTIVE | Targets: [False, False] | Motivo: ACTIVE (nenhum target atingido)
2025-07-23 01:07:34,530 - core.signal_writer - INFO - 🚫 SINAL BLOQUEADOR para SOL: SOL_SELL_SHORT_1753240799999 | Status: TARGET_HIT | Targets: [True, False] | Motivo: TARGET_HIT parcial [true, false]
2025-07-23 01:07:34,530 - core.signal_writer - INFO - 🚫 SINAL BLOQUEADOR para SOL: SOL_SELL_SHORT_1753240499999 | Status: TARGET_HIT | Targets: [True, False] | Motivo: TARGET_HIT parcial [true, false]
2025-07-23 01:07:34,531 - core.analyzer - INFO - 🚫 ANÁLISE BLOQUEADA para SOL: Já existe sinal ativo
2025-07-23 01:07:34,633 - core.signal_writer - INFO - 🚫 SINAL BLOQUEADOR para SUI: SUI_SELL_SHORT_1753242899999 | Status: ACTIVE | Targets: [False, False] | Motivo: ACTIVE (nenhum target atingido)
2025-07-23 01:07:34,633 - core.analyzer - INFO - 🚫 ANÁLISE BLOQUEADA para SUI: Já existe sinal ativo
2025-07-23 01:07:34,735 - core.signal_writer - INFO - 🚫 SINAL BLOQUEADOR para IMX: IMX_BUY_LONG_1753240499999 | Status: ACTIVE | Targets: [False, False] | Motivo: ACTIVE (nenhum target atingido)
2025-07-23 01:07:34,735 - core.analyzer - INFO - 🚫 ANÁLISE BLOQUEADA para IMX: Já existe sinal ativo
2025-07-23 01:07:34,836 - core.analyzer - INFO - ✅ Ciclo 1: 0 novos | 8 bloqueados | 0 erros | 0.8s
2025-07-23 01:07:34,837 - core.analyzer - INFO - ⏳ Aguardando 300s...
2025-07-23 01:12:34,839 - core.analyzer - INFO - 🔄 Ciclo 2 iniciado
2025-07-23 01:12:34,840 - core.signal_writer - INFO - 🚫 SINAL BLOQUEADOR para BNB: BNB_SELL_SHORT_1753241999999 | Status: ACTIVE | Targets: [False, False] | Motivo: ACTIVE (nenhum target atingido)
2025-07-23 01:12:34,841 - core.signal_writer - INFO - 🚫 SINAL BLOQUEADOR para BNB: BNB_BUY_LONG_1753240499999 | Status: TARGET_HIT | Targets: [True, False] | Motivo: TARGET_HIT parcial [true, false]
2025-07-23 01:12:34,841 - core.analyzer - INFO - 🚫 ANÁLISE BLOQUEADA para BNB: Já existe sinal ativo
2025-07-23 01:12:34,942 - core.signal_writer - INFO - 🚫 SINAL BLOQUEADOR para BTC: BTC_BUY_LONG_1753240499999 | Status: ACTIVE | Targets: [False, False] | Motivo: ACTIVE (nenhum target atingido)
2025-07-23 01:12:34,943 - core.analyzer - INFO - 🚫 ANÁLISE BLOQUEADA para BTC: Já existe sinal ativo
2025-07-23 01:12:35,044 - core.signal_writer - INFO - 🚫 SINAL BLOQUEADOR para ENA: ENA_SELL_SHORT_1753240799999 | Status: ACTIVE | Targets: [False, False] | Motivo: ACTIVE (nenhum target atingido)
2025-07-23 01:12:35,045 - core.analyzer - INFO - 🚫 ANÁLISE BLOQUEADA para ENA: Já existe sinal ativo
2025-07-23 01:12:35,147 - core.signal_writer - INFO - 🚫 SINAL BLOQUEADOR para ETH: ETH_SELL_SHORT_1753242599999 | Status: TARGET_HIT | Targets: [True, False] | Motivo: TARGET_HIT parcial [true, false]
2025-07-23 01:12:35,147 - core.signal_writer - INFO - 🚫 SINAL BLOQUEADOR para ETH: ETH_SELL_SHORT_1753240499999 | Status: TARGET_HIT | Targets: [True, False] | Motivo: TARGET_HIT parcial [true, false]
2025-07-23 01:12:35,147 - core.analyzer - INFO - 🚫 ANÁLISE BLOQUEADA para ETH: Já existe sinal ativo
2025-07-23 01:12:35,249 - core.signal_writer - INFO - 🚫 SINAL BLOQUEADOR para NEAR: NEAR_SELL_SHORT_1753240499999 | Status: ACTIVE | Targets: [False, False] | Motivo: ACTIVE (nenhum target atingido)
2025-07-23 01:12:35,250 - core.analyzer - INFO - 🚫 ANÁLISE BLOQUEADA para NEAR: Já existe sinal ativo
2025-07-23 01:12:35,351 - core.signal_writer - INFO - 🚫 SINAL BLOQUEADOR para SOL: SOL_BUY_LONG_1753242599999 | Status: ACTIVE | Targets: [False, False] | Motivo: ACTIVE (nenhum target atingido)
2025-07-23 01:12:35,351 - core.signal_writer - INFO - 🚫 SINAL BLOQUEADOR para SOL: SOL_SELL_SHORT_1753240799999 | Status: TARGET_HIT | Targets: [True, False] | Motivo: TARGET_HIT parcial [true, false]
2025-07-23 01:12:35,352 - core.signal_writer - INFO - 🚫 SINAL BLOQUEADOR para SOL: SOL_SELL_SHORT_1753240499999 | Status: TARGET_HIT | Targets: [True, False] | Motivo: TARGET_HIT parcial [true, false]
2025-07-23 01:12:35,352 - core.analyzer - INFO - 🚫 ANÁLISE BLOQUEADA para SOL: Já existe sinal ativo
2025-07-23 01:12:35,454 - core.signal_writer - INFO - 🚫 SINAL BLOQUEADOR para SUI: SUI_SELL_SHORT_1753242899999 | Status: ACTIVE | Targets: [False, False] | Motivo: ACTIVE (nenhum target atingido)
2025-07-23 01:12:35,454 - core.analyzer - INFO - 🚫 ANÁLISE BLOQUEADA para SUI: Já existe sinal ativo
2025-07-23 01:12:35,556 - core.signal_writer - INFO - 🚫 SINAL BLOQUEADOR para IMX: IMX_BUY_LONG_1753240499999 | Status: ACTIVE | Targets: [False, False] | Motivo: ACTIVE (nenhum target atingido)
2025-07-23 01:12:35,556 - core.analyzer - INFO - 🚫 ANÁLISE BLOQUEADA para IMX: Já existe sinal ativo
2025-07-23 01:12:35,657 - core.analyzer - INFO - ✅ Ciclo 2: 0 novos | 8 bloqueados | 0 erros | 0.8s
2025-07-23 01:12:35,657 - core.analyzer - INFO - ⏳ Aguardando 300s...
2025-07-23 01:17:35,660 - core.analyzer - INFO - 🔄 Ciclo 3 iniciado
2025-07-23 01:17:35,675 - core.signal_writer - INFO - 🚫 SINAL BLOQUEADOR para BNB: BNB_SELL_SHORT_1753241999999 | Status: ACTIVE | Targets: [False, False] | Motivo: ACTIVE (nenhum target atingido)
2025-07-23 01:17:35,676 - core.signal_writer - INFO - 🚫 SINAL BLOQUEADOR para BNB: BNB_BUY_LONG_1753240499999 | Status: TARGET_HIT | Targets: [True, False] | Motivo: TARGET_HIT parcial [true, false]
2025-07-23 01:17:35,676 - core.analyzer - INFO - 🚫 ANÁLISE BLOQUEADA para BNB: Já existe sinal ativo
2025-07-23 01:17:35,778 - core.signal_writer - INFO - 🚫 SINAL BLOQUEADOR para BTC: BTC_BUY_LONG_1753240499999 | Status: ACTIVE | Targets: [False, False] | Motivo: ACTIVE (nenhum target atingido)
2025-07-23 01:17:35,778 - core.analyzer - INFO - 🚫 ANÁLISE BLOQUEADA para BTC: Já existe sinal ativo
2025-07-23 01:17:35,880 - core.signal_writer - INFO - 🚫 SINAL BLOQUEADOR para ENA: ENA_SELL_SHORT_1753240799999 | Status: ACTIVE | Targets: [False, False] | Motivo: ACTIVE (nenhum target atingido)
2025-07-23 01:17:35,880 - core.analyzer - INFO - 🚫 ANÁLISE BLOQUEADA para ENA: Já existe sinal ativo
2025-07-23 01:17:35,982 - core.signal_writer - INFO - 🚫 SINAL BLOQUEADOR para ETH: ETH_SELL_SHORT_1753242599999 | Status: TARGET_HIT | Targets: [True, False] | Motivo: TARGET_HIT parcial [true, false]
2025-07-23 01:17:35,982 - core.signal_writer - INFO - 🚫 SINAL BLOQUEADOR para ETH: ETH_SELL_SHORT_1753240499999 | Status: TARGET_HIT | Targets: [True, False] | Motivo: TARGET_HIT parcial [true, false]
2025-07-23 01:17:35,982 - core.analyzer - INFO - 🚫 ANÁLISE BLOQUEADA para ETH: Já existe sinal ativo
2025-07-23 01:17:36,084 - core.signal_writer - INFO - 🚫 SINAL BLOQUEADOR para NEAR: NEAR_SELL_SHORT_1753240499999 | Status: ACTIVE | Targets: [False, False] | Motivo: ACTIVE (nenhum target atingido)
2025-07-23 01:17:36,084 - core.analyzer - INFO - 🚫 ANÁLISE BLOQUEADA para NEAR: Já existe sinal ativo
2025-07-23 01:17:36,186 - core.signal_writer - INFO - 🚫 SINAL BLOQUEADOR para SOL: SOL_BUY_LONG_1753242599999 | Status: ACTIVE | Targets: [False, False] | Motivo: ACTIVE (nenhum target atingido)
2025-07-23 01:17:36,186 - core.signal_writer - INFO - 🚫 SINAL BLOQUEADOR para SOL: SOL_SELL_SHORT_1753240799999 | Status: TARGET_HIT | Targets: [True, False] | Motivo: TARGET_HIT parcial [true, false]
2025-07-23 01:17:36,186 - core.signal_writer - INFO - 🚫 SINAL BLOQUEADOR para SOL: SOL_SELL_SHORT_1753240499999 | Status: TARGET_HIT | Targets: [True, False] | Motivo: TARGET_HIT parcial [true, false]
2025-07-23 01:17:36,186 - core.analyzer - INFO - 🚫 ANÁLISE BLOQUEADA para SOL: Já existe sinal ativo
2025-07-23 01:17:36,288 - core.signal_writer - INFO - 🚫 SINAL BLOQUEADOR para SUI: SUI_SELL_SHORT_1753242899999 | Status: ACTIVE | Targets: [False, False] | Motivo: ACTIVE (nenhum target atingido)
2025-07-23 01:17:36,288 - core.analyzer - INFO - 🚫 ANÁLISE BLOQUEADA para SUI: Já existe sinal ativo
2025-07-23 01:17:36,390 - core.signal_writer - INFO - 🚫 SINAL BLOQUEADOR para IMX: IMX_BUY_LONG_1753240499999 | Status: ACTIVE | Targets: [False, False] | Motivo: ACTIVE (nenhum target atingido)
2025-07-23 01:17:36,391 - core.analyzer - INFO - 🚫 ANÁLISE BLOQUEADA para IMX: Já existe sinal ativo
2025-07-23 01:17:36,491 - core.analyzer - INFO - ✅ Ciclo 3: 0 novos | 8 bloqueados | 0 erros | 0.8s
2025-07-23 01:17:36,491 - core.analyzer - INFO - ⏳ Aguardando 300s...
2025-07-23 01:22:36,493 - core.analyzer - INFO - 🔄 Ciclo 4 iniciado
2025-07-23 01:22:36,496 - core.signal_writer - INFO - 🚫 SINAL BLOQUEADOR para BNB: BNB_SELL_SHORT_1753241999999 | Status: ACTIVE | Targets: [False, False] | Motivo: ACTIVE (nenhum target atingido)
2025-07-23 01:22:36,500 - core.signal_writer - INFO - 🚫 SINAL BLOQUEADOR para BNB: BNB_BUY_LONG_1753240499999 | Status: TARGET_HIT | Targets: [True, False] | Motivo: TARGET_HIT parcial [true, false]
2025-07-23 01:22:36,501 - core.analyzer - INFO - 🚫 ANÁLISE BLOQUEADA para BNB: Já existe sinal ativo
2025-07-23 01:22:36,604 - core.signal_writer - INFO - 🚫 SINAL BLOQUEADOR para BTC: BTC_BUY_LONG_1753240499999 | Status: ACTIVE | Targets: [False, False] | Motivo: ACTIVE (nenhum target atingido)
2025-07-23 01:22:36,605 - core.analyzer - INFO - 🚫 ANÁLISE BLOQUEADA para BTC: Já existe sinal ativo
2025-07-23 01:22:36,707 - core.signal_writer - INFO - 🚫 SINAL BLOQUEADOR para ENA: ENA_SELL_SHORT_1753240799999 | Status: ACTIVE | Targets: [False, False] | Motivo: ACTIVE (nenhum target atingido)
2025-07-23 01:22:36,708 - core.analyzer - INFO - 🚫 ANÁLISE BLOQUEADA para ENA: Já existe sinal ativo
2025-07-23 01:22:36,810 - core.signal_writer - INFO - 🚫 SINAL BLOQUEADOR para ETH: ETH_SELL_SHORT_1753242599999 | Status: TARGET_HIT | Targets: [True, False] | Motivo: TARGET_HIT parcial [true, false]
2025-07-23 01:22:36,810 - core.signal_writer - INFO - 🚫 SINAL BLOQUEADOR para ETH: ETH_SELL_SHORT_1753240499999 | Status: TARGET_HIT | Targets: [True, False] | Motivo: TARGET_HIT parcial [true, false]
2025-07-23 01:22:36,810 - core.analyzer - INFO - 🚫 ANÁLISE BLOQUEADA para ETH: Já existe sinal ativo
2025-07-23 01:22:36,912 - core.signal_writer - INFO - 🚫 SINAL BLOQUEADOR para NEAR: NEAR_SELL_SHORT_1753240499999 | Status: ACTIVE | Targets: [False, False] | Motivo: ACTIVE (nenhum target atingido)
2025-07-23 01:22:36,913 - core.analyzer - INFO - 🚫 ANÁLISE BLOQUEADA para NEAR: Já existe sinal ativo
2025-07-23 01:22:37,015 - core.signal_writer - INFO - 🚫 SINAL BLOQUEADOR para SOL: SOL_BUY_LONG_1753242599999 | Status: ACTIVE | Targets: [False, False] | Motivo: ACTIVE (nenhum target atingido)
2025-07-23 01:22:37,016 - core.signal_writer - INFO - 🚫 SINAL BLOQUEADOR para SOL: SOL_SELL_SHORT_1753240799999 | Status: TARGET_HIT | Targets: [True, False] | Motivo: TARGET_HIT parcial [true, false]
2025-07-23 01:22:37,016 - core.signal_writer - INFO - 🚫 SINAL BLOQUEADOR para SOL: SOL_SELL_SHORT_1753240499999 | Status: TARGET_HIT | Targets: [True, False] | Motivo: TARGET_HIT parcial [true, false]
2025-07-23 01:22:37,016 - core.analyzer - INFO - 🚫 ANÁLISE BLOQUEADA para SOL: Já existe sinal ativo
2025-07-23 01:22:37,118 - core.signal_writer - INFO - 🚫 SINAL BLOQUEADOR para SUI: SUI_SELL_SHORT_1753242899999 | Status: ACTIVE | Targets: [False, False] | Motivo: ACTIVE (nenhum target atingido)
2025-07-23 01:22:37,118 - core.analyzer - INFO - 🚫 ANÁLISE BLOQUEADA para SUI: Já existe sinal ativo
2025-07-23 01:22:37,220 - core.signal_writer - INFO - 🚫 SINAL BLOQUEADOR para IMX: IMX_BUY_LONG_1753240499999 | Status: ACTIVE | Targets: [False, False] | Motivo: ACTIVE (nenhum target atingido)
2025-07-23 01:22:37,220 - core.analyzer - INFO - 🚫 ANÁLISE BLOQUEADA para IMX: Já existe sinal ativo
2025-07-23 01:22:37,321 - core.analyzer - INFO - ✅ Ciclo 4: 0 novos | 8 bloqueados | 0 erros | 0.8s
2025-07-23 01:22:37,321 - core.analyzer - INFO - ⏳ Aguardando 300s...
2025-07-23 01:23:17,553 - root - INFO - Iniciando Inicialização do analyzer...
2025-07-23 01:23:17,554 - root - INFO - Inicializando Trading Analyzer...
2025-07-23 01:23:17,554 - core.data_reader - INFO - DataReader inicializado (OTIMIZADO para 5m/15m).
2025-07-23 01:23:17,556 - core.signal_writer - INFO - EnhancedSignalWriter LÓGICA CORRIGIDA - 2 targets apenas
2025-07-23 01:23:17,556 - indicators.patterns - INFO - PatternAnalyzer SIMPLIFICADO - APENAS Double Top/Bottom
2025-07-23 01:23:17,557 - indicators.patterns - INFO - HeadAndShouldersDetector DESABILITADO conforme configuração
2025-07-23 01:23:17,557 - indicators.patterns - INFO - CupAndHandleDetector DESABILITADO conforme configuração
2025-07-23 01:23:17,557 - indicators.patterns - INFO - PatternAnalyzer SIMPLIFICADO - APENAS Double Top/Bottom
2025-07-23 01:23:17,557 - indicators.patterns - INFO - HeadAndShouldersDetector DESABILITADO conforme configuração
2025-07-23 01:23:17,558 - indicators.patterns - INFO - CupAndHandleDetector DESABILITADO conforme configuração
2025-07-23 01:23:17,558 - core.analyzer - INFO - 🔊 Sistema APRIMORADO de validação de volume ativado
2025-07-23 01:23:17,558 - core.analyzer - INFO - MultiTimeframeAnalyzer OTIMIZADO inicializado:
2025-07-23 01:23:17,558 - core.analyzer - INFO -   • Timeframes ativos: ['5m', '15m']
2025-07-23 01:23:17,558 - core.analyzer - INFO -   • Preferência: 5m absoluta
2025-07-23 01:23:17,559 - core.analyzer - INFO -   • Sinais únicos por crypto: ATIVO
2025-07-23 01:23:17,559 - core.analyzer - INFO -   • Validação de volume: ENHANCED
2025-07-23 01:23:17,559 - core.analyzer - INFO -   • Limpeza automática: ATIVA
2025-07-23 01:23:17,560 - root - INFO - Trading Analyzer inicializado com sucesso
2025-07-23 01:23:17,560 - root - INFO - Inicialização do analyzer concluída em 0.0s
2025-07-23 01:23:17,560 - core.analyzer - INFO - 🚀 Iniciando análise contínua OTIMIZADA
2025-07-23 01:23:17,561 - core.analyzer - INFO - 🔍 Verificando símbolos com dados suficientes...
2025-07-23 01:23:17,561 - core.data_reader - INFO - Verificando 8 símbolos...
2025-07-23 01:23:17,987 - core.data_reader - INFO - ✅ Símbolos válidos: 8/8 - ['BNB', 'BTC', 'ENA', 'ETH', 'NEAR', 'SOL', 'SUI', 'IMX']
2025-07-23 01:23:17,987 - core.analyzer - INFO - ✅ Símbolos válidos: 8 - ['BNB', 'BTC', 'ENA', 'ETH', 'NEAR', 'SOL', 'SUI', 'IMX']
2025-07-23 01:23:17,987 - core.analyzer - INFO - ⏱️ Intervalo: 300s | Timeframes: APENAS 5m e 15m
2025-07-23 01:23:17,988 - core.analyzer - INFO - 🔄 Ciclo 1 iniciado
2025-07-23 01:23:17,990 - core.signal_writer - INFO - 🚫 SINAL BLOQUEADOR para BNB: BNB_SELL_SHORT_1753241999999 | Status: ACTIVE | Targets: [False, False] | Motivo: ACTIVE (nenhum target atingido)
2025-07-23 01:23:17,991 - core.signal_writer - INFO - 🚫 SINAL BLOQUEADOR para BNB: BNB_BUY_LONG_1753240499999 | Status: TARGET_HIT | Targets: [True, False] | Motivo: TARGET_HIT parcial [true, false]
2025-07-23 01:23:17,991 - core.analyzer - INFO - 🚫 ANÁLISE BLOQUEADA para BNB: Já existe sinal ativo
2025-07-23 01:23:18,093 - core.signal_writer - INFO - 🚫 SINAL BLOQUEADOR para BTC: BTC_BUY_LONG_1753240499999 | Status: ACTIVE | Targets: [False, False] | Motivo: ACTIVE (nenhum target atingido)
2025-07-23 01:23:18,093 - core.analyzer - INFO - 🚫 ANÁLISE BLOQUEADA para BTC: Já existe sinal ativo
2025-07-23 01:23:18,195 - core.signal_writer - INFO - 🚫 SINAL BLOQUEADOR para ENA: ENA_SELL_SHORT_1753240799999 | Status: ACTIVE | Targets: [False, False] | Motivo: ACTIVE (nenhum target atingido)
2025-07-23 01:23:18,195 - core.analyzer - INFO - 🚫 ANÁLISE BLOQUEADA para ENA: Já existe sinal ativo
2025-07-23 01:23:18,298 - core.signal_writer - INFO - 🚫 SINAL BLOQUEADOR para ETH: ETH_SELL_SHORT_1753242599999 | Status: TARGET_HIT | Targets: [True, False] | Motivo: TARGET_HIT parcial [true, false]
2025-07-23 01:23:18,298 - core.signal_writer - INFO - 🚫 SINAL BLOQUEADOR para ETH: ETH_SELL_SHORT_1753240499999 | Status: TARGET_HIT | Targets: [True, False] | Motivo: TARGET_HIT parcial [true, false]
2025-07-23 01:23:18,299 - core.analyzer - INFO - 🚫 ANÁLISE BLOQUEADA para ETH: Já existe sinal ativo
2025-07-23 01:23:18,400 - core.signal_writer - INFO - 🚫 SINAL BLOQUEADOR para NEAR: NEAR_SELL_SHORT_1753240499999 | Status: ACTIVE | Targets: [False, False] | Motivo: ACTIVE (nenhum target atingido)
2025-07-23 01:23:18,401 - core.analyzer - INFO - 🚫 ANÁLISE BLOQUEADA para NEAR: Já existe sinal ativo
2025-07-23 01:23:18,502 - core.signal_writer - INFO - 🚫 SINAL BLOQUEADOR para SOL: SOL_BUY_LONG_1753242599999 | Status: ACTIVE | Targets: [False, False] | Motivo: ACTIVE (nenhum target atingido)
2025-07-23 01:23:18,503 - core.signal_writer - INFO - 🚫 SINAL BLOQUEADOR para SOL: SOL_SELL_SHORT_1753240799999 | Status: TARGET_HIT | Targets: [True, False] | Motivo: TARGET_HIT parcial [true, false]
2025-07-23 01:23:18,503 - core.signal_writer - INFO - 🚫 SINAL BLOQUEADOR para SOL: SOL_SELL_SHORT_1753240499999 | Status: TARGET_HIT | Targets: [True, False] | Motivo: TARGET_HIT parcial [true, false]
2025-07-23 01:23:18,503 - core.analyzer - INFO - 🚫 ANÁLISE BLOQUEADA para SOL: Já existe sinal ativo
2025-07-23 01:23:18,605 - core.signal_writer - INFO - 🚫 SINAL BLOQUEADOR para SUI: SUI_SELL_SHORT_1753242899999 | Status: ACTIVE | Targets: [False, False] | Motivo: ACTIVE (nenhum target atingido)
2025-07-23 01:23:18,605 - core.analyzer - INFO - 🚫 ANÁLISE BLOQUEADA para SUI: Já existe sinal ativo
2025-07-23 01:23:18,707 - core.signal_writer - INFO - 🚫 SINAL BLOQUEADOR para IMX: IMX_BUY_LONG_1753240499999 | Status: ACTIVE | Targets: [False, False] | Motivo: ACTIVE (nenhum target atingido)
2025-07-23 01:23:18,708 - core.analyzer - INFO - 🚫 ANÁLISE BLOQUEADA para IMX: Já existe sinal ativo
2025-07-23 01:23:18,808 - core.analyzer - INFO - ✅ Ciclo 1: 0 novos | 8 bloqueados | 0 erros | 0.8s
2025-07-23 01:23:18,809 - core.analyzer - INFO - ⏳ Aguardando 300s...
2025-07-23 01:28:18,811 - core.analyzer - INFO - 🔄 Ciclo 2 iniciado
2025-07-23 01:28:18,813 - core.analyzer - INFO - Análise iniciada para: BNB
2025-07-23 01:28:19,326 - core.technical_targets - INFO - 🎯 Targets Inteligentes usando configurações avançadas
2025-07-23 01:28:19,332 - core.signal_writer - WARNING - Stop loss SHORT corrigido para BNB: 813.0726
2025-07-23 01:28:19,332 - core.analyzer - INFO - 🎯 Sinal de 5m de alta qualidade encontrado para BNB, priorizando...
2025-07-23 01:28:19,348 - config.volume_validation_config - INFO - 🔊 VOLUME BNB 5m: ❌ REJEITADO | Ratio: 0.94 (thresh: 1.39) | Conf: 95.0% | Vol: low_volatility | Trend: increasing
2025-07-23 01:28:19,349 - core.analyzer - WARNING - ❌ SINAL REJEITADO: BNB | 5m | Bearish Engulfing | Score: 1/6 (16.7%) < 50.0%
2025-07-23 01:28:19,350 - core.analyzer - INFO - ✓ BNB (1/8): 0 sinais em 0.5s
2025-07-23 01:28:19,452 - core.analyzer - INFO - Análise iniciada para: BTC
2025-07-23 01:28:19,967 - core.technical_targets - INFO - 🎯 Targets Inteligentes usando configurações avançadas
2025-07-23 01:28:19,977 - core.signal_writer - WARNING - Stop loss LONG corrigido para BTC: 116468.5900
2025-07-23 01:28:19,977 - core.analyzer - INFO - 🎯 Sinal de 5m de alta qualidade encontrado para BTC, priorizando...
2025-07-23 01:28:19,988 - config.volume_validation_config - INFO - 🔊 VOLUME BTC 5m: ❌ REJEITADO | Ratio: 1.03 (thresh: 1.14) | Conf: 100.0% | Vol: low_volatility | Trend: increasing
2025-07-23 01:28:19,988 - core.analyzer - INFO - ✅ SINAL VALIDADO: BTC | 5m | Bullish Engulfing | Score: 3/6 (50.0%)
2025-07-23 01:28:20,029 - core.signal_writer - INFO - ✅ SINAL 2-TARGETS: BTC 5m | Entry: 118845.5000 | Stop: 116468.5900 (2.0%) [Unknown] | T1: 118970.9000 (0.1%) | T2: 119168.3000 (0.3%) [Resistance_Levels]
2025-07-23 01:28:20,029 - core.analyzer - INFO - 🎯 SINAL ÚNICO APROVADO: BTC | 5m | Bullish Engulfing | BUY_LONG | Conf: 0.850
2025-07-23 01:28:20,029 - core.analyzer - INFO - 🎯 BTC (2/8): 1 sinais em 0.6s
2025-07-23 01:28:20,139 - core.analyzer - INFO - Análise iniciada para: ENA
2025-07-23 01:28:20,621 - core.technical_targets - INFO - 🎯 Targets Inteligentes usando configurações avançadas
2025-07-23 01:28:20,627 - core.analyzer - INFO - 🎯 Sinal de 5m de alta qualidade encontrado para ENA, priorizando...
2025-07-23 01:28:20,637 - config.volume_validation_config - INFO - 🔊 VOLUME ENA 5m: ❌ REJEITADO | Ratio: 0.51 (thresh: 2.22) | Conf: 51.7% | Vol: low_volatility | Trend: decreasing
2025-07-23 01:28:20,637 - core.analyzer - INFO - ✅ SINAL VALIDADO: ENA | 5m | Bearish Engulfing | Score: 3/6 (50.0%)
2025-07-23 01:28:20,678 - core.signal_writer - INFO - ✅ SINAL 2-TARGETS: ENA 5m | Entry: 0.4887 | Stop: 0.4994 (2.2%) [Unknown] | T1: 0.4850 (0.8%) | T2: 0.4836 (1.0%) [Support_Levels]
2025-07-23 01:28:20,678 - core.analyzer - INFO - 🎯 SINAL ÚNICO APROVADO: ENA | 5m | Bearish Engulfing | SELL_SHORT | Conf: 0.850
2025-07-23 01:28:20,679 - core.analyzer - INFO - 🎯 ENA (3/8): 1 sinais em 0.5s
2025-07-23 01:28:20,795 - core.analyzer - INFO - Análise iniciada para: ETH
2025-07-23 01:28:21,490 - core.technical_targets - INFO - 🎯 Targets Inteligentes usando configurações avançadas
2025-07-23 01:28:21,499 - core.signal_writer - WARNING - Stop loss SHORT corrigido para ETH: 3799.2960
2025-07-23 01:28:21,499 - core.analyzer - INFO - 🎯 Sinal de 5m de alta qualidade encontrado para ETH, priorizando...
2025-07-23 01:28:21,510 - config.volume_validation_config - INFO - 🔊 VOLUME ETH 5m: ❌ REJEITADO | Ratio: 0.58 (thresh: 1.76) | Conf: 66.7% | Vol: low_volatility | Trend: decreasing
2025-07-23 01:28:21,510 - core.analyzer - INFO - ✅ SINAL VALIDADO: ETH | 5m | Bearish Engulfing | Score: 3/6 (50.0%)
2025-07-23 01:28:21,546 - core.signal_writer - INFO - ✅ SINAL 2-TARGETS: ETH 5m | Entry: 3724.8000 | Stop: 3799.2960 (2.0%) [Unknown] | T1: 3724.1300 (0.0%) | T2: 3723.5700 (0.0%) [Market_Structure]
2025-07-23 01:28:21,547 - core.analyzer - INFO - 🎯 SINAL ÚNICO APROVADO: ETH | 5m | Bearish Engulfing | SELL_SHORT | Conf: 0.850
2025-07-23 01:28:21,548 - core.analyzer - INFO - 🎯 ETH (4/8): 1 sinais em 0.8s
2025-07-23 01:28:21,658 - core.analyzer - INFO - Análise iniciada para: NEAR
2025-07-23 01:28:22,403 - core.technical_targets - INFO - 🎯 Targets Inteligentes usando configurações avançadas
2025-07-23 01:28:22,412 - core.signal_writer - WARNING - Stop loss SHORT corrigido para NEAR: 3.0610
2025-07-23 01:28:22,413 - core.analyzer - INFO - 🎯 Sinal de 5m de alta qualidade encontrado para NEAR, priorizando...
2025-07-23 01:28:22,424 - config.volume_validation_config - INFO - 🔊 VOLUME NEAR 5m: ❌ REJEITADO | Ratio: 0.65 (thresh: 2.04) | Conf: 56.7% | Vol: low_volatility | Trend: decreasing
2025-07-23 01:28:22,424 - core.analyzer - INFO - ✅ SINAL VALIDADO: NEAR | 5m | Bearish Engulfing | Score: 3/6 (50.0%)
2025-07-23 01:28:22,440 - core.signal_writer - INFO - ✅ SINAL 2-TARGETS: NEAR 5m | Entry: 3.0010 | Stop: 3.0610 (2.0%) [Unknown] | T1: 2.9840 (0.6%) | T2: 2.9790 (0.7%) [Support_Levels]
2025-07-23 01:28:22,441 - core.analyzer - INFO - 🎯 SINAL ÚNICO APROVADO: NEAR | 5m | Bearish Engulfing | SELL_SHORT | Conf: 0.850
2025-07-23 01:28:22,441 - core.analyzer - INFO - 🎯 NEAR (5/8): 1 sinais em 0.8s
2025-07-23 01:28:22,551 - core.analyzer - INFO - Análise iniciada para: SOL
2025-07-23 01:28:22,999 - core.technical_targets - INFO - 🎯 Targets Inteligentes usando configurações avançadas
2025-07-23 01:28:23,005 - core.analyzer - INFO - 🎯 Sinal de 5m de alta qualidade encontrado para SOL, priorizando...
2025-07-23 01:28:23,012 - config.volume_validation_config - INFO - 🔊 VOLUME SOL 5m: ❌ REJEITADO | Ratio: 0.68 (thresh: 1.47) | Conf: 78.3% | Vol: low_volatility | Trend: stable
2025-07-23 01:28:23,013 - core.analyzer - INFO - ✅ SINAL VALIDADO: SOL | 5m | Bullish Engulfing | Score: 3/6 (50.0%)
2025-07-23 01:28:23,026 - core.signal_writer - INFO - ✅ SINAL 2-TARGETS: SOL 5m | Entry: 201.9400 | Stop: 199.1600 (1.4%) [Unknown] | T1: 202.6100 (0.3%) | T2: 202.8300 (0.4%) [Resistance_Levels]
2025-07-23 01:28:23,026 - core.analyzer - INFO - 🎯 SINAL ÚNICO APROVADO: SOL | 5m | Bullish Engulfing | BUY_LONG | Conf: 0.850
2025-07-23 01:28:23,027 - core.analyzer - INFO - 🎯 SOL (6/8): 1 sinais em 0.5s
2025-07-23 01:28:23,137 - core.analyzer - INFO - Análise iniciada para: SUI
2025-07-23 01:28:23,601 - core.technical_targets - INFO - 🎯 Targets Inteligentes usando configurações avançadas
2025-07-23 01:28:23,607 - core.analyzer - INFO - 🎯 Sinal de 5m de alta qualidade encontrado para SUI, priorizando...
2025-07-23 01:28:23,615 - config.volume_validation_config - INFO - 🔊 VOLUME SUI 5m: ❌ REJEITADO | Ratio: 0.63 (thresh: 2.13) | Conf: 56.7% | Vol: low_volatility | Trend: decreasing
2025-07-23 01:28:23,615 - core.analyzer - INFO - ✅ SINAL VALIDADO: SUI | 5m | Bearish Engulfing | Score: 3/6 (50.0%)
2025-07-23 01:28:23,630 - core.signal_writer - INFO - ✅ SINAL 2-TARGETS: SUI 5m | Entry: 3.9601 | Stop: 3.9950 (0.9%) [Unknown] | T1: 3.9515 (0.2%) | T2: 3.9508 (0.2%) [Support_Levels]
2025-07-23 01:28:23,630 - core.analyzer - INFO - 🎯 SINAL ÚNICO APROVADO: SUI | 5m | Bearish Engulfing | SELL_SHORT | Conf: 0.850
2025-07-23 01:28:23,631 - core.analyzer - INFO - 🎯 SUI (7/8): 1 sinais em 0.5s
2025-07-23 01:28:23,740 - core.analyzer - INFO - Análise iniciada para: IMX
2025-07-23 01:28:23,755 - core.technical_stop_loss - INFO - 🔧 Stop Loss Inteligente usando configurações avançadas
2025-07-23 01:28:23,759 - core.technical_targets - INFO - 🎯 Targets Inteligentes usando configurações avançadas
2025-07-23 01:28:24,226 - core.technical_targets - INFO - 🎯 Targets Inteligentes usando configurações avançadas
2025-07-23 01:28:24,233 - core.analyzer - INFO - 🎯 Sinal de 5m de alta qualidade encontrado para IMX, priorizando...
2025-07-23 01:28:24,233 - core.analyzer - WARNING - 🚨 CONFLITO: IMX - 2 sinais
2025-07-23 01:28:24,233 - core.analyzer - INFO - ✅ PREFERÊNCIA 5m: IMX → Bullish Engulfing | Conf: 0.850
2025-07-23 01:28:24,234 - core.analyzer - WARNING - 🚨 Total de conflitos resolvidos com PREFERÊNCIA 5m: 1
2025-07-23 01:28:24,240 - config.volume_validation_config - INFO - 🔊 VOLUME IMX 5m: ❌ REJEITADO | Ratio: 0.60 (thresh: 1.45) | Conf: 90.0% | Vol: low_volatility | Trend: increasing
2025-07-23 01:28:24,240 - core.analyzer - INFO - ✅ SINAL VALIDADO: IMX | 5m | Bullish Engulfing | Score: 3/6 (50.0%)
2025-07-23 01:28:24,254 - core.signal_writer - INFO - ✅ SINAL 2-TARGETS: IMX 5m | Entry: 0.6315 | Stop: 0.6255 (1.0%) [Unknown] | T1: 0.6317 (0.0%) | T2: 0.6367 (0.8%) [Resistance_Levels]
2025-07-23 01:28:24,254 - core.analyzer - INFO - 🎯 SINAL ÚNICO APROVADO: IMX | 5m | Bullish Engulfing | BUY_LONG | Conf: 0.850
2025-07-23 01:28:24,255 - core.analyzer - INFO - 🎯 IMX (8/8): 1 sinais em 0.5s
2025-07-23 01:28:24,355 - core.analyzer - INFO - ✅ Ciclo 2: 7 novos | 0 bloqueados | 0 erros | 5.5s
2025-07-23 01:28:24,355 - core.analyzer - INFO - ⏳ Aguardando 300s...
2025-07-23 01:33:24,357 - core.analyzer - INFO - 🔄 Ciclo 3 iniciado
2025-07-23 01:33:24,359 - core.analyzer - INFO - Análise iniciada para: BNB
2025-07-23 01:33:24,941 - core.technical_targets - INFO - 🎯 Targets Inteligentes usando configurações avançadas
2025-07-23 01:33:24,950 - core.signal_writer - WARNING - Stop loss SHORT corrigido para BNB: 812.6748
2025-07-23 01:33:24,951 - core.analyzer - INFO - 🎯 Sinal de 5m de alta qualidade encontrado para BNB, priorizando...
2025-07-23 01:33:24,962 - config.volume_validation_config - INFO - 🔊 VOLUME BNB 5m: ❌ REJEITADO | Ratio: 1.06 (thresh: 1.54) | Conf: 78.3% | Vol: low_volatility | Trend: stable
2025-07-23 01:33:24,962 - core.analyzer - WARNING - ❌ SINAL REJEITADO: BNB | 5m | Bearish Engulfing | Score: 1/6 (16.7%) < 50.0%
2025-07-23 01:33:24,962 - core.analyzer - INFO - ✓ BNB (1/8): 0 sinais em 0.6s
2025-07-23 01:33:25,066 - core.signal_writer - INFO - 🚫 SINAL BLOQUEADOR para BTC: BTC_BUY_LONG_1753244399999 | Status: ACTIVE | Targets: [False, False] | Motivo: ACTIVE (nenhum target atingido)
2025-07-23 01:33:25,066 - core.analyzer - INFO - 🚫 ANÁLISE BLOQUEADA para BTC: Já existe sinal ativo
2025-07-23 01:33:25,168 - core.signal_writer - INFO - 🚫 SINAL BLOQUEADOR para ENA: ENA_SELL_SHORT_1753244399999 | Status: ACTIVE | Targets: [False, False] | Motivo: ACTIVE (nenhum target atingido)
2025-07-23 01:33:25,168 - core.analyzer - INFO - 🚫 ANÁLISE BLOQUEADA para ENA: Já existe sinal ativo
2025-07-23 01:33:25,270 - core.signal_writer - INFO - 🚫 SINAL BLOQUEADOR para ETH: ETH_SELL_SHORT_1753244399999 | Status: ACTIVE | Targets: [False, False] | Motivo: ACTIVE (nenhum target atingido)
2025-07-23 01:33:25,270 - core.analyzer - INFO - 🚫 ANÁLISE BLOQUEADA para ETH: Já existe sinal ativo
2025-07-23 01:33:25,372 - core.signal_writer - INFO - 🚫 SINAL BLOQUEADOR para NEAR: NEAR_SELL_SHORT_1753244399999 | Status: ACTIVE | Targets: [False, False] | Motivo: ACTIVE (nenhum target atingido)
2025-07-23 01:33:25,372 - core.analyzer - INFO - 🚫 ANÁLISE BLOQUEADA para NEAR: Já existe sinal ativo
2025-07-23 01:33:25,474 - core.signal_writer - INFO - 🚫 SINAL BLOQUEADOR para SOL: SOL_BUY_LONG_1753244399999 | Status: ACTIVE | Targets: [False, False] | Motivo: ACTIVE (nenhum target atingido)
2025-07-23 01:33:25,475 - core.analyzer - INFO - 🚫 ANÁLISE BLOQUEADA para SOL: Já existe sinal ativo
2025-07-23 01:33:25,576 - core.signal_writer - INFO - 🚫 SINAL BLOQUEADOR para SUI: SUI_SELL_SHORT_1753244399999 | Status: ACTIVE | Targets: [False, False] | Motivo: ACTIVE (nenhum target atingido)
2025-07-23 01:33:25,576 - core.analyzer - INFO - 🚫 ANÁLISE BLOQUEADA para SUI: Já existe sinal ativo
2025-07-23 01:33:25,678 - core.signal_writer - INFO - 🚫 SINAL BLOQUEADOR para IMX: IMX_BUY_LONG_1753244399999 | Status: TARGET_HIT | Targets: [True, False] | Motivo: TARGET_HIT parcial [true, false]
2025-07-23 01:33:25,678 - core.analyzer - INFO - 🚫 ANÁLISE BLOQUEADA para IMX: Já existe sinal ativo
2025-07-23 01:33:25,779 - core.analyzer - INFO - ✅ Ciclo 3: 0 novos | 7 bloqueados | 0 erros | 1.4s
2025-07-23 01:33:25,779 - core.analyzer - INFO - ⏳ Aguardando 300s...
2025-07-23 01:38:25,782 - core.analyzer - INFO - 🔄 Ciclo 4 iniciado
2025-07-23 01:38:25,795 - core.analyzer - INFO - Análise iniciada para: BNB
2025-07-23 01:38:25,817 - core.technical_stop_loss - INFO - 🔧 Stop Loss Inteligente usando configurações avançadas
2025-07-23 01:38:25,821 - core.technical_targets - INFO - 🎯 Targets Inteligentes usando configurações avançadas
2025-07-23 01:38:26,316 - core.technical_targets - INFO - 🎯 Targets Inteligentes usando configurações avançadas
2025-07-23 01:38:26,322 - core.signal_writer - WARNING - Stop loss SHORT corrigido para BNB: 812.7258
2025-07-23 01:38:26,322 - core.analyzer - INFO - 🎯 Sinal de 5m de alta qualidade encontrado para BNB, priorizando...
2025-07-23 01:38:26,322 - core.analyzer - WARNING - 🚨 CONFLITO: BNB - 2 sinais
2025-07-23 01:38:26,323 - core.analyzer - INFO - ✅ PREFERÊNCIA 5m: BNB → Bearish Engulfing | Conf: 0.850
2025-07-23 01:38:26,323 - core.analyzer - WARNING - 🚨 Total de conflitos resolvidos com PREFERÊNCIA 5m: 1
2025-07-23 01:38:26,339 - config.volume_validation_config - INFO - 🔊 VOLUME BNB 5m: ❌ REJEITADO | Ratio: 0.70 (thresh: 1.54) | Conf: 78.3% | Vol: low_volatility | Trend: stable
2025-07-23 01:38:26,340 - core.analyzer - WARNING - ❌ SINAL REJEITADO: BNB | 5m | Bearish Engulfing | Score: 1/6 (16.7%) < 50.0%
2025-07-23 01:38:26,340 - core.analyzer - INFO - ✓ BNB (1/8): 0 sinais em 0.6s
2025-07-23 01:38:26,442 - core.signal_writer - INFO - 🚫 SINAL BLOQUEADOR para BTC: BTC_BUY_LONG_1753244399999 | Status: ACTIVE | Targets: [False, False] | Motivo: ACTIVE (nenhum target atingido)
2025-07-23 01:38:26,442 - core.analyzer - INFO - 🚫 ANÁLISE BLOQUEADA para BTC: Já existe sinal ativo
2025-07-23 01:38:26,544 - core.signal_writer - INFO - 🚫 SINAL BLOQUEADOR para ENA: ENA_SELL_SHORT_1753244399999 | Status: ACTIVE | Targets: [False, False] | Motivo: ACTIVE (nenhum target atingido)
2025-07-23 01:38:26,544 - core.analyzer - INFO - 🚫 ANÁLISE BLOQUEADA para ENA: Já existe sinal ativo
2025-07-23 01:38:26,646 - core.signal_writer - INFO - 🚫 SINAL BLOQUEADOR para ETH: ETH_SELL_SHORT_1753244399999 | Status: ACTIVE | Targets: [False, False] | Motivo: ACTIVE (nenhum target atingido)
2025-07-23 01:38:26,646 - core.analyzer - INFO - 🚫 ANÁLISE BLOQUEADA para ETH: Já existe sinal ativo
2025-07-23 01:38:26,748 - core.signal_writer - INFO - 🚫 SINAL BLOQUEADOR para NEAR: NEAR_SELL_SHORT_1753244399999 | Status: ACTIVE | Targets: [False, False] | Motivo: ACTIVE (nenhum target atingido)
2025-07-23 01:38:26,749 - core.analyzer - INFO - 🚫 ANÁLISE BLOQUEADA para NEAR: Já existe sinal ativo
2025-07-23 01:38:26,850 - core.signal_writer - INFO - 🚫 SINAL BLOQUEADOR para SOL: SOL_BUY_LONG_1753244399999 | Status: ACTIVE | Targets: [False, False] | Motivo: ACTIVE (nenhum target atingido)
2025-07-23 01:38:26,851 - core.analyzer - INFO - 🚫 ANÁLISE BLOQUEADA para SOL: Já existe sinal ativo
2025-07-23 01:38:26,952 - core.signal_writer - INFO - 🚫 SINAL BLOQUEADOR para SUI: SUI_SELL_SHORT_1753244399999 | Status: ACTIVE | Targets: [False, False] | Motivo: ACTIVE (nenhum target atingido)
2025-07-23 01:38:26,952 - core.analyzer - INFO - 🚫 ANÁLISE BLOQUEADA para SUI: Já existe sinal ativo
2025-07-23 01:38:27,054 - core.signal_writer - INFO - 🚫 SINAL BLOQUEADOR para IMX: IMX_BUY_LONG_1753244399999 | Status: TARGET_HIT | Targets: [True, False] | Motivo: TARGET_HIT parcial [true, false]
2025-07-23 01:38:27,054 - core.analyzer - INFO - 🚫 ANÁLISE BLOQUEADA para IMX: Já existe sinal ativo
2025-07-23 01:38:27,155 - core.analyzer - INFO - ✅ Ciclo 4: 0 novos | 7 bloqueados | 0 erros | 1.4s
2025-07-23 01:38:27,155 - core.analyzer - INFO - ⏳ Aguardando 300s...
2025-07-23 01:39:57,850 - root - INFO - Iniciando Inicialização do analyzer...
2025-07-23 01:39:57,850 - root - INFO - Inicializando Trading Analyzer...
2025-07-23 01:39:57,850 - core.data_reader - INFO - DataReader inicializado (OTIMIZADO para 5m/15m).
2025-07-23 01:39:57,852 - core.signal_writer - INFO - EnhancedSignalWriter LÓGICA CORRIGIDA - 2 targets apenas
2025-07-23 01:39:57,852 - indicators.patterns - INFO - PatternAnalyzer SIMPLIFICADO - APENAS Double Top/Bottom
2025-07-23 01:39:57,852 - indicators.patterns - INFO - HeadAndShouldersDetector DESABILITADO conforme configuração
2025-07-23 01:39:57,853 - indicators.patterns - INFO - CupAndHandleDetector DESABILITADO conforme configuração
2025-07-23 01:39:57,853 - indicators.patterns - INFO - PatternAnalyzer SIMPLIFICADO - APENAS Double Top/Bottom
2025-07-23 01:39:57,853 - indicators.patterns - INFO - HeadAndShouldersDetector DESABILITADO conforme configuração
2025-07-23 01:39:57,854 - indicators.patterns - INFO - CupAndHandleDetector DESABILITADO conforme configuração
2025-07-23 01:39:57,854 - core.analyzer - INFO - 🔊 Sistema APRIMORADO de validação de volume ativado
2025-07-23 01:39:57,854 - core.analyzer - INFO - MultiTimeframeAnalyzer OTIMIZADO inicializado:
2025-07-23 01:39:57,855 - core.analyzer - INFO -   • Timeframes ativos: ['5m', '15m']
2025-07-23 01:39:57,855 - core.analyzer - INFO -   • Preferência: 5m absoluta
2025-07-23 01:39:57,855 - core.analyzer - INFO -   • Sinais únicos por crypto: ATIVO
2025-07-23 01:39:57,856 - core.analyzer - INFO -   • Validação de volume: ENHANCED
2025-07-23 01:39:57,856 - core.analyzer - INFO -   • Limpeza automática: ATIVA
2025-07-23 01:39:57,856 - root - INFO - Trading Analyzer inicializado com sucesso
2025-07-23 01:39:57,856 - root - INFO - Inicialização do analyzer concluída em 0.0s
2025-07-23 01:39:57,857 - core.analyzer - INFO - 🚀 Iniciando análise contínua OTIMIZADA
2025-07-23 01:39:57,857 - core.analyzer - INFO - 🔍 Verificando símbolos com dados suficientes...
2025-07-23 01:39:57,857 - core.data_reader - INFO - Verificando 8 símbolos...
2025-07-23 01:39:58,286 - core.data_reader - INFO - ✅ Símbolos válidos: 8/8 - ['BNB', 'BTC', 'ENA', 'ETH', 'NEAR', 'SOL', 'SUI', 'IMX']
2025-07-23 01:39:58,286 - core.analyzer - INFO - ✅ Símbolos válidos: 8 - ['BNB', 'BTC', 'ENA', 'ETH', 'NEAR', 'SOL', 'SUI', 'IMX']
2025-07-23 01:39:58,287 - core.analyzer - INFO - ⏱️ Intervalo: 300s | Timeframes: APENAS 5m e 15m
2025-07-23 01:39:58,287 - core.analyzer - INFO - 🔄 Ciclo 1 iniciado
2025-07-23 01:39:58,288 - core.analyzer - INFO - Análise iniciada para: BNB
2025-07-23 01:39:58,306 - core.technical_stop_loss - INFO - 🔧 Stop Loss Inteligente usando configurações avançadas
2025-07-23 01:39:58,312 - core.technical_targets - INFO - 🎯 Targets Inteligentes usando configurações avançadas
2025-07-23 01:39:58,802 - core.technical_targets - INFO - 🎯 Targets Inteligentes usando configurações avançadas
2025-07-23 01:39:58,809 - core.signal_writer - WARNING - Stop loss SHORT corrigido para BNB: 812.7258
2025-07-23 01:39:58,809 - core.analyzer - INFO - 🎯 Sinal de 5m de alta qualidade encontrado para BNB, priorizando...
2025-07-23 01:39:58,810 - core.analyzer - WARNING - 🚨 CONFLITO: BNB - 2 sinais
2025-07-23 01:39:58,810 - core.analyzer - INFO - ✅ PREFERÊNCIA 5m: BNB → Bearish Engulfing | Conf: 0.850
2025-07-23 01:39:58,810 - core.analyzer - WARNING - 🚨 Total de conflitos resolvidos com PREFERÊNCIA 5m: 1
2025-07-23 01:39:58,826 - config.volume_validation_config - INFO - 🔊 VOLUME BNB 5m: ❌ REJEITADO | Ratio: 0.70 (thresh: 1.54) | Conf: 78.3% | Vol: low_volatility | Trend: stable
2025-07-23 01:39:58,826 - core.analyzer - WARNING - ❌ SINAL REJEITADO: BNB | 5m | Bearish Engulfing | Score: 1/6 (16.7%) < 50.0%
2025-07-23 01:39:58,827 - core.analyzer - INFO - ✓ BNB (1/8): 0 sinais em 0.5s
2025-07-23 01:39:58,929 - core.signal_writer - INFO - 🚫 SINAL BLOQUEADOR para BTC: BTC_BUY_LONG_1753244399999 | Status: ACTIVE | Targets: [False, False] | Motivo: ACTIVE (nenhum target atingido)
2025-07-23 01:39:58,929 - core.analyzer - INFO - 🚫 ANÁLISE BLOQUEADA para BTC: Já existe sinal ativo
2025-07-23 01:39:59,031 - core.signal_writer - INFO - 🚫 SINAL BLOQUEADOR para ENA: ENA_SELL_SHORT_1753244399999 | Status: ACTIVE | Targets: [False, False] | Motivo: ACTIVE (nenhum target atingido)
2025-07-23 01:39:59,031 - core.analyzer - INFO - 🚫 ANÁLISE BLOQUEADA para ENA: Já existe sinal ativo
2025-07-23 01:39:59,133 - core.signal_writer - INFO - 🚫 SINAL BLOQUEADOR para ETH: ETH_SELL_SHORT_1753244399999 | Status: ACTIVE | Targets: [False, False] | Motivo: ACTIVE (nenhum target atingido)
2025-07-23 01:39:59,133 - core.analyzer - INFO - 🚫 ANÁLISE BLOQUEADA para ETH: Já existe sinal ativo
2025-07-23 01:39:59,235 - core.signal_writer - INFO - 🚫 SINAL BLOQUEADOR para NEAR: NEAR_SELL_SHORT_1753244399999 | Status: ACTIVE | Targets: [False, False] | Motivo: ACTIVE (nenhum target atingido)
2025-07-23 01:39:59,236 - core.analyzer - INFO - 🚫 ANÁLISE BLOQUEADA para NEAR: Já existe sinal ativo
2025-07-23 01:39:59,337 - core.signal_writer - INFO - 🚫 SINAL BLOQUEADOR para SOL: SOL_BUY_LONG_1753244399999 | Status: ACTIVE | Targets: [False, False] | Motivo: ACTIVE (nenhum target atingido)
2025-07-23 01:39:59,338 - core.analyzer - INFO - 🚫 ANÁLISE BLOQUEADA para SOL: Já existe sinal ativo
2025-07-23 01:39:59,439 - core.signal_writer - INFO - 🚫 SINAL BLOQUEADOR para SUI: SUI_SELL_SHORT_1753244399999 | Status: ACTIVE | Targets: [False, False] | Motivo: ACTIVE (nenhum target atingido)
2025-07-23 01:39:59,440 - core.analyzer - INFO - 🚫 ANÁLISE BLOQUEADA para SUI: Já existe sinal ativo
2025-07-23 01:39:59,542 - core.signal_writer - INFO - 🚫 SINAL BLOQUEADOR para IMX: IMX_BUY_LONG_1753244399999 | Status: TARGET_HIT | Targets: [True, False] | Motivo: TARGET_HIT parcial [true, false]
2025-07-23 01:39:59,542 - core.analyzer - INFO - 🚫 ANÁLISE BLOQUEADA para IMX: Já existe sinal ativo
2025-07-23 01:39:59,643 - core.analyzer - INFO - ✅ Ciclo 1: 0 novos | 7 bloqueados | 0 erros | 1.4s
2025-07-23 01:39:59,643 - core.analyzer - INFO - ⏳ Aguardando 300s...
2025-07-23 01:44:59,645 - core.analyzer - INFO - 🔄 Ciclo 2 iniciado
2025-07-23 01:44:59,648 - core.analyzer - INFO - Análise iniciada para: BNB
2025-07-23 01:44:59,665 - core.technical_stop_loss - INFO - 🔧 Stop Loss Inteligente usando configurações avançadas
2025-07-23 01:44:59,670 - core.technical_targets - INFO - 🎯 Targets Inteligentes usando configurações avançadas
2025-07-23 01:45:00,480 - core.technical_targets - INFO - 🎯 Targets Inteligentes usando configurações avançadas
2025-07-23 01:45:00,492 - core.signal_writer - WARNING - Stop loss SHORT corrigido para BNB: 815.6124
2025-07-23 01:45:00,493 - core.analyzer - INFO - 🎯 Sinal de 5m de alta qualidade encontrado para BNB, priorizando...
2025-07-23 01:45:00,493 - core.analyzer - WARNING - 🚨 CONFLITO: BNB - 2 sinais
2025-07-23 01:45:00,493 - core.analyzer - INFO - ✅ PREFERÊNCIA 5m: BNB → Bearish Engulfing | Conf: 0.850
2025-07-23 01:45:00,494 - core.analyzer - WARNING - 🚨 Total de conflitos resolvidos com PREFERÊNCIA 5m: 1
2025-07-23 01:45:00,515 - config.volume_validation_config - INFO - 🔊 VOLUME BNB 5m: ✅ APROVADO | Ratio: 1.94 (thresh: 1.54) | Conf: 85.0% | Vol: low_volatility | Trend: stable
2025-07-23 01:45:00,516 - core.analyzer - INFO - ✅ SINAL VALIDADO: BNB | 5m | Bearish Engulfing | Score: 3/6 (50.0%)
2025-07-23 01:45:00,542 - core.signal_writer - INFO - ✅ SINAL 2-TARGETS: BNB 5m | Entry: 799.6200 | Stop: 815.6124 (2.0%) [Unknown] | T1: 795.1200 (0.6%) | T2: 793.0900 (0.8%) [Support_Levels]
2025-07-23 01:45:00,542 - core.analyzer - INFO - 🎯 SINAL ÚNICO APROVADO: BNB | 5m | Bearish Engulfing | SELL_SHORT | Conf: 0.850
2025-07-23 01:45:00,542 - core.analyzer - INFO - 🎯 BNB (1/8): 1 sinais em 0.9s
2025-07-23 01:45:00,702 - core.signal_writer - INFO - 🚫 SINAL BLOQUEADOR para BTC: BTC_BUY_LONG_1753244399999 | Status: ACTIVE | Targets: [False, False] | Motivo: ACTIVE (nenhum target atingido)
2025-07-23 01:45:00,703 - core.analyzer - INFO - 🚫 ANÁLISE BLOQUEADA para BTC: Já existe sinal ativo
2025-07-23 01:45:00,808 - core.signal_writer - INFO - 🚫 SINAL BLOQUEADOR para ENA: ENA_SELL_SHORT_1753244399999 | Status: ACTIVE | Targets: [False, False] | Motivo: ACTIVE (nenhum target atingido)
2025-07-23 01:45:00,809 - core.analyzer - INFO - 🚫 ANÁLISE BLOQUEADA para ENA: Já existe sinal ativo
2025-07-23 01:45:00,911 - core.signal_writer - INFO - 🚫 SINAL BLOQUEADOR para ETH: ETH_SELL_SHORT_1753244399999 | Status: ACTIVE | Targets: [False, False] | Motivo: ACTIVE (nenhum target atingido)
2025-07-23 01:45:00,911 - core.analyzer - INFO - 🚫 ANÁLISE BLOQUEADA para ETH: Já existe sinal ativo
2025-07-23 01:45:01,013 - core.signal_writer - INFO - 🚫 SINAL BLOQUEADOR para NEAR: NEAR_SELL_SHORT_1753244399999 | Status: ACTIVE | Targets: [False, False] | Motivo: ACTIVE (nenhum target atingido)
2025-07-23 01:45:01,014 - core.analyzer - INFO - 🚫 ANÁLISE BLOQUEADA para NEAR: Já existe sinal ativo
2025-07-23 01:45:01,115 - core.signal_writer - INFO - 🚫 SINAL BLOQUEADOR para SOL: SOL_BUY_LONG_1753244399999 | Status: ACTIVE | Targets: [False, False] | Motivo: ACTIVE (nenhum target atingido)
2025-07-23 01:45:01,116 - core.analyzer - INFO - 🚫 ANÁLISE BLOQUEADA para SOL: Já existe sinal ativo
2025-07-23 01:45:01,217 - core.signal_writer - INFO - 🚫 SINAL BLOQUEADOR para SUI: SUI_SELL_SHORT_1753244399999 | Status: ACTIVE | Targets: [False, False] | Motivo: ACTIVE (nenhum target atingido)
2025-07-23 01:45:01,217 - core.analyzer - INFO - 🚫 ANÁLISE BLOQUEADA para SUI: Já existe sinal ativo
2025-07-23 01:45:01,319 - core.signal_writer - INFO - 🚫 SINAL BLOQUEADOR para IMX: IMX_BUY_LONG_1753244399999 | Status: TARGET_HIT | Targets: [True, False] | Motivo: TARGET_HIT parcial [true, false]
2025-07-23 01:45:01,319 - core.analyzer - INFO - 🚫 ANÁLISE BLOQUEADA para IMX: Já existe sinal ativo
2025-07-23 01:45:01,420 - core.analyzer - INFO - ✅ Ciclo 2: 1 novos | 7 bloqueados | 0 erros | 1.8s
2025-07-23 01:45:01,420 - core.analyzer - INFO - ⏳ Aguardando 300s...
2025-07-23 01:50:01,422 - core.analyzer - INFO - 🔄 Ciclo 3 iniciado
2025-07-23 01:50:01,425 - core.signal_writer - INFO - 🚫 SINAL BLOQUEADOR para BNB: BNB_SELL_SHORT_1753245299999 | Status: ACTIVE | Targets: [False, False] | Motivo: ACTIVE (nenhum target atingido)
2025-07-23 01:50:01,425 - core.analyzer - INFO - 🚫 ANÁLISE BLOQUEADA para BNB: Já existe sinal ativo
2025-07-23 01:50:01,527 - core.signal_writer - INFO - 🚫 SINAL BLOQUEADOR para BTC: BTC_BUY_LONG_1753244399999 | Status: ACTIVE | Targets: [False, False] | Motivo: ACTIVE (nenhum target atingido)
2025-07-23 01:50:01,527 - core.analyzer - INFO - 🚫 ANÁLISE BLOQUEADA para BTC: Já existe sinal ativo
2025-07-23 01:50:01,629 - core.signal_writer - INFO - 🚫 SINAL BLOQUEADOR para ENA: ENA_SELL_SHORT_1753244399999 | Status: ACTIVE | Targets: [False, False] | Motivo: ACTIVE (nenhum target atingido)
2025-07-23 01:50:01,629 - core.analyzer - INFO - 🚫 ANÁLISE BLOQUEADA para ENA: Já existe sinal ativo
2025-07-23 01:50:01,731 - core.signal_writer - INFO - 🚫 SINAL BLOQUEADOR para ETH: ETH_SELL_SHORT_1753244399999 | Status: ACTIVE | Targets: [False, False] | Motivo: ACTIVE (nenhum target atingido)
2025-07-23 01:50:01,731 - core.analyzer - INFO - 🚫 ANÁLISE BLOQUEADA para ETH: Já existe sinal ativo
2025-07-23 01:50:01,834 - core.signal_writer - INFO - 🚫 SINAL BLOQUEADOR para NEAR: NEAR_SELL_SHORT_1753244399999 | Status: ACTIVE | Targets: [False, False] | Motivo: ACTIVE (nenhum target atingido)
2025-07-23 01:50:01,834 - core.analyzer - INFO - 🚫 ANÁLISE BLOQUEADA para NEAR: Já existe sinal ativo
2025-07-23 01:50:01,937 - core.signal_writer - INFO - 🚫 SINAL BLOQUEADOR para SOL: SOL_BUY_LONG_1753244399999 | Status: ACTIVE | Targets: [False, False] | Motivo: ACTIVE (nenhum target atingido)
2025-07-23 01:50:01,937 - core.analyzer - INFO - 🚫 ANÁLISE BLOQUEADA para SOL: Já existe sinal ativo
2025-07-23 01:50:02,039 - core.signal_writer - INFO - 🚫 SINAL BLOQUEADOR para SUI: SUI_SELL_SHORT_1753244399999 | Status: ACTIVE | Targets: [False, False] | Motivo: ACTIVE (nenhum target atingido)
2025-07-23 01:50:02,039 - core.analyzer - INFO - 🚫 ANÁLISE BLOQUEADA para SUI: Já existe sinal ativo
2025-07-23 01:50:02,141 - core.signal_writer - INFO - 🚫 SINAL BLOQUEADOR para IMX: IMX_BUY_LONG_1753244399999 | Status: TARGET_HIT | Targets: [True, False] | Motivo: TARGET_HIT parcial [true, false]
2025-07-23 01:50:02,141 - core.analyzer - INFO - 🚫 ANÁLISE BLOQUEADA para IMX: Já existe sinal ativo
2025-07-23 01:50:02,242 - core.analyzer - INFO - ✅ Ciclo 3: 0 novos | 8 bloqueados | 0 erros | 0.8s
2025-07-23 01:50:02,242 - core.analyzer - INFO - ⏳ Aguardando 300s...
2025-07-23 01:55:02,245 - core.analyzer - INFO - 🔄 Ciclo 4 iniciado
2025-07-23 01:55:02,247 - core.signal_writer - INFO - 🚫 SINAL BLOQUEADOR para BNB: BNB_SELL_SHORT_1753245299999 | Status: ACTIVE | Targets: [False, False] | Motivo: ACTIVE (nenhum target atingido)
2025-07-23 01:55:02,248 - core.analyzer - INFO - 🚫 ANÁLISE BLOQUEADA para BNB: Já existe sinal ativo
2025-07-23 01:55:02,350 - core.signal_writer - INFO - 🚫 SINAL BLOQUEADOR para BTC: BTC_BUY_LONG_1753244399999 | Status: ACTIVE | Targets: [False, False] | Motivo: ACTIVE (nenhum target atingido)
2025-07-23 01:55:02,351 - core.analyzer - INFO - 🚫 ANÁLISE BLOQUEADA para BTC: Já existe sinal ativo
2025-07-23 01:55:02,454 - core.signal_writer - INFO - 🚫 SINAL BLOQUEADOR para ENA: ENA_SELL_SHORT_1753244399999 | Status: ACTIVE | Targets: [False, False] | Motivo: ACTIVE (nenhum target atingido)
2025-07-23 01:55:02,454 - core.analyzer - INFO - 🚫 ANÁLISE BLOQUEADA para ENA: Já existe sinal ativo
2025-07-23 01:55:02,565 - core.signal_writer - INFO - 🚫 SINAL BLOQUEADOR para ETH: ETH_SELL_SHORT_1753244399999 | Status: ACTIVE | Targets: [False, False] | Motivo: ACTIVE (nenhum target atingido)
2025-07-23 01:55:02,566 - core.analyzer - INFO - 🚫 ANÁLISE BLOQUEADA para ETH: Já existe sinal ativo
2025-07-23 01:55:02,668 - core.signal_writer - INFO - 🚫 SINAL BLOQUEADOR para NEAR: NEAR_SELL_SHORT_1753244399999 | Status: ACTIVE | Targets: [False, False] | Motivo: ACTIVE (nenhum target atingido)
2025-07-23 01:55:02,668 - core.analyzer - INFO - 🚫 ANÁLISE BLOQUEADA para NEAR: Já existe sinal ativo
2025-07-23 01:55:02,771 - core.signal_writer - INFO - 🚫 SINAL BLOQUEADOR para SOL: SOL_BUY_LONG_1753244399999 | Status: ACTIVE | Targets: [False, False] | Motivo: ACTIVE (nenhum target atingido)
2025-07-23 01:55:02,772 - core.analyzer - INFO - 🚫 ANÁLISE BLOQUEADA para SOL: Já existe sinal ativo
2025-07-23 01:55:02,874 - core.signal_writer - INFO - 🚫 SINAL BLOQUEADOR para SUI: SUI_SELL_SHORT_1753244399999 | Status: ACTIVE | Targets: [False, False] | Motivo: ACTIVE (nenhum target atingido)
2025-07-23 01:55:02,875 - core.analyzer - INFO - 🚫 ANÁLISE BLOQUEADA para SUI: Já existe sinal ativo
2025-07-23 01:55:02,979 - core.signal_writer - INFO - 🚫 SINAL BLOQUEADOR para IMX: IMX_BUY_LONG_1753244399999 | Status: TARGET_HIT | Targets: [True, False] | Motivo: TARGET_HIT parcial [true, false]
2025-07-23 01:55:02,979 - core.analyzer - INFO - 🚫 ANÁLISE BLOQUEADA para IMX: Já existe sinal ativo
2025-07-23 01:55:03,079 - core.analyzer - INFO - ✅ Ciclo 4: 0 novos | 8 bloqueados | 0 erros | 0.8s
2025-07-23 01:55:03,080 - core.analyzer - INFO - ⏳ Aguardando 300s...
2025-07-23 02:00:03,082 - core.analyzer - INFO - 🔄 Ciclo 5 iniciado
2025-07-23 02:00:03,084 - core.signal_writer - INFO - 🚫 SINAL BLOQUEADOR para BNB: BNB_SELL_SHORT_1753245299999 | Status: ACTIVE | Targets: [False, False] | Motivo: ACTIVE (nenhum target atingido)
2025-07-23 02:00:03,085 - core.analyzer - INFO - 🚫 ANÁLISE BLOQUEADA para BNB: Já existe sinal ativo
2025-07-23 02:00:03,187 - core.signal_writer - INFO - 🚫 SINAL BLOQUEADOR para BTC: BTC_BUY_LONG_1753244399999 | Status: ACTIVE | Targets: [False, False] | Motivo: ACTIVE (nenhum target atingido)
2025-07-23 02:00:03,187 - core.analyzer - INFO - 🚫 ANÁLISE BLOQUEADA para BTC: Já existe sinal ativo
2025-07-23 02:00:03,289 - core.signal_writer - INFO - 🚫 SINAL BLOQUEADOR para ENA: ENA_SELL_SHORT_1753244399999 | Status: ACTIVE | Targets: [False, False] | Motivo: ACTIVE (nenhum target atingido)
2025-07-23 02:00:03,290 - core.analyzer - INFO - 🚫 ANÁLISE BLOQUEADA para ENA: Já existe sinal ativo
2025-07-23 02:00:03,391 - core.signal_writer - INFO - 🚫 SINAL BLOQUEADOR para ETH: ETH_SELL_SHORT_1753244399999 | Status: ACTIVE | Targets: [False, False] | Motivo: ACTIVE (nenhum target atingido)
2025-07-23 02:00:03,391 - core.analyzer - INFO - 🚫 ANÁLISE BLOQUEADA para ETH: Já existe sinal ativo
2025-07-23 02:00:03,493 - core.signal_writer - INFO - 🚫 SINAL BLOQUEADOR para NEAR: NEAR_SELL_SHORT_1753244399999 | Status: ACTIVE | Targets: [False, False] | Motivo: ACTIVE (nenhum target atingido)
2025-07-23 02:00:03,493 - core.analyzer - INFO - 🚫 ANÁLISE BLOQUEADA para NEAR: Já existe sinal ativo
2025-07-23 02:00:03,595 - core.signal_writer - INFO - 🚫 SINAL BLOQUEADOR para SOL: SOL_BUY_LONG_1753244399999 | Status: ACTIVE | Targets: [False, False] | Motivo: ACTIVE (nenhum target atingido)
2025-07-23 02:00:03,596 - core.analyzer - INFO - 🚫 ANÁLISE BLOQUEADA para SOL: Já existe sinal ativo
2025-07-23 02:00:03,697 - core.signal_writer - INFO - 🚫 SINAL BLOQUEADOR para SUI: SUI_SELL_SHORT_1753244399999 | Status: ACTIVE | Targets: [False, False] | Motivo: ACTIVE (nenhum target atingido)
2025-07-23 02:00:03,697 - core.analyzer - INFO - 🚫 ANÁLISE BLOQUEADA para SUI: Já existe sinal ativo
2025-07-23 02:00:03,799 - core.signal_writer - INFO - 🚫 SINAL BLOQUEADOR para IMX: IMX_BUY_LONG_1753244399999 | Status: TARGET_HIT | Targets: [True, False] | Motivo: TARGET_HIT parcial [true, false]
2025-07-23 02:00:03,800 - core.analyzer - INFO - 🚫 ANÁLISE BLOQUEADA para IMX: Já existe sinal ativo
2025-07-23 02:00:03,900 - core.analyzer - INFO - ✅ Ciclo 5: 0 novos | 8 bloqueados | 0 erros | 0.8s
2025-07-23 02:00:03,901 - core.analyzer - INFO - ⏳ Aguardando 300s...
2025-07-23 02:03:11,491 - root - INFO - Iniciando Inicialização do analyzer...
2025-07-23 02:03:11,491 - root - INFO - Inicializando Trading Analyzer...
2025-07-23 02:03:11,491 - core.data_reader - INFO - DataReader inicializado (OTIMIZADO para 5m/15m).
2025-07-23 02:03:11,502 - core.signal_writer - INFO - EnhancedSignalWriter LÓGICA CORRIGIDA - 2 targets apenas
2025-07-23 02:03:11,502 - indicators.patterns - INFO - PatternAnalyzer SIMPLIFICADO - APENAS Double Top/Bottom
2025-07-23 02:03:11,502 - indicators.patterns - INFO - HeadAndShouldersDetector DESABILITADO conforme configuração
2025-07-23 02:03:11,502 - indicators.patterns - INFO - CupAndHandleDetector DESABILITADO conforme configuração
2025-07-23 02:03:11,503 - indicators.patterns - INFO - PatternAnalyzer SIMPLIFICADO - APENAS Double Top/Bottom
2025-07-23 02:03:11,503 - indicators.patterns - INFO - HeadAndShouldersDetector DESABILITADO conforme configuração
2025-07-23 02:03:11,503 - indicators.patterns - INFO - CupAndHandleDetector DESABILITADO conforme configuração
2025-07-23 02:03:11,506 - core.improved_signal_quality_system - INFO - 🗄️ Sistema de backup completo inicializado
2025-07-23 02:03:11,507 - core.improved_signal_quality_system - INFO - 🎯 Sistema RIGOROSO de qualidade inicializado
2025-07-23 02:03:11,507 - core.analyzer - INFO - 🎯 Sistema RIGOROSO de qualidade ativado
2025-07-23 02:03:11,507 - core.analyzer - INFO - MultiTimeframeAnalyzer OTIMIZADO inicializado:
2025-07-23 02:03:11,507 - core.analyzer - INFO -   • Timeframes ativos: ['5m', '15m']
2025-07-23 02:03:11,508 - core.analyzer - INFO -   • Qualidade: RIGOROUS
2025-07-23 02:03:11,508 - core.analyzer - INFO -   • Prioridade: 5m absoluta, 15m se não há 5m
2025-07-23 02:03:11,508 - core.analyzer - INFO -   • Backup: Completo (todos sinais + 43 candlesticks)
2025-07-23 02:03:11,508 - root - INFO - Trading Analyzer inicializado com sucesso
2025-07-23 02:03:11,509 - root - INFO - Inicialização do analyzer concluída em 0.0s
2025-07-23 02:03:11,509 - core.analyzer - INFO - 🚀 Iniciando análise contínua OTIMIZADA
2025-07-23 02:03:11,509 - core.analyzer - INFO - 🔍 Verificando símbolos com dados suficientes...
2025-07-23 02:03:11,510 - core.data_reader - INFO - Verificando 8 símbolos...
2025-07-23 02:03:11,947 - core.data_reader - INFO - ✅ Símbolos válidos: 8/8 - ['BNB', 'BTC', 'ENA', 'ETH', 'NEAR', 'SOL', 'SUI', 'IMX']
2025-07-23 02:03:11,947 - core.analyzer - INFO - ✅ Símbolos válidos: 8 - ['BNB', 'BTC', 'ENA', 'ETH', 'NEAR', 'SOL', 'SUI', 'IMX']
2025-07-23 02:03:11,947 - core.analyzer - INFO - ⏱️ Intervalo: 300s | Timeframes: APENAS 5m e 15m
2025-07-23 02:03:11,948 - core.analyzer - INFO - 🔄 Ciclo 1 iniciado
2025-07-23 02:03:11,963 - core.signal_writer - INFO - 🚫 SINAL BLOQUEADOR para BNB: BNB_SELL_SHORT_1753245299999 | Status: ACTIVE | Targets: [False, False] | Motivo: ACTIVE (nenhum target atingido)
2025-07-23 02:03:11,963 - core.analyzer - INFO - 🚫 ANÁLISE BLOQUEADA para BNB: Já existe sinal ativo
2025-07-23 02:03:12,066 - core.signal_writer - INFO - 🚫 SINAL BLOQUEADOR para BTC: BTC_BUY_LONG_1753244399999 | Status: TARGET_HIT | Targets: [True, False] | Motivo: TARGET_HIT parcial [true, false]
2025-07-23 02:03:12,066 - core.analyzer - INFO - 🚫 ANÁLISE BLOQUEADA para BTC: Já existe sinal ativo
2025-07-23 02:03:12,168 - core.signal_writer - INFO - 🚫 SINAL BLOQUEADOR para ENA: ENA_SELL_SHORT_1753244399999 | Status: ACTIVE | Targets: [False, False] | Motivo: ACTIVE (nenhum target atingido)
2025-07-23 02:03:12,169 - core.analyzer - INFO - 🚫 ANÁLISE BLOQUEADA para ENA: Já existe sinal ativo
2025-07-23 02:03:12,271 - core.signal_writer - INFO - 🚫 SINAL BLOQUEADOR para ETH: ETH_SELL_SHORT_1753244399999 | Status: ACTIVE | Targets: [False, False] | Motivo: ACTIVE (nenhum target atingido)
2025-07-23 02:03:12,271 - core.analyzer - INFO - 🚫 ANÁLISE BLOQUEADA para ETH: Já existe sinal ativo
2025-07-23 02:03:12,373 - core.signal_writer - INFO - 🚫 SINAL BLOQUEADOR para NEAR: NEAR_SELL_SHORT_1753244399999 | Status: ACTIVE | Targets: [False, False] | Motivo: ACTIVE (nenhum target atingido)
2025-07-23 02:03:12,374 - core.analyzer - INFO - 🚫 ANÁLISE BLOQUEADA para NEAR: Já existe sinal ativo
2025-07-23 02:03:12,476 - core.signal_writer - INFO - 🚫 SINAL BLOQUEADOR para SOL: SOL_BUY_LONG_1753244399999 | Status: ACTIVE | Targets: [False, False] | Motivo: ACTIVE (nenhum target atingido)
2025-07-23 02:03:12,476 - core.analyzer - INFO - 🚫 ANÁLISE BLOQUEADA para SOL: Já existe sinal ativo
2025-07-23 02:03:12,578 - core.signal_writer - INFO - 🚫 SINAL BLOQUEADOR para SUI: SUI_SELL_SHORT_1753244399999 | Status: ACTIVE | Targets: [False, False] | Motivo: ACTIVE (nenhum target atingido)
2025-07-23 02:03:12,578 - core.analyzer - INFO - 🚫 ANÁLISE BLOQUEADA para SUI: Já existe sinal ativo
2025-07-23 02:03:12,680 - core.signal_writer - INFO - 🚫 SINAL BLOQUEADOR para IMX: IMX_BUY_LONG_1753244399999 | Status: TARGET_HIT | Targets: [True, False] | Motivo: TARGET_HIT parcial [true, false]
2025-07-23 02:03:12,680 - core.analyzer - INFO - 🚫 ANÁLISE BLOQUEADA para IMX: Já existe sinal ativo
2025-07-23 02:03:12,781 - core.analyzer - INFO - ✅ Ciclo 1: 0 novos | 8 bloqueados | 0 erros | 0.8s
2025-07-23 02:03:12,782 - core.analyzer - INFO - ⏳ Aguardando 300s...
2025-07-23 02:03:34,544 - root - INFO - Iniciando Inicialização do analyzer...
2025-07-23 02:03:34,545 - root - INFO - Inicializando Trading Analyzer...
2025-07-23 02:03:34,545 - core.data_reader - INFO - DataReader inicializado (OTIMIZADO para 5m/15m).
2025-07-23 02:03:34,555 - core.signal_writer - INFO - EnhancedSignalWriter LÓGICA CORRIGIDA - 2 targets apenas
2025-07-23 02:03:34,556 - indicators.patterns - INFO - PatternAnalyzer SIMPLIFICADO - APENAS Double Top/Bottom
2025-07-23 02:03:34,556 - indicators.patterns - INFO - HeadAndShouldersDetector DESABILITADO conforme configuração
2025-07-23 02:03:34,556 - indicators.patterns - INFO - CupAndHandleDetector DESABILITADO conforme configuração
2025-07-23 02:03:34,557 - indicators.patterns - INFO - PatternAnalyzer SIMPLIFICADO - APENAS Double Top/Bottom
2025-07-23 02:03:34,557 - indicators.patterns - INFO - HeadAndShouldersDetector DESABILITADO conforme configuração
2025-07-23 02:03:34,557 - indicators.patterns - INFO - CupAndHandleDetector DESABILITADO conforme configuração
2025-07-23 02:03:34,559 - core.improved_signal_quality_system - INFO - 🗄️ Sistema de backup completo inicializado
2025-07-23 02:03:34,560 - core.improved_signal_quality_system - INFO - 🎯 Sistema RIGOROSO de qualidade inicializado
2025-07-23 02:03:34,561 - core.analyzer - INFO - 🎯 Sistema RIGOROSO de qualidade ativado
2025-07-23 02:03:34,561 - core.analyzer - INFO - MultiTimeframeAnalyzer OTIMIZADO inicializado:
2025-07-23 02:03:34,561 - core.analyzer - INFO -   • Timeframes ativos: ['5m', '15m']
2025-07-23 02:03:34,562 - core.analyzer - INFO -   • Qualidade: RIGOROUS
2025-07-23 02:03:34,562 - core.analyzer - INFO -   • Prioridade: 5m absoluta, 15m se não há 5m
2025-07-23 02:03:34,562 - core.analyzer - INFO -   • Backup: Completo (todos sinais + 43 candlesticks)
2025-07-23 02:03:34,562 - root - INFO - Trading Analyzer inicializado com sucesso
2025-07-23 02:03:34,563 - root - INFO - Inicialização do analyzer concluída em 0.0s
2025-07-23 02:03:34,563 - core.analyzer - INFO - 🚀 Iniciando análise contínua OTIMIZADA
2025-07-23 02:03:34,563 - core.analyzer - INFO - 🔍 Verificando símbolos com dados suficientes...
2025-07-23 02:03:34,564 - core.data_reader - INFO - Verificando 8 símbolos...
2025-07-23 02:03:34,995 - core.data_reader - INFO - ✅ Símbolos válidos: 8/8 - ['BNB', 'BTC', 'ENA', 'ETH', 'NEAR', 'SOL', 'SUI', 'IMX']
2025-07-23 02:03:34,995 - core.analyzer - INFO - ✅ Símbolos válidos: 8 - ['BNB', 'BTC', 'ENA', 'ETH', 'NEAR', 'SOL', 'SUI', 'IMX']
2025-07-23 02:03:34,995 - core.analyzer - INFO - ⏱️ Intervalo: 300s | Timeframes: APENAS 5m e 15m
2025-07-23 02:03:34,995 - core.analyzer - INFO - 🔄 Ciclo 1 iniciado
2025-07-23 02:03:34,998 - core.analyzer - INFO - Análise iniciada para: BNB
2025-07-23 02:03:35,019 - core.analyzer - ERROR - Erro na análise de BNB em 5m: 'NoneType' object has no attribute 'get'
2025-07-23 02:03:35,037 - indicators.patterns - INFO - Padrões para BNB: 0 selecionados
2025-07-23 02:03:35,729 - core.improved_signal_quality_system - ERROR - Erro ao fazer backup do candlestick Bullish Engulfing: table signal_backup_v2 has no column named was_eliminated
2025-07-23 02:03:35,730 - core.improved_signal_quality_system - ERROR - Erro ao fazer backup do candlestick Bullish Engulfing: table signal_backup_v2 has no column named was_eliminated
2025-07-23 02:03:35,730 - core.improved_signal_quality_system - ERROR - Erro ao fazer backup do candlestick Bearish Engulfing: table signal_backup_v2 has no column named was_eliminated
2025-07-23 02:03:35,730 - core.improved_signal_quality_system - ERROR - Erro ao fazer backup do candlestick Bullish Engulfing: table signal_backup_v2 has no column named was_eliminated
2025-07-23 02:03:35,731 - core.improved_signal_quality_system - ERROR - Erro ao fazer backup do candlestick Bullish Engulfing: table signal_backup_v2 has no column named was_eliminated
2025-07-23 02:03:35,731 - core.improved_signal_quality_system - ERROR - Erro ao fazer backup do candlestick Bullish Engulfing: table signal_backup_v2 has no column named was_eliminated
2025-07-23 02:03:35,732 - core.improved_signal_quality_system - ERROR - Erro ao fazer backup do candlestick Bearish Engulfing: table signal_backup_v2 has no column named was_eliminated
2025-07-23 02:03:35,732 - core.improved_signal_quality_system - ERROR - Erro ao fazer backup do candlestick Three Outside Up: table signal_backup_v2 has no column named was_eliminated
2025-07-23 02:03:35,733 - core.improved_signal_quality_system - ERROR - Erro ao fazer backup do candlestick Three Outside Up: table signal_backup_v2 has no column named was_eliminated
2025-07-23 02:03:35,734 - core.improved_signal_quality_system - ERROR - Erro ao fazer backup do candlestick Three Outside Up: table signal_backup_v2 has no column named was_eliminated
2025-07-23 02:03:35,734 - core.improved_signal_quality_system - ERROR - Erro ao fazer backup do candlestick Three Outside Down: table signal_backup_v2 has no column named was_eliminated
2025-07-23 02:03:35,735 - core.improved_signal_quality_system - ERROR - Erro ao fazer backup do candlestick Gravestone Doji: table signal_backup_v2 has no column named was_eliminated
2025-07-23 02:03:35,735 - core.improved_signal_quality_system - ERROR - Erro ao fazer backup do candlestick Shooting Star: table signal_backup_v2 has no column named was_eliminated
2025-07-23 02:03:35,735 - core.improved_signal_quality_system - ERROR - Erro ao fazer backup do candlestick Hammer: table signal_backup_v2 has no column named was_eliminated
2025-07-23 02:03:35,736 - core.improved_signal_quality_system - ERROR - Erro ao fazer backup do candlestick Hanging Man: table signal_backup_v2 has no column named was_eliminated
2025-07-23 02:03:35,736 - core.improved_signal_quality_system - ERROR - Erro ao fazer backup do candlestick Hanging Man: table signal_backup_v2 has no column named was_eliminated
2025-07-23 02:03:35,736 - core.improved_signal_quality_system - ERROR - Erro ao fazer backup do candlestick Tweezer Top: table signal_backup_v2 has no column named was_eliminated
2025-07-23 02:03:35,737 - core.improved_signal_quality_system - ERROR - Erro ao fazer backup do candlestick Tweezer Top: table signal_backup_v2 has no column named was_eliminated
2025-07-23 02:03:35,737 - core.improved_signal_quality_system - ERROR - Erro ao fazer backup do candlestick Tweezer Top: table signal_backup_v2 has no column named was_eliminated
2025-07-23 02:03:35,738 - core.improved_signal_quality_system - ERROR - Erro ao fazer backup do candlestick Tweezer Top: table signal_backup_v2 has no column named was_eliminated
2025-07-23 02:03:35,738 - core.improved_signal_quality_system - ERROR - Erro ao fazer backup do candlestick Tweezer Top: table signal_backup_v2 has no column named was_eliminated
2025-07-23 02:03:35,738 - core.improved_signal_quality_system - ERROR - Erro ao fazer backup do candlestick Tweezer Top: table signal_backup_v2 has no column named was_eliminated
2025-07-23 02:03:35,738 - core.improved_signal_quality_system - ERROR - Erro ao fazer backup do candlestick Tweezer Bottom: table signal_backup_v2 has no column named was_eliminated
2025-07-23 02:03:35,739 - core.improved_signal_quality_system - ERROR - Erro ao fazer backup do candlestick Tweezer Top: table signal_backup_v2 has no column named was_eliminated
2025-07-23 02:03:35,739 - core.improved_signal_quality_system - ERROR - Erro ao fazer backup do candlestick Tweezer Bottom: table signal_backup_v2 has no column named was_eliminated
2025-07-23 02:03:35,739 - core.improved_signal_quality_system - ERROR - Erro ao fazer backup do candlestick Tweezer Top: table signal_backup_v2 has no column named was_eliminated
2025-07-23 02:03:35,740 - core.improved_signal_quality_system - ERROR - Erro ao fazer backup do candlestick Tweezer Top: table signal_backup_v2 has no column named was_eliminated
2025-07-23 02:03:35,740 - core.improved_signal_quality_system - ERROR - Erro ao fazer backup do candlestick Tweezer Top: table signal_backup_v2 has no column named was_eliminated
2025-07-23 02:03:35,741 - core.improved_signal_quality_system - ERROR - Erro ao fazer backup do candlestick Tweezer Top: table signal_backup_v2 has no column named was_eliminated
2025-07-23 02:03:35,741 - core.improved_signal_quality_system - ERROR - Erro ao fazer backup do candlestick Tweezer Top: table signal_backup_v2 has no column named was_eliminated
2025-07-23 02:03:35,741 - core.improved_signal_quality_system - ERROR - Erro ao fazer backup do candlestick Tweezer Top: table signal_backup_v2 has no column named was_eliminated
2025-07-23 02:03:35,742 - core.improved_signal_quality_system - ERROR - Erro ao fazer backup do candlestick Tweezer Top: table signal_backup_v2 has no column named was_eliminated
2025-07-23 02:03:35,742 - core.improved_signal_quality_system - ERROR - Erro ao fazer backup do candlestick Tweezer Top: table signal_backup_v2 has no column named was_eliminated
2025-07-23 02:03:35,743 - core.improved_signal_quality_system - ERROR - Erro ao fazer backup do candlestick Tweezer Top: table signal_backup_v2 has no column named was_eliminated
2025-07-23 02:03:35,743 - core.improved_signal_quality_system - ERROR - Erro ao fazer backup do candlestick Tweezer Top: table signal_backup_v2 has no column named was_eliminated
2025-07-23 02:03:35,744 - core.improved_signal_quality_system - ERROR - Erro ao fazer backup do candlestick Tweezer Bottom: table signal_backup_v2 has no column named was_eliminated
2025-07-23 02:03:35,744 - core.improved_signal_quality_system - ERROR - Erro ao fazer backup do candlestick Tweezer Top: table signal_backup_v2 has no column named was_eliminated
2025-07-23 02:03:35,745 - core.improved_signal_quality_system - ERROR - Erro ao fazer backup do candlestick Tweezer Top: table signal_backup_v2 has no column named was_eliminated
2025-07-23 02:03:35,745 - core.improved_signal_quality_system - ERROR - Erro ao fazer backup do candlestick Tweezer Bottom: table signal_backup_v2 has no column named was_eliminated
2025-07-23 02:03:35,745 - core.improved_signal_quality_system - ERROR - Erro ao fazer backup do candlestick Tweezer Bottom: table signal_backup_v2 has no column named was_eliminated
2025-07-23 02:03:35,746 - core.improved_signal_quality_system - ERROR - Erro ao fazer backup do candlestick Tweezer Top: table signal_backup_v2 has no column named was_eliminated
2025-07-23 02:03:35,746 - core.improved_signal_quality_system - ERROR - Erro ao fazer backup do candlestick Stick Sandwich: table signal_backup_v2 has no column named was_eliminated
2025-07-23 02:03:35,746 - core.improved_signal_quality_system - ERROR - Erro ao fazer backup do candlestick Stick Sandwich: table signal_backup_v2 has no column named was_eliminated
2025-07-23 02:03:35,747 - core.improved_signal_quality_system - ERROR - Erro ao fazer backup do candlestick Stick Sandwich: table signal_backup_v2 has no column named was_eliminated
2025-07-23 02:03:35,747 - core.improved_signal_quality_system - ERROR - Erro ao fazer backup do candlestick Inverted Hammer: table signal_backup_v2 has no column named was_eliminated
2025-07-23 02:03:35,747 - core.improved_signal_quality_system - ERROR - Erro ao fazer backup do candlestick Advance Block: table signal_backup_v2 has no column named was_eliminated
2025-07-23 02:03:35,747 - core.improved_signal_quality_system - ERROR - Erro ao fazer backup do candlestick Advance Block: table signal_backup_v2 has no column named was_eliminated
2025-07-23 02:03:35,748 - core.improved_signal_quality_system - ERROR - Erro ao fazer backup do candlestick Advance Block: table signal_backup_v2 has no column named was_eliminated
2025-07-23 02:03:35,748 - core.analyzer - INFO - 🎯 Filtro rigoroso BNB: 0 → 0 sinais (eliminados: 0)
2025-07-23 02:03:35,748 - core.analyzer - INFO - ✓ BNB (1/8): 0 sinais em 0.8s
2025-07-23 02:03:35,850 - core.analyzer - INFO - Análise iniciada para: BTC
2025-07-23 02:03:35,863 - core.analyzer - ERROR - Erro na análise de BTC em 5m: 'NoneType' object has no attribute 'get'
2025-07-23 02:03:35,879 - indicators.patterns - INFO - Padrões para BTC: 0 selecionados
2025-07-23 02:03:36,711 - core.improved_signal_quality_system - ERROR - Erro ao fazer backup do candlestick Bullish Engulfing: table signal_backup_v2 has no column named was_eliminated
2025-07-23 02:03:36,712 - core.improved_signal_quality_system - ERROR - Erro ao fazer backup do candlestick Three Outside Up: table signal_backup_v2 has no column named was_eliminated
2025-07-23 02:03:36,712 - core.improved_signal_quality_system - ERROR - Erro ao fazer backup do candlestick Hammer: table signal_backup_v2 has no column named was_eliminated
2025-07-23 02:03:36,713 - core.improved_signal_quality_system - ERROR - Erro ao fazer backup do candlestick Shooting Star: table signal_backup_v2 has no column named was_eliminated
2025-07-23 02:03:36,713 - core.improved_signal_quality_system - ERROR - Erro ao fazer backup do candlestick White Marubozu: table signal_backup_v2 has no column named was_eliminated
2025-07-23 02:03:36,714 - core.improved_signal_quality_system - ERROR - Erro ao fazer backup do candlestick Black Marubozu: table signal_backup_v2 has no column named was_eliminated
2025-07-23 02:03:36,715 - core.improved_signal_quality_system - ERROR - Erro ao fazer backup do candlestick Tweezer Top: table signal_backup_v2 has no column named was_eliminated
2025-07-23 02:03:36,716 - core.improved_signal_quality_system - ERROR - Erro ao fazer backup do candlestick Tweezer Top: table signal_backup_v2 has no column named was_eliminated
2025-07-23 02:03:36,717 - core.improved_signal_quality_system - ERROR - Erro ao fazer backup do candlestick Tweezer Top: table signal_backup_v2 has no column named was_eliminated
2025-07-23 02:03:36,717 - core.improved_signal_quality_system - ERROR - Erro ao fazer backup do candlestick Tweezer Top: table signal_backup_v2 has no column named was_eliminated
2025-07-23 02:03:36,718 - core.improved_signal_quality_system - ERROR - Erro ao fazer backup do candlestick Tweezer Top: table signal_backup_v2 has no column named was_eliminated
2025-07-23 02:03:36,718 - core.improved_signal_quality_system - ERROR - Erro ao fazer backup do candlestick Tweezer Top: table signal_backup_v2 has no column named was_eliminated
2025-07-23 02:03:36,718 - core.improved_signal_quality_system - ERROR - Erro ao fazer backup do candlestick Tweezer Top: table signal_backup_v2 has no column named was_eliminated
2025-07-23 02:03:36,719 - core.improved_signal_quality_system - ERROR - Erro ao fazer backup do candlestick Tweezer Top: table signal_backup_v2 has no column named was_eliminated
2025-07-23 02:03:36,719 - core.improved_signal_quality_system - ERROR - Erro ao fazer backup do candlestick Tweezer Bottom: table signal_backup_v2 has no column named was_eliminated
2025-07-23 02:03:36,719 - core.improved_signal_quality_system - ERROR - Erro ao fazer backup do candlestick Tweezer Bottom: table signal_backup_v2 has no column named was_eliminated
2025-07-23 02:03:36,720 - core.improved_signal_quality_system - ERROR - Erro ao fazer backup do candlestick Tweezer Top: table signal_backup_v2 has no column named was_eliminated
2025-07-23 02:03:36,720 - core.improved_signal_quality_system - ERROR - Erro ao fazer backup do candlestick Tweezer Top: table signal_backup_v2 has no column named was_eliminated
2025-07-23 02:03:36,721 - core.improved_signal_quality_system - ERROR - Erro ao fazer backup do candlestick Tweezer Top: table signal_backup_v2 has no column named was_eliminated
2025-07-23 02:03:36,721 - core.improved_signal_quality_system - ERROR - Erro ao fazer backup do candlestick Tweezer Top: table signal_backup_v2 has no column named was_eliminated
2025-07-23 02:03:36,721 - core.improved_signal_quality_system - ERROR - Erro ao fazer backup do candlestick Tweezer Top: table signal_backup_v2 has no column named was_eliminated
2025-07-23 02:03:36,722 - core.improved_signal_quality_system - ERROR - Erro ao fazer backup do candlestick Tweezer Top: table signal_backup_v2 has no column named was_eliminated
2025-07-23 02:03:36,722 - core.improved_signal_quality_system - ERROR - Erro ao fazer backup do candlestick Tweezer Top: table signal_backup_v2 has no column named was_eliminated
2025-07-23 02:03:36,723 - core.improved_signal_quality_system - ERROR - Erro ao fazer backup do candlestick Tweezer Bottom: table signal_backup_v2 has no column named was_eliminated
2025-07-23 02:03:36,723 - core.improved_signal_quality_system - ERROR - Erro ao fazer backup do candlestick Tweezer Bottom: table signal_backup_v2 has no column named was_eliminated
2025-07-23 02:03:36,723 - core.improved_signal_quality_system - ERROR - Erro ao fazer backup do candlestick Tweezer Bottom: table signal_backup_v2 has no column named was_eliminated
2025-07-23 02:03:36,724 - core.improved_signal_quality_system - ERROR - Erro ao fazer backup do candlestick Tweezer Bottom: table signal_backup_v2 has no column named was_eliminated
2025-07-23 02:03:36,724 - core.improved_signal_quality_system - ERROR - Erro ao fazer backup do candlestick Tweezer Top: table signal_backup_v2 has no column named was_eliminated
2025-07-23 02:03:36,726 - core.improved_signal_quality_system - ERROR - Erro ao fazer backup do candlestick Tweezer Top: table signal_backup_v2 has no column named was_eliminated
2025-07-23 02:03:36,727 - core.improved_signal_quality_system - ERROR - Erro ao fazer backup do candlestick Tweezer Top: table signal_backup_v2 has no column named was_eliminated
2025-07-23 02:03:36,728 - core.improved_signal_quality_system - ERROR - Erro ao fazer backup do candlestick Tweezer Top: table signal_backup_v2 has no column named was_eliminated
2025-07-23 02:03:36,728 - core.improved_signal_quality_system - ERROR - Erro ao fazer backup do candlestick Tweezer Bottom: table signal_backup_v2 has no column named was_eliminated
2025-07-23 02:03:36,729 - core.improved_signal_quality_system - ERROR - Erro ao fazer backup do candlestick Tweezer Bottom: table signal_backup_v2 has no column named was_eliminated
2025-07-23 02:03:36,729 - core.improved_signal_quality_system - ERROR - Erro ao fazer backup do candlestick Tweezer Bottom: table signal_backup_v2 has no column named was_eliminated
2025-07-23 02:03:36,729 - core.improved_signal_quality_system - ERROR - Erro ao fazer backup do candlestick Tweezer Bottom: table signal_backup_v2 has no column named was_eliminated
2025-07-23 02:03:36,730 - core.improved_signal_quality_system - ERROR - Erro ao fazer backup do candlestick Tweezer Bottom: table signal_backup_v2 has no column named was_eliminated
2025-07-23 02:03:36,730 - core.improved_signal_quality_system - ERROR - Erro ao fazer backup do candlestick Tweezer Bottom: table signal_backup_v2 has no column named was_eliminated
2025-07-23 02:03:36,730 - core.improved_signal_quality_system - ERROR - Erro ao fazer backup do candlestick Tweezer Bottom: table signal_backup_v2 has no column named was_eliminated
2025-07-23 02:03:36,731 - core.improved_signal_quality_system - ERROR - Erro ao fazer backup do candlestick Tweezer Bottom: table signal_backup_v2 has no column named was_eliminated
2025-07-23 02:03:36,731 - core.improved_signal_quality_system - ERROR - Erro ao fazer backup do candlestick Tweezer Bottom: table signal_backup_v2 has no column named was_eliminated
2025-07-23 02:03:36,732 - core.improved_signal_quality_system - ERROR - Erro ao fazer backup do candlestick Tweezer Bottom: table signal_backup_v2 has no column named was_eliminated
2025-07-23 02:03:36,732 - core.improved_signal_quality_system - ERROR - Erro ao fazer backup do candlestick Tweezer Bottom: table signal_backup_v2 has no column named was_eliminated
2025-07-23 02:03:36,732 - core.improved_signal_quality_system - ERROR - Erro ao fazer backup do candlestick Tweezer Bottom: table signal_backup_v2 has no column named was_eliminated
2025-07-23 02:03:36,733 - core.improved_signal_quality_system - ERROR - Erro ao fazer backup do candlestick Stick Sandwich: table signal_backup_v2 has no column named was_eliminated
2025-07-23 02:03:36,733 - core.improved_signal_quality_system - ERROR - Erro ao fazer backup do candlestick Stick Sandwich: table signal_backup_v2 has no column named was_eliminated
2025-07-23 02:03:36,734 - core.improved_signal_quality_system - ERROR - Erro ao fazer backup do candlestick Inverted Hammer: table signal_backup_v2 has no column named was_eliminated
2025-07-23 02:03:36,734 - core.analyzer - INFO - 🎯 Filtro rigoroso BTC: 0 → 0 sinais (eliminados: 0)
2025-07-23 02:03:36,734 - core.analyzer - INFO - ✓ BTC (2/8): 0 sinais em 0.9s
2025-07-23 02:03:36,836 - core.analyzer - INFO - Análise iniciada para: ENA
2025-07-23 02:03:36,852 - core.analyzer - ERROR - Erro na análise de ENA em 5m: 'NoneType' object has no attribute 'get'
2025-07-23 02:03:36,871 - indicators.patterns - INFO - Padrões para ENA: 0 selecionados
2025-07-23 02:03:37,586 - core.improved_signal_quality_system - ERROR - Erro ao fazer backup do candlestick Bullish Engulfing: table signal_backup_v2 has no column named was_eliminated
2025-07-23 02:03:37,587 - core.improved_signal_quality_system - ERROR - Erro ao fazer backup do candlestick Bullish Engulfing: table signal_backup_v2 has no column named was_eliminated
2025-07-23 02:03:37,587 - core.improved_signal_quality_system - ERROR - Erro ao fazer backup do candlestick Bearish Engulfing: table signal_backup_v2 has no column named was_eliminated
2025-07-23 02:03:37,587 - core.improved_signal_quality_system - ERROR - Erro ao fazer backup do candlestick Bearish Engulfing: table signal_backup_v2 has no column named was_eliminated
2025-07-23 02:03:37,588 - core.improved_signal_quality_system - ERROR - Erro ao fazer backup do candlestick Bullish Engulfing: table signal_backup_v2 has no column named was_eliminated
2025-07-23 02:03:37,588 - core.improved_signal_quality_system - ERROR - Erro ao fazer backup do candlestick Bearish Engulfing: table signal_backup_v2 has no column named was_eliminated
2025-07-23 02:03:37,589 - core.improved_signal_quality_system - ERROR - Erro ao fazer backup do candlestick Bearish Engulfing: table signal_backup_v2 has no column named was_eliminated
2025-07-23 02:03:37,590 - core.improved_signal_quality_system - ERROR - Erro ao fazer backup do candlestick Bearish Engulfing: table signal_backup_v2 has no column named was_eliminated
2025-07-23 02:03:37,591 - core.improved_signal_quality_system - ERROR - Erro ao fazer backup do candlestick Three Outside Up: table signal_backup_v2 has no column named was_eliminated
2025-07-23 02:03:37,591 - core.improved_signal_quality_system - ERROR - Erro ao fazer backup do candlestick Three Outside Down: table signal_backup_v2 has no column named was_eliminated
2025-07-23 02:03:37,592 - core.improved_signal_quality_system - ERROR - Erro ao fazer backup do candlestick Three Outside Down: table signal_backup_v2 has no column named was_eliminated
2025-07-23 02:03:37,593 - core.improved_signal_quality_system - ERROR - Erro ao fazer backup do candlestick Three Outside Down: table signal_backup_v2 has no column named was_eliminated
2025-07-23 02:03:37,594 - core.improved_signal_quality_system - ERROR - Erro ao fazer backup do candlestick Dragonfly Doji: table signal_backup_v2 has no column named was_eliminated
2025-07-23 02:03:37,594 - core.improved_signal_quality_system - ERROR - Erro ao fazer backup do candlestick Gravestone Doji: table signal_backup_v2 has no column named was_eliminated
2025-07-23 02:03:37,595 - core.improved_signal_quality_system - ERROR - Erro ao fazer backup do candlestick Hammer: table signal_backup_v2 has no column named was_eliminated
2025-07-23 02:03:37,595 - core.improved_signal_quality_system - ERROR - Erro ao fazer backup do candlestick Hammer: table signal_backup_v2 has no column named was_eliminated
2025-07-23 02:03:37,595 - core.improved_signal_quality_system - ERROR - Erro ao fazer backup do candlestick Hammer: table signal_backup_v2 has no column named was_eliminated
2025-07-23 02:03:37,596 - core.improved_signal_quality_system - ERROR - Erro ao fazer backup do candlestick Hanging Man: table signal_backup_v2 has no column named was_eliminated
2025-07-23 02:03:37,596 - core.improved_signal_quality_system - ERROR - Erro ao fazer backup do candlestick Hanging Man: table signal_backup_v2 has no column named was_eliminated
2025-07-23 02:03:37,596 - core.improved_signal_quality_system - ERROR - Erro ao fazer backup do candlestick Hanging Man: table signal_backup_v2 has no column named was_eliminated
2025-07-23 02:03:37,597 - core.improved_signal_quality_system - ERROR - Erro ao fazer backup do candlestick White Marubozu: table signal_backup_v2 has no column named was_eliminated
2025-07-23 02:03:37,597 - core.improved_signal_quality_system - ERROR - Erro ao fazer backup do candlestick White Marubozu: table signal_backup_v2 has no column named was_eliminated
2025-07-23 02:03:37,597 - core.improved_signal_quality_system - ERROR - Erro ao fazer backup do candlestick Black Marubozu: table signal_backup_v2 has no column named was_eliminated
2025-07-23 02:03:37,598 - core.improved_signal_quality_system - ERROR - Erro ao fazer backup do candlestick Tweezer Top: table signal_backup_v2 has no column named was_eliminated
2025-07-23 02:03:37,598 - core.improved_signal_quality_system - ERROR - Erro ao fazer backup do candlestick Tweezer Top: table signal_backup_v2 has no column named was_eliminated
2025-07-23 02:03:37,598 - core.improved_signal_quality_system - ERROR - Erro ao fazer backup do candlestick Tweezer Bottom: table signal_backup_v2 has no column named was_eliminated
2025-07-23 02:03:37,598 - core.improved_signal_quality_system - ERROR - Erro ao fazer backup do candlestick Tweezer Bottom: table signal_backup_v2 has no column named was_eliminated
2025-07-23 02:03:37,599 - core.improved_signal_quality_system - ERROR - Erro ao fazer backup do candlestick Tweezer Bottom: table signal_backup_v2 has no column named was_eliminated
2025-07-23 02:03:37,599 - core.improved_signal_quality_system - ERROR - Erro ao fazer backup do candlestick Tweezer Bottom: table signal_backup_v2 has no column named was_eliminated
2025-07-23 02:03:37,599 - core.improved_signal_quality_system - ERROR - Erro ao fazer backup do candlestick Tweezer Bottom: table signal_backup_v2 has no column named was_eliminated
2025-07-23 02:03:37,600 - core.improved_signal_quality_system - ERROR - Erro ao fazer backup do candlestick Tweezer Bottom: table signal_backup_v2 has no column named was_eliminated
2025-07-23 02:03:37,600 - core.improved_signal_quality_system - ERROR - Erro ao fazer backup do candlestick Tweezer Top: table signal_backup_v2 has no column named was_eliminated
2025-07-23 02:03:37,600 - core.improved_signal_quality_system - ERROR - Erro ao fazer backup do candlestick Tweezer Bottom: table signal_backup_v2 has no column named was_eliminated
2025-07-23 02:03:37,601 - core.improved_signal_quality_system - ERROR - Erro ao fazer backup do candlestick Tweezer Bottom: table signal_backup_v2 has no column named was_eliminated
2025-07-23 02:03:37,601 - core.improved_signal_quality_system - ERROR - Erro ao fazer backup do candlestick Tweezer Top: table signal_backup_v2 has no column named was_eliminated
2025-07-23 02:03:37,601 - core.improved_signal_quality_system - ERROR - Erro ao fazer backup do candlestick Tweezer Top: table signal_backup_v2 has no column named was_eliminated
2025-07-23 02:03:37,601 - core.improved_signal_quality_system - ERROR - Erro ao fazer backup do candlestick Tweezer Bottom: table signal_backup_v2 has no column named was_eliminated
2025-07-23 02:03:37,602 - core.improved_signal_quality_system - ERROR - Erro ao fazer backup do candlestick Tweezer Bottom: table signal_backup_v2 has no column named was_eliminated
2025-07-23 02:03:37,602 - core.improved_signal_quality_system - ERROR - Erro ao fazer backup do candlestick Tweezer Bottom: table signal_backup_v2 has no column named was_eliminated
2025-07-23 02:03:37,602 - core.improved_signal_quality_system - ERROR - Erro ao fazer backup do candlestick Stick Sandwich: table signal_backup_v2 has no column named was_eliminated
2025-07-23 02:03:37,603 - core.improved_signal_quality_system - ERROR - Erro ao fazer backup do candlestick Stick Sandwich: table signal_backup_v2 has no column named was_eliminated
2025-07-23 02:03:37,603 - core.improved_signal_quality_system - ERROR - Erro ao fazer backup do candlestick Inverted Hammer: table signal_backup_v2 has no column named was_eliminated
2025-07-23 02:03:37,603 - core.improved_signal_quality_system - ERROR - Erro ao fazer backup do candlestick Advance Block: table signal_backup_v2 has no column named was_eliminated
2025-07-23 02:03:37,603 - core.analyzer - INFO - 🎯 Filtro rigoroso ENA: 0 → 0 sinais (eliminados: 0)
2025-07-23 02:03:37,604 - core.analyzer - INFO - ✓ ENA (3/8): 0 sinais em 0.8s
2025-07-23 02:03:37,705 - core.analyzer - INFO - Análise iniciada para: ETH
2025-07-23 02:03:37,718 - core.analyzer - ERROR - Erro na análise de ETH em 5m: 'NoneType' object has no attribute 'get'
2025-07-23 02:03:37,735 - indicators.patterns - INFO - Padrões para ETH: 0 selecionados
2025-07-23 02:03:38,438 - core.improved_signal_quality_system - ERROR - Erro ao fazer backup do candlestick Bullish Engulfing: table signal_backup_v2 has no column named was_eliminated
2025-07-23 02:03:38,439 - core.improved_signal_quality_system - ERROR - Erro ao fazer backup do candlestick Bearish Engulfing: table signal_backup_v2 has no column named was_eliminated
2025-07-23 02:03:38,439 - core.improved_signal_quality_system - ERROR - Erro ao fazer backup do candlestick Bullish Engulfing: table signal_backup_v2 has no column named was_eliminated
2025-07-23 02:03:38,439 - core.improved_signal_quality_system - ERROR - Erro ao fazer backup do candlestick Bearish Engulfing: table signal_backup_v2 has no column named was_eliminated
2025-07-23 02:03:38,440 - core.improved_signal_quality_system - ERROR - Erro ao fazer backup do candlestick Bullish Engulfing: table signal_backup_v2 has no column named was_eliminated
2025-07-23 02:03:38,440 - core.improved_signal_quality_system - ERROR - Erro ao fazer backup do candlestick Bullish Engulfing: table signal_backup_v2 has no column named was_eliminated
2025-07-23 02:03:38,441 - core.improved_signal_quality_system - ERROR - Erro ao fazer backup do candlestick Bearish Engulfing: table signal_backup_v2 has no column named was_eliminated
2025-07-23 02:03:38,442 - core.improved_signal_quality_system - ERROR - Erro ao fazer backup do candlestick Bearish Engulfing: table signal_backup_v2 has no column named was_eliminated
2025-07-23 02:03:38,442 - core.improved_signal_quality_system - ERROR - Erro ao fazer backup do candlestick Three Outside Up: table signal_backup_v2 has no column named was_eliminated
2025-07-23 02:03:38,443 - core.improved_signal_quality_system - ERROR - Erro ao fazer backup do candlestick Three Outside Down: table signal_backup_v2 has no column named was_eliminated
2025-07-23 02:03:38,443 - core.improved_signal_quality_system - ERROR - Erro ao fazer backup do candlestick Three Outside Up: table signal_backup_v2 has no column named was_eliminated
2025-07-23 02:03:38,444 - core.improved_signal_quality_system - ERROR - Erro ao fazer backup do candlestick Three Outside Down: table signal_backup_v2 has no column named was_eliminated
2025-07-23 02:03:38,444 - core.improved_signal_quality_system - ERROR - Erro ao fazer backup do candlestick Three Outside Up: table signal_backup_v2 has no column named was_eliminated
2025-07-23 02:03:38,444 - core.improved_signal_quality_system - ERROR - Erro ao fazer backup do candlestick Three Outside Down: table signal_backup_v2 has no column named was_eliminated
2025-07-23 02:03:38,445 - core.improved_signal_quality_system - ERROR - Erro ao fazer backup do candlestick Three Outside Down: table signal_backup_v2 has no column named was_eliminated
2025-07-23 02:03:38,445 - core.improved_signal_quality_system - ERROR - Erro ao fazer backup do candlestick Dragonfly Doji: table signal_backup_v2 has no column named was_eliminated
2025-07-23 02:03:38,445 - core.improved_signal_quality_system - ERROR - Erro ao fazer backup do candlestick Dragonfly Doji: table signal_backup_v2 has no column named was_eliminated
2025-07-23 02:03:38,446 - core.improved_signal_quality_system - ERROR - Erro ao fazer backup do candlestick Dragonfly Doji: table signal_backup_v2 has no column named was_eliminated
2025-07-23 02:03:38,446 - core.improved_signal_quality_system - ERROR - Erro ao fazer backup do candlestick Gravestone Doji: table signal_backup_v2 has no column named was_eliminated
2025-07-23 02:03:38,446 - core.improved_signal_quality_system - ERROR - Erro ao fazer backup do candlestick Shooting Star: table signal_backup_v2 has no column named was_eliminated
2025-07-23 02:03:38,447 - core.improved_signal_quality_system - ERROR - Erro ao fazer backup do candlestick Shooting Star: table signal_backup_v2 has no column named was_eliminated
2025-07-23 02:03:38,447 - core.improved_signal_quality_system - ERROR - Erro ao fazer backup do candlestick Hanging Man: table signal_backup_v2 has no column named was_eliminated
2025-07-23 02:03:38,447 - core.improved_signal_quality_system - ERROR - Erro ao fazer backup do candlestick Hanging Man: table signal_backup_v2 has no column named was_eliminated
2025-07-23 02:03:38,448 - core.improved_signal_quality_system - ERROR - Erro ao fazer backup do candlestick Hanging Man: table signal_backup_v2 has no column named was_eliminated
2025-07-23 02:03:38,448 - core.improved_signal_quality_system - ERROR - Erro ao fazer backup do candlestick Tweezer Top: table signal_backup_v2 has no column named was_eliminated
2025-07-23 02:03:38,448 - core.improved_signal_quality_system - ERROR - Erro ao fazer backup do candlestick Tweezer Top: table signal_backup_v2 has no column named was_eliminated
2025-07-23 02:03:38,449 - core.improved_signal_quality_system - ERROR - Erro ao fazer backup do candlestick Tweezer Top: table signal_backup_v2 has no column named was_eliminated
2025-07-23 02:03:38,449 - core.improved_signal_quality_system - ERROR - Erro ao fazer backup do candlestick Tweezer Top: table signal_backup_v2 has no column named was_eliminated
2025-07-23 02:03:38,449 - core.improved_signal_quality_system - ERROR - Erro ao fazer backup do candlestick Tweezer Top: table signal_backup_v2 has no column named was_eliminated
2025-07-23 02:03:38,450 - core.improved_signal_quality_system - ERROR - Erro ao fazer backup do candlestick Tweezer Top: table signal_backup_v2 has no column named was_eliminated
2025-07-23 02:03:38,450 - core.improved_signal_quality_system - ERROR - Erro ao fazer backup do candlestick Tweezer Bottom: table signal_backup_v2 has no column named was_eliminated
2025-07-23 02:03:38,450 - core.improved_signal_quality_system - ERROR - Erro ao fazer backup do candlestick Tweezer Top: table signal_backup_v2 has no column named was_eliminated
2025-07-23 02:03:38,450 - core.improved_signal_quality_system - ERROR - Erro ao fazer backup do candlestick Tweezer Bottom: table signal_backup_v2 has no column named was_eliminated
2025-07-23 02:03:38,451 - core.improved_signal_quality_system - ERROR - Erro ao fazer backup do candlestick Tweezer Top: table signal_backup_v2 has no column named was_eliminated
2025-07-23 02:03:38,451 - core.improved_signal_quality_system - ERROR - Erro ao fazer backup do candlestick Tweezer Top: table signal_backup_v2 has no column named was_eliminated
2025-07-23 02:03:38,451 - core.improved_signal_quality_system - ERROR - Erro ao fazer backup do candlestick Tweezer Top: table signal_backup_v2 has no column named was_eliminated
2025-07-23 02:03:38,452 - core.improved_signal_quality_system - ERROR - Erro ao fazer backup do candlestick Tweezer Top: table signal_backup_v2 has no column named was_eliminated
2025-07-23 02:03:38,452 - core.improved_signal_quality_system - ERROR - Erro ao fazer backup do candlestick Tweezer Top: table signal_backup_v2 has no column named was_eliminated
2025-07-23 02:03:38,452 - core.improved_signal_quality_system - ERROR - Erro ao fazer backup do candlestick Tweezer Bottom: table signal_backup_v2 has no column named was_eliminated
2025-07-23 02:03:38,452 - core.improved_signal_quality_system - ERROR - Erro ao fazer backup do candlestick Tweezer Bottom: table signal_backup_v2 has no column named was_eliminated
2025-07-23 02:03:38,453 - core.improved_signal_quality_system - ERROR - Erro ao fazer backup do candlestick Tweezer Top: table signal_backup_v2 has no column named was_eliminated
2025-07-23 02:03:38,453 - core.improved_signal_quality_system - ERROR - Erro ao fazer backup do candlestick Tweezer Top: table signal_backup_v2 has no column named was_eliminated
2025-07-23 02:03:38,453 - core.improved_signal_quality_system - ERROR - Erro ao fazer backup do candlestick Tweezer Top: table signal_backup_v2 has no column named was_eliminated
2025-07-23 02:03:38,453 - core.improved_signal_quality_system - ERROR - Erro ao fazer backup do candlestick Stick Sandwich: table signal_backup_v2 has no column named was_eliminated
2025-07-23 02:03:38,454 - core.improved_signal_quality_system - ERROR - Erro ao fazer backup do candlestick Inverted Hammer: table signal_backup_v2 has no column named was_eliminated
2025-07-23 02:03:38,454 - core.improved_signal_quality_system - ERROR - Erro ao fazer backup do candlestick Inverted Hammer: table signal_backup_v2 has no column named was_eliminated
2025-07-23 02:03:38,455 - core.improved_signal_quality_system - ERROR - Erro ao fazer backup do candlestick Advance Block: table signal_backup_v2 has no column named was_eliminated
2025-07-23 02:03:38,455 - core.improved_signal_quality_system - ERROR - Erro ao fazer backup do candlestick Advance Block: table signal_backup_v2 has no column named was_eliminated
2025-07-23 02:03:38,455 - core.analyzer - INFO - 🎯 Filtro rigoroso ETH: 0 → 0 sinais (eliminados: 0)
2025-07-23 02:03:38,456 - core.analyzer - INFO - ✓ ETH (4/8): 0 sinais em 0.8s
2025-07-23 02:03:38,557 - core.analyzer - INFO - Análise iniciada para: NEAR
2025-07-23 02:03:38,571 - core.technical_stop_loss - INFO - 🔧 Stop Loss Inteligente usando configurações avançadas
2025-07-23 02:03:38,578 - core.technical_targets - INFO - 🎯 Targets Inteligentes usando configurações avançadas
2025-07-23 02:03:38,582 - core.analyzer - ERROR - Erro na análise de NEAR em 5m: 'NoneType' object has no attribute 'get'
2025-07-23 02:03:38,586 - core.technical_stop_loss - INFO - 🔧 Stop Loss Inteligente usando configurações avançadas
2025-07-23 02:03:38,590 - core.technical_targets - INFO - 🎯 Targets Inteligentes usando configurações avançadas
2025-07-23 02:03:38,610 - indicators.patterns - INFO - Padrões para NEAR: 0 selecionados
2025-07-23 02:03:39,248 - core.improved_signal_quality_system - ERROR - Erro ao fazer backup do candlestick Bearish Engulfing: table signal_backup_v2 has no column named was_eliminated
2025-07-23 02:03:39,248 - core.improved_signal_quality_system - ERROR - Erro ao fazer backup do candlestick Bullish Engulfing: table signal_backup_v2 has no column named was_eliminated
2025-07-23 02:03:39,249 - core.improved_signal_quality_system - ERROR - Erro ao fazer backup do candlestick Bearish Engulfing: table signal_backup_v2 has no column named was_eliminated
2025-07-23 02:03:39,249 - core.improved_signal_quality_system - ERROR - Erro ao fazer backup do candlestick Bullish Engulfing: table signal_backup_v2 has no column named was_eliminated
2025-07-23 02:03:39,249 - core.improved_signal_quality_system - ERROR - Erro ao fazer backup do candlestick Three Outside Down: table signal_backup_v2 has no column named was_eliminated
2025-07-23 02:03:39,249 - core.improved_signal_quality_system - ERROR - Erro ao fazer backup do candlestick Three Outside Up: table signal_backup_v2 has no column named was_eliminated
2025-07-23 02:03:39,250 - core.improved_signal_quality_system - ERROR - Erro ao fazer backup do candlestick Three Outside Down: table signal_backup_v2 has no column named was_eliminated
2025-07-23 02:03:39,250 - core.improved_signal_quality_system - ERROR - Erro ao fazer backup do candlestick Gravestone Doji: table signal_backup_v2 has no column named was_eliminated
2025-07-23 02:03:39,251 - core.improved_signal_quality_system - ERROR - Erro ao fazer backup do candlestick Hammer: table signal_backup_v2 has no column named was_eliminated
2025-07-23 02:03:39,251 - core.improved_signal_quality_system - ERROR - Erro ao fazer backup do candlestick Shooting Star: table signal_backup_v2 has no column named was_eliminated
2025-07-23 02:03:39,252 - core.improved_signal_quality_system - ERROR - Erro ao fazer backup do candlestick Hanging Man: table signal_backup_v2 has no column named was_eliminated
2025-07-23 02:03:39,252 - core.improved_signal_quality_system - ERROR - Erro ao fazer backup do candlestick Hanging Man: table signal_backup_v2 has no column named was_eliminated
2025-07-23 02:03:39,253 - core.improved_signal_quality_system - ERROR - Erro ao fazer backup do candlestick White Marubozu: table signal_backup_v2 has no column named was_eliminated
2025-07-23 02:03:39,253 - core.improved_signal_quality_system - ERROR - Erro ao fazer backup do candlestick Tweezer Top: table signal_backup_v2 has no column named was_eliminated
2025-07-23 02:03:39,253 - core.improved_signal_quality_system - ERROR - Erro ao fazer backup do candlestick Tweezer Top: table signal_backup_v2 has no column named was_eliminated
2025-07-23 02:03:39,254 - core.improved_signal_quality_system - ERROR - Erro ao fazer backup do candlestick Tweezer Top: table signal_backup_v2 has no column named was_eliminated
2025-07-23 02:03:39,254 - core.improved_signal_quality_system - ERROR - Erro ao fazer backup do candlestick Tweezer Top: table signal_backup_v2 has no column named was_eliminated
2025-07-23 02:03:39,254 - core.improved_signal_quality_system - ERROR - Erro ao fazer backup do candlestick Tweezer Bottom: table signal_backup_v2 has no column named was_eliminated
2025-07-23 02:03:39,255 - core.improved_signal_quality_system - ERROR - Erro ao fazer backup do candlestick Tweezer Bottom: table signal_backup_v2 has no column named was_eliminated
2025-07-23 02:03:39,255 - core.improved_signal_quality_system - ERROR - Erro ao fazer backup do candlestick Tweezer Top: table signal_backup_v2 has no column named was_eliminated
2025-07-23 02:03:39,255 - core.improved_signal_quality_system - ERROR - Erro ao fazer backup do candlestick Tweezer Bottom: table signal_backup_v2 has no column named was_eliminated
2025-07-23 02:03:39,255 - core.improved_signal_quality_system - ERROR - Erro ao fazer backup do candlestick Tweezer Top: table signal_backup_v2 has no column named was_eliminated
2025-07-23 02:03:39,256 - core.improved_signal_quality_system - ERROR - Erro ao fazer backup do candlestick Tweezer Top: table signal_backup_v2 has no column named was_eliminated
2025-07-23 02:03:39,256 - core.improved_signal_quality_system - ERROR - Erro ao fazer backup do candlestick Tweezer Top: table signal_backup_v2 has no column named was_eliminated
2025-07-23 02:03:39,256 - core.improved_signal_quality_system - ERROR - Erro ao fazer backup do candlestick Tweezer Top: table signal_backup_v2 has no column named was_eliminated
2025-07-23 02:03:39,256 - core.improved_signal_quality_system - ERROR - Erro ao fazer backup do candlestick Tweezer Bottom: table signal_backup_v2 has no column named was_eliminated
2025-07-23 02:03:39,257 - core.improved_signal_quality_system - ERROR - Erro ao fazer backup do candlestick Tweezer Top: table signal_backup_v2 has no column named was_eliminated
2025-07-23 02:03:39,257 - core.improved_signal_quality_system - ERROR - Erro ao fazer backup do candlestick Tweezer Top: table signal_backup_v2 has no column named was_eliminated
2025-07-23 02:03:39,257 - core.improved_signal_quality_system - INFO - 💾 Salvando 1 sinais no backup para NEAR
2025-07-23 02:03:39,281 - core.improved_signal_quality_system - ERROR - Erro ao fazer backup do sinal 0: table signal_backup_v2 has no column named was_eliminated
2025-07-23 02:03:39,283 - core.analyzer - ERROR - ❌ Erro crítico em NEAR: 'RigorousQualityFilter' object has no attribute '_apply_timeframe_priority_rules'
2025-07-23 02:03:39,293 - core.analyzer - INFO - Análise iniciada para: SOL
2025-07-23 02:03:39,304 - core.technical_stop_loss - INFO - 🔧 Stop Loss Inteligente usando configurações avançadas
2025-07-23 02:03:39,310 - core.technical_targets - INFO - 🎯 Targets Inteligentes usando configurações avançadas
2025-07-23 02:03:39,314 - core.signal_writer - WARNING - Target 1 SHORT corrigido para SOL: 197.4014
2025-07-23 02:03:39,314 - core.analyzer - ERROR - Erro na análise de SOL em 5m: 'NoneType' object has no attribute 'get'
2025-07-23 02:03:39,330 - indicators.patterns - INFO - Padrões para SOL: 0 selecionados
2025-07-23 02:03:39,989 - core.improved_signal_quality_system - ERROR - Erro ao fazer backup do candlestick Bullish Engulfing: table signal_backup_v2 has no column named was_eliminated
2025-07-23 02:03:39,989 - core.improved_signal_quality_system - ERROR - Erro ao fazer backup do candlestick Bullish Engulfing: table signal_backup_v2 has no column named was_eliminated
2025-07-23 02:03:39,989 - core.improved_signal_quality_system - ERROR - Erro ao fazer backup do candlestick Bullish Engulfing: table signal_backup_v2 has no column named was_eliminated
2025-07-23 02:03:39,990 - core.improved_signal_quality_system - ERROR - Erro ao fazer backup do candlestick Bullish Engulfing: table signal_backup_v2 has no column named was_eliminated
2025-07-23 02:03:39,990 - core.improved_signal_quality_system - ERROR - Erro ao fazer backup do candlestick Bearish Engulfing: table signal_backup_v2 has no column named was_eliminated
2025-07-23 02:03:39,991 - core.improved_signal_quality_system - ERROR - Erro ao fazer backup do candlestick Bullish Engulfing: table signal_backup_v2 has no column named was_eliminated
2025-07-23 02:03:39,992 - core.improved_signal_quality_system - ERROR - Erro ao fazer backup do candlestick Bullish Engulfing: table signal_backup_v2 has no column named was_eliminated
2025-07-23 02:03:39,993 - core.improved_signal_quality_system - ERROR - Erro ao fazer backup do candlestick Three Outside Up: table signal_backup_v2 has no column named was_eliminated
2025-07-23 02:03:39,993 - core.improved_signal_quality_system - ERROR - Erro ao fazer backup do candlestick Three Outside Up: table signal_backup_v2 has no column named was_eliminated
2025-07-23 02:03:39,994 - core.improved_signal_quality_system - ERROR - Erro ao fazer backup do candlestick Three Outside Down: table signal_backup_v2 has no column named was_eliminated
2025-07-23 02:03:39,994 - core.improved_signal_quality_system - ERROR - Erro ao fazer backup do candlestick Three Outside Up: table signal_backup_v2 has no column named was_eliminated
2025-07-23 02:03:39,994 - core.improved_signal_quality_system - ERROR - Erro ao fazer backup do candlestick Hammer: table signal_backup_v2 has no column named was_eliminated
2025-07-23 02:03:39,995 - core.improved_signal_quality_system - ERROR - Erro ao fazer backup do candlestick Hammer: table signal_backup_v2 has no column named was_eliminated
2025-07-23 02:03:39,995 - core.improved_signal_quality_system - ERROR - Erro ao fazer backup do candlestick Hanging Man: table signal_backup_v2 has no column named was_eliminated
2025-07-23 02:03:39,995 - core.improved_signal_quality_system - ERROR - Erro ao fazer backup do candlestick White Marubozu: table signal_backup_v2 has no column named was_eliminated
2025-07-23 02:03:39,995 - core.improved_signal_quality_system - ERROR - Erro ao fazer backup do candlestick Black Marubozu: table signal_backup_v2 has no column named was_eliminated
2025-07-23 02:03:39,996 - core.improved_signal_quality_system - ERROR - Erro ao fazer backup do candlestick Tweezer Top: table signal_backup_v2 has no column named was_eliminated
2025-07-23 02:03:39,996 - core.improved_signal_quality_system - ERROR - Erro ao fazer backup do candlestick Tweezer Top: table signal_backup_v2 has no column named was_eliminated
2025-07-23 02:03:39,996 - core.improved_signal_quality_system - ERROR - Erro ao fazer backup do candlestick Tweezer Top: table signal_backup_v2 has no column named was_eliminated
2025-07-23 02:03:39,996 - core.improved_signal_quality_system - ERROR - Erro ao fazer backup do candlestick Tweezer Top: table signal_backup_v2 has no column named was_eliminated
2025-07-23 02:03:39,997 - core.improved_signal_quality_system - ERROR - Erro ao fazer backup do candlestick Tweezer Top: table signal_backup_v2 has no column named was_eliminated
2025-07-23 02:03:39,997 - core.improved_signal_quality_system - ERROR - Erro ao fazer backup do candlestick Tweezer Top: table signal_backup_v2 has no column named was_eliminated
2025-07-23 02:03:39,997 - core.improved_signal_quality_system - ERROR - Erro ao fazer backup do candlestick Tweezer Top: table signal_backup_v2 has no column named was_eliminated
2025-07-23 02:03:39,998 - core.improved_signal_quality_system - ERROR - Erro ao fazer backup do candlestick Tweezer Top: table signal_backup_v2 has no column named was_eliminated
2025-07-23 02:03:39,998 - core.improved_signal_quality_system - ERROR - Erro ao fazer backup do candlestick Tweezer Top: table signal_backup_v2 has no column named was_eliminated
2025-07-23 02:03:39,998 - core.improved_signal_quality_system - ERROR - Erro ao fazer backup do candlestick Tweezer Bottom: table signal_backup_v2 has no column named was_eliminated
2025-07-23 02:03:39,998 - core.improved_signal_quality_system - ERROR - Erro ao fazer backup do candlestick Tweezer Bottom: table signal_backup_v2 has no column named was_eliminated
2025-07-23 02:03:39,999 - core.improved_signal_quality_system - ERROR - Erro ao fazer backup do candlestick Tweezer Bottom: table signal_backup_v2 has no column named was_eliminated
2025-07-23 02:03:39,999 - core.improved_signal_quality_system - ERROR - Erro ao fazer backup do candlestick Tweezer Top: table signal_backup_v2 has no column named was_eliminated
2025-07-23 02:03:39,999 - core.improved_signal_quality_system - ERROR - Erro ao fazer backup do candlestick Tweezer Top: table signal_backup_v2 has no column named was_eliminated
2025-07-23 02:03:39,999 - core.improved_signal_quality_system - ERROR - Erro ao fazer backup do candlestick Tweezer Top: table signal_backup_v2 has no column named was_eliminated
2025-07-23 02:03:40,000 - core.improved_signal_quality_system - ERROR - Erro ao fazer backup do candlestick Tweezer Bottom: table signal_backup_v2 has no column named was_eliminated
2025-07-23 02:03:40,000 - core.improved_signal_quality_system - ERROR - Erro ao fazer backup do candlestick Tweezer Bottom: table signal_backup_v2 has no column named was_eliminated
2025-07-23 02:03:40,000 - core.improved_signal_quality_system - ERROR - Erro ao fazer backup do candlestick Tweezer Bottom: table signal_backup_v2 has no column named was_eliminated
2025-07-23 02:03:40,001 - core.improved_signal_quality_system - ERROR - Erro ao fazer backup do candlestick Tweezer Bottom: table signal_backup_v2 has no column named was_eliminated
2025-07-23 02:03:40,001 - core.improved_signal_quality_system - ERROR - Erro ao fazer backup do candlestick Tweezer Bottom: table signal_backup_v2 has no column named was_eliminated
2025-07-23 02:03:40,001 - core.improved_signal_quality_system - ERROR - Erro ao fazer backup do candlestick Inverted Hammer: table signal_backup_v2 has no column named was_eliminated
2025-07-23 02:03:40,001 - core.analyzer - INFO - 🎯 Filtro rigoroso SOL: 0 → 0 sinais (eliminados: 0)
2025-07-23 02:03:40,001 - core.analyzer - INFO - ✓ SOL (6/8): 0 sinais em 0.7s
2025-07-23 02:03:40,103 - core.analyzer - INFO - Análise iniciada para: SUI
2025-07-23 02:03:40,115 - core.analyzer - ERROR - Erro na análise de SUI em 5m: 'NoneType' object has no attribute 'get'
2025-07-23 02:03:40,132 - indicators.patterns - INFO - Padrões para SUI: 0 selecionados
2025-07-23 02:03:40,801 - core.improved_signal_quality_system - ERROR - Erro ao fazer backup do candlestick Bearish Engulfing: table signal_backup_v2 has no column named was_eliminated
2025-07-23 02:03:40,801 - core.improved_signal_quality_system - ERROR - Erro ao fazer backup do candlestick Bullish Engulfing: table signal_backup_v2 has no column named was_eliminated
2025-07-23 02:03:40,802 - core.improved_signal_quality_system - ERROR - Erro ao fazer backup do candlestick Bearish Engulfing: table signal_backup_v2 has no column named was_eliminated
2025-07-23 02:03:40,802 - core.improved_signal_quality_system - ERROR - Erro ao fazer backup do candlestick Bullish Engulfing: table signal_backup_v2 has no column named was_eliminated
2025-07-23 02:03:40,802 - core.improved_signal_quality_system - ERROR - Erro ao fazer backup do candlestick Bullish Engulfing: table signal_backup_v2 has no column named was_eliminated
2025-07-23 02:03:40,803 - core.improved_signal_quality_system - ERROR - Erro ao fazer backup do candlestick Bullish Engulfing: table signal_backup_v2 has no column named was_eliminated
2025-07-23 02:03:40,803 - core.improved_signal_quality_system - ERROR - Erro ao fazer backup do candlestick Bearish Engulfing: table signal_backup_v2 has no column named was_eliminated
2025-07-23 02:03:40,804 - core.improved_signal_quality_system - ERROR - Erro ao fazer backup do candlestick Bearish Engulfing: table signal_backup_v2 has no column named was_eliminated
2025-07-23 02:03:40,804 - core.improved_signal_quality_system - ERROR - Erro ao fazer backup do candlestick Three Outside Up: table signal_backup_v2 has no column named was_eliminated
2025-07-23 02:03:40,805 - core.improved_signal_quality_system - ERROR - Erro ao fazer backup do candlestick Three Outside Down: table signal_backup_v2 has no column named was_eliminated
2025-07-23 02:03:40,806 - core.improved_signal_quality_system - ERROR - Erro ao fazer backup do candlestick Three Outside Up: table signal_backup_v2 has no column named was_eliminated
2025-07-23 02:03:40,806 - core.improved_signal_quality_system - ERROR - Erro ao fazer backup do candlestick Three Outside Up: table signal_backup_v2 has no column named was_eliminated
2025-07-23 02:03:40,807 - core.improved_signal_quality_system - ERROR - Erro ao fazer backup do candlestick Three Outside Up: table signal_backup_v2 has no column named was_eliminated
2025-07-23 02:03:40,808 - core.improved_signal_quality_system - ERROR - Erro ao fazer backup do candlestick Three Outside Down: table signal_backup_v2 has no column named was_eliminated
2025-07-23 02:03:40,808 - core.improved_signal_quality_system - ERROR - Erro ao fazer backup do candlestick Three Outside Down: table signal_backup_v2 has no column named was_eliminated
2025-07-23 02:03:40,809 - core.improved_signal_quality_system - ERROR - Erro ao fazer backup do candlestick Dragonfly Doji: table signal_backup_v2 has no column named was_eliminated
2025-07-23 02:03:40,809 - core.improved_signal_quality_system - ERROR - Erro ao fazer backup do candlestick Hammer: table signal_backup_v2 has no column named was_eliminated
2025-07-23 02:03:40,809 - core.improved_signal_quality_system - ERROR - Erro ao fazer backup do candlestick Shooting Star: table signal_backup_v2 has no column named was_eliminated
2025-07-23 02:03:40,810 - core.improved_signal_quality_system - ERROR - Erro ao fazer backup do candlestick Shooting Star: table signal_backup_v2 has no column named was_eliminated
2025-07-23 02:03:40,810 - core.improved_signal_quality_system - ERROR - Erro ao fazer backup do candlestick Hammer: table signal_backup_v2 has no column named was_eliminated
2025-07-23 02:03:40,810 - core.improved_signal_quality_system - ERROR - Erro ao fazer backup do candlestick Hanging Man: table signal_backup_v2 has no column named was_eliminated
2025-07-23 02:03:40,810 - core.improved_signal_quality_system - ERROR - Erro ao fazer backup do candlestick Hanging Man: table signal_backup_v2 has no column named was_eliminated
2025-07-23 02:03:40,811 - core.improved_signal_quality_system - ERROR - Erro ao fazer backup do candlestick Hanging Man: table signal_backup_v2 has no column named was_eliminated
2025-07-23 02:03:40,811 - core.improved_signal_quality_system - ERROR - Erro ao fazer backup do candlestick Hanging Man: table signal_backup_v2 has no column named was_eliminated
2025-07-23 02:03:40,811 - core.improved_signal_quality_system - ERROR - Erro ao fazer backup do candlestick Hanging Man: table signal_backup_v2 has no column named was_eliminated
2025-07-23 02:03:40,812 - core.improved_signal_quality_system - ERROR - Erro ao fazer backup do candlestick White Marubozu: table signal_backup_v2 has no column named was_eliminated
2025-07-23 02:03:40,812 - core.improved_signal_quality_system - ERROR - Erro ao fazer backup do candlestick Tweezer Top: table signal_backup_v2 has no column named was_eliminated
2025-07-23 02:03:40,812 - core.improved_signal_quality_system - ERROR - Erro ao fazer backup do candlestick Tweezer Top: table signal_backup_v2 has no column named was_eliminated
2025-07-23 02:03:40,812 - core.improved_signal_quality_system - ERROR - Erro ao fazer backup do candlestick Tweezer Top: table signal_backup_v2 has no column named was_eliminated
2025-07-23 02:03:40,813 - core.improved_signal_quality_system - ERROR - Erro ao fazer backup do candlestick Tweezer Top: table signal_backup_v2 has no column named was_eliminated
2025-07-23 02:03:40,813 - core.improved_signal_quality_system - ERROR - Erro ao fazer backup do candlestick Tweezer Top: table signal_backup_v2 has no column named was_eliminated
2025-07-23 02:03:40,813 - core.improved_signal_quality_system - ERROR - Erro ao fazer backup do candlestick Tweezer Bottom: table signal_backup_v2 has no column named was_eliminated
2025-07-23 02:03:40,813 - core.improved_signal_quality_system - ERROR - Erro ao fazer backup do candlestick Tweezer Top: table signal_backup_v2 has no column named was_eliminated
2025-07-23 02:03:40,814 - core.improved_signal_quality_system - ERROR - Erro ao fazer backup do candlestick Tweezer Top: table signal_backup_v2 has no column named was_eliminated
2025-07-23 02:03:40,814 - core.improved_signal_quality_system - ERROR - Erro ao fazer backup do candlestick Tweezer Top: table signal_backup_v2 has no column named was_eliminated
2025-07-23 02:03:40,814 - core.improved_signal_quality_system - ERROR - Erro ao fazer backup do candlestick Tweezer Bottom: table signal_backup_v2 has no column named was_eliminated
2025-07-23 02:03:40,815 - core.improved_signal_quality_system - ERROR - Erro ao fazer backup do candlestick Tweezer Bottom: table signal_backup_v2 has no column named was_eliminated
2025-07-23 02:03:40,815 - core.improved_signal_quality_system - ERROR - Erro ao fazer backup do candlestick Tweezer Top: table signal_backup_v2 has no column named was_eliminated
2025-07-23 02:03:40,815 - core.improved_signal_quality_system - ERROR - Erro ao fazer backup do candlestick Tweezer Top: table signal_backup_v2 has no column named was_eliminated
2025-07-23 02:03:40,816 - core.improved_signal_quality_system - ERROR - Erro ao fazer backup do candlestick Tweezer Top: table signal_backup_v2 has no column named was_eliminated
2025-07-23 02:03:40,816 - core.improved_signal_quality_system - ERROR - Erro ao fazer backup do candlestick Tweezer Bottom: table signal_backup_v2 has no column named was_eliminated
2025-07-23 02:03:40,816 - core.improved_signal_quality_system - ERROR - Erro ao fazer backup do candlestick Tweezer Bottom: table signal_backup_v2 has no column named was_eliminated
2025-07-23 02:03:40,816 - core.improved_signal_quality_system - ERROR - Erro ao fazer backup do candlestick Tweezer Bottom: table signal_backup_v2 has no column named was_eliminated
2025-07-23 02:03:40,817 - core.improved_signal_quality_system - ERROR - Erro ao fazer backup do candlestick Tweezer Top: table signal_backup_v2 has no column named was_eliminated
2025-07-23 02:03:40,817 - core.improved_signal_quality_system - ERROR - Erro ao fazer backup do candlestick Tweezer Bottom: table signal_backup_v2 has no column named was_eliminated
2025-07-23 02:03:40,817 - core.improved_signal_quality_system - ERROR - Erro ao fazer backup do candlestick Tweezer Bottom: table signal_backup_v2 has no column named was_eliminated
2025-07-23 02:03:40,817 - core.improved_signal_quality_system - ERROR - Erro ao fazer backup do candlestick Tweezer Bottom: table signal_backup_v2 has no column named was_eliminated
2025-07-23 02:03:40,818 - core.improved_signal_quality_system - ERROR - Erro ao fazer backup do candlestick Stick Sandwich: table signal_backup_v2 has no column named was_eliminated
2025-07-23 02:03:40,818 - core.improved_signal_quality_system - ERROR - Erro ao fazer backup do candlestick Inverted Hammer: table signal_backup_v2 has no column named was_eliminated
2025-07-23 02:03:40,818 - core.analyzer - INFO - 🎯 Filtro rigoroso SUI: 0 → 0 sinais (eliminados: 0)
2025-07-23 02:03:40,818 - core.analyzer - INFO - ✓ SUI (7/8): 0 sinais em 0.7s
2025-07-23 02:03:40,920 - core.analyzer - INFO - Análise iniciada para: IMX
2025-07-23 02:03:40,934 - core.analyzer - ERROR - Erro na análise de IMX em 5m: 'NoneType' object has no attribute 'get'
2025-07-23 02:03:40,953 - indicators.patterns - INFO - Padrões para IMX: 0 selecionados
2025-07-23 02:03:41,585 - core.improved_signal_quality_system - ERROR - Erro ao fazer backup do candlestick Bearish Engulfing: table signal_backup_v2 has no column named was_eliminated
2025-07-23 02:03:41,585 - core.improved_signal_quality_system - ERROR - Erro ao fazer backup do candlestick Bullish Engulfing: table signal_backup_v2 has no column named was_eliminated
2025-07-23 02:03:41,586 - core.improved_signal_quality_system - ERROR - Erro ao fazer backup do candlestick Bullish Engulfing: table signal_backup_v2 has no column named was_eliminated
2025-07-23 02:03:41,586 - core.improved_signal_quality_system - ERROR - Erro ao fazer backup do candlestick Bullish Engulfing: table signal_backup_v2 has no column named was_eliminated
2025-07-23 02:03:41,586 - core.improved_signal_quality_system - ERROR - Erro ao fazer backup do candlestick Bullish Engulfing: table signal_backup_v2 has no column named was_eliminated
2025-07-23 02:03:41,587 - core.improved_signal_quality_system - ERROR - Erro ao fazer backup do candlestick Bullish Engulfing: table signal_backup_v2 has no column named was_eliminated
2025-07-23 02:03:41,587 - core.improved_signal_quality_system - ERROR - Erro ao fazer backup do candlestick Bullish Engulfing: table signal_backup_v2 has no column named was_eliminated
2025-07-23 02:03:41,588 - core.improved_signal_quality_system - ERROR - Erro ao fazer backup do candlestick Bearish Engulfing: table signal_backup_v2 has no column named was_eliminated
2025-07-23 02:03:41,589 - core.improved_signal_quality_system - ERROR - Erro ao fazer backup do candlestick Bullish Engulfing: table signal_backup_v2 has no column named was_eliminated
2025-07-23 02:03:41,590 - core.improved_signal_quality_system - ERROR - Erro ao fazer backup do candlestick Bearish Engulfing: table signal_backup_v2 has no column named was_eliminated
2025-07-23 02:03:41,590 - core.improved_signal_quality_system - ERROR - Erro ao fazer backup do candlestick Three Outside Up: table signal_backup_v2 has no column named was_eliminated
2025-07-23 02:03:41,591 - core.improved_signal_quality_system - ERROR - Erro ao fazer backup do candlestick Three Outside Up: table signal_backup_v2 has no column named was_eliminated
2025-07-23 02:03:41,592 - core.improved_signal_quality_system - ERROR - Erro ao fazer backup do candlestick Three Outside Up: table signal_backup_v2 has no column named was_eliminated
2025-07-23 02:03:41,593 - core.improved_signal_quality_system - ERROR - Erro ao fazer backup do candlestick Three Outside Up: table signal_backup_v2 has no column named was_eliminated
2025-07-23 02:03:41,593 - core.improved_signal_quality_system - ERROR - Erro ao fazer backup do candlestick Three Outside Up: table signal_backup_v2 has no column named was_eliminated
2025-07-23 02:03:41,593 - core.improved_signal_quality_system - ERROR - Erro ao fazer backup do candlestick Hammer: table signal_backup_v2 has no column named was_eliminated
2025-07-23 02:03:41,594 - core.improved_signal_quality_system - ERROR - Erro ao fazer backup do candlestick Shooting Star: table signal_backup_v2 has no column named was_eliminated
2025-07-23 02:03:41,594 - core.improved_signal_quality_system - ERROR - Erro ao fazer backup do candlestick Hanging Man: table signal_backup_v2 has no column named was_eliminated
2025-07-23 02:03:41,594 - core.improved_signal_quality_system - ERROR - Erro ao fazer backup do candlestick Hanging Man: table signal_backup_v2 has no column named was_eliminated
2025-07-23 02:03:41,595 - core.improved_signal_quality_system - ERROR - Erro ao fazer backup do candlestick Black Marubozu: table signal_backup_v2 has no column named was_eliminated
2025-07-23 02:03:41,595 - core.improved_signal_quality_system - ERROR - Erro ao fazer backup do candlestick Tweezer Top: table signal_backup_v2 has no column named was_eliminated
2025-07-23 02:03:41,595 - core.improved_signal_quality_system - ERROR - Erro ao fazer backup do candlestick Tweezer Top: table signal_backup_v2 has no column named was_eliminated
2025-07-23 02:03:41,595 - core.improved_signal_quality_system - ERROR - Erro ao fazer backup do candlestick Tweezer Top: table signal_backup_v2 has no column named was_eliminated
2025-07-23 02:03:41,596 - core.improved_signal_quality_system - ERROR - Erro ao fazer backup do candlestick Tweezer Top: table signal_backup_v2 has no column named was_eliminated
2025-07-23 02:03:41,596 - core.improved_signal_quality_system - ERROR - Erro ao fazer backup do candlestick Tweezer Top: table signal_backup_v2 has no column named was_eliminated
2025-07-23 02:03:41,596 - core.improved_signal_quality_system - ERROR - Erro ao fazer backup do candlestick Tweezer Top: table signal_backup_v2 has no column named was_eliminated
2025-07-23 02:03:41,596 - core.improved_signal_quality_system - ERROR - Erro ao fazer backup do candlestick Tweezer Top: table signal_backup_v2 has no column named was_eliminated
2025-07-23 02:03:41,597 - core.improved_signal_quality_system - ERROR - Erro ao fazer backup do candlestick Tweezer Top: table signal_backup_v2 has no column named was_eliminated
2025-07-23 02:03:41,597 - core.improved_signal_quality_system - ERROR - Erro ao fazer backup do candlestick Tweezer Bottom: table signal_backup_v2 has no column named was_eliminated
2025-07-23 02:03:41,597 - core.improved_signal_quality_system - ERROR - Erro ao fazer backup do candlestick Tweezer Top: table signal_backup_v2 has no column named was_eliminated
2025-07-23 02:03:41,598 - core.improved_signal_quality_system - ERROR - Erro ao fazer backup do candlestick Tweezer Bottom: table signal_backup_v2 has no column named was_eliminated
2025-07-23 02:03:41,598 - core.improved_signal_quality_system - ERROR - Erro ao fazer backup do candlestick Tweezer Bottom: table signal_backup_v2 has no column named was_eliminated
2025-07-23 02:03:41,598 - core.improved_signal_quality_system - ERROR - Erro ao fazer backup do candlestick Inverted Hammer: table signal_backup_v2 has no column named was_eliminated
2025-07-23 02:03:41,598 - core.analyzer - INFO - 🎯 Filtro rigoroso IMX: 0 → 0 sinais (eliminados: 0)
2025-07-23 02:03:41,599 - core.analyzer - INFO - ✓ IMX (8/8): 0 sinais em 0.7s
2025-07-23 02:03:41,699 - core.analyzer - INFO - ✅ Ciclo 1: 0 novos | 0 bloqueados | 1 erros | 6.7s
2025-07-23 02:03:41,700 - core.analyzer - INFO - ⏳ Aguardando 300s...
2025-07-23 02:06:41,327 - root - INFO - Iniciando Inicialização do analyzer...
2025-07-23 02:06:41,328 - root - INFO - Inicializando Trading Analyzer...
2025-07-23 02:06:41,328 - core.data_reader - INFO - DataReader inicializado (OTIMIZADO para 5m/15m).
2025-07-23 02:06:41,331 - core.signal_writer - INFO - EnhancedSignalWriter LÓGICA CORRIGIDA - 2 targets apenas
2025-07-23 02:06:41,331 - indicators.patterns - INFO - PatternAnalyzer SIMPLIFICADO - APENAS Double Top/Bottom
2025-07-23 02:06:41,331 - indicators.patterns - INFO - HeadAndShouldersDetector DESABILITADO conforme configuração
2025-07-23 02:06:41,332 - indicators.patterns - INFO - CupAndHandleDetector DESABILITADO conforme configuração
2025-07-23 02:06:41,332 - indicators.patterns - INFO - PatternAnalyzer SIMPLIFICADO - APENAS Double Top/Bottom
2025-07-23 02:06:41,332 - indicators.patterns - INFO - HeadAndShouldersDetector DESABILITADO conforme configuração
2025-07-23 02:06:41,332 - indicators.patterns - INFO - CupAndHandleDetector DESABILITADO conforme configuração
2025-07-23 02:06:41,334 - core.improved_signal_quality_system - INFO - 🗄️ Sistema de backup completo inicializado
2025-07-23 02:06:41,334 - core.improved_signal_quality_system - INFO - 🎯 Sistema RIGOROSO de qualidade inicializado
2025-07-23 02:06:41,335 - core.analyzer - INFO - 🎯 Sistema RIGOROSO de qualidade ativado
2025-07-23 02:06:41,336 - core.analyzer - INFO - MultiTimeframeAnalyzer OTIMIZADO inicializado:
2025-07-23 02:06:41,336 - core.analyzer - INFO -   • Timeframes ativos: ['5m', '15m']
2025-07-23 02:06:41,336 - core.analyzer - INFO -   • Qualidade: RIGOROUS
2025-07-23 02:06:41,337 - core.analyzer - INFO -   • Prioridade: 5m absoluta, 15m se não há 5m
2025-07-23 02:06:41,337 - core.analyzer - INFO -   • Backup: Completo (todos sinais + 43 candlesticks)
2025-07-23 02:06:41,337 - root - INFO - Trading Analyzer inicializado com sucesso
2025-07-23 02:06:41,337 - root - INFO - Inicialização do analyzer concluída em 0.0s
2025-07-23 02:06:41,338 - core.analyzer - INFO - 🚀 Iniciando análise contínua OTIMIZADA
2025-07-23 02:06:41,338 - core.analyzer - INFO - 🔍 Verificando símbolos com dados suficientes...
2025-07-23 02:06:41,338 - core.data_reader - INFO - Verificando 8 símbolos...
2025-07-23 02:06:41,779 - core.data_reader - INFO - ✅ Símbolos válidos: 8/8 - ['BNB', 'BTC', 'ENA', 'ETH', 'NEAR', 'SOL', 'SUI', 'IMX']
2025-07-23 02:06:41,779 - core.analyzer - INFO - ✅ Símbolos válidos: 8 - ['BNB', 'BTC', 'ENA', 'ETH', 'NEAR', 'SOL', 'SUI', 'IMX']
2025-07-23 02:06:41,779 - core.analyzer - INFO - ⏱️ Intervalo: 300s | Timeframes: APENAS 5m e 15m
2025-07-23 02:06:41,780 - core.analyzer - INFO - 🔄 Ciclo 1 iniciado
2025-07-23 02:06:41,782 - core.analyzer - INFO - Análise iniciada para: BNB
2025-07-23 02:06:41,799 - core.analyzer - ERROR - Erro na análise de BNB em 5m: 'NoneType' object has no attribute 'get'
2025-07-23 02:06:41,814 - indicators.patterns - INFO - Padrões para BNB: 0 selecionados
2025-07-23 02:06:42,476 - core.improved_signal_quality_system - ERROR - Erro ao fazer backup do candlestick Bullish Engulfing: table signal_backup_v2 has no column named was_eliminated
2025-07-23 02:06:42,476 - core.improved_signal_quality_system - ERROR - Erro ao fazer backup do candlestick Bullish Engulfing: table signal_backup_v2 has no column named was_eliminated
2025-07-23 02:06:42,477 - core.improved_signal_quality_system - ERROR - Erro ao fazer backup do candlestick Bearish Engulfing: table signal_backup_v2 has no column named was_eliminated
2025-07-23 02:06:42,477 - core.improved_signal_quality_system - ERROR - Erro ao fazer backup do candlestick Bullish Engulfing: table signal_backup_v2 has no column named was_eliminated
2025-07-23 02:06:42,477 - core.improved_signal_quality_system - ERROR - Erro ao fazer backup do candlestick Bullish Engulfing: table signal_backup_v2 has no column named was_eliminated
2025-07-23 02:06:42,478 - core.improved_signal_quality_system - ERROR - Erro ao fazer backup do candlestick Bullish Engulfing: table signal_backup_v2 has no column named was_eliminated
2025-07-23 02:06:42,478 - core.improved_signal_quality_system - ERROR - Erro ao fazer backup do candlestick Bearish Engulfing: table signal_backup_v2 has no column named was_eliminated
2025-07-23 02:06:42,479 - core.improved_signal_quality_system - ERROR - Erro ao fazer backup do candlestick Three Outside Up: table signal_backup_v2 has no column named was_eliminated
2025-07-23 02:06:42,480 - core.improved_signal_quality_system - ERROR - Erro ao fazer backup do candlestick Three Outside Up: table signal_backup_v2 has no column named was_eliminated
2025-07-23 02:06:42,480 - core.improved_signal_quality_system - ERROR - Erro ao fazer backup do candlestick Three Outside Up: table signal_backup_v2 has no column named was_eliminated
2025-07-23 02:06:42,481 - core.improved_signal_quality_system - ERROR - Erro ao fazer backup do candlestick Three Outside Down: table signal_backup_v2 has no column named was_eliminated
2025-07-23 02:06:42,481 - core.improved_signal_quality_system - ERROR - Erro ao fazer backup do candlestick Gravestone Doji: table signal_backup_v2 has no column named was_eliminated
2025-07-23 02:06:42,481 - core.improved_signal_quality_system - ERROR - Erro ao fazer backup do candlestick Shooting Star: table signal_backup_v2 has no column named was_eliminated
2025-07-23 02:06:42,481 - core.improved_signal_quality_system - ERROR - Erro ao fazer backup do candlestick Hammer: table signal_backup_v2 has no column named was_eliminated
2025-07-23 02:06:42,482 - core.improved_signal_quality_system - ERROR - Erro ao fazer backup do candlestick Hanging Man: table signal_backup_v2 has no column named was_eliminated
2025-07-23 02:06:42,482 - core.improved_signal_quality_system - ERROR - Erro ao fazer backup do candlestick Hanging Man: table signal_backup_v2 has no column named was_eliminated
2025-07-23 02:06:42,482 - core.improved_signal_quality_system - ERROR - Erro ao fazer backup do candlestick Tweezer Top: table signal_backup_v2 has no column named was_eliminated
2025-07-23 02:06:42,483 - core.improved_signal_quality_system - ERROR - Erro ao fazer backup do candlestick Tweezer Top: table signal_backup_v2 has no column named was_eliminated
2025-07-23 02:06:42,483 - core.improved_signal_quality_system - ERROR - Erro ao fazer backup do candlestick Tweezer Top: table signal_backup_v2 has no column named was_eliminated
2025-07-23 02:06:42,483 - core.improved_signal_quality_system - ERROR - Erro ao fazer backup do candlestick Tweezer Top: table signal_backup_v2 has no column named was_eliminated
2025-07-23 02:06:42,484 - core.improved_signal_quality_system - ERROR - Erro ao fazer backup do candlestick Tweezer Top: table signal_backup_v2 has no column named was_eliminated
2025-07-23 02:06:42,484 - core.improved_signal_quality_system - ERROR - Erro ao fazer backup do candlestick Tweezer Top: table signal_backup_v2 has no column named was_eliminated
2025-07-23 02:06:42,484 - core.improved_signal_quality_system - ERROR - Erro ao fazer backup do candlestick Tweezer Bottom: table signal_backup_v2 has no column named was_eliminated
2025-07-23 02:06:42,485 - core.improved_signal_quality_system - ERROR - Erro ao fazer backup do candlestick Tweezer Top: table signal_backup_v2 has no column named was_eliminated
2025-07-23 02:06:42,486 - core.improved_signal_quality_system - ERROR - Erro ao fazer backup do candlestick Tweezer Bottom: table signal_backup_v2 has no column named was_eliminated
2025-07-23 02:06:42,486 - core.improved_signal_quality_system - ERROR - Erro ao fazer backup do candlestick Tweezer Top: table signal_backup_v2 has no column named was_eliminated
2025-07-23 02:06:42,487 - core.improved_signal_quality_system - ERROR - Erro ao fazer backup do candlestick Tweezer Top: table signal_backup_v2 has no column named was_eliminated
2025-07-23 02:06:42,487 - core.improved_signal_quality_system - ERROR - Erro ao fazer backup do candlestick Tweezer Top: table signal_backup_v2 has no column named was_eliminated
2025-07-23 02:06:42,487 - core.improved_signal_quality_system - ERROR - Erro ao fazer backup do candlestick Tweezer Top: table signal_backup_v2 has no column named was_eliminated
2025-07-23 02:06:42,488 - core.improved_signal_quality_system - ERROR - Erro ao fazer backup do candlestick Tweezer Top: table signal_backup_v2 has no column named was_eliminated
2025-07-23 02:06:42,488 - core.improved_signal_quality_system - ERROR - Erro ao fazer backup do candlestick Tweezer Top: table signal_backup_v2 has no column named was_eliminated
2025-07-23 02:06:42,488 - core.improved_signal_quality_system - ERROR - Erro ao fazer backup do candlestick Tweezer Top: table signal_backup_v2 has no column named was_eliminated
2025-07-23 02:06:42,489 - core.improved_signal_quality_system - ERROR - Erro ao fazer backup do candlestick Tweezer Top: table signal_backup_v2 has no column named was_eliminated
2025-07-23 02:06:42,489 - core.improved_signal_quality_system - ERROR - Erro ao fazer backup do candlestick Tweezer Top: table signal_backup_v2 has no column named was_eliminated
2025-07-23 02:06:42,489 - core.improved_signal_quality_system - ERROR - Erro ao fazer backup do candlestick Tweezer Top: table signal_backup_v2 has no column named was_eliminated
2025-07-23 02:06:42,490 - core.improved_signal_quality_system - ERROR - Erro ao fazer backup do candlestick Tweezer Bottom: table signal_backup_v2 has no column named was_eliminated
2025-07-23 02:06:42,490 - core.improved_signal_quality_system - ERROR - Erro ao fazer backup do candlestick Tweezer Top: table signal_backup_v2 has no column named was_eliminated
2025-07-23 02:06:42,490 - core.improved_signal_quality_system - ERROR - Erro ao fazer backup do candlestick Tweezer Top: table signal_backup_v2 has no column named was_eliminated
2025-07-23 02:06:42,490 - core.improved_signal_quality_system - ERROR - Erro ao fazer backup do candlestick Tweezer Bottom: table signal_backup_v2 has no column named was_eliminated
2025-07-23 02:06:42,491 - core.improved_signal_quality_system - ERROR - Erro ao fazer backup do candlestick Tweezer Bottom: table signal_backup_v2 has no column named was_eliminated
2025-07-23 02:06:42,491 - core.improved_signal_quality_system - ERROR - Erro ao fazer backup do candlestick Tweezer Top: table signal_backup_v2 has no column named was_eliminated
2025-07-23 02:06:42,491 - core.improved_signal_quality_system - ERROR - Erro ao fazer backup do candlestick Stick Sandwich: table signal_backup_v2 has no column named was_eliminated
2025-07-23 02:06:42,492 - core.improved_signal_quality_system - ERROR - Erro ao fazer backup do candlestick Stick Sandwich: table signal_backup_v2 has no column named was_eliminated
2025-07-23 02:06:42,492 - core.improved_signal_quality_system - ERROR - Erro ao fazer backup do candlestick Stick Sandwich: table signal_backup_v2 has no column named was_eliminated
2025-07-23 02:06:42,492 - core.improved_signal_quality_system - ERROR - Erro ao fazer backup do candlestick Inverted Hammer: table signal_backup_v2 has no column named was_eliminated
2025-07-23 02:06:42,493 - core.improved_signal_quality_system - ERROR - Erro ao fazer backup do candlestick Advance Block: table signal_backup_v2 has no column named was_eliminated
2025-07-23 02:06:42,493 - core.improved_signal_quality_system - ERROR - Erro ao fazer backup do candlestick Advance Block: table signal_backup_v2 has no column named was_eliminated
2025-07-23 02:06:42,493 - core.improved_signal_quality_system - ERROR - Erro ao fazer backup do candlestick Advance Block: table signal_backup_v2 has no column named was_eliminated
2025-07-23 02:06:42,494 - core.analyzer - INFO - 🎯 Filtro rigoroso BNB: 0 → 0 sinais (eliminados: 0)
2025-07-23 02:06:42,494 - core.analyzer - INFO - ✓ BNB (1/8): 0 sinais em 0.7s
2025-07-23 02:06:42,595 - core.analyzer - INFO - Análise iniciada para: BTC
2025-07-23 02:06:42,607 - core.analyzer - ERROR - Erro na análise de BTC em 5m: 'NoneType' object has no attribute 'get'
2025-07-23 02:06:42,621 - indicators.patterns - INFO - Padrões para BTC: 0 selecionados
2025-07-23 02:06:43,303 - core.improved_signal_quality_system - ERROR - Erro ao fazer backup do candlestick Bullish Engulfing: table signal_backup_v2 has no column named was_eliminated
2025-07-23 02:06:43,304 - core.improved_signal_quality_system - ERROR - Erro ao fazer backup do candlestick Three Outside Up: table signal_backup_v2 has no column named was_eliminated
2025-07-23 02:06:43,304 - core.improved_signal_quality_system - ERROR - Erro ao fazer backup do candlestick Hammer: table signal_backup_v2 has no column named was_eliminated
2025-07-23 02:06:43,304 - core.improved_signal_quality_system - ERROR - Erro ao fazer backup do candlestick Shooting Star: table signal_backup_v2 has no column named was_eliminated
2025-07-23 02:06:43,305 - core.improved_signal_quality_system - ERROR - Erro ao fazer backup do candlestick White Marubozu: table signal_backup_v2 has no column named was_eliminated
2025-07-23 02:06:43,305 - core.improved_signal_quality_system - ERROR - Erro ao fazer backup do candlestick Black Marubozu: table signal_backup_v2 has no column named was_eliminated
2025-07-23 02:06:43,306 - core.improved_signal_quality_system - ERROR - Erro ao fazer backup do candlestick Tweezer Top: table signal_backup_v2 has no column named was_eliminated
2025-07-23 02:06:43,307 - core.improved_signal_quality_system - ERROR - Erro ao fazer backup do candlestick Tweezer Top: table signal_backup_v2 has no column named was_eliminated
2025-07-23 02:06:43,307 - core.improved_signal_quality_system - ERROR - Erro ao fazer backup do candlestick Tweezer Top: table signal_backup_v2 has no column named was_eliminated
2025-07-23 02:06:43,308 - core.improved_signal_quality_system - ERROR - Erro ao fazer backup do candlestick Tweezer Top: table signal_backup_v2 has no column named was_eliminated
2025-07-23 02:06:43,308 - core.improved_signal_quality_system - ERROR - Erro ao fazer backup do candlestick Tweezer Top: table signal_backup_v2 has no column named was_eliminated
2025-07-23 02:06:43,309 - core.improved_signal_quality_system - ERROR - Erro ao fazer backup do candlestick Tweezer Top: table signal_backup_v2 has no column named was_eliminated
2025-07-23 02:06:43,309 - core.improved_signal_quality_system - ERROR - Erro ao fazer backup do candlestick Tweezer Top: table signal_backup_v2 has no column named was_eliminated
2025-07-23 02:06:43,309 - core.improved_signal_quality_system - ERROR - Erro ao fazer backup do candlestick Tweezer Top: table signal_backup_v2 has no column named was_eliminated
2025-07-23 02:06:43,309 - core.improved_signal_quality_system - ERROR - Erro ao fazer backup do candlestick Tweezer Bottom: table signal_backup_v2 has no column named was_eliminated
2025-07-23 02:06:43,310 - core.improved_signal_quality_system - ERROR - Erro ao fazer backup do candlestick Tweezer Bottom: table signal_backup_v2 has no column named was_eliminated
2025-07-23 02:06:43,310 - core.improved_signal_quality_system - ERROR - Erro ao fazer backup do candlestick Tweezer Top: table signal_backup_v2 has no column named was_eliminated
2025-07-23 02:06:43,311 - core.improved_signal_quality_system - ERROR - Erro ao fazer backup do candlestick Tweezer Top: table signal_backup_v2 has no column named was_eliminated
2025-07-23 02:06:43,311 - core.improved_signal_quality_system - ERROR - Erro ao fazer backup do candlestick Tweezer Top: table signal_backup_v2 has no column named was_eliminated
2025-07-23 02:06:43,311 - core.improved_signal_quality_system - ERROR - Erro ao fazer backup do candlestick Tweezer Top: table signal_backup_v2 has no column named was_eliminated
2025-07-23 02:06:43,312 - core.improved_signal_quality_system - ERROR - Erro ao fazer backup do candlestick Tweezer Top: table signal_backup_v2 has no column named was_eliminated
2025-07-23 02:06:43,312 - core.improved_signal_quality_system - ERROR - Erro ao fazer backup do candlestick Tweezer Top: table signal_backup_v2 has no column named was_eliminated
2025-07-23 02:06:43,312 - core.improved_signal_quality_system - ERROR - Erro ao fazer backup do candlestick Tweezer Top: table signal_backup_v2 has no column named was_eliminated
2025-07-23 02:06:43,313 - core.improved_signal_quality_system - ERROR - Erro ao fazer backup do candlestick Tweezer Bottom: table signal_backup_v2 has no column named was_eliminated
2025-07-23 02:06:43,313 - core.improved_signal_quality_system - ERROR - Erro ao fazer backup do candlestick Tweezer Bottom: table signal_backup_v2 has no column named was_eliminated
2025-07-23 02:06:43,313 - core.improved_signal_quality_system - ERROR - Erro ao fazer backup do candlestick Tweezer Bottom: table signal_backup_v2 has no column named was_eliminated
2025-07-23 02:06:43,314 - core.improved_signal_quality_system - ERROR - Erro ao fazer backup do candlestick Tweezer Bottom: table signal_backup_v2 has no column named was_eliminated
2025-07-23 02:06:43,314 - core.improved_signal_quality_system - ERROR - Erro ao fazer backup do candlestick Tweezer Top: table signal_backup_v2 has no column named was_eliminated
2025-07-23 02:06:43,314 - core.improved_signal_quality_system - ERROR - Erro ao fazer backup do candlestick Tweezer Top: table signal_backup_v2 has no column named was_eliminated
2025-07-23 02:06:43,315 - core.improved_signal_quality_system - ERROR - Erro ao fazer backup do candlestick Tweezer Top: table signal_backup_v2 has no column named was_eliminated
2025-07-23 02:06:43,315 - core.improved_signal_quality_system - ERROR - Erro ao fazer backup do candlestick Tweezer Top: table signal_backup_v2 has no column named was_eliminated
2025-07-23 02:06:43,315 - core.improved_signal_quality_system - ERROR - Erro ao fazer backup do candlestick Tweezer Bottom: table signal_backup_v2 has no column named was_eliminated
2025-07-23 02:06:43,315 - core.improved_signal_quality_system - ERROR - Erro ao fazer backup do candlestick Tweezer Bottom: table signal_backup_v2 has no column named was_eliminated
2025-07-23 02:06:43,316 - core.improved_signal_quality_system - ERROR - Erro ao fazer backup do candlestick Tweezer Bottom: table signal_backup_v2 has no column named was_eliminated
2025-07-23 02:06:43,316 - core.improved_signal_quality_system - ERROR - Erro ao fazer backup do candlestick Tweezer Bottom: table signal_backup_v2 has no column named was_eliminated
2025-07-23 02:06:43,317 - core.improved_signal_quality_system - ERROR - Erro ao fazer backup do candlestick Tweezer Bottom: table signal_backup_v2 has no column named was_eliminated
2025-07-23 02:06:43,317 - core.improved_signal_quality_system - ERROR - Erro ao fazer backup do candlestick Tweezer Bottom: table signal_backup_v2 has no column named was_eliminated
2025-07-23 02:06:43,317 - core.improved_signal_quality_system - ERROR - Erro ao fazer backup do candlestick Tweezer Bottom: table signal_backup_v2 has no column named was_eliminated
2025-07-23 02:06:43,318 - core.improved_signal_quality_system - ERROR - Erro ao fazer backup do candlestick Tweezer Bottom: table signal_backup_v2 has no column named was_eliminated
2025-07-23 02:06:43,319 - core.improved_signal_quality_system - ERROR - Erro ao fazer backup do candlestick Tweezer Bottom: table signal_backup_v2 has no column named was_eliminated
2025-07-23 02:06:43,319 - core.improved_signal_quality_system - ERROR - Erro ao fazer backup do candlestick Tweezer Bottom: table signal_backup_v2 has no column named was_eliminated
2025-07-23 02:06:43,320 - core.improved_signal_quality_system - ERROR - Erro ao fazer backup do candlestick Tweezer Bottom: table signal_backup_v2 has no column named was_eliminated
2025-07-23 02:06:43,320 - core.improved_signal_quality_system - ERROR - Erro ao fazer backup do candlestick Tweezer Bottom: table signal_backup_v2 has no column named was_eliminated
2025-07-23 02:06:43,320 - core.improved_signal_quality_system - ERROR - Erro ao fazer backup do candlestick Stick Sandwich: table signal_backup_v2 has no column named was_eliminated
2025-07-23 02:06:43,320 - core.improved_signal_quality_system - ERROR - Erro ao fazer backup do candlestick Stick Sandwich: table signal_backup_v2 has no column named was_eliminated
2025-07-23 02:06:43,321 - core.improved_signal_quality_system - ERROR - Erro ao fazer backup do candlestick Inverted Hammer: table signal_backup_v2 has no column named was_eliminated
2025-07-23 02:06:43,321 - core.analyzer - INFO - 🎯 Filtro rigoroso BTC: 0 → 0 sinais (eliminados: 0)
2025-07-23 02:06:43,321 - core.analyzer - INFO - ✓ BTC (2/8): 0 sinais em 0.7s
2025-07-23 02:06:43,422 - core.analyzer - INFO - Análise iniciada para: ENA
2025-07-23 02:06:43,438 - core.analyzer - ERROR - Erro na análise de ENA em 5m: 'NoneType' object has no attribute 'get'
2025-07-23 02:06:43,454 - indicators.patterns - INFO - Padrões para ENA: 0 selecionados
2025-07-23 02:06:44,104 - core.improved_signal_quality_system - ERROR - Erro ao fazer backup do candlestick Bullish Engulfing: table signal_backup_v2 has no column named was_eliminated
2025-07-23 02:06:44,105 - core.improved_signal_quality_system - ERROR - Erro ao fazer backup do candlestick Bullish Engulfing: table signal_backup_v2 has no column named was_eliminated
2025-07-23 02:06:44,105 - core.improved_signal_quality_system - ERROR - Erro ao fazer backup do candlestick Bearish Engulfing: table signal_backup_v2 has no column named was_eliminated
2025-07-23 02:06:44,106 - core.improved_signal_quality_system - ERROR - Erro ao fazer backup do candlestick Bearish Engulfing: table signal_backup_v2 has no column named was_eliminated
2025-07-23 02:06:44,106 - core.improved_signal_quality_system - ERROR - Erro ao fazer backup do candlestick Bullish Engulfing: table signal_backup_v2 has no column named was_eliminated
2025-07-23 02:06:44,106 - core.improved_signal_quality_system - ERROR - Erro ao fazer backup do candlestick Bearish Engulfing: table signal_backup_v2 has no column named was_eliminated
2025-07-23 02:06:44,107 - core.improved_signal_quality_system - ERROR - Erro ao fazer backup do candlestick Bearish Engulfing: table signal_backup_v2 has no column named was_eliminated
2025-07-23 02:06:44,107 - core.improved_signal_quality_system - ERROR - Erro ao fazer backup do candlestick Bearish Engulfing: table signal_backup_v2 has no column named was_eliminated
2025-07-23 02:06:44,108 - core.improved_signal_quality_system - ERROR - Erro ao fazer backup do candlestick Three Outside Up: table signal_backup_v2 has no column named was_eliminated
2025-07-23 02:06:44,109 - core.improved_signal_quality_system - ERROR - Erro ao fazer backup do candlestick Three Outside Down: table signal_backup_v2 has no column named was_eliminated
2025-07-23 02:06:44,109 - core.improved_signal_quality_system - ERROR - Erro ao fazer backup do candlestick Three Outside Down: table signal_backup_v2 has no column named was_eliminated
2025-07-23 02:06:44,110 - core.improved_signal_quality_system - ERROR - Erro ao fazer backup do candlestick Three Outside Down: table signal_backup_v2 has no column named was_eliminated
2025-07-23 02:06:44,110 - core.improved_signal_quality_system - ERROR - Erro ao fazer backup do candlestick Dragonfly Doji: table signal_backup_v2 has no column named was_eliminated
2025-07-23 02:06:44,110 - core.improved_signal_quality_system - ERROR - Erro ao fazer backup do candlestick Gravestone Doji: table signal_backup_v2 has no column named was_eliminated
2025-07-23 02:06:44,111 - core.improved_signal_quality_system - ERROR - Erro ao fazer backup do candlestick Hammer: table signal_backup_v2 has no column named was_eliminated
2025-07-23 02:06:44,111 - core.improved_signal_quality_system - ERROR - Erro ao fazer backup do candlestick Hammer: table signal_backup_v2 has no column named was_eliminated
2025-07-23 02:06:44,111 - core.improved_signal_quality_system - ERROR - Erro ao fazer backup do candlestick Hammer: table signal_backup_v2 has no column named was_eliminated
2025-07-23 02:06:44,112 - core.improved_signal_quality_system - ERROR - Erro ao fazer backup do candlestick Hanging Man: table signal_backup_v2 has no column named was_eliminated
2025-07-23 02:06:44,112 - core.improved_signal_quality_system - ERROR - Erro ao fazer backup do candlestick Hanging Man: table signal_backup_v2 has no column named was_eliminated
2025-07-23 02:06:44,112 - core.improved_signal_quality_system - ERROR - Erro ao fazer backup do candlestick Hanging Man: table signal_backup_v2 has no column named was_eliminated
2025-07-23 02:06:44,112 - core.improved_signal_quality_system - ERROR - Erro ao fazer backup do candlestick White Marubozu: table signal_backup_v2 has no column named was_eliminated
2025-07-23 02:06:44,113 - core.improved_signal_quality_system - ERROR - Erro ao fazer backup do candlestick White Marubozu: table signal_backup_v2 has no column named was_eliminated
2025-07-23 02:06:44,113 - core.improved_signal_quality_system - ERROR - Erro ao fazer backup do candlestick Black Marubozu: table signal_backup_v2 has no column named was_eliminated
2025-07-23 02:06:44,113 - core.improved_signal_quality_system - ERROR - Erro ao fazer backup do candlestick Tweezer Top: table signal_backup_v2 has no column named was_eliminated
2025-07-23 02:06:44,114 - core.improved_signal_quality_system - ERROR - Erro ao fazer backup do candlestick Tweezer Top: table signal_backup_v2 has no column named was_eliminated
2025-07-23 02:06:44,114 - core.improved_signal_quality_system - ERROR - Erro ao fazer backup do candlestick Tweezer Bottom: table signal_backup_v2 has no column named was_eliminated
2025-07-23 02:06:44,114 - core.improved_signal_quality_system - ERROR - Erro ao fazer backup do candlestick Tweezer Bottom: table signal_backup_v2 has no column named was_eliminated
2025-07-23 02:06:44,114 - core.improved_signal_quality_system - ERROR - Erro ao fazer backup do candlestick Tweezer Bottom: table signal_backup_v2 has no column named was_eliminated
2025-07-23 02:06:44,115 - core.improved_signal_quality_system - ERROR - Erro ao fazer backup do candlestick Tweezer Bottom: table signal_backup_v2 has no column named was_eliminated
2025-07-23 02:06:44,115 - core.improved_signal_quality_system - ERROR - Erro ao fazer backup do candlestick Tweezer Bottom: table signal_backup_v2 has no column named was_eliminated
2025-07-23 02:06:44,115 - core.improved_signal_quality_system - ERROR - Erro ao fazer backup do candlestick Tweezer Bottom: table signal_backup_v2 has no column named was_eliminated
2025-07-23 02:06:44,116 - core.improved_signal_quality_system - ERROR - Erro ao fazer backup do candlestick Tweezer Top: table signal_backup_v2 has no column named was_eliminated
2025-07-23 02:06:44,116 - core.improved_signal_quality_system - ERROR - Erro ao fazer backup do candlestick Tweezer Bottom: table signal_backup_v2 has no column named was_eliminated
2025-07-23 02:06:44,116 - core.improved_signal_quality_system - ERROR - Erro ao fazer backup do candlestick Tweezer Bottom: table signal_backup_v2 has no column named was_eliminated
2025-07-23 02:06:44,117 - core.improved_signal_quality_system - ERROR - Erro ao fazer backup do candlestick Tweezer Top: table signal_backup_v2 has no column named was_eliminated
2025-07-23 02:06:44,118 - core.improved_signal_quality_system - ERROR - Erro ao fazer backup do candlestick Tweezer Top: table signal_backup_v2 has no column named was_eliminated
2025-07-23 02:06:44,118 - core.improved_signal_quality_system - ERROR - Erro ao fazer backup do candlestick Tweezer Bottom: table signal_backup_v2 has no column named was_eliminated
2025-07-23 02:06:44,119 - core.improved_signal_quality_system - ERROR - Erro ao fazer backup do candlestick Tweezer Bottom: table signal_backup_v2 has no column named was_eliminated
2025-07-23 02:06:44,119 - core.improved_signal_quality_system - ERROR - Erro ao fazer backup do candlestick Tweezer Bottom: table signal_backup_v2 has no column named was_eliminated
2025-07-23 02:06:44,120 - core.improved_signal_quality_system - ERROR - Erro ao fazer backup do candlestick Stick Sandwich: table signal_backup_v2 has no column named was_eliminated
2025-07-23 02:06:44,120 - core.improved_signal_quality_system - ERROR - Erro ao fazer backup do candlestick Stick Sandwich: table signal_backup_v2 has no column named was_eliminated
2025-07-23 02:06:44,120 - core.improved_signal_quality_system - ERROR - Erro ao fazer backup do candlestick Inverted Hammer: table signal_backup_v2 has no column named was_eliminated
2025-07-23 02:06:44,120 - core.improved_signal_quality_system - ERROR - Erro ao fazer backup do candlestick Advance Block: table signal_backup_v2 has no column named was_eliminated
2025-07-23 02:06:44,121 - core.analyzer - INFO - 🎯 Filtro rigoroso ENA: 0 → 0 sinais (eliminados: 0)
2025-07-23 02:06:44,121 - core.analyzer - INFO - ✓ ENA (3/8): 0 sinais em 0.7s
2025-07-23 02:06:44,223 - core.analyzer - INFO - Análise iniciada para: ETH
2025-07-23 02:06:44,236 - core.analyzer - ERROR - Erro na análise de ETH em 5m: 'NoneType' object has no attribute 'get'
2025-07-23 02:06:44,254 - indicators.patterns - INFO - Padrões para ETH: 0 selecionados
2025-07-23 02:06:45,098 - core.improved_signal_quality_system - ERROR - Erro ao fazer backup do candlestick Bullish Engulfing: table signal_backup_v2 has no column named was_eliminated
2025-07-23 02:06:45,098 - core.improved_signal_quality_system - ERROR - Erro ao fazer backup do candlestick Bearish Engulfing: table signal_backup_v2 has no column named was_eliminated
2025-07-23 02:06:45,099 - core.improved_signal_quality_system - ERROR - Erro ao fazer backup do candlestick Bullish Engulfing: table signal_backup_v2 has no column named was_eliminated
2025-07-23 02:06:45,099 - core.improved_signal_quality_system - ERROR - Erro ao fazer backup do candlestick Bearish Engulfing: table signal_backup_v2 has no column named was_eliminated
2025-07-23 02:06:45,099 - core.improved_signal_quality_system - ERROR - Erro ao fazer backup do candlestick Bullish Engulfing: table signal_backup_v2 has no column named was_eliminated
2025-07-23 02:06:45,100 - core.improved_signal_quality_system - ERROR - Erro ao fazer backup do candlestick Bullish Engulfing: table signal_backup_v2 has no column named was_eliminated
2025-07-23 02:06:45,101 - core.improved_signal_quality_system - ERROR - Erro ao fazer backup do candlestick Bearish Engulfing: table signal_backup_v2 has no column named was_eliminated
2025-07-23 02:06:45,101 - core.improved_signal_quality_system - ERROR - Erro ao fazer backup do candlestick Bearish Engulfing: table signal_backup_v2 has no column named was_eliminated
2025-07-23 02:06:45,102 - core.improved_signal_quality_system - ERROR - Erro ao fazer backup do candlestick Three Outside Up: table signal_backup_v2 has no column named was_eliminated
2025-07-23 02:06:45,103 - core.improved_signal_quality_system - ERROR - Erro ao fazer backup do candlestick Three Outside Down: table signal_backup_v2 has no column named was_eliminated
2025-07-23 02:06:45,103 - core.improved_signal_quality_system - ERROR - Erro ao fazer backup do candlestick Three Outside Up: table signal_backup_v2 has no column named was_eliminated
2025-07-23 02:06:45,103 - core.improved_signal_quality_system - ERROR - Erro ao fazer backup do candlestick Three Outside Down: table signal_backup_v2 has no column named was_eliminated
2025-07-23 02:06:45,104 - core.improved_signal_quality_system - ERROR - Erro ao fazer backup do candlestick Three Outside Up: table signal_backup_v2 has no column named was_eliminated
2025-07-23 02:06:45,104 - core.improved_signal_quality_system - ERROR - Erro ao fazer backup do candlestick Three Outside Down: table signal_backup_v2 has no column named was_eliminated
2025-07-23 02:06:45,104 - core.improved_signal_quality_system - ERROR - Erro ao fazer backup do candlestick Three Outside Down: table signal_backup_v2 has no column named was_eliminated
2025-07-23 02:06:45,104 - core.improved_signal_quality_system - ERROR - Erro ao fazer backup do candlestick Dragonfly Doji: table signal_backup_v2 has no column named was_eliminated
2025-07-23 02:06:45,105 - core.improved_signal_quality_system - ERROR - Erro ao fazer backup do candlestick Dragonfly Doji: table signal_backup_v2 has no column named was_eliminated
2025-07-23 02:06:45,105 - core.improved_signal_quality_system - ERROR - Erro ao fazer backup do candlestick Dragonfly Doji: table signal_backup_v2 has no column named was_eliminated
2025-07-23 02:06:45,105 - core.improved_signal_quality_system - ERROR - Erro ao fazer backup do candlestick Gravestone Doji: table signal_backup_v2 has no column named was_eliminated
2025-07-23 02:06:45,105 - core.improved_signal_quality_system - ERROR - Erro ao fazer backup do candlestick Shooting Star: table signal_backup_v2 has no column named was_eliminated
2025-07-23 02:06:45,106 - core.improved_signal_quality_system - ERROR - Erro ao fazer backup do candlestick Shooting Star: table signal_backup_v2 has no column named was_eliminated
2025-07-23 02:06:45,106 - core.improved_signal_quality_system - ERROR - Erro ao fazer backup do candlestick Hanging Man: table signal_backup_v2 has no column named was_eliminated
2025-07-23 02:06:45,106 - core.improved_signal_quality_system - ERROR - Erro ao fazer backup do candlestick Hanging Man: table signal_backup_v2 has no column named was_eliminated
2025-07-23 02:06:45,106 - core.improved_signal_quality_system - ERROR - Erro ao fazer backup do candlestick Hanging Man: table signal_backup_v2 has no column named was_eliminated
2025-07-23 02:06:45,107 - core.improved_signal_quality_system - ERROR - Erro ao fazer backup do candlestick Tweezer Top: table signal_backup_v2 has no column named was_eliminated
2025-07-23 02:06:45,107 - core.improved_signal_quality_system - ERROR - Erro ao fazer backup do candlestick Tweezer Top: table signal_backup_v2 has no column named was_eliminated
2025-07-23 02:06:45,107 - core.improved_signal_quality_system - ERROR - Erro ao fazer backup do candlestick Tweezer Top: table signal_backup_v2 has no column named was_eliminated
2025-07-23 02:06:45,108 - core.improved_signal_quality_system - ERROR - Erro ao fazer backup do candlestick Tweezer Top: table signal_backup_v2 has no column named was_eliminated
2025-07-23 02:06:45,108 - core.improved_signal_quality_system - ERROR - Erro ao fazer backup do candlestick Tweezer Top: table signal_backup_v2 has no column named was_eliminated
2025-07-23 02:06:45,108 - core.improved_signal_quality_system - ERROR - Erro ao fazer backup do candlestick Tweezer Top: table signal_backup_v2 has no column named was_eliminated
2025-07-23 02:06:45,109 - core.improved_signal_quality_system - ERROR - Erro ao fazer backup do candlestick Tweezer Bottom: table signal_backup_v2 has no column named was_eliminated
2025-07-23 02:06:45,109 - core.improved_signal_quality_system - ERROR - Erro ao fazer backup do candlestick Tweezer Top: table signal_backup_v2 has no column named was_eliminated
2025-07-23 02:06:45,109 - core.improved_signal_quality_system - ERROR - Erro ao fazer backup do candlestick Tweezer Bottom: table signal_backup_v2 has no column named was_eliminated
2025-07-23 02:06:45,110 - core.improved_signal_quality_system - ERROR - Erro ao fazer backup do candlestick Tweezer Top: table signal_backup_v2 has no column named was_eliminated
2025-07-23 02:06:45,110 - core.improved_signal_quality_system - ERROR - Erro ao fazer backup do candlestick Tweezer Top: table signal_backup_v2 has no column named was_eliminated
2025-07-23 02:06:45,110 - core.improved_signal_quality_system - ERROR - Erro ao fazer backup do candlestick Tweezer Top: table signal_backup_v2 has no column named was_eliminated
2025-07-23 02:06:45,111 - core.improved_signal_quality_system - ERROR - Erro ao fazer backup do candlestick Tweezer Top: table signal_backup_v2 has no column named was_eliminated
2025-07-23 02:06:45,111 - core.improved_signal_quality_system - ERROR - Erro ao fazer backup do candlestick Tweezer Top: table signal_backup_v2 has no column named was_eliminated
2025-07-23 02:06:45,111 - core.improved_signal_quality_system - ERROR - Erro ao fazer backup do candlestick Tweezer Bottom: table signal_backup_v2 has no column named was_eliminated
2025-07-23 02:06:45,112 - core.improved_signal_quality_system - ERROR - Erro ao fazer backup do candlestick Tweezer Bottom: table signal_backup_v2 has no column named was_eliminated
2025-07-23 02:06:45,112 - core.improved_signal_quality_system - ERROR - Erro ao fazer backup do candlestick Tweezer Top: table signal_backup_v2 has no column named was_eliminated
2025-07-23 02:06:45,112 - core.improved_signal_quality_system - ERROR - Erro ao fazer backup do candlestick Tweezer Top: table signal_backup_v2 has no column named was_eliminated
2025-07-23 02:06:45,113 - core.improved_signal_quality_system - ERROR - Erro ao fazer backup do candlestick Tweezer Top: table signal_backup_v2 has no column named was_eliminated
2025-07-23 02:06:45,113 - core.improved_signal_quality_system - ERROR - Erro ao fazer backup do candlestick Stick Sandwich: table signal_backup_v2 has no column named was_eliminated
2025-07-23 02:06:45,113 - core.improved_signal_quality_system - ERROR - Erro ao fazer backup do candlestick Inverted Hammer: table signal_backup_v2 has no column named was_eliminated
2025-07-23 02:06:45,114 - core.improved_signal_quality_system - ERROR - Erro ao fazer backup do candlestick Inverted Hammer: table signal_backup_v2 has no column named was_eliminated
2025-07-23 02:06:45,114 - core.improved_signal_quality_system - ERROR - Erro ao fazer backup do candlestick Advance Block: table signal_backup_v2 has no column named was_eliminated
2025-07-23 02:06:45,114 - core.improved_signal_quality_system - ERROR - Erro ao fazer backup do candlestick Advance Block: table signal_backup_v2 has no column named was_eliminated
2025-07-23 02:06:45,115 - core.analyzer - INFO - 🎯 Filtro rigoroso ETH: 0 → 0 sinais (eliminados: 0)
2025-07-23 02:06:45,115 - core.analyzer - INFO - ✓ ETH (4/8): 0 sinais em 0.9s
2025-07-23 02:06:45,217 - core.analyzer - INFO - Análise iniciada para: NEAR
2025-07-23 02:06:45,231 - core.technical_stop_loss - INFO - 🔧 Stop Loss Inteligente usando configurações avançadas
2025-07-23 02:06:45,239 - core.technical_targets - INFO - 🎯 Targets Inteligentes usando configurações avançadas
2025-07-23 02:06:45,243 - core.analyzer - ERROR - Erro na análise de NEAR em 5m: 'NoneType' object has no attribute 'get'
2025-07-23 02:06:45,247 - core.technical_stop_loss - INFO - 🔧 Stop Loss Inteligente usando configurações avançadas
2025-07-23 02:06:45,251 - core.technical_targets - INFO - 🎯 Targets Inteligentes usando configurações avançadas
2025-07-23 02:06:45,269 - indicators.patterns - INFO - Padrões para NEAR: 0 selecionados
2025-07-23 02:06:45,877 - core.improved_signal_quality_system - ERROR - Erro ao fazer backup do candlestick Bearish Engulfing: table signal_backup_v2 has no column named was_eliminated
2025-07-23 02:06:45,877 - core.improved_signal_quality_system - ERROR - Erro ao fazer backup do candlestick Bullish Engulfing: table signal_backup_v2 has no column named was_eliminated
2025-07-23 02:06:45,877 - core.improved_signal_quality_system - ERROR - Erro ao fazer backup do candlestick Bearish Engulfing: table signal_backup_v2 has no column named was_eliminated
2025-07-23 02:06:45,878 - core.improved_signal_quality_system - ERROR - Erro ao fazer backup do candlestick Bullish Engulfing: table signal_backup_v2 has no column named was_eliminated
2025-07-23 02:06:45,878 - core.improved_signal_quality_system - ERROR - Erro ao fazer backup do candlestick Three Outside Down: table signal_backup_v2 has no column named was_eliminated
2025-07-23 02:06:45,878 - core.improved_signal_quality_system - ERROR - Erro ao fazer backup do candlestick Three Outside Up: table signal_backup_v2 has no column named was_eliminated
2025-07-23 02:06:45,878 - core.improved_signal_quality_system - ERROR - Erro ao fazer backup do candlestick Three Outside Down: table signal_backup_v2 has no column named was_eliminated
2025-07-23 02:06:45,879 - core.improved_signal_quality_system - ERROR - Erro ao fazer backup do candlestick Gravestone Doji: table signal_backup_v2 has no column named was_eliminated
2025-07-23 02:06:45,880 - core.improved_signal_quality_system - ERROR - Erro ao fazer backup do candlestick Hammer: table signal_backup_v2 has no column named was_eliminated
2025-07-23 02:06:45,880 - core.improved_signal_quality_system - ERROR - Erro ao fazer backup do candlestick Shooting Star: table signal_backup_v2 has no column named was_eliminated
2025-07-23 02:06:45,880 - core.improved_signal_quality_system - ERROR - Erro ao fazer backup do candlestick Hanging Man: table signal_backup_v2 has no column named was_eliminated
2025-07-23 02:06:45,881 - core.improved_signal_quality_system - ERROR - Erro ao fazer backup do candlestick Hanging Man: table signal_backup_v2 has no column named was_eliminated
2025-07-23 02:06:45,882 - core.improved_signal_quality_system - ERROR - Erro ao fazer backup do candlestick White Marubozu: table signal_backup_v2 has no column named was_eliminated
2025-07-23 02:06:45,882 - core.improved_signal_quality_system - ERROR - Erro ao fazer backup do candlestick Tweezer Top: table signal_backup_v2 has no column named was_eliminated
2025-07-23 02:06:45,883 - core.improved_signal_quality_system - ERROR - Erro ao fazer backup do candlestick Tweezer Top: table signal_backup_v2 has no column named was_eliminated
2025-07-23 02:06:45,884 - core.improved_signal_quality_system - ERROR - Erro ao fazer backup do candlestick Tweezer Top: table signal_backup_v2 has no column named was_eliminated
2025-07-23 02:06:45,885 - core.improved_signal_quality_system - ERROR - Erro ao fazer backup do candlestick Tweezer Top: table signal_backup_v2 has no column named was_eliminated
2025-07-23 02:06:45,885 - core.improved_signal_quality_system - ERROR - Erro ao fazer backup do candlestick Tweezer Bottom: table signal_backup_v2 has no column named was_eliminated
2025-07-23 02:06:45,885 - core.improved_signal_quality_system - ERROR - Erro ao fazer backup do candlestick Tweezer Bottom: table signal_backup_v2 has no column named was_eliminated
2025-07-23 02:06:45,886 - core.improved_signal_quality_system - ERROR - Erro ao fazer backup do candlestick Tweezer Top: table signal_backup_v2 has no column named was_eliminated
2025-07-23 02:06:45,886 - core.improved_signal_quality_system - ERROR - Erro ao fazer backup do candlestick Tweezer Bottom: table signal_backup_v2 has no column named was_eliminated
2025-07-23 02:06:45,887 - core.improved_signal_quality_system - ERROR - Erro ao fazer backup do candlestick Tweezer Top: table signal_backup_v2 has no column named was_eliminated
2025-07-23 02:06:45,887 - core.improved_signal_quality_system - ERROR - Erro ao fazer backup do candlestick Tweezer Top: table signal_backup_v2 has no column named was_eliminated
2025-07-23 02:06:45,887 - core.improved_signal_quality_system - ERROR - Erro ao fazer backup do candlestick Tweezer Top: table signal_backup_v2 has no column named was_eliminated
2025-07-23 02:06:45,888 - core.improved_signal_quality_system - ERROR - Erro ao fazer backup do candlestick Tweezer Top: table signal_backup_v2 has no column named was_eliminated
2025-07-23 02:06:45,888 - core.improved_signal_quality_system - ERROR - Erro ao fazer backup do candlestick Tweezer Bottom: table signal_backup_v2 has no column named was_eliminated
2025-07-23 02:06:45,888 - core.improved_signal_quality_system - ERROR - Erro ao fazer backup do candlestick Tweezer Top: table signal_backup_v2 has no column named was_eliminated
2025-07-23 02:06:45,888 - core.improved_signal_quality_system - ERROR - Erro ao fazer backup do candlestick Tweezer Top: table signal_backup_v2 has no column named was_eliminated
2025-07-23 02:06:45,889 - core.improved_signal_quality_system - INFO - 💾 Salvando 1 sinais no backup para NEAR
2025-07-23 02:06:45,902 - core.improved_signal_quality_system - ERROR - Erro ao fazer backup do sinal 0: table signal_backup_v2 has no column named was_eliminated
2025-07-23 02:06:45,905 - core.analyzer - ERROR - ❌ Erro crítico em NEAR: 'RigorousQualityFilter' object has no attribute '_apply_timeframe_priority_rules'
2025-07-23 02:06:45,914 - core.analyzer - INFO - Análise iniciada para: SOL
2025-07-23 02:06:45,927 - core.technical_stop_loss - INFO - 🔧 Stop Loss Inteligente usando configurações avançadas
2025-07-23 02:06:45,930 - core.technical_targets - INFO - 🎯 Targets Inteligentes usando configurações avançadas
2025-07-23 02:06:45,937 - core.signal_writer - WARNING - Target 1 SHORT corrigido para SOL: 197.4014
2025-07-23 02:06:45,937 - core.analyzer - ERROR - Erro na análise de SOL em 5m: 'NoneType' object has no attribute 'get'
2025-07-23 02:06:45,955 - indicators.patterns - INFO - Padrões para SOL: 0 selecionados
2025-07-23 02:06:46,610 - core.improved_signal_quality_system - ERROR - Erro ao fazer backup do candlestick Bullish Engulfing: table signal_backup_v2 has no column named was_eliminated
2025-07-23 02:06:46,610 - core.improved_signal_quality_system - ERROR - Erro ao fazer backup do candlestick Bullish Engulfing: table signal_backup_v2 has no column named was_eliminated
2025-07-23 02:06:46,610 - core.improved_signal_quality_system - ERROR - Erro ao fazer backup do candlestick Bullish Engulfing: table signal_backup_v2 has no column named was_eliminated
2025-07-23 02:06:46,610 - core.improved_signal_quality_system - ERROR - Erro ao fazer backup do candlestick Bullish Engulfing: table signal_backup_v2 has no column named was_eliminated
2025-07-23 02:06:46,611 - core.improved_signal_quality_system - ERROR - Erro ao fazer backup do candlestick Bearish Engulfing: table signal_backup_v2 has no column named was_eliminated
2025-07-23 02:06:46,611 - core.improved_signal_quality_system - ERROR - Erro ao fazer backup do candlestick Bullish Engulfing: table signal_backup_v2 has no column named was_eliminated
2025-07-23 02:06:46,611 - core.improved_signal_quality_system - ERROR - Erro ao fazer backup do candlestick Bullish Engulfing: table signal_backup_v2 has no column named was_eliminated
2025-07-23 02:06:46,611 - core.improved_signal_quality_system - ERROR - Erro ao fazer backup do candlestick Three Outside Up: table signal_backup_v2 has no column named was_eliminated
2025-07-23 02:06:46,612 - core.improved_signal_quality_system - ERROR - Erro ao fazer backup do candlestick Three Outside Up: table signal_backup_v2 has no column named was_eliminated
2025-07-23 02:06:46,613 - core.improved_signal_quality_system - ERROR - Erro ao fazer backup do candlestick Three Outside Down: table signal_backup_v2 has no column named was_eliminated
2025-07-23 02:06:46,613 - core.improved_signal_quality_system - ERROR - Erro ao fazer backup do candlestick Three Outside Up: table signal_backup_v2 has no column named was_eliminated
2025-07-23 02:06:46,613 - core.improved_signal_quality_system - ERROR - Erro ao fazer backup do candlestick Hammer: table signal_backup_v2 has no column named was_eliminated
2025-07-23 02:06:46,614 - core.improved_signal_quality_system - ERROR - Erro ao fazer backup do candlestick Hammer: table signal_backup_v2 has no column named was_eliminated
2025-07-23 02:06:46,615 - core.improved_signal_quality_system - ERROR - Erro ao fazer backup do candlestick Hanging Man: table signal_backup_v2 has no column named was_eliminated
2025-07-23 02:06:46,615 - core.improved_signal_quality_system - ERROR - Erro ao fazer backup do candlestick White Marubozu: table signal_backup_v2 has no column named was_eliminated
2025-07-23 02:06:46,616 - core.improved_signal_quality_system - ERROR - Erro ao fazer backup do candlestick Black Marubozu: table signal_backup_v2 has no column named was_eliminated
2025-07-23 02:06:46,616 - core.improved_signal_quality_system - ERROR - Erro ao fazer backup do candlestick Tweezer Top: table signal_backup_v2 has no column named was_eliminated
2025-07-23 02:06:46,617 - core.improved_signal_quality_system - ERROR - Erro ao fazer backup do candlestick Tweezer Top: table signal_backup_v2 has no column named was_eliminated
2025-07-23 02:06:46,617 - core.improved_signal_quality_system - ERROR - Erro ao fazer backup do candlestick Tweezer Top: table signal_backup_v2 has no column named was_eliminated
2025-07-23 02:06:46,618 - core.improved_signal_quality_system - ERROR - Erro ao fazer backup do candlestick Tweezer Top: table signal_backup_v2 has no column named was_eliminated
2025-07-23 02:06:46,618 - core.improved_signal_quality_system - ERROR - Erro ao fazer backup do candlestick Tweezer Top: table signal_backup_v2 has no column named was_eliminated
2025-07-23 02:06:46,618 - core.improved_signal_quality_system - ERROR - Erro ao fazer backup do candlestick Tweezer Top: table signal_backup_v2 has no column named was_eliminated
2025-07-23 02:06:46,619 - core.improved_signal_quality_system - ERROR - Erro ao fazer backup do candlestick Tweezer Top: table signal_backup_v2 has no column named was_eliminated
2025-07-23 02:06:46,619 - core.improved_signal_quality_system - ERROR - Erro ao fazer backup do candlestick Tweezer Top: table signal_backup_v2 has no column named was_eliminated
2025-07-23 02:06:46,619 - core.improved_signal_quality_system - ERROR - Erro ao fazer backup do candlestick Tweezer Top: table signal_backup_v2 has no column named was_eliminated
2025-07-23 02:06:46,620 - core.improved_signal_quality_system - ERROR - Erro ao fazer backup do candlestick Tweezer Bottom: table signal_backup_v2 has no column named was_eliminated
2025-07-23 02:06:46,620 - core.improved_signal_quality_system - ERROR - Erro ao fazer backup do candlestick Tweezer Bottom: table signal_backup_v2 has no column named was_eliminated
2025-07-23 02:06:46,620 - core.improved_signal_quality_system - ERROR - Erro ao fazer backup do candlestick Tweezer Bottom: table signal_backup_v2 has no column named was_eliminated
2025-07-23 02:06:46,621 - core.improved_signal_quality_system - ERROR - Erro ao fazer backup do candlestick Tweezer Top: table signal_backup_v2 has no column named was_eliminated
2025-07-23 02:06:46,621 - core.improved_signal_quality_system - ERROR - Erro ao fazer backup do candlestick Tweezer Top: table signal_backup_v2 has no column named was_eliminated
2025-07-23 02:06:46,621 - core.improved_signal_quality_system - ERROR - Erro ao fazer backup do candlestick Tweezer Top: table signal_backup_v2 has no column named was_eliminated
2025-07-23 02:06:46,622 - core.improved_signal_quality_system - ERROR - Erro ao fazer backup do candlestick Tweezer Bottom: table signal_backup_v2 has no column named was_eliminated
2025-07-23 02:06:46,622 - core.improved_signal_quality_system - ERROR - Erro ao fazer backup do candlestick Tweezer Bottom: table signal_backup_v2 has no column named was_eliminated
2025-07-23 02:06:46,622 - core.improved_signal_quality_system - ERROR - Erro ao fazer backup do candlestick Tweezer Bottom: table signal_backup_v2 has no column named was_eliminated
2025-07-23 02:06:46,622 - core.improved_signal_quality_system - ERROR - Erro ao fazer backup do candlestick Tweezer Bottom: table signal_backup_v2 has no column named was_eliminated
2025-07-23 02:06:46,623 - core.improved_signal_quality_system - ERROR - Erro ao fazer backup do candlestick Tweezer Bottom: table signal_backup_v2 has no column named was_eliminated
2025-07-23 02:06:46,623 - core.improved_signal_quality_system - ERROR - Erro ao fazer backup do candlestick Inverted Hammer: table signal_backup_v2 has no column named was_eliminated
2025-07-23 02:06:46,623 - core.analyzer - INFO - 🎯 Filtro rigoroso SOL: 0 → 0 sinais (eliminados: 0)
2025-07-23 02:06:46,624 - core.analyzer - INFO - ✓ SOL (6/8): 0 sinais em 0.7s
2025-07-23 02:06:46,725 - core.analyzer - INFO - Análise iniciada para: SUI
2025-07-23 02:06:46,738 - core.analyzer - ERROR - Erro na análise de SUI em 5m: 'NoneType' object has no attribute 'get'
2025-07-23 02:06:46,754 - indicators.patterns - INFO - Padrões para SUI: 0 selecionados
2025-07-23 02:06:47,440 - core.improved_signal_quality_system - ERROR - Erro ao fazer backup do candlestick Bearish Engulfing: table signal_backup_v2 has no column named was_eliminated
2025-07-23 02:06:47,440 - core.improved_signal_quality_system - ERROR - Erro ao fazer backup do candlestick Bullish Engulfing: table signal_backup_v2 has no column named was_eliminated
2025-07-23 02:06:47,440 - core.improved_signal_quality_system - ERROR - Erro ao fazer backup do candlestick Bearish Engulfing: table signal_backup_v2 has no column named was_eliminated
2025-07-23 02:06:47,441 - core.improved_signal_quality_system - ERROR - Erro ao fazer backup do candlestick Bullish Engulfing: table signal_backup_v2 has no column named was_eliminated
2025-07-23 02:06:47,441 - core.improved_signal_quality_system - ERROR - Erro ao fazer backup do candlestick Bullish Engulfing: table signal_backup_v2 has no column named was_eliminated
2025-07-23 02:06:47,441 - core.improved_signal_quality_system - ERROR - Erro ao fazer backup do candlestick Bullish Engulfing: table signal_backup_v2 has no column named was_eliminated
2025-07-23 02:06:47,442 - core.improved_signal_quality_system - ERROR - Erro ao fazer backup do candlestick Bearish Engulfing: table signal_backup_v2 has no column named was_eliminated
2025-07-23 02:06:47,443 - core.improved_signal_quality_system - ERROR - Erro ao fazer backup do candlestick Bearish Engulfing: table signal_backup_v2 has no column named was_eliminated
2025-07-23 02:06:47,444 - core.improved_signal_quality_system - ERROR - Erro ao fazer backup do candlestick Three Outside Up: table signal_backup_v2 has no column named was_eliminated
2025-07-23 02:06:47,444 - core.improved_signal_quality_system - ERROR - Erro ao fazer backup do candlestick Three Outside Down: table signal_backup_v2 has no column named was_eliminated
2025-07-23 02:06:47,445 - core.improved_signal_quality_system - ERROR - Erro ao fazer backup do candlestick Three Outside Up: table signal_backup_v2 has no column named was_eliminated
2025-07-23 02:06:47,445 - core.improved_signal_quality_system - ERROR - Erro ao fazer backup do candlestick Three Outside Up: table signal_backup_v2 has no column named was_eliminated
2025-07-23 02:06:47,445 - core.improved_signal_quality_system - ERROR - Erro ao fazer backup do candlestick Three Outside Up: table signal_backup_v2 has no column named was_eliminated
2025-07-23 02:06:47,446 - core.improved_signal_quality_system - ERROR - Erro ao fazer backup do candlestick Three Outside Down: table signal_backup_v2 has no column named was_eliminated
2025-07-23 02:06:47,446 - core.improved_signal_quality_system - ERROR - Erro ao fazer backup do candlestick Three Outside Down: table signal_backup_v2 has no column named was_eliminated
2025-07-23 02:06:47,446 - core.improved_signal_quality_system - ERROR - Erro ao fazer backup do candlestick Dragonfly Doji: table signal_backup_v2 has no column named was_eliminated
2025-07-23 02:06:47,447 - core.improved_signal_quality_system - ERROR - Erro ao fazer backup do candlestick Hammer: table signal_backup_v2 has no column named was_eliminated
2025-07-23 02:06:47,447 - core.improved_signal_quality_system - ERROR - Erro ao fazer backup do candlestick Shooting Star: table signal_backup_v2 has no column named was_eliminated
2025-07-23 02:06:47,447 - core.improved_signal_quality_system - ERROR - Erro ao fazer backup do candlestick Shooting Star: table signal_backup_v2 has no column named was_eliminated
2025-07-23 02:06:47,448 - core.improved_signal_quality_system - ERROR - Erro ao fazer backup do candlestick Hammer: table signal_backup_v2 has no column named was_eliminated
2025-07-23 02:06:47,448 - core.improved_signal_quality_system - ERROR - Erro ao fazer backup do candlestick Hanging Man: table signal_backup_v2 has no column named was_eliminated
2025-07-23 02:06:47,449 - core.improved_signal_quality_system - ERROR - Erro ao fazer backup do candlestick Hanging Man: table signal_backup_v2 has no column named was_eliminated
2025-07-23 02:06:47,449 - core.improved_signal_quality_system - ERROR - Erro ao fazer backup do candlestick Hanging Man: table signal_backup_v2 has no column named was_eliminated
2025-07-23 02:06:47,450 - core.improved_signal_quality_system - ERROR - Erro ao fazer backup do candlestick Hanging Man: table signal_backup_v2 has no column named was_eliminated
2025-07-23 02:06:47,450 - core.improved_signal_quality_system - ERROR - Erro ao fazer backup do candlestick Hanging Man: table signal_backup_v2 has no column named was_eliminated
2025-07-23 02:06:47,451 - core.improved_signal_quality_system - ERROR - Erro ao fazer backup do candlestick White Marubozu: table signal_backup_v2 has no column named was_eliminated
2025-07-23 02:06:47,451 - core.improved_signal_quality_system - ERROR - Erro ao fazer backup do candlestick Tweezer Top: table signal_backup_v2 has no column named was_eliminated
2025-07-23 02:06:47,451 - core.improved_signal_quality_system - ERROR - Erro ao fazer backup do candlestick Tweezer Top: table signal_backup_v2 has no column named was_eliminated
2025-07-23 02:06:47,452 - core.improved_signal_quality_system - ERROR - Erro ao fazer backup do candlestick Tweezer Top: table signal_backup_v2 has no column named was_eliminated
2025-07-23 02:06:47,452 - core.improved_signal_quality_system - ERROR - Erro ao fazer backup do candlestick Tweezer Top: table signal_backup_v2 has no column named was_eliminated
2025-07-23 02:06:47,452 - core.improved_signal_quality_system - ERROR - Erro ao fazer backup do candlestick Tweezer Top: table signal_backup_v2 has no column named was_eliminated
2025-07-23 02:06:47,453 - core.improved_signal_quality_system - ERROR - Erro ao fazer backup do candlestick Tweezer Bottom: table signal_backup_v2 has no column named was_eliminated
2025-07-23 02:06:47,453 - core.improved_signal_quality_system - ERROR - Erro ao fazer backup do candlestick Tweezer Top: table signal_backup_v2 has no column named was_eliminated
2025-07-23 02:06:47,453 - core.improved_signal_quality_system - ERROR - Erro ao fazer backup do candlestick Tweezer Top: table signal_backup_v2 has no column named was_eliminated
2025-07-23 02:06:47,454 - core.improved_signal_quality_system - ERROR - Erro ao fazer backup do candlestick Tweezer Top: table signal_backup_v2 has no column named was_eliminated
2025-07-23 02:06:47,454 - core.improved_signal_quality_system - ERROR - Erro ao fazer backup do candlestick Tweezer Bottom: table signal_backup_v2 has no column named was_eliminated
2025-07-23 02:06:47,454 - core.improved_signal_quality_system - ERROR - Erro ao fazer backup do candlestick Tweezer Bottom: table signal_backup_v2 has no column named was_eliminated
2025-07-23 02:06:47,454 - core.improved_signal_quality_system - ERROR - Erro ao fazer backup do candlestick Tweezer Top: table signal_backup_v2 has no column named was_eliminated
2025-07-23 02:06:47,455 - core.improved_signal_quality_system - ERROR - Erro ao fazer backup do candlestick Tweezer Top: table signal_backup_v2 has no column named was_eliminated
2025-07-23 02:06:47,455 - core.improved_signal_quality_system - ERROR - Erro ao fazer backup do candlestick Tweezer Top: table signal_backup_v2 has no column named was_eliminated
2025-07-23 02:06:47,455 - core.improved_signal_quality_system - ERROR - Erro ao fazer backup do candlestick Tweezer Bottom: table signal_backup_v2 has no column named was_eliminated
2025-07-23 02:06:47,456 - core.improved_signal_quality_system - ERROR - Erro ao fazer backup do candlestick Tweezer Bottom: table signal_backup_v2 has no column named was_eliminated
2025-07-23 02:06:47,456 - core.improved_signal_quality_system - ERROR - Erro ao fazer backup do candlestick Tweezer Bottom: table signal_backup_v2 has no column named was_eliminated
2025-07-23 02:06:47,456 - core.improved_signal_quality_system - ERROR - Erro ao fazer backup do candlestick Tweezer Top: table signal_backup_v2 has no column named was_eliminated
2025-07-23 02:06:47,457 - core.improved_signal_quality_system - ERROR - Erro ao fazer backup do candlestick Tweezer Bottom: table signal_backup_v2 has no column named was_eliminated
2025-07-23 02:06:47,457 - core.improved_signal_quality_system - ERROR - Erro ao fazer backup do candlestick Tweezer Bottom: table signal_backup_v2 has no column named was_eliminated
2025-07-23 02:06:47,457 - core.improved_signal_quality_system - ERROR - Erro ao fazer backup do candlestick Tweezer Bottom: table signal_backup_v2 has no column named was_eliminated
2025-07-23 02:06:47,457 - core.improved_signal_quality_system - ERROR - Erro ao fazer backup do candlestick Stick Sandwich: table signal_backup_v2 has no column named was_eliminated
2025-07-23 02:06:47,458 - core.improved_signal_quality_system - ERROR - Erro ao fazer backup do candlestick Inverted Hammer: table signal_backup_v2 has no column named was_eliminated
2025-07-23 02:06:47,458 - core.analyzer - INFO - 🎯 Filtro rigoroso SUI: 0 → 0 sinais (eliminados: 0)
2025-07-23 02:06:47,458 - core.analyzer - INFO - ✓ SUI (7/8): 0 sinais em 0.7s
2025-07-23 02:06:47,560 - core.analyzer - INFO - Análise iniciada para: IMX
2025-07-23 02:06:47,576 - core.analyzer - ERROR - Erro na análise de IMX em 5m: 'NoneType' object has no attribute 'get'
2025-07-23 02:06:47,599 - indicators.patterns - INFO - Padrões para IMX: 0 selecionados
2025-07-23 02:06:48,238 - core.improved_signal_quality_system - ERROR - Erro ao fazer backup do candlestick Bearish Engulfing: table signal_backup_v2 has no column named was_eliminated
2025-07-23 02:06:48,238 - core.improved_signal_quality_system - ERROR - Erro ao fazer backup do candlestick Bullish Engulfing: table signal_backup_v2 has no column named was_eliminated
2025-07-23 02:06:48,238 - core.improved_signal_quality_system - ERROR - Erro ao fazer backup do candlestick Bullish Engulfing: table signal_backup_v2 has no column named was_eliminated
2025-07-23 02:06:48,238 - core.improved_signal_quality_system - ERROR - Erro ao fazer backup do candlestick Bullish Engulfing: table signal_backup_v2 has no column named was_eliminated
2025-07-23 02:06:48,239 - core.improved_signal_quality_system - ERROR - Erro ao fazer backup do candlestick Bullish Engulfing: table signal_backup_v2 has no column named was_eliminated
2025-07-23 02:06:48,239 - core.improved_signal_quality_system - ERROR - Erro ao fazer backup do candlestick Bullish Engulfing: table signal_backup_v2 has no column named was_eliminated
2025-07-23 02:06:48,239 - core.improved_signal_quality_system - ERROR - Erro ao fazer backup do candlestick Bullish Engulfing: table signal_backup_v2 has no column named was_eliminated
2025-07-23 02:06:48,240 - core.improved_signal_quality_system - ERROR - Erro ao fazer backup do candlestick Bearish Engulfing: table signal_backup_v2 has no column named was_eliminated
2025-07-23 02:06:48,241 - core.improved_signal_quality_system - ERROR - Erro ao fazer backup do candlestick Bullish Engulfing: table signal_backup_v2 has no column named was_eliminated
2025-07-23 02:06:48,241 - core.improved_signal_quality_system - ERROR - Erro ao fazer backup do candlestick Bearish Engulfing: table signal_backup_v2 has no column named was_eliminated
2025-07-23 02:06:48,242 - core.improved_signal_quality_system - ERROR - Erro ao fazer backup do candlestick Three Outside Up: table signal_backup_v2 has no column named was_eliminated
2025-07-23 02:06:48,242 - core.improved_signal_quality_system - ERROR - Erro ao fazer backup do candlestick Three Outside Up: table signal_backup_v2 has no column named was_eliminated
2025-07-23 02:06:48,243 - core.improved_signal_quality_system - ERROR - Erro ao fazer backup do candlestick Three Outside Up: table signal_backup_v2 has no column named was_eliminated
2025-07-23 02:06:48,243 - core.improved_signal_quality_system - ERROR - Erro ao fazer backup do candlestick Three Outside Up: table signal_backup_v2 has no column named was_eliminated
2025-07-23 02:06:48,243 - core.improved_signal_quality_system - ERROR - Erro ao fazer backup do candlestick Three Outside Up: table signal_backup_v2 has no column named was_eliminated
2025-07-23 02:06:48,243 - core.improved_signal_quality_system - ERROR - Erro ao fazer backup do candlestick Hammer: table signal_backup_v2 has no column named was_eliminated
2025-07-23 02:06:48,244 - core.improved_signal_quality_system - ERROR - Erro ao fazer backup do candlestick Shooting Star: table signal_backup_v2 has no column named was_eliminated
2025-07-23 02:06:48,244 - core.improved_signal_quality_system - ERROR - Erro ao fazer backup do candlestick Hanging Man: table signal_backup_v2 has no column named was_eliminated
2025-07-23 02:06:48,244 - core.improved_signal_quality_system - ERROR - Erro ao fazer backup do candlestick Hanging Man: table signal_backup_v2 has no column named was_eliminated
2025-07-23 02:06:48,244 - core.improved_signal_quality_system - ERROR - Erro ao fazer backup do candlestick Black Marubozu: table signal_backup_v2 has no column named was_eliminated
2025-07-23 02:06:48,245 - core.improved_signal_quality_system - ERROR - Erro ao fazer backup do candlestick Tweezer Top: table signal_backup_v2 has no column named was_eliminated
2025-07-23 02:06:48,245 - core.improved_signal_quality_system - ERROR - Erro ao fazer backup do candlestick Tweezer Top: table signal_backup_v2 has no column named was_eliminated
2025-07-23 02:06:48,245 - core.improved_signal_quality_system - ERROR - Erro ao fazer backup do candlestick Tweezer Top: table signal_backup_v2 has no column named was_eliminated
2025-07-23 02:06:48,246 - core.improved_signal_quality_system - ERROR - Erro ao fazer backup do candlestick Tweezer Top: table signal_backup_v2 has no column named was_eliminated
2025-07-23 02:06:48,246 - core.improved_signal_quality_system - ERROR - Erro ao fazer backup do candlestick Tweezer Top: table signal_backup_v2 has no column named was_eliminated
2025-07-23 02:06:48,246 - core.improved_signal_quality_system - ERROR - Erro ao fazer backup do candlestick Tweezer Top: table signal_backup_v2 has no column named was_eliminated
2025-07-23 02:06:48,246 - core.improved_signal_quality_system - ERROR - Erro ao fazer backup do candlestick Tweezer Top: table signal_backup_v2 has no column named was_eliminated
2025-07-23 02:06:48,247 - core.improved_signal_quality_system - ERROR - Erro ao fazer backup do candlestick Tweezer Top: table signal_backup_v2 has no column named was_eliminated
2025-07-23 02:06:48,247 - core.improved_signal_quality_system - ERROR - Erro ao fazer backup do candlestick Tweezer Bottom: table signal_backup_v2 has no column named was_eliminated
2025-07-23 02:06:48,247 - core.improved_signal_quality_system - ERROR - Erro ao fazer backup do candlestick Tweezer Top: table signal_backup_v2 has no column named was_eliminated
2025-07-23 02:06:48,247 - core.improved_signal_quality_system - ERROR - Erro ao fazer backup do candlestick Tweezer Bottom: table signal_backup_v2 has no column named was_eliminated
2025-07-23 02:06:48,248 - core.improved_signal_quality_system - ERROR - Erro ao fazer backup do candlestick Tweezer Bottom: table signal_backup_v2 has no column named was_eliminated
2025-07-23 02:06:48,248 - core.improved_signal_quality_system - ERROR - Erro ao fazer backup do candlestick Inverted Hammer: table signal_backup_v2 has no column named was_eliminated
2025-07-23 02:06:48,248 - core.analyzer - INFO - 🎯 Filtro rigoroso IMX: 0 → 0 sinais (eliminados: 0)
2025-07-23 02:06:48,249 - core.analyzer - INFO - ✓ IMX (8/8): 0 sinais em 0.7s
2025-07-23 02:06:48,350 - core.analyzer - INFO - ✅ Ciclo 1: 0 novos | 0 bloqueados | 1 erros | 6.6s
2025-07-23 02:06:48,350 - core.analyzer - INFO - ⏳ Aguardando 300s...
2025-07-23 02:07:37,030 - root - INFO - Iniciando Inicialização do analyzer...
2025-07-23 02:07:37,030 - root - INFO - Inicializando Trading Analyzer...
2025-07-23 02:07:37,030 - core.data_reader - INFO - DataReader inicializado (OTIMIZADO para 5m/15m).
2025-07-23 02:07:37,043 - core.signal_writer - INFO - EnhancedSignalWriter LÓGICA CORRIGIDA - 2 targets apenas
2025-07-23 02:07:37,043 - indicators.patterns - INFO - PatternAnalyzer SIMPLIFICADO - APENAS Double Top/Bottom
2025-07-23 02:07:37,044 - indicators.patterns - INFO - HeadAndShouldersDetector DESABILITADO conforme configuração
2025-07-23 02:07:37,044 - indicators.patterns - INFO - CupAndHandleDetector DESABILITADO conforme configuração
2025-07-23 02:07:37,044 - indicators.patterns - INFO - PatternAnalyzer SIMPLIFICADO - APENAS Double Top/Bottom
2025-07-23 02:07:37,044 - indicators.patterns - INFO - HeadAndShouldersDetector DESABILITADO conforme configuração
2025-07-23 02:07:37,045 - indicators.patterns - INFO - CupAndHandleDetector DESABILITADO conforme configuração
2025-07-23 02:07:37,046 - core.improved_signal_quality_system - INFO - 🗄️ Sistema de backup completo inicializado
2025-07-23 02:07:37,046 - core.improved_signal_quality_system - INFO - 🎯 Sistema RIGOROSO de qualidade inicializado
2025-07-23 02:07:37,047 - core.analyzer - INFO - 🎯 Sistema RIGOROSO de qualidade ativado
2025-07-23 02:07:37,047 - core.analyzer - INFO - MultiTimeframeAnalyzer OTIMIZADO inicializado:
2025-07-23 02:07:37,047 - core.analyzer - INFO -   • Timeframes ativos: ['5m', '15m']
2025-07-23 02:07:37,047 - core.analyzer - INFO -   • Qualidade: RIGOROUS
2025-07-23 02:07:37,048 - core.analyzer - INFO -   • Prioridade: 5m absoluta, 15m se não há 5m
2025-07-23 02:07:37,048 - core.analyzer - INFO -   • Backup: Completo (todos sinais + 43 candlesticks)
2025-07-23 02:07:37,048 - root - INFO - Trading Analyzer inicializado com sucesso
2025-07-23 02:07:37,048 - root - INFO - Inicialização do analyzer concluída em 0.0s
2025-07-23 02:07:37,049 - core.analyzer - INFO - 🚀 Iniciando análise contínua OTIMIZADA
2025-07-23 02:07:37,049 - core.analyzer - INFO - 🔍 Verificando símbolos com dados suficientes...
2025-07-23 02:07:37,049 - core.data_reader - INFO - Verificando 8 símbolos...
2025-07-23 02:07:37,484 - core.data_reader - INFO - ✅ Símbolos válidos: 8/8 - ['BNB', 'BTC', 'ENA', 'ETH', 'NEAR', 'SOL', 'SUI', 'IMX']
2025-07-23 02:07:37,484 - core.analyzer - INFO - ✅ Símbolos válidos: 8 - ['BNB', 'BTC', 'ENA', 'ETH', 'NEAR', 'SOL', 'SUI', 'IMX']
2025-07-23 02:07:37,484 - core.analyzer - INFO - ⏱️ Intervalo: 300s | Timeframes: APENAS 5m e 15m
2025-07-23 02:07:37,485 - core.analyzer - INFO - 🔄 Ciclo 1 iniciado
2025-07-23 02:07:37,486 - core.analyzer - INFO - Análise iniciada para: BNB
2025-07-23 02:07:37,505 - core.technical_stop_loss - INFO - 🔧 Stop Loss Inteligente usando configurações avançadas
2025-07-23 02:07:37,511 - core.technical_targets - INFO - 🎯 Targets Inteligentes usando configurações avançadas
2025-07-23 02:07:37,516 - core.analyzer - ERROR - Erro na análise de BNB em 5m: 'NoneType' object has no attribute 'get'
2025-07-23 02:07:37,531 - indicators.patterns - INFO - Padrões para BNB: 0 selecionados
2025-07-23 02:07:38,183 - core.improved_signal_quality_system - ERROR - Erro ao fazer backup do candlestick Bullish Engulfing: table signal_backup_v2 has no column named elimination_reason
2025-07-23 02:07:38,184 - core.improved_signal_quality_system - ERROR - Erro ao fazer backup do candlestick Bullish Engulfing: table signal_backup_v2 has no column named elimination_reason
2025-07-23 02:07:38,184 - core.improved_signal_quality_system - ERROR - Erro ao fazer backup do candlestick Bearish Engulfing: table signal_backup_v2 has no column named elimination_reason
2025-07-23 02:07:38,184 - core.improved_signal_quality_system - ERROR - Erro ao fazer backup do candlestick Bullish Engulfing: table signal_backup_v2 has no column named elimination_reason
2025-07-23 02:07:38,185 - core.improved_signal_quality_system - ERROR - Erro ao fazer backup do candlestick Bullish Engulfing: table signal_backup_v2 has no column named elimination_reason
2025-07-23 02:07:38,185 - core.improved_signal_quality_system - ERROR - Erro ao fazer backup do candlestick Bullish Engulfing: table signal_backup_v2 has no column named elimination_reason
2025-07-23 02:07:38,186 - core.improved_signal_quality_system - ERROR - Erro ao fazer backup do candlestick Bearish Engulfing: table signal_backup_v2 has no column named elimination_reason
2025-07-23 02:07:38,187 - core.improved_signal_quality_system - ERROR - Erro ao fazer backup do candlestick Three Outside Up: table signal_backup_v2 has no column named elimination_reason
2025-07-23 02:07:38,187 - core.improved_signal_quality_system - ERROR - Erro ao fazer backup do candlestick Three Outside Up: table signal_backup_v2 has no column named elimination_reason
2025-07-23 02:07:38,188 - core.improved_signal_quality_system - ERROR - Erro ao fazer backup do candlestick Three Outside Up: table signal_backup_v2 has no column named elimination_reason
2025-07-23 02:07:38,188 - core.improved_signal_quality_system - ERROR - Erro ao fazer backup do candlestick Three Outside Down: table signal_backup_v2 has no column named elimination_reason
2025-07-23 02:07:38,189 - core.improved_signal_quality_system - ERROR - Erro ao fazer backup do candlestick Gravestone Doji: table signal_backup_v2 has no column named elimination_reason
2025-07-23 02:07:38,189 - core.improved_signal_quality_system - ERROR - Erro ao fazer backup do candlestick Shooting Star: table signal_backup_v2 has no column named elimination_reason
2025-07-23 02:07:38,190 - core.improved_signal_quality_system - ERROR - Erro ao fazer backup do candlestick Hammer: table signal_backup_v2 has no column named elimination_reason
2025-07-23 02:07:38,190 - core.improved_signal_quality_system - ERROR - Erro ao fazer backup do candlestick Hanging Man: table signal_backup_v2 has no column named elimination_reason
2025-07-23 02:07:38,191 - core.improved_signal_quality_system - ERROR - Erro ao fazer backup do candlestick Hanging Man: table signal_backup_v2 has no column named elimination_reason
2025-07-23 02:07:38,192 - core.improved_signal_quality_system - ERROR - Erro ao fazer backup do candlestick Tweezer Top: table signal_backup_v2 has no column named elimination_reason
2025-07-23 02:07:38,192 - core.improved_signal_quality_system - ERROR - Erro ao fazer backup do candlestick Tweezer Top: table signal_backup_v2 has no column named elimination_reason
2025-07-23 02:07:38,192 - core.improved_signal_quality_system - ERROR - Erro ao fazer backup do candlestick Tweezer Top: table signal_backup_v2 has no column named elimination_reason
2025-07-23 02:07:38,193 - core.improved_signal_quality_system - ERROR - Erro ao fazer backup do candlestick Tweezer Top: table signal_backup_v2 has no column named elimination_reason
2025-07-23 02:07:38,193 - core.improved_signal_quality_system - ERROR - Erro ao fazer backup do candlestick Tweezer Top: table signal_backup_v2 has no column named elimination_reason
2025-07-23 02:07:38,193 - core.improved_signal_quality_system - ERROR - Erro ao fazer backup do candlestick Tweezer Top: table signal_backup_v2 has no column named elimination_reason
2025-07-23 02:07:38,194 - core.improved_signal_quality_system - ERROR - Erro ao fazer backup do candlestick Tweezer Bottom: table signal_backup_v2 has no column named elimination_reason
2025-07-23 02:07:38,194 - core.improved_signal_quality_system - ERROR - Erro ao fazer backup do candlestick Tweezer Top: table signal_backup_v2 has no column named elimination_reason
2025-07-23 02:07:38,194 - core.improved_signal_quality_system - ERROR - Erro ao fazer backup do candlestick Tweezer Bottom: table signal_backup_v2 has no column named elimination_reason
2025-07-23 02:07:38,195 - core.improved_signal_quality_system - ERROR - Erro ao fazer backup do candlestick Tweezer Top: table signal_backup_v2 has no column named elimination_reason
2025-07-23 02:07:38,195 - core.improved_signal_quality_system - ERROR - Erro ao fazer backup do candlestick Tweezer Top: table signal_backup_v2 has no column named elimination_reason
2025-07-23 02:07:38,195 - core.improved_signal_quality_system - ERROR - Erro ao fazer backup do candlestick Tweezer Top: table signal_backup_v2 has no column named elimination_reason
2025-07-23 02:07:38,195 - core.improved_signal_quality_system - ERROR - Erro ao fazer backup do candlestick Tweezer Top: table signal_backup_v2 has no column named elimination_reason
2025-07-23 02:07:38,196 - core.improved_signal_quality_system - ERROR - Erro ao fazer backup do candlestick Tweezer Top: table signal_backup_v2 has no column named elimination_reason
2025-07-23 02:07:38,196 - core.improved_signal_quality_system - ERROR - Erro ao fazer backup do candlestick Tweezer Top: table signal_backup_v2 has no column named elimination_reason
2025-07-23 02:07:38,196 - core.improved_signal_quality_system - ERROR - Erro ao fazer backup do candlestick Tweezer Top: table signal_backup_v2 has no column named elimination_reason
2025-07-23 02:07:38,197 - core.improved_signal_quality_system - ERROR - Erro ao fazer backup do candlestick Tweezer Top: table signal_backup_v2 has no column named elimination_reason
2025-07-23 02:07:38,197 - core.improved_signal_quality_system - ERROR - Erro ao fazer backup do candlestick Tweezer Top: table signal_backup_v2 has no column named elimination_reason
2025-07-23 02:07:38,197 - core.improved_signal_quality_system - ERROR - Erro ao fazer backup do candlestick Tweezer Top: table signal_backup_v2 has no column named elimination_reason
2025-07-23 02:07:38,197 - core.improved_signal_quality_system - ERROR - Erro ao fazer backup do candlestick Tweezer Bottom: table signal_backup_v2 has no column named elimination_reason
2025-07-23 02:07:38,198 - core.improved_signal_quality_system - ERROR - Erro ao fazer backup do candlestick Tweezer Top: table signal_backup_v2 has no column named elimination_reason
2025-07-23 02:07:38,198 - core.improved_signal_quality_system - ERROR - Erro ao fazer backup do candlestick Tweezer Top: table signal_backup_v2 has no column named elimination_reason
2025-07-23 02:07:38,198 - core.improved_signal_quality_system - ERROR - Erro ao fazer backup do candlestick Tweezer Bottom: table signal_backup_v2 has no column named elimination_reason
2025-07-23 02:07:38,198 - core.improved_signal_quality_system - ERROR - Erro ao fazer backup do candlestick Tweezer Bottom: table signal_backup_v2 has no column named elimination_reason
2025-07-23 02:07:38,199 - core.improved_signal_quality_system - ERROR - Erro ao fazer backup do candlestick Tweezer Top: table signal_backup_v2 has no column named elimination_reason
2025-07-23 02:07:38,199 - core.improved_signal_quality_system - ERROR - Erro ao fazer backup do candlestick Stick Sandwich: table signal_backup_v2 has no column named elimination_reason
2025-07-23 02:07:38,199 - core.improved_signal_quality_system - ERROR - Erro ao fazer backup do candlestick Stick Sandwich: table signal_backup_v2 has no column named elimination_reason
2025-07-23 02:07:38,200 - core.improved_signal_quality_system - ERROR - Erro ao fazer backup do candlestick Stick Sandwich: table signal_backup_v2 has no column named elimination_reason
2025-07-23 02:07:38,200 - core.improved_signal_quality_system - ERROR - Erro ao fazer backup do candlestick Inverted Hammer: table signal_backup_v2 has no column named elimination_reason
2025-07-23 02:07:38,200 - core.improved_signal_quality_system - ERROR - Erro ao fazer backup do candlestick Advance Block: table signal_backup_v2 has no column named elimination_reason
2025-07-23 02:07:38,200 - core.improved_signal_quality_system - ERROR - Erro ao fazer backup do candlestick Advance Block: table signal_backup_v2 has no column named elimination_reason
2025-07-23 02:07:38,201 - core.improved_signal_quality_system - ERROR - Erro ao fazer backup do candlestick Advance Block: table signal_backup_v2 has no column named elimination_reason
2025-07-23 02:07:38,201 - core.analyzer - INFO - 🎯 Filtro rigoroso BNB: 0 → 0 sinais (eliminados: 0)
2025-07-23 02:07:38,201 - core.analyzer - INFO - ✓ BNB (1/8): 0 sinais em 0.7s
2025-07-23 02:07:38,303 - core.analyzer - INFO - Análise iniciada para: BTC
2025-07-23 02:07:38,317 - core.analyzer - ERROR - Erro na análise de BTC em 5m: 'NoneType' object has no attribute 'get'
2025-07-23 02:07:38,340 - indicators.patterns - INFO - Padrões para BTC: 0 selecionados
2025-07-23 02:07:39,083 - core.improved_signal_quality_system - ERROR - Erro ao fazer backup do candlestick Bullish Engulfing: table signal_backup_v2 has no column named elimination_reason
2025-07-23 02:07:39,083 - core.improved_signal_quality_system - ERROR - Erro ao fazer backup do candlestick Three Outside Up: table signal_backup_v2 has no column named elimination_reason
2025-07-23 02:07:39,084 - core.improved_signal_quality_system - ERROR - Erro ao fazer backup do candlestick Hammer: table signal_backup_v2 has no column named elimination_reason
2025-07-23 02:07:39,084 - core.improved_signal_quality_system - ERROR - Erro ao fazer backup do candlestick Shooting Star: table signal_backup_v2 has no column named elimination_reason
2025-07-23 02:07:39,085 - core.improved_signal_quality_system - ERROR - Erro ao fazer backup do candlestick White Marubozu: table signal_backup_v2 has no column named elimination_reason
2025-07-23 02:07:39,085 - core.improved_signal_quality_system - ERROR - Erro ao fazer backup do candlestick Black Marubozu: table signal_backup_v2 has no column named elimination_reason
2025-07-23 02:07:39,086 - core.improved_signal_quality_system - ERROR - Erro ao fazer backup do candlestick Tweezer Top: table signal_backup_v2 has no column named elimination_reason
2025-07-23 02:07:39,086 - core.improved_signal_quality_system - ERROR - Erro ao fazer backup do candlestick Tweezer Top: table signal_backup_v2 has no column named elimination_reason
2025-07-23 02:07:39,087 - core.improved_signal_quality_system - ERROR - Erro ao fazer backup do candlestick Tweezer Top: table signal_backup_v2 has no column named elimination_reason
2025-07-23 02:07:39,088 - core.improved_signal_quality_system - ERROR - Erro ao fazer backup do candlestick Tweezer Top: table signal_backup_v2 has no column named elimination_reason
2025-07-23 02:07:39,088 - core.improved_signal_quality_system - ERROR - Erro ao fazer backup do candlestick Tweezer Top: table signal_backup_v2 has no column named elimination_reason
2025-07-23 02:07:39,089 - core.improved_signal_quality_system - ERROR - Erro ao fazer backup do candlestick Tweezer Top: table signal_backup_v2 has no column named elimination_reason
2025-07-23 02:07:39,089 - core.improved_signal_quality_system - ERROR - Erro ao fazer backup do candlestick Tweezer Top: table signal_backup_v2 has no column named elimination_reason
2025-07-23 02:07:39,090 - core.improved_signal_quality_system - ERROR - Erro ao fazer backup do candlestick Tweezer Top: table signal_backup_v2 has no column named elimination_reason
2025-07-23 02:07:39,091 - core.improved_signal_quality_system - ERROR - Erro ao fazer backup do candlestick Tweezer Bottom: table signal_backup_v2 has no column named elimination_reason
2025-07-23 02:07:39,092 - core.improved_signal_quality_system - ERROR - Erro ao fazer backup do candlestick Tweezer Bottom: table signal_backup_v2 has no column named elimination_reason
2025-07-23 02:07:39,092 - core.improved_signal_quality_system - ERROR - Erro ao fazer backup do candlestick Tweezer Top: table signal_backup_v2 has no column named elimination_reason
2025-07-23 02:07:39,092 - core.improved_signal_quality_system - ERROR - Erro ao fazer backup do candlestick Tweezer Top: table signal_backup_v2 has no column named elimination_reason
2025-07-23 02:07:39,093 - core.improved_signal_quality_system - ERROR - Erro ao fazer backup do candlestick Tweezer Top: table signal_backup_v2 has no column named elimination_reason
2025-07-23 02:07:39,093 - core.improved_signal_quality_system - ERROR - Erro ao fazer backup do candlestick Tweezer Top: table signal_backup_v2 has no column named elimination_reason
2025-07-23 02:07:39,093 - core.improved_signal_quality_system - ERROR - Erro ao fazer backup do candlestick Tweezer Top: table signal_backup_v2 has no column named elimination_reason
2025-07-23 02:07:39,094 - core.improved_signal_quality_system - ERROR - Erro ao fazer backup do candlestick Tweezer Top: table signal_backup_v2 has no column named elimination_reason
2025-07-23 02:07:39,094 - core.improved_signal_quality_system - ERROR - Erro ao fazer backup do candlestick Tweezer Top: table signal_backup_v2 has no column named elimination_reason
2025-07-23 02:07:39,094 - core.improved_signal_quality_system - ERROR - Erro ao fazer backup do candlestick Tweezer Bottom: table signal_backup_v2 has no column named elimination_reason
2025-07-23 02:07:39,095 - core.improved_signal_quality_system - ERROR - Erro ao fazer backup do candlestick Tweezer Bottom: table signal_backup_v2 has no column named elimination_reason
2025-07-23 02:07:39,095 - core.improved_signal_quality_system - ERROR - Erro ao fazer backup do candlestick Tweezer Bottom: table signal_backup_v2 has no column named elimination_reason
2025-07-23 02:07:39,095 - core.improved_signal_quality_system - ERROR - Erro ao fazer backup do candlestick Tweezer Bottom: table signal_backup_v2 has no column named elimination_reason
2025-07-23 02:07:39,096 - core.improved_signal_quality_system - ERROR - Erro ao fazer backup do candlestick Tweezer Top: table signal_backup_v2 has no column named elimination_reason
2025-07-23 02:07:39,096 - core.improved_signal_quality_system - ERROR - Erro ao fazer backup do candlestick Tweezer Top: table signal_backup_v2 has no column named elimination_reason
2025-07-23 02:07:39,096 - core.improved_signal_quality_system - ERROR - Erro ao fazer backup do candlestick Tweezer Top: table signal_backup_v2 has no column named elimination_reason
2025-07-23 02:07:39,097 - core.improved_signal_quality_system - ERROR - Erro ao fazer backup do candlestick Tweezer Top: table signal_backup_v2 has no column named elimination_reason
2025-07-23 02:07:39,097 - core.improved_signal_quality_system - ERROR - Erro ao fazer backup do candlestick Tweezer Bottom: table signal_backup_v2 has no column named elimination_reason
2025-07-23 02:07:39,097 - core.improved_signal_quality_system - ERROR - Erro ao fazer backup do candlestick Tweezer Bottom: table signal_backup_v2 has no column named elimination_reason
2025-07-23 02:07:39,097 - core.improved_signal_quality_system - ERROR - Erro ao fazer backup do candlestick Tweezer Bottom: table signal_backup_v2 has no column named elimination_reason
2025-07-23 02:07:39,098 - core.improved_signal_quality_system - ERROR - Erro ao fazer backup do candlestick Tweezer Bottom: table signal_backup_v2 has no column named elimination_reason
2025-07-23 02:07:39,098 - core.improved_signal_quality_system - ERROR - Erro ao fazer backup do candlestick Tweezer Bottom: table signal_backup_v2 has no column named elimination_reason
2025-07-23 02:07:39,098 - core.improved_signal_quality_system - ERROR - Erro ao fazer backup do candlestick Tweezer Bottom: table signal_backup_v2 has no column named elimination_reason
2025-07-23 02:07:39,098 - core.improved_signal_quality_system - ERROR - Erro ao fazer backup do candlestick Tweezer Bottom: table signal_backup_v2 has no column named elimination_reason
2025-07-23 02:07:39,099 - core.improved_signal_quality_system - ERROR - Erro ao fazer backup do candlestick Tweezer Bottom: table signal_backup_v2 has no column named elimination_reason
2025-07-23 02:07:39,099 - core.improved_signal_quality_system - ERROR - Erro ao fazer backup do candlestick Tweezer Bottom: table signal_backup_v2 has no column named elimination_reason
2025-07-23 02:07:39,099 - core.improved_signal_quality_system - ERROR - Erro ao fazer backup do candlestick Tweezer Bottom: table signal_backup_v2 has no column named elimination_reason
2025-07-23 02:07:39,100 - core.improved_signal_quality_system - ERROR - Erro ao fazer backup do candlestick Tweezer Bottom: table signal_backup_v2 has no column named elimination_reason
2025-07-23 02:07:39,100 - core.improved_signal_quality_system - ERROR - Erro ao fazer backup do candlestick Tweezer Bottom: table signal_backup_v2 has no column named elimination_reason
2025-07-23 02:07:39,100 - core.improved_signal_quality_system - ERROR - Erro ao fazer backup do candlestick Stick Sandwich: table signal_backup_v2 has no column named elimination_reason
2025-07-23 02:07:39,101 - core.improved_signal_quality_system - ERROR - Erro ao fazer backup do candlestick Stick Sandwich: table signal_backup_v2 has no column named elimination_reason
2025-07-23 02:07:39,101 - core.improved_signal_quality_system - ERROR - Erro ao fazer backup do candlestick Inverted Hammer: table signal_backup_v2 has no column named elimination_reason
2025-07-23 02:07:39,102 - core.analyzer - INFO - 🎯 Filtro rigoroso BTC: 0 → 0 sinais (eliminados: 0)
2025-07-23 02:07:39,102 - core.analyzer - INFO - ✓ BTC (2/8): 0 sinais em 0.8s
2025-07-23 02:07:39,204 - core.analyzer - INFO - Análise iniciada para: ENA
2025-07-23 02:07:39,218 - core.analyzer - ERROR - Erro na análise de ENA em 5m: 'NoneType' object has no attribute 'get'
2025-07-23 02:07:39,235 - indicators.patterns - INFO - Padrões para ENA: 0 selecionados
2025-07-23 02:07:39,882 - core.improved_signal_quality_system - ERROR - Erro ao fazer backup do candlestick Bullish Engulfing: table signal_backup_v2 has no column named elimination_reason
2025-07-23 02:07:39,882 - core.improved_signal_quality_system - ERROR - Erro ao fazer backup do candlestick Bullish Engulfing: table signal_backup_v2 has no column named elimination_reason
2025-07-23 02:07:39,882 - core.improved_signal_quality_system - ERROR - Erro ao fazer backup do candlestick Bearish Engulfing: table signal_backup_v2 has no column named elimination_reason
2025-07-23 02:07:39,883 - core.improved_signal_quality_system - ERROR - Erro ao fazer backup do candlestick Bearish Engulfing: table signal_backup_v2 has no column named elimination_reason
2025-07-23 02:07:39,883 - core.improved_signal_quality_system - ERROR - Erro ao fazer backup do candlestick Bullish Engulfing: table signal_backup_v2 has no column named elimination_reason
2025-07-23 02:07:39,883 - core.improved_signal_quality_system - ERROR - Erro ao fazer backup do candlestick Bearish Engulfing: table signal_backup_v2 has no column named elimination_reason
2025-07-23 02:07:39,884 - core.improved_signal_quality_system - ERROR - Erro ao fazer backup do candlestick Bearish Engulfing: table signal_backup_v2 has no column named elimination_reason
2025-07-23 02:07:39,884 - core.improved_signal_quality_system - ERROR - Erro ao fazer backup do candlestick Bearish Engulfing: table signal_backup_v2 has no column named elimination_reason
2025-07-23 02:07:39,885 - core.improved_signal_quality_system - ERROR - Erro ao fazer backup do candlestick Three Outside Up: table signal_backup_v2 has no column named elimination_reason
2025-07-23 02:07:39,886 - core.improved_signal_quality_system - ERROR - Erro ao fazer backup do candlestick Three Outside Down: table signal_backup_v2 has no column named elimination_reason
2025-07-23 02:07:39,886 - core.improved_signal_quality_system - ERROR - Erro ao fazer backup do candlestick Three Outside Down: table signal_backup_v2 has no column named elimination_reason
2025-07-23 02:07:39,887 - core.improved_signal_quality_system - ERROR - Erro ao fazer backup do candlestick Three Outside Down: table signal_backup_v2 has no column named elimination_reason
2025-07-23 02:07:39,887 - core.improved_signal_quality_system - ERROR - Erro ao fazer backup do candlestick Dragonfly Doji: table signal_backup_v2 has no column named elimination_reason
2025-07-23 02:07:39,887 - core.improved_signal_quality_system - ERROR - Erro ao fazer backup do candlestick Gravestone Doji: table signal_backup_v2 has no column named elimination_reason
2025-07-23 02:07:39,888 - core.improved_signal_quality_system - ERROR - Erro ao fazer backup do candlestick Hammer: table signal_backup_v2 has no column named elimination_reason
2025-07-23 02:07:39,888 - core.improved_signal_quality_system - ERROR - Erro ao fazer backup do candlestick Hammer: table signal_backup_v2 has no column named elimination_reason
2025-07-23 02:07:39,888 - core.improved_signal_quality_system - ERROR - Erro ao fazer backup do candlestick Hammer: table signal_backup_v2 has no column named elimination_reason
2025-07-23 02:07:39,888 - core.improved_signal_quality_system - ERROR - Erro ao fazer backup do candlestick Hanging Man: table signal_backup_v2 has no column named elimination_reason
2025-07-23 02:07:39,889 - core.improved_signal_quality_system - ERROR - Erro ao fazer backup do candlestick Hanging Man: table signal_backup_v2 has no column named elimination_reason
2025-07-23 02:07:39,889 - core.improved_signal_quality_system - ERROR - Erro ao fazer backup do candlestick Hanging Man: table signal_backup_v2 has no column named elimination_reason
2025-07-23 02:07:39,890 - core.improved_signal_quality_system - ERROR - Erro ao fazer backup do candlestick White Marubozu: table signal_backup_v2 has no column named elimination_reason
2025-07-23 02:07:39,891 - core.improved_signal_quality_system - ERROR - Erro ao fazer backup do candlestick White Marubozu: table signal_backup_v2 has no column named elimination_reason
2025-07-23 02:07:39,891 - core.improved_signal_quality_system - ERROR - Erro ao fazer backup do candlestick Black Marubozu: table signal_backup_v2 has no column named elimination_reason
2025-07-23 02:07:39,892 - core.improved_signal_quality_system - ERROR - Erro ao fazer backup do candlestick Tweezer Top: table signal_backup_v2 has no column named elimination_reason
2025-07-23 02:07:39,892 - core.improved_signal_quality_system - ERROR - Erro ao fazer backup do candlestick Tweezer Top: table signal_backup_v2 has no column named elimination_reason
2025-07-23 02:07:39,892 - core.improved_signal_quality_system - ERROR - Erro ao fazer backup do candlestick Tweezer Bottom: table signal_backup_v2 has no column named elimination_reason
2025-07-23 02:07:39,892 - core.improved_signal_quality_system - ERROR - Erro ao fazer backup do candlestick Tweezer Bottom: table signal_backup_v2 has no column named elimination_reason
2025-07-23 02:07:39,893 - core.improved_signal_quality_system - ERROR - Erro ao fazer backup do candlestick Tweezer Bottom: table signal_backup_v2 has no column named elimination_reason
2025-07-23 02:07:39,893 - core.improved_signal_quality_system - ERROR - Erro ao fazer backup do candlestick Tweezer Bottom: table signal_backup_v2 has no column named elimination_reason
2025-07-23 02:07:39,893 - core.improved_signal_quality_system - ERROR - Erro ao fazer backup do candlestick Tweezer Bottom: table signal_backup_v2 has no column named elimination_reason
2025-07-23 02:07:39,894 - core.improved_signal_quality_system - ERROR - Erro ao fazer backup do candlestick Tweezer Bottom: table signal_backup_v2 has no column named elimination_reason
2025-07-23 02:07:39,894 - core.improved_signal_quality_system - ERROR - Erro ao fazer backup do candlestick Tweezer Top: table signal_backup_v2 has no column named elimination_reason
2025-07-23 02:07:39,894 - core.improved_signal_quality_system - ERROR - Erro ao fazer backup do candlestick Tweezer Bottom: table signal_backup_v2 has no column named elimination_reason
2025-07-23 02:07:39,894 - core.improved_signal_quality_system - ERROR - Erro ao fazer backup do candlestick Tweezer Bottom: table signal_backup_v2 has no column named elimination_reason
2025-07-23 02:07:39,895 - core.improved_signal_quality_system - ERROR - Erro ao fazer backup do candlestick Tweezer Top: table signal_backup_v2 has no column named elimination_reason
2025-07-23 02:07:39,895 - core.improved_signal_quality_system - ERROR - Erro ao fazer backup do candlestick Tweezer Top: table signal_backup_v2 has no column named elimination_reason
2025-07-23 02:07:39,895 - core.improved_signal_quality_system - ERROR - Erro ao fazer backup do candlestick Tweezer Bottom: table signal_backup_v2 has no column named elimination_reason
2025-07-23 02:07:39,896 - core.improved_signal_quality_system - ERROR - Erro ao fazer backup do candlestick Tweezer Bottom: table signal_backup_v2 has no column named elimination_reason
2025-07-23 02:07:39,896 - core.improved_signal_quality_system - ERROR - Erro ao fazer backup do candlestick Tweezer Bottom: table signal_backup_v2 has no column named elimination_reason
2025-07-23 02:07:39,896 - core.improved_signal_quality_system - ERROR - Erro ao fazer backup do candlestick Stick Sandwich: table signal_backup_v2 has no column named elimination_reason
2025-07-23 02:07:39,897 - core.improved_signal_quality_system - ERROR - Erro ao fazer backup do candlestick Stick Sandwich: table signal_backup_v2 has no column named elimination_reason
2025-07-23 02:07:39,897 - core.improved_signal_quality_system - ERROR - Erro ao fazer backup do candlestick Inverted Hammer: table signal_backup_v2 has no column named elimination_reason
2025-07-23 02:07:39,897 - core.improved_signal_quality_system - ERROR - Erro ao fazer backup do candlestick Advance Block: table signal_backup_v2 has no column named elimination_reason
2025-07-23 02:07:39,898 - core.analyzer - INFO - 🎯 Filtro rigoroso ENA: 0 → 0 sinais (eliminados: 0)
2025-07-23 02:07:39,898 - core.analyzer - INFO - ✓ ENA (3/8): 0 sinais em 0.7s
2025-07-23 02:07:39,999 - core.analyzer - INFO - Análise iniciada para: ETH
2025-07-23 02:07:40,012 - core.analyzer - ERROR - Erro na análise de ETH em 5m: 'NoneType' object has no attribute 'get'
2025-07-23 02:07:40,030 - indicators.patterns - INFO - Padrões para ETH: 0 selecionados
2025-07-23 02:07:40,711 - core.improved_signal_quality_system - ERROR - Erro ao fazer backup do candlestick Bullish Engulfing: table signal_backup_v2 has no column named elimination_reason
2025-07-23 02:07:40,711 - core.improved_signal_quality_system - ERROR - Erro ao fazer backup do candlestick Bearish Engulfing: table signal_backup_v2 has no column named elimination_reason
2025-07-23 02:07:40,711 - core.improved_signal_quality_system - ERROR - Erro ao fazer backup do candlestick Bullish Engulfing: table signal_backup_v2 has no column named elimination_reason
2025-07-23 02:07:40,712 - core.improved_signal_quality_system - ERROR - Erro ao fazer backup do candlestick Bearish Engulfing: table signal_backup_v2 has no column named elimination_reason
2025-07-23 02:07:40,712 - core.improved_signal_quality_system - ERROR - Erro ao fazer backup do candlestick Bullish Engulfing: table signal_backup_v2 has no column named elimination_reason
2025-07-23 02:07:40,712 - core.improved_signal_quality_system - ERROR - Erro ao fazer backup do candlestick Bullish Engulfing: table signal_backup_v2 has no column named elimination_reason
2025-07-23 02:07:40,713 - core.improved_signal_quality_system - ERROR - Erro ao fazer backup do candlestick Bearish Engulfing: table signal_backup_v2 has no column named elimination_reason
2025-07-23 02:07:40,713 - core.improved_signal_quality_system - ERROR - Erro ao fazer backup do candlestick Bearish Engulfing: table signal_backup_v2 has no column named elimination_reason
2025-07-23 02:07:40,714 - core.improved_signal_quality_system - ERROR - Erro ao fazer backup do candlestick Three Outside Up: table signal_backup_v2 has no column named elimination_reason
2025-07-23 02:07:40,714 - core.improved_signal_quality_system - ERROR - Erro ao fazer backup do candlestick Three Outside Down: table signal_backup_v2 has no column named elimination_reason
2025-07-23 02:07:40,715 - core.improved_signal_quality_system - ERROR - Erro ao fazer backup do candlestick Three Outside Up: table signal_backup_v2 has no column named elimination_reason
2025-07-23 02:07:40,715 - core.improved_signal_quality_system - ERROR - Erro ao fazer backup do candlestick Three Outside Down: table signal_backup_v2 has no column named elimination_reason
2025-07-23 02:07:40,716 - core.improved_signal_quality_system - ERROR - Erro ao fazer backup do candlestick Three Outside Up: table signal_backup_v2 has no column named elimination_reason
2025-07-23 02:07:40,716 - core.improved_signal_quality_system - ERROR - Erro ao fazer backup do candlestick Three Outside Down: table signal_backup_v2 has no column named elimination_reason
2025-07-23 02:07:40,716 - core.improved_signal_quality_system - ERROR - Erro ao fazer backup do candlestick Three Outside Down: table signal_backup_v2 has no column named elimination_reason
2025-07-23 02:07:40,717 - core.improved_signal_quality_system - ERROR - Erro ao fazer backup do candlestick Dragonfly Doji: table signal_backup_v2 has no column named elimination_reason
2025-07-23 02:07:40,717 - core.improved_signal_quality_system - ERROR - Erro ao fazer backup do candlestick Dragonfly Doji: table signal_backup_v2 has no column named elimination_reason
2025-07-23 02:07:40,717 - core.improved_signal_quality_system - ERROR - Erro ao fazer backup do candlestick Dragonfly Doji: table signal_backup_v2 has no column named elimination_reason
2025-07-23 02:07:40,718 - core.improved_signal_quality_system - ERROR - Erro ao fazer backup do candlestick Gravestone Doji: table signal_backup_v2 has no column named elimination_reason
2025-07-23 02:07:40,718 - core.improved_signal_quality_system - ERROR - Erro ao fazer backup do candlestick Shooting Star: table signal_backup_v2 has no column named elimination_reason
2025-07-23 02:07:40,718 - core.improved_signal_quality_system - ERROR - Erro ao fazer backup do candlestick Shooting Star: table signal_backup_v2 has no column named elimination_reason
2025-07-23 02:07:40,718 - core.improved_signal_quality_system - ERROR - Erro ao fazer backup do candlestick Hanging Man: table signal_backup_v2 has no column named elimination_reason
2025-07-23 02:07:40,719 - core.improved_signal_quality_system - ERROR - Erro ao fazer backup do candlestick Hanging Man: table signal_backup_v2 has no column named elimination_reason
2025-07-23 02:07:40,719 - core.improved_signal_quality_system - ERROR - Erro ao fazer backup do candlestick Hanging Man: table signal_backup_v2 has no column named elimination_reason
2025-07-23 02:07:40,719 - core.improved_signal_quality_system - ERROR - Erro ao fazer backup do candlestick Tweezer Top: table signal_backup_v2 has no column named elimination_reason
2025-07-23 02:07:40,720 - core.improved_signal_quality_system - ERROR - Erro ao fazer backup do candlestick Tweezer Top: table signal_backup_v2 has no column named elimination_reason
2025-07-23 02:07:40,720 - core.improved_signal_quality_system - ERROR - Erro ao fazer backup do candlestick Tweezer Top: table signal_backup_v2 has no column named elimination_reason
2025-07-23 02:07:40,720 - core.improved_signal_quality_system - ERROR - Erro ao fazer backup do candlestick Tweezer Top: table signal_backup_v2 has no column named elimination_reason
2025-07-23 02:07:40,720 - core.improved_signal_quality_system - ERROR - Erro ao fazer backup do candlestick Tweezer Top: table signal_backup_v2 has no column named elimination_reason
2025-07-23 02:07:40,721 - core.improved_signal_quality_system - ERROR - Erro ao fazer backup do candlestick Tweezer Top: table signal_backup_v2 has no column named elimination_reason
2025-07-23 02:07:40,721 - core.improved_signal_quality_system - ERROR - Erro ao fazer backup do candlestick Tweezer Bottom: table signal_backup_v2 has no column named elimination_reason
2025-07-23 02:07:40,721 - core.improved_signal_quality_system - ERROR - Erro ao fazer backup do candlestick Tweezer Top: table signal_backup_v2 has no column named elimination_reason
2025-07-23 02:07:40,722 - core.improved_signal_quality_system - ERROR - Erro ao fazer backup do candlestick Tweezer Bottom: table signal_backup_v2 has no column named elimination_reason
2025-07-23 02:07:40,722 - core.improved_signal_quality_system - ERROR - Erro ao fazer backup do candlestick Tweezer Top: table signal_backup_v2 has no column named elimination_reason
2025-07-23 02:07:40,722 - core.improved_signal_quality_system - ERROR - Erro ao fazer backup do candlestick Tweezer Top: table signal_backup_v2 has no column named elimination_reason
2025-07-23 02:07:40,723 - core.improved_signal_quality_system - ERROR - Erro ao fazer backup do candlestick Tweezer Top: table signal_backup_v2 has no column named elimination_reason
2025-07-23 02:07:40,724 - core.improved_signal_quality_system - ERROR - Erro ao fazer backup do candlestick Tweezer Top: table signal_backup_v2 has no column named elimination_reason
2025-07-23 02:07:40,724 - core.improved_signal_quality_system - ERROR - Erro ao fazer backup do candlestick Tweezer Top: table signal_backup_v2 has no column named elimination_reason
2025-07-23 02:07:40,724 - core.improved_signal_quality_system - ERROR - Erro ao fazer backup do candlestick Tweezer Bottom: table signal_backup_v2 has no column named elimination_reason
2025-07-23 02:07:40,725 - core.improved_signal_quality_system - ERROR - Erro ao fazer backup do candlestick Tweezer Bottom: table signal_backup_v2 has no column named elimination_reason
2025-07-23 02:07:40,725 - core.improved_signal_quality_system - ERROR - Erro ao fazer backup do candlestick Tweezer Top: table signal_backup_v2 has no column named elimination_reason
2025-07-23 02:07:40,725 - core.improved_signal_quality_system - ERROR - Erro ao fazer backup do candlestick Tweezer Top: table signal_backup_v2 has no column named elimination_reason
2025-07-23 02:07:40,726 - core.improved_signal_quality_system - ERROR - Erro ao fazer backup do candlestick Tweezer Top: table signal_backup_v2 has no column named elimination_reason
2025-07-23 02:07:40,726 - core.improved_signal_quality_system - ERROR - Erro ao fazer backup do candlestick Stick Sandwich: table signal_backup_v2 has no column named elimination_reason
2025-07-23 02:07:40,726 - core.improved_signal_quality_system - ERROR - Erro ao fazer backup do candlestick Inverted Hammer: table signal_backup_v2 has no column named elimination_reason
2025-07-23 02:07:40,727 - core.improved_signal_quality_system - ERROR - Erro ao fazer backup do candlestick Inverted Hammer: table signal_backup_v2 has no column named elimination_reason
2025-07-23 02:07:40,727 - core.improved_signal_quality_system - ERROR - Erro ao fazer backup do candlestick Advance Block: table signal_backup_v2 has no column named elimination_reason
2025-07-23 02:07:40,727 - core.improved_signal_quality_system - ERROR - Erro ao fazer backup do candlestick Advance Block: table signal_backup_v2 has no column named elimination_reason
2025-07-23 02:07:40,728 - core.analyzer - INFO - 🎯 Filtro rigoroso ETH: 0 → 0 sinais (eliminados: 0)
2025-07-23 02:07:40,728 - core.analyzer - INFO - ✓ ETH (4/8): 0 sinais em 0.7s
2025-07-23 02:07:40,830 - core.analyzer - INFO - Análise iniciada para: NEAR
2025-07-23 02:07:40,842 - core.technical_stop_loss - INFO - 🔧 Stop Loss Inteligente usando configurações avançadas
2025-07-23 02:07:40,845 - core.technical_targets - INFO - 🎯 Targets Inteligentes usando configurações avançadas
2025-07-23 02:07:40,851 - core.analyzer - ERROR - Erro na análise de NEAR em 5m: 'NoneType' object has no attribute 'get'
2025-07-23 02:07:40,855 - core.technical_stop_loss - INFO - 🔧 Stop Loss Inteligente usando configurações avançadas
2025-07-23 02:07:40,859 - core.technical_targets - INFO - 🎯 Targets Inteligentes usando configurações avançadas
2025-07-23 02:07:40,876 - indicators.patterns - INFO - Padrões para NEAR: 0 selecionados
2025-07-23 02:07:41,533 - core.improved_signal_quality_system - ERROR - Erro ao fazer backup do candlestick Bearish Engulfing: table signal_backup_v2 has no column named elimination_reason
2025-07-23 02:07:41,534 - core.improved_signal_quality_system - ERROR - Erro ao fazer backup do candlestick Bullish Engulfing: table signal_backup_v2 has no column named elimination_reason
2025-07-23 02:07:41,534 - core.improved_signal_quality_system - ERROR - Erro ao fazer backup do candlestick Bearish Engulfing: table signal_backup_v2 has no column named elimination_reason
2025-07-23 02:07:41,535 - core.improved_signal_quality_system - ERROR - Erro ao fazer backup do candlestick Bullish Engulfing: table signal_backup_v2 has no column named elimination_reason
2025-07-23 02:07:41,535 - core.improved_signal_quality_system - ERROR - Erro ao fazer backup do candlestick Three Outside Down: table signal_backup_v2 has no column named elimination_reason
2025-07-23 02:07:41,536 - core.improved_signal_quality_system - ERROR - Erro ao fazer backup do candlestick Three Outside Up: table signal_backup_v2 has no column named elimination_reason
2025-07-23 02:07:41,537 - core.improved_signal_quality_system - ERROR - Erro ao fazer backup do candlestick Three Outside Down: table signal_backup_v2 has no column named elimination_reason
2025-07-23 02:07:41,538 - core.improved_signal_quality_system - ERROR - Erro ao fazer backup do candlestick Gravestone Doji: table signal_backup_v2 has no column named elimination_reason
2025-07-23 02:07:41,539 - core.improved_signal_quality_system - ERROR - Erro ao fazer backup do candlestick Hammer: table signal_backup_v2 has no column named elimination_reason
2025-07-23 02:07:41,539 - core.improved_signal_quality_system - ERROR - Erro ao fazer backup do candlestick Shooting Star: table signal_backup_v2 has no column named elimination_reason
2025-07-23 02:07:41,540 - core.improved_signal_quality_system - ERROR - Erro ao fazer backup do candlestick Hanging Man: table signal_backup_v2 has no column named elimination_reason
2025-07-23 02:07:41,540 - core.improved_signal_quality_system - ERROR - Erro ao fazer backup do candlestick Hanging Man: table signal_backup_v2 has no column named elimination_reason
2025-07-23 02:07:41,541 - core.improved_signal_quality_system - ERROR - Erro ao fazer backup do candlestick White Marubozu: table signal_backup_v2 has no column named elimination_reason
2025-07-23 02:07:41,542 - core.improved_signal_quality_system - ERROR - Erro ao fazer backup do candlestick Tweezer Top: table signal_backup_v2 has no column named elimination_reason
2025-07-23 02:07:41,542 - core.improved_signal_quality_system - ERROR - Erro ao fazer backup do candlestick Tweezer Top: table signal_backup_v2 has no column named elimination_reason
2025-07-23 02:07:41,543 - core.improved_signal_quality_system - ERROR - Erro ao fazer backup do candlestick Tweezer Top: table signal_backup_v2 has no column named elimination_reason
2025-07-23 02:07:41,543 - core.improved_signal_quality_system - ERROR - Erro ao fazer backup do candlestick Tweezer Top: table signal_backup_v2 has no column named elimination_reason
2025-07-23 02:07:41,543 - core.improved_signal_quality_system - ERROR - Erro ao fazer backup do candlestick Tweezer Bottom: table signal_backup_v2 has no column named elimination_reason
2025-07-23 02:07:41,544 - core.improved_signal_quality_system - ERROR - Erro ao fazer backup do candlestick Tweezer Bottom: table signal_backup_v2 has no column named elimination_reason
2025-07-23 02:07:41,544 - core.improved_signal_quality_system - ERROR - Erro ao fazer backup do candlestick Tweezer Top: table signal_backup_v2 has no column named elimination_reason
2025-07-23 02:07:41,544 - core.improved_signal_quality_system - ERROR - Erro ao fazer backup do candlestick Tweezer Bottom: table signal_backup_v2 has no column named elimination_reason
2025-07-23 02:07:41,544 - core.improved_signal_quality_system - ERROR - Erro ao fazer backup do candlestick Tweezer Top: table signal_backup_v2 has no column named elimination_reason
2025-07-23 02:07:41,545 - core.improved_signal_quality_system - ERROR - Erro ao fazer backup do candlestick Tweezer Top: table signal_backup_v2 has no column named elimination_reason
2025-07-23 02:07:41,545 - core.improved_signal_quality_system - ERROR - Erro ao fazer backup do candlestick Tweezer Top: table signal_backup_v2 has no column named elimination_reason
2025-07-23 02:07:41,545 - core.improved_signal_quality_system - ERROR - Erro ao fazer backup do candlestick Tweezer Top: table signal_backup_v2 has no column named elimination_reason
2025-07-23 02:07:41,546 - core.improved_signal_quality_system - ERROR - Erro ao fazer backup do candlestick Tweezer Bottom: table signal_backup_v2 has no column named elimination_reason
2025-07-23 02:07:41,546 - core.improved_signal_quality_system - ERROR - Erro ao fazer backup do candlestick Tweezer Top: table signal_backup_v2 has no column named elimination_reason
2025-07-23 02:07:41,546 - core.improved_signal_quality_system - ERROR - Erro ao fazer backup do candlestick Tweezer Top: table signal_backup_v2 has no column named elimination_reason
2025-07-23 02:07:41,547 - core.improved_signal_quality_system - INFO - 💾 Salvando 1 sinais no backup para NEAR
2025-07-23 02:07:41,563 - core.improved_signal_quality_system - ERROR - Erro ao fazer backup do sinal 0: table signal_backup_v2 has no column named elimination_reason
2025-07-23 02:07:41,565 - core.analyzer - ERROR - ❌ Erro crítico em NEAR: 'RigorousQualityFilter' object has no attribute '_apply_timeframe_priority_rules'
2025-07-23 02:07:41,579 - core.analyzer - INFO - Análise iniciada para: SOL
2025-07-23 02:07:41,594 - core.technical_stop_loss - INFO - 🔧 Stop Loss Inteligente usando configurações avançadas
2025-07-23 02:07:41,598 - core.technical_targets - INFO - 🎯 Targets Inteligentes usando configurações avançadas
2025-07-23 02:07:41,602 - core.analyzer - ERROR - Erro na análise de SOL em 5m: 'NoneType' object has no attribute 'get'
2025-07-23 02:07:41,620 - indicators.patterns - INFO - Padrões para SOL: 0 selecionados
2025-07-23 02:07:42,340 - core.improved_signal_quality_system - ERROR - Erro ao fazer backup do candlestick Bullish Engulfing: table signal_backup_v2 has no column named elimination_reason
2025-07-23 02:07:42,341 - core.improved_signal_quality_system - ERROR - Erro ao fazer backup do candlestick Bullish Engulfing: table signal_backup_v2 has no column named elimination_reason
2025-07-23 02:07:42,341 - core.improved_signal_quality_system - ERROR - Erro ao fazer backup do candlestick Bullish Engulfing: table signal_backup_v2 has no column named elimination_reason
2025-07-23 02:07:42,341 - core.improved_signal_quality_system - ERROR - Erro ao fazer backup do candlestick Bullish Engulfing: table signal_backup_v2 has no column named elimination_reason
2025-07-23 02:07:42,342 - core.improved_signal_quality_system - ERROR - Erro ao fazer backup do candlestick Bearish Engulfing: table signal_backup_v2 has no column named elimination_reason
2025-07-23 02:07:42,342 - core.improved_signal_quality_system - ERROR - Erro ao fazer backup do candlestick Bullish Engulfing: table signal_backup_v2 has no column named elimination_reason
2025-07-23 02:07:42,342 - core.improved_signal_quality_system - ERROR - Erro ao fazer backup do candlestick Bullish Engulfing: table signal_backup_v2 has no column named elimination_reason
2025-07-23 02:07:42,343 - core.improved_signal_quality_system - ERROR - Erro ao fazer backup do candlestick Three Outside Up: table signal_backup_v2 has no column named elimination_reason
2025-07-23 02:07:42,344 - core.improved_signal_quality_system - ERROR - Erro ao fazer backup do candlestick Three Outside Up: table signal_backup_v2 has no column named elimination_reason
2025-07-23 02:07:42,344 - core.improved_signal_quality_system - ERROR - Erro ao fazer backup do candlestick Three Outside Down: table signal_backup_v2 has no column named elimination_reason
2025-07-23 02:07:42,345 - core.improved_signal_quality_system - ERROR - Erro ao fazer backup do candlestick Three Outside Up: table signal_backup_v2 has no column named elimination_reason
2025-07-23 02:07:42,345 - core.improved_signal_quality_system - ERROR - Erro ao fazer backup do candlestick Hammer: table signal_backup_v2 has no column named elimination_reason
2025-07-23 02:07:42,346 - core.improved_signal_quality_system - ERROR - Erro ao fazer backup do candlestick Hammer: table signal_backup_v2 has no column named elimination_reason
2025-07-23 02:07:42,346 - core.improved_signal_quality_system - ERROR - Erro ao fazer backup do candlestick Hanging Man: table signal_backup_v2 has no column named elimination_reason
2025-07-23 02:07:42,346 - core.improved_signal_quality_system - ERROR - Erro ao fazer backup do candlestick White Marubozu: table signal_backup_v2 has no column named elimination_reason
2025-07-23 02:07:42,346 - core.improved_signal_quality_system - ERROR - Erro ao fazer backup do candlestick Black Marubozu: table signal_backup_v2 has no column named elimination_reason
2025-07-23 02:07:42,347 - core.improved_signal_quality_system - ERROR - Erro ao fazer backup do candlestick Tweezer Top: table signal_backup_v2 has no column named elimination_reason
2025-07-23 02:07:42,347 - core.improved_signal_quality_system - ERROR - Erro ao fazer backup do candlestick Tweezer Top: table signal_backup_v2 has no column named elimination_reason
2025-07-23 02:07:42,347 - core.improved_signal_quality_system - ERROR - Erro ao fazer backup do candlestick Tweezer Top: table signal_backup_v2 has no column named elimination_reason
2025-07-23 02:07:42,347 - core.improved_signal_quality_system - ERROR - Erro ao fazer backup do candlestick Tweezer Top: table signal_backup_v2 has no column named elimination_reason
2025-07-23 02:07:42,348 - core.improved_signal_quality_system - ERROR - Erro ao fazer backup do candlestick Tweezer Top: table signal_backup_v2 has no column named elimination_reason
2025-07-23 02:07:42,348 - core.improved_signal_quality_system - ERROR - Erro ao fazer backup do candlestick Tweezer Top: table signal_backup_v2 has no column named elimination_reason
2025-07-23 02:07:42,348 - core.improved_signal_quality_system - ERROR - Erro ao fazer backup do candlestick Tweezer Top: table signal_backup_v2 has no column named elimination_reason
2025-07-23 02:07:42,348 - core.improved_signal_quality_system - ERROR - Erro ao fazer backup do candlestick Tweezer Top: table signal_backup_v2 has no column named elimination_reason
2025-07-23 02:07:42,349 - core.improved_signal_quality_system - ERROR - Erro ao fazer backup do candlestick Tweezer Top: table signal_backup_v2 has no column named elimination_reason
2025-07-23 02:07:42,349 - core.improved_signal_quality_system - ERROR - Erro ao fazer backup do candlestick Tweezer Bottom: table signal_backup_v2 has no column named elimination_reason
2025-07-23 02:07:42,349 - core.improved_signal_quality_system - ERROR - Erro ao fazer backup do candlestick Tweezer Bottom: table signal_backup_v2 has no column named elimination_reason
2025-07-23 02:07:42,350 - core.improved_signal_quality_system - ERROR - Erro ao fazer backup do candlestick Tweezer Bottom: table signal_backup_v2 has no column named elimination_reason
2025-07-23 02:07:42,350 - core.improved_signal_quality_system - ERROR - Erro ao fazer backup do candlestick Tweezer Top: table signal_backup_v2 has no column named elimination_reason
2025-07-23 02:07:42,350 - core.improved_signal_quality_system - ERROR - Erro ao fazer backup do candlestick Tweezer Top: table signal_backup_v2 has no column named elimination_reason
2025-07-23 02:07:42,350 - core.improved_signal_quality_system - ERROR - Erro ao fazer backup do candlestick Tweezer Top: table signal_backup_v2 has no column named elimination_reason
2025-07-23 02:07:42,351 - core.improved_signal_quality_system - ERROR - Erro ao fazer backup do candlestick Tweezer Bottom: table signal_backup_v2 has no column named elimination_reason
2025-07-23 02:07:42,351 - core.improved_signal_quality_system - ERROR - Erro ao fazer backup do candlestick Tweezer Bottom: table signal_backup_v2 has no column named elimination_reason
2025-07-23 02:07:42,351 - core.improved_signal_quality_system - ERROR - Erro ao fazer backup do candlestick Tweezer Bottom: table signal_backup_v2 has no column named elimination_reason
2025-07-23 02:07:42,352 - core.improved_signal_quality_system - ERROR - Erro ao fazer backup do candlestick Tweezer Bottom: table signal_backup_v2 has no column named elimination_reason
2025-07-23 02:07:42,352 - core.improved_signal_quality_system - ERROR - Erro ao fazer backup do candlestick Tweezer Bottom: table signal_backup_v2 has no column named elimination_reason
2025-07-23 02:07:42,352 - core.improved_signal_quality_system - ERROR - Erro ao fazer backup do candlestick Inverted Hammer: table signal_backup_v2 has no column named elimination_reason
2025-07-23 02:07:42,352 - core.analyzer - INFO - 🎯 Filtro rigoroso SOL: 0 → 0 sinais (eliminados: 0)
2025-07-23 02:07:42,353 - core.analyzer - INFO - ✓ SOL (6/8): 0 sinais em 0.8s
2025-07-23 02:07:42,454 - core.analyzer - INFO - Análise iniciada para: SUI
2025-07-23 02:07:42,466 - core.technical_stop_loss - INFO - 🔧 Stop Loss Inteligente usando configurações avançadas
2025-07-23 02:07:42,470 - core.technical_targets - INFO - 🎯 Targets Inteligentes usando configurações avançadas
2025-07-23 02:07:42,476 - core.analyzer - ERROR - Erro na análise de SUI em 5m: 'NoneType' object has no attribute 'get'
2025-07-23 02:07:42,493 - indicators.patterns - INFO - Padrões para SUI: 0 selecionados
2025-07-23 02:07:43,178 - core.improved_signal_quality_system - ERROR - Erro ao fazer backup do candlestick Bearish Engulfing: table signal_backup_v2 has no column named elimination_reason
2025-07-23 02:07:43,179 - core.improved_signal_quality_system - ERROR - Erro ao fazer backup do candlestick Bullish Engulfing: table signal_backup_v2 has no column named elimination_reason
2025-07-23 02:07:43,179 - core.improved_signal_quality_system - ERROR - Erro ao fazer backup do candlestick Bearish Engulfing: table signal_backup_v2 has no column named elimination_reason
2025-07-23 02:07:43,179 - core.improved_signal_quality_system - ERROR - Erro ao fazer backup do candlestick Bullish Engulfing: table signal_backup_v2 has no column named elimination_reason
2025-07-23 02:07:43,180 - core.improved_signal_quality_system - ERROR - Erro ao fazer backup do candlestick Bullish Engulfing: table signal_backup_v2 has no column named elimination_reason
2025-07-23 02:07:43,180 - core.improved_signal_quality_system - ERROR - Erro ao fazer backup do candlestick Bullish Engulfing: table signal_backup_v2 has no column named elimination_reason
2025-07-23 02:07:43,181 - core.improved_signal_quality_system - ERROR - Erro ao fazer backup do candlestick Bearish Engulfing: table signal_backup_v2 has no column named elimination_reason
2025-07-23 02:07:43,182 - core.improved_signal_quality_system - ERROR - Erro ao fazer backup do candlestick Bearish Engulfing: table signal_backup_v2 has no column named elimination_reason
2025-07-23 02:07:43,182 - core.improved_signal_quality_system - ERROR - Erro ao fazer backup do candlestick Three Outside Up: table signal_backup_v2 has no column named elimination_reason
2025-07-23 02:07:43,183 - core.improved_signal_quality_system - ERROR - Erro ao fazer backup do candlestick Three Outside Down: table signal_backup_v2 has no column named elimination_reason
2025-07-23 02:07:43,184 - core.improved_signal_quality_system - ERROR - Erro ao fazer backup do candlestick Three Outside Up: table signal_backup_v2 has no column named elimination_reason
2025-07-23 02:07:43,184 - core.improved_signal_quality_system - ERROR - Erro ao fazer backup do candlestick Three Outside Up: table signal_backup_v2 has no column named elimination_reason
2025-07-23 02:07:43,184 - core.improved_signal_quality_system - ERROR - Erro ao fazer backup do candlestick Three Outside Up: table signal_backup_v2 has no column named elimination_reason
2025-07-23 02:07:43,185 - core.improved_signal_quality_system - ERROR - Erro ao fazer backup do candlestick Three Outside Down: table signal_backup_v2 has no column named elimination_reason
2025-07-23 02:07:43,185 - core.improved_signal_quality_system - ERROR - Erro ao fazer backup do candlestick Three Outside Down: table signal_backup_v2 has no column named elimination_reason
2025-07-23 02:07:43,185 - core.improved_signal_quality_system - ERROR - Erro ao fazer backup do candlestick Dragonfly Doji: table signal_backup_v2 has no column named elimination_reason
2025-07-23 02:07:43,185 - core.improved_signal_quality_system - ERROR - Erro ao fazer backup do candlestick Hammer: table signal_backup_v2 has no column named elimination_reason
2025-07-23 02:07:43,186 - core.improved_signal_quality_system - ERROR - Erro ao fazer backup do candlestick Shooting Star: table signal_backup_v2 has no column named elimination_reason
2025-07-23 02:07:43,186 - core.improved_signal_quality_system - ERROR - Erro ao fazer backup do candlestick Shooting Star: table signal_backup_v2 has no column named elimination_reason
2025-07-23 02:07:43,187 - core.improved_signal_quality_system - ERROR - Erro ao fazer backup do candlestick Hammer: table signal_backup_v2 has no column named elimination_reason
2025-07-23 02:07:43,187 - core.improved_signal_quality_system - ERROR - Erro ao fazer backup do candlestick Hanging Man: table signal_backup_v2 has no column named elimination_reason
2025-07-23 02:07:43,187 - core.improved_signal_quality_system - ERROR - Erro ao fazer backup do candlestick Hanging Man: table signal_backup_v2 has no column named elimination_reason
2025-07-23 02:07:43,188 - core.improved_signal_quality_system - ERROR - Erro ao fazer backup do candlestick Hanging Man: table signal_backup_v2 has no column named elimination_reason
2025-07-23 02:07:43,188 - core.improved_signal_quality_system - ERROR - Erro ao fazer backup do candlestick Hanging Man: table signal_backup_v2 has no column named elimination_reason
2025-07-23 02:07:43,189 - core.improved_signal_quality_system - ERROR - Erro ao fazer backup do candlestick Hanging Man: table signal_backup_v2 has no column named elimination_reason
2025-07-23 02:07:43,190 - core.improved_signal_quality_system - ERROR - Erro ao fazer backup do candlestick White Marubozu: table signal_backup_v2 has no column named elimination_reason
2025-07-23 02:07:43,190 - core.improved_signal_quality_system - ERROR - Erro ao fazer backup do candlestick Tweezer Top: table signal_backup_v2 has no column named elimination_reason
2025-07-23 02:07:43,190 - core.improved_signal_quality_system - ERROR - Erro ao fazer backup do candlestick Tweezer Top: table signal_backup_v2 has no column named elimination_reason
2025-07-23 02:07:43,191 - core.improved_signal_quality_system - ERROR - Erro ao fazer backup do candlestick Tweezer Top: table signal_backup_v2 has no column named elimination_reason
2025-07-23 02:07:43,191 - core.improved_signal_quality_system - ERROR - Erro ao fazer backup do candlestick Tweezer Top: table signal_backup_v2 has no column named elimination_reason
2025-07-23 02:07:43,191 - core.improved_signal_quality_system - ERROR - Erro ao fazer backup do candlestick Tweezer Top: table signal_backup_v2 has no column named elimination_reason
2025-07-23 02:07:43,192 - core.improved_signal_quality_system - ERROR - Erro ao fazer backup do candlestick Tweezer Bottom: table signal_backup_v2 has no column named elimination_reason
2025-07-23 02:07:43,192 - core.improved_signal_quality_system - ERROR - Erro ao fazer backup do candlestick Tweezer Top: table signal_backup_v2 has no column named elimination_reason
2025-07-23 02:07:43,192 - core.improved_signal_quality_system - ERROR - Erro ao fazer backup do candlestick Tweezer Top: table signal_backup_v2 has no column named elimination_reason
2025-07-23 02:07:43,192 - core.improved_signal_quality_system - ERROR - Erro ao fazer backup do candlestick Tweezer Top: table signal_backup_v2 has no column named elimination_reason
2025-07-23 02:07:43,193 - core.improved_signal_quality_system - ERROR - Erro ao fazer backup do candlestick Tweezer Bottom: table signal_backup_v2 has no column named elimination_reason
2025-07-23 02:07:43,193 - core.improved_signal_quality_system - ERROR - Erro ao fazer backup do candlestick Tweezer Bottom: table signal_backup_v2 has no column named elimination_reason
2025-07-23 02:07:43,193 - core.improved_signal_quality_system - ERROR - Erro ao fazer backup do candlestick Tweezer Top: table signal_backup_v2 has no column named elimination_reason
2025-07-23 02:07:43,194 - core.improved_signal_quality_system - ERROR - Erro ao fazer backup do candlestick Tweezer Top: table signal_backup_v2 has no column named elimination_reason
2025-07-23 02:07:43,194 - core.improved_signal_quality_system - ERROR - Erro ao fazer backup do candlestick Tweezer Top: table signal_backup_v2 has no column named elimination_reason
2025-07-23 02:07:43,194 - core.improved_signal_quality_system - ERROR - Erro ao fazer backup do candlestick Tweezer Bottom: table signal_backup_v2 has no column named elimination_reason
2025-07-23 02:07:43,194 - core.improved_signal_quality_system - ERROR - Erro ao fazer backup do candlestick Tweezer Bottom: table signal_backup_v2 has no column named elimination_reason
2025-07-23 02:07:43,195 - core.improved_signal_quality_system - ERROR - Erro ao fazer backup do candlestick Tweezer Bottom: table signal_backup_v2 has no column named elimination_reason
2025-07-23 02:07:43,195 - core.improved_signal_quality_system - ERROR - Erro ao fazer backup do candlestick Tweezer Top: table signal_backup_v2 has no column named elimination_reason
2025-07-23 02:07:43,195 - core.improved_signal_quality_system - ERROR - Erro ao fazer backup do candlestick Tweezer Bottom: table signal_backup_v2 has no column named elimination_reason
2025-07-23 02:07:43,196 - core.improved_signal_quality_system - ERROR - Erro ao fazer backup do candlestick Tweezer Bottom: table signal_backup_v2 has no column named elimination_reason
2025-07-23 02:07:43,196 - core.improved_signal_quality_system - ERROR - Erro ao fazer backup do candlestick Tweezer Bottom: table signal_backup_v2 has no column named elimination_reason
2025-07-23 02:07:43,196 - core.improved_signal_quality_system - ERROR - Erro ao fazer backup do candlestick Stick Sandwich: table signal_backup_v2 has no column named elimination_reason
2025-07-23 02:07:43,197 - core.improved_signal_quality_system - ERROR - Erro ao fazer backup do candlestick Inverted Hammer: table signal_backup_v2 has no column named elimination_reason
2025-07-23 02:07:43,197 - core.analyzer - INFO - 🎯 Filtro rigoroso SUI: 0 → 0 sinais (eliminados: 0)
2025-07-23 02:07:43,197 - core.analyzer - INFO - ✓ SUI (7/8): 0 sinais em 0.7s
2025-07-23 02:07:43,299 - core.analyzer - INFO - Análise iniciada para: IMX
2025-07-23 02:07:43,311 - core.technical_stop_loss - INFO - 🔧 Stop Loss Inteligente usando configurações avançadas
2025-07-23 02:07:43,314 - core.technical_targets - INFO - 🎯 Targets Inteligentes usando configurações avançadas
2025-07-23 02:07:43,319 - core.analyzer - ERROR - Erro na análise de IMX em 5m: 'NoneType' object has no attribute 'get'
2025-07-23 02:07:43,335 - indicators.patterns - INFO - Padrões para IMX: 0 selecionados
2025-07-23 02:07:43,975 - core.improved_signal_quality_system - ERROR - Erro ao fazer backup do candlestick Bearish Engulfing: table signal_backup_v2 has no column named elimination_reason
2025-07-23 02:07:43,975 - core.improved_signal_quality_system - ERROR - Erro ao fazer backup do candlestick Bullish Engulfing: table signal_backup_v2 has no column named elimination_reason
2025-07-23 02:07:43,975 - core.improved_signal_quality_system - ERROR - Erro ao fazer backup do candlestick Bullish Engulfing: table signal_backup_v2 has no column named elimination_reason
2025-07-23 02:07:43,975 - core.improved_signal_quality_system - ERROR - Erro ao fazer backup do candlestick Bullish Engulfing: table signal_backup_v2 has no column named elimination_reason
2025-07-23 02:07:43,976 - core.improved_signal_quality_system - ERROR - Erro ao fazer backup do candlestick Bullish Engulfing: table signal_backup_v2 has no column named elimination_reason
2025-07-23 02:07:43,976 - core.improved_signal_quality_system - ERROR - Erro ao fazer backup do candlestick Bullish Engulfing: table signal_backup_v2 has no column named elimination_reason
2025-07-23 02:07:43,976 - core.improved_signal_quality_system - ERROR - Erro ao fazer backup do candlestick Bullish Engulfing: table signal_backup_v2 has no column named elimination_reason
2025-07-23 02:07:43,977 - core.improved_signal_quality_system - ERROR - Erro ao fazer backup do candlestick Bearish Engulfing: table signal_backup_v2 has no column named elimination_reason
2025-07-23 02:07:43,977 - core.improved_signal_quality_system - ERROR - Erro ao fazer backup do candlestick Bullish Engulfing: table signal_backup_v2 has no column named elimination_reason
2025-07-23 02:07:43,978 - core.improved_signal_quality_system - ERROR - Erro ao fazer backup do candlestick Bearish Engulfing: table signal_backup_v2 has no column named elimination_reason
2025-07-23 02:07:43,978 - core.improved_signal_quality_system - ERROR - Erro ao fazer backup do candlestick Three Outside Up: table signal_backup_v2 has no column named elimination_reason
2025-07-23 02:07:43,979 - core.improved_signal_quality_system - ERROR - Erro ao fazer backup do candlestick Three Outside Up: table signal_backup_v2 has no column named elimination_reason
2025-07-23 02:07:43,979 - core.improved_signal_quality_system - ERROR - Erro ao fazer backup do candlestick Three Outside Up: table signal_backup_v2 has no column named elimination_reason
2025-07-23 02:07:43,980 - core.improved_signal_quality_system - ERROR - Erro ao fazer backup do candlestick Three Outside Up: table signal_backup_v2 has no column named elimination_reason
2025-07-23 02:07:43,980 - core.improved_signal_quality_system - ERROR - Erro ao fazer backup do candlestick Three Outside Up: table signal_backup_v2 has no column named elimination_reason
2025-07-23 02:07:43,980 - core.improved_signal_quality_system - ERROR - Erro ao fazer backup do candlestick Hammer: table signal_backup_v2 has no column named elimination_reason
2025-07-23 02:07:43,981 - core.improved_signal_quality_system - ERROR - Erro ao fazer backup do candlestick Shooting Star: table signal_backup_v2 has no column named elimination_reason
2025-07-23 02:07:43,981 - core.improved_signal_quality_system - ERROR - Erro ao fazer backup do candlestick Hanging Man: table signal_backup_v2 has no column named elimination_reason
2025-07-23 02:07:43,981 - core.improved_signal_quality_system - ERROR - Erro ao fazer backup do candlestick Hanging Man: table signal_backup_v2 has no column named elimination_reason
2025-07-23 02:07:43,981 - core.improved_signal_quality_system - ERROR - Erro ao fazer backup do candlestick Black Marubozu: table signal_backup_v2 has no column named elimination_reason
2025-07-23 02:07:43,982 - core.improved_signal_quality_system - ERROR - Erro ao fazer backup do candlestick Tweezer Top: table signal_backup_v2 has no column named elimination_reason
2025-07-23 02:07:43,982 - core.improved_signal_quality_system - ERROR - Erro ao fazer backup do candlestick Tweezer Top: table signal_backup_v2 has no column named elimination_reason
2025-07-23 02:07:43,982 - core.improved_signal_quality_system - ERROR - Erro ao fazer backup do candlestick Tweezer Top: table signal_backup_v2 has no column named elimination_reason
2025-07-23 02:07:43,983 - core.improved_signal_quality_system - ERROR - Erro ao fazer backup do candlestick Tweezer Top: table signal_backup_v2 has no column named elimination_reason
2025-07-23 02:07:43,983 - core.improved_signal_quality_system - ERROR - Erro ao fazer backup do candlestick Tweezer Top: table signal_backup_v2 has no column named elimination_reason
2025-07-23 02:07:43,983 - core.improved_signal_quality_system - ERROR - Erro ao fazer backup do candlestick Tweezer Top: table signal_backup_v2 has no column named elimination_reason
2025-07-23 02:07:43,983 - core.improved_signal_quality_system - ERROR - Erro ao fazer backup do candlestick Tweezer Top: table signal_backup_v2 has no column named elimination_reason
2025-07-23 02:07:43,984 - core.improved_signal_quality_system - ERROR - Erro ao fazer backup do candlestick Tweezer Top: table signal_backup_v2 has no column named elimination_reason
2025-07-23 02:07:43,984 - core.improved_signal_quality_system - ERROR - Erro ao fazer backup do candlestick Tweezer Bottom: table signal_backup_v2 has no column named elimination_reason
2025-07-23 02:07:43,984 - core.improved_signal_quality_system - ERROR - Erro ao fazer backup do candlestick Tweezer Top: table signal_backup_v2 has no column named elimination_reason
2025-07-23 02:07:43,984 - core.improved_signal_quality_system - ERROR - Erro ao fazer backup do candlestick Tweezer Bottom: table signal_backup_v2 has no column named elimination_reason
2025-07-23 02:07:43,985 - core.improved_signal_quality_system - ERROR - Erro ao fazer backup do candlestick Tweezer Bottom: table signal_backup_v2 has no column named elimination_reason
2025-07-23 02:07:43,985 - core.improved_signal_quality_system - ERROR - Erro ao fazer backup do candlestick Inverted Hammer: table signal_backup_v2 has no column named elimination_reason
2025-07-23 02:07:43,985 - core.analyzer - INFO - 🎯 Filtro rigoroso IMX: 0 → 0 sinais (eliminados: 0)
2025-07-23 02:07:43,985 - core.analyzer - INFO - ✓ IMX (8/8): 0 sinais em 0.7s
2025-07-23 02:07:44,086 - core.analyzer - INFO - ✅ Ciclo 1: 0 novos | 0 bloqueados | 1 erros | 6.6s
2025-07-23 02:07:44,086 - core.analyzer - INFO - ⏳ Aguardando 300s...
2025-07-23 02:08:52,615 - root - INFO - Iniciando Inicialização do analyzer...
2025-07-23 02:08:52,615 - root - INFO - Inicializando Trading Analyzer...
2025-07-23 02:08:52,616 - core.data_reader - INFO - DataReader inicializado (OTIMIZADO para 5m/15m).
2025-07-23 02:08:52,618 - core.signal_writer - INFO - EnhancedSignalWriter LÓGICA CORRIGIDA - 2 targets apenas
2025-07-23 02:08:52,618 - indicators.patterns - INFO - PatternAnalyzer SIMPLIFICADO - APENAS Double Top/Bottom
2025-07-23 02:08:52,618 - indicators.patterns - INFO - HeadAndShouldersDetector DESABILITADO conforme configuração
2025-07-23 02:08:52,618 - indicators.patterns - INFO - CupAndHandleDetector DESABILITADO conforme configuração
2025-07-23 02:08:52,619 - indicators.patterns - INFO - PatternAnalyzer SIMPLIFICADO - APENAS Double Top/Bottom
2025-07-23 02:08:52,619 - indicators.patterns - INFO - HeadAndShouldersDetector DESABILITADO conforme configuração
2025-07-23 02:08:52,619 - indicators.patterns - INFO - CupAndHandleDetector DESABILITADO conforme configuração
2025-07-23 02:08:52,621 - core.improved_signal_quality_system - INFO - 🗄️ Sistema de backup completo inicializado
2025-07-23 02:08:52,622 - core.improved_signal_quality_system - INFO - 🎯 Sistema RIGOROSO de qualidade inicializado
2025-07-23 02:08:52,622 - core.analyzer - INFO - 🎯 Sistema RIGOROSO de qualidade ativado
2025-07-23 02:08:52,622 - core.analyzer - INFO - MultiTimeframeAnalyzer OTIMIZADO inicializado:
2025-07-23 02:08:52,623 - core.analyzer - INFO -   • Timeframes ativos: ['5m', '15m']
2025-07-23 02:08:52,623 - core.analyzer - INFO -   • Qualidade: RIGOROUS
2025-07-23 02:08:52,623 - core.analyzer - INFO -   • Prioridade: 5m absoluta, 15m se não há 5m
2025-07-23 02:08:52,623 - core.analyzer - INFO -   • Backup: Completo (todos sinais + 43 candlesticks)
2025-07-23 02:08:52,624 - root - INFO - Trading Analyzer inicializado com sucesso
2025-07-23 02:08:52,624 - root - INFO - Inicialização do analyzer concluída em 0.0s
2025-07-23 02:08:52,625 - core.analyzer - INFO - 🚀 Iniciando análise contínua OTIMIZADA
2025-07-23 02:08:52,625 - core.analyzer - INFO - 🔍 Verificando símbolos com dados suficientes...
2025-07-23 02:08:52,625 - core.data_reader - INFO - Verificando 8 símbolos...
2025-07-23 02:08:53,050 - core.data_reader - INFO - ✅ Símbolos válidos: 8/8 - ['BNB', 'BTC', 'ENA', 'ETH', 'NEAR', 'SOL', 'SUI', 'IMX']
2025-07-23 02:08:53,051 - core.analyzer - INFO - ✅ Símbolos válidos: 8 - ['BNB', 'BTC', 'ENA', 'ETH', 'NEAR', 'SOL', 'SUI', 'IMX']
2025-07-23 02:08:53,051 - core.analyzer - INFO - ⏱️ Intervalo: 300s | Timeframes: APENAS 5m e 15m
2025-07-23 02:08:53,051 - core.analyzer - INFO - 🔄 Ciclo 1 iniciado
2025-07-23 02:08:53,053 - core.analyzer - INFO - Análise iniciada para: BNB
2025-07-23 02:08:53,072 - core.technical_stop_loss - INFO - 🔧 Stop Loss Inteligente usando configurações avançadas
2025-07-23 02:08:53,077 - core.technical_targets - INFO - 🎯 Targets Inteligentes usando configurações avançadas
2025-07-23 02:08:53,082 - core.analyzer - ERROR - Erro na análise de BNB em 5m: 'NoneType' object has no attribute 'get'
2025-07-23 02:08:53,098 - indicators.patterns - INFO - Padrões para BNB: 0 selecionados
2025-07-23 02:08:53,853 - core.improved_signal_quality_system - ERROR - Erro ao fazer backup do candlestick Bullish Engulfing: table signal_backup_v2 has no column named signal_index_in_batch
2025-07-23 02:08:53,854 - core.improved_signal_quality_system - ERROR - Erro ao fazer backup do candlestick Bullish Engulfing: table signal_backup_v2 has no column named signal_index_in_batch
2025-07-23 02:08:53,854 - core.improved_signal_quality_system - ERROR - Erro ao fazer backup do candlestick Bearish Engulfing: table signal_backup_v2 has no column named signal_index_in_batch
2025-07-23 02:08:53,854 - core.improved_signal_quality_system - ERROR - Erro ao fazer backup do candlestick Bullish Engulfing: table signal_backup_v2 has no column named signal_index_in_batch
2025-07-23 02:08:53,854 - core.improved_signal_quality_system - ERROR - Erro ao fazer backup do candlestick Bullish Engulfing: table signal_backup_v2 has no column named signal_index_in_batch
2025-07-23 02:08:53,855 - core.improved_signal_quality_system - ERROR - Erro ao fazer backup do candlestick Bullish Engulfing: table signal_backup_v2 has no column named signal_index_in_batch
2025-07-23 02:08:53,855 - core.improved_signal_quality_system - ERROR - Erro ao fazer backup do candlestick Bearish Engulfing: table signal_backup_v2 has no column named signal_index_in_batch
2025-07-23 02:08:53,856 - core.improved_signal_quality_system - ERROR - Erro ao fazer backup do candlestick Three Outside Up: table signal_backup_v2 has no column named signal_index_in_batch
2025-07-23 02:08:53,856 - core.improved_signal_quality_system - ERROR - Erro ao fazer backup do candlestick Three Outside Up: table signal_backup_v2 has no column named signal_index_in_batch
2025-07-23 02:08:53,857 - core.improved_signal_quality_system - ERROR - Erro ao fazer backup do candlestick Three Outside Up: table signal_backup_v2 has no column named signal_index_in_batch
2025-07-23 02:08:53,858 - core.improved_signal_quality_system - ERROR - Erro ao fazer backup do candlestick Three Outside Down: table signal_backup_v2 has no column named signal_index_in_batch
2025-07-23 02:08:53,858 - core.improved_signal_quality_system - ERROR - Erro ao fazer backup do candlestick Gravestone Doji: table signal_backup_v2 has no column named signal_index_in_batch
2025-07-23 02:08:53,858 - core.improved_signal_quality_system - ERROR - Erro ao fazer backup do candlestick Shooting Star: table signal_backup_v2 has no column named signal_index_in_batch
2025-07-23 02:08:53,858 - core.improved_signal_quality_system - ERROR - Erro ao fazer backup do candlestick Hammer: table signal_backup_v2 has no column named signal_index_in_batch
2025-07-23 02:08:53,859 - core.improved_signal_quality_system - ERROR - Erro ao fazer backup do candlestick Hanging Man: table signal_backup_v2 has no column named signal_index_in_batch
2025-07-23 02:08:53,859 - core.improved_signal_quality_system - ERROR - Erro ao fazer backup do candlestick Hanging Man: table signal_backup_v2 has no column named signal_index_in_batch
2025-07-23 02:08:53,859 - core.improved_signal_quality_system - ERROR - Erro ao fazer backup do candlestick Tweezer Top: table signal_backup_v2 has no column named signal_index_in_batch
2025-07-23 02:08:53,860 - core.improved_signal_quality_system - ERROR - Erro ao fazer backup do candlestick Tweezer Top: table signal_backup_v2 has no column named signal_index_in_batch
2025-07-23 02:08:53,860 - core.improved_signal_quality_system - ERROR - Erro ao fazer backup do candlestick Tweezer Top: table signal_backup_v2 has no column named signal_index_in_batch
2025-07-23 02:08:53,860 - core.improved_signal_quality_system - ERROR - Erro ao fazer backup do candlestick Tweezer Top: table signal_backup_v2 has no column named signal_index_in_batch
2025-07-23 02:08:53,860 - core.improved_signal_quality_system - ERROR - Erro ao fazer backup do candlestick Tweezer Top: table signal_backup_v2 has no column named signal_index_in_batch
2025-07-23 02:08:53,861 - core.improved_signal_quality_system - ERROR - Erro ao fazer backup do candlestick Tweezer Top: table signal_backup_v2 has no column named signal_index_in_batch
2025-07-23 02:08:53,861 - core.improved_signal_quality_system - ERROR - Erro ao fazer backup do candlestick Tweezer Bottom: table signal_backup_v2 has no column named signal_index_in_batch
2025-07-23 02:08:53,861 - core.improved_signal_quality_system - ERROR - Erro ao fazer backup do candlestick Tweezer Top: table signal_backup_v2 has no column named signal_index_in_batch
2025-07-23 02:08:53,862 - core.improved_signal_quality_system - ERROR - Erro ao fazer backup do candlestick Tweezer Bottom: table signal_backup_v2 has no column named signal_index_in_batch
2025-07-23 02:08:53,862 - core.improved_signal_quality_system - ERROR - Erro ao fazer backup do candlestick Tweezer Top: table signal_backup_v2 has no column named signal_index_in_batch
2025-07-23 02:08:53,862 - core.improved_signal_quality_system - ERROR - Erro ao fazer backup do candlestick Tweezer Top: table signal_backup_v2 has no column named signal_index_in_batch
2025-07-23 02:08:53,863 - core.improved_signal_quality_system - ERROR - Erro ao fazer backup do candlestick Tweezer Top: table signal_backup_v2 has no column named signal_index_in_batch
2025-07-23 02:08:53,863 - core.improved_signal_quality_system - ERROR - Erro ao fazer backup do candlestick Tweezer Top: table signal_backup_v2 has no column named signal_index_in_batch
2025-07-23 02:08:53,863 - core.improved_signal_quality_system - ERROR - Erro ao fazer backup do candlestick Tweezer Top: table signal_backup_v2 has no column named signal_index_in_batch
2025-07-23 02:08:53,864 - core.improved_signal_quality_system - ERROR - Erro ao fazer backup do candlestick Tweezer Top: table signal_backup_v2 has no column named signal_index_in_batch
2025-07-23 02:08:53,864 - core.improved_signal_quality_system - ERROR - Erro ao fazer backup do candlestick Tweezer Top: table signal_backup_v2 has no column named signal_index_in_batch
2025-07-23 02:08:53,864 - core.improved_signal_quality_system - ERROR - Erro ao fazer backup do candlestick Tweezer Top: table signal_backup_v2 has no column named signal_index_in_batch
2025-07-23 02:08:53,864 - core.improved_signal_quality_system - ERROR - Erro ao fazer backup do candlestick Tweezer Top: table signal_backup_v2 has no column named signal_index_in_batch
2025-07-23 02:08:53,865 - core.improved_signal_quality_system - ERROR - Erro ao fazer backup do candlestick Tweezer Top: table signal_backup_v2 has no column named signal_index_in_batch
2025-07-23 02:08:53,865 - core.improved_signal_quality_system - ERROR - Erro ao fazer backup do candlestick Tweezer Bottom: table signal_backup_v2 has no column named signal_index_in_batch
2025-07-23 02:08:53,865 - core.improved_signal_quality_system - ERROR - Erro ao fazer backup do candlestick Tweezer Top: table signal_backup_v2 has no column named signal_index_in_batch
2025-07-23 02:08:53,865 - core.improved_signal_quality_system - ERROR - Erro ao fazer backup do candlestick Tweezer Top: table signal_backup_v2 has no column named signal_index_in_batch
2025-07-23 02:08:53,866 - core.improved_signal_quality_system - ERROR - Erro ao fazer backup do candlestick Tweezer Bottom: table signal_backup_v2 has no column named signal_index_in_batch
2025-07-23 02:08:53,866 - core.improved_signal_quality_system - ERROR - Erro ao fazer backup do candlestick Tweezer Bottom: table signal_backup_v2 has no column named signal_index_in_batch
2025-07-23 02:08:53,866 - core.improved_signal_quality_system - ERROR - Erro ao fazer backup do candlestick Tweezer Top: table signal_backup_v2 has no column named signal_index_in_batch
2025-07-23 02:08:53,867 - core.improved_signal_quality_system - ERROR - Erro ao fazer backup do candlestick Stick Sandwich: table signal_backup_v2 has no column named signal_index_in_batch
2025-07-23 02:08:53,867 - core.improved_signal_quality_system - ERROR - Erro ao fazer backup do candlestick Stick Sandwich: table signal_backup_v2 has no column named signal_index_in_batch
2025-07-23 02:08:53,867 - core.improved_signal_quality_system - ERROR - Erro ao fazer backup do candlestick Stick Sandwich: table signal_backup_v2 has no column named signal_index_in_batch
2025-07-23 02:08:53,867 - core.improved_signal_quality_system - ERROR - Erro ao fazer backup do candlestick Inverted Hammer: table signal_backup_v2 has no column named signal_index_in_batch
2025-07-23 02:08:53,867 - core.improved_signal_quality_system - ERROR - Erro ao fazer backup do candlestick Advance Block: table signal_backup_v2 has no column named signal_index_in_batch
2025-07-23 02:08:53,868 - core.improved_signal_quality_system - ERROR - Erro ao fazer backup do candlestick Advance Block: table signal_backup_v2 has no column named signal_index_in_batch
2025-07-23 02:08:53,868 - core.improved_signal_quality_system - ERROR - Erro ao fazer backup do candlestick Advance Block: table signal_backup_v2 has no column named signal_index_in_batch
2025-07-23 02:08:53,868 - core.analyzer - INFO - 🎯 Filtro rigoroso BNB: 0 → 0 sinais (eliminados: 0)
2025-07-23 02:08:53,868 - core.analyzer - INFO - ✓ BNB (1/8): 0 sinais em 0.8s
2025-07-23 02:08:53,971 - core.analyzer - INFO - Análise iniciada para: BTC
2025-07-23 02:08:53,993 - core.analyzer - ERROR - Erro na análise de BTC em 5m: 'NoneType' object has no attribute 'get'
2025-07-23 02:08:54,011 - indicators.patterns - INFO - Padrões para BTC: 0 selecionados
2025-07-23 02:08:54,828 - core.improved_signal_quality_system - ERROR - Erro ao fazer backup do candlestick Bullish Engulfing: table signal_backup_v2 has no column named signal_index_in_batch
2025-07-23 02:08:54,829 - core.improved_signal_quality_system - ERROR - Erro ao fazer backup do candlestick Three Outside Up: table signal_backup_v2 has no column named signal_index_in_batch
2025-07-23 02:08:54,829 - core.improved_signal_quality_system - ERROR - Erro ao fazer backup do candlestick Hammer: table signal_backup_v2 has no column named signal_index_in_batch
2025-07-23 02:08:54,829 - core.improved_signal_quality_system - ERROR - Erro ao fazer backup do candlestick Shooting Star: table signal_backup_v2 has no column named signal_index_in_batch
2025-07-23 02:08:54,830 - core.improved_signal_quality_system - ERROR - Erro ao fazer backup do candlestick White Marubozu: table signal_backup_v2 has no column named signal_index_in_batch
2025-07-23 02:08:54,830 - core.improved_signal_quality_system - ERROR - Erro ao fazer backup do candlestick Black Marubozu: table signal_backup_v2 has no column named signal_index_in_batch
2025-07-23 02:08:54,831 - core.improved_signal_quality_system - ERROR - Erro ao fazer backup do candlestick Tweezer Top: table signal_backup_v2 has no column named signal_index_in_batch
2025-07-23 02:08:54,832 - core.improved_signal_quality_system - ERROR - Erro ao fazer backup do candlestick Tweezer Top: table signal_backup_v2 has no column named signal_index_in_batch
2025-07-23 02:08:54,832 - core.improved_signal_quality_system - ERROR - Erro ao fazer backup do candlestick Tweezer Top: table signal_backup_v2 has no column named signal_index_in_batch
2025-07-23 02:08:54,833 - core.improved_signal_quality_system - ERROR - Erro ao fazer backup do candlestick Tweezer Top: table signal_backup_v2 has no column named signal_index_in_batch
2025-07-23 02:08:54,833 - core.improved_signal_quality_system - ERROR - Erro ao fazer backup do candlestick Tweezer Top: table signal_backup_v2 has no column named signal_index_in_batch
2025-07-23 02:08:54,833 - core.improved_signal_quality_system - ERROR - Erro ao fazer backup do candlestick Tweezer Top: table signal_backup_v2 has no column named signal_index_in_batch
2025-07-23 02:08:54,834 - core.improved_signal_quality_system - ERROR - Erro ao fazer backup do candlestick Tweezer Top: table signal_backup_v2 has no column named signal_index_in_batch
2025-07-23 02:08:54,834 - core.improved_signal_quality_system - ERROR - Erro ao fazer backup do candlestick Tweezer Top: table signal_backup_v2 has no column named signal_index_in_batch
2025-07-23 02:08:54,834 - core.improved_signal_quality_system - ERROR - Erro ao fazer backup do candlestick Tweezer Bottom: table signal_backup_v2 has no column named signal_index_in_batch
2025-07-23 02:08:54,835 - core.improved_signal_quality_system - ERROR - Erro ao fazer backup do candlestick Tweezer Bottom: table signal_backup_v2 has no column named signal_index_in_batch
2025-07-23 02:08:54,835 - core.improved_signal_quality_system - ERROR - Erro ao fazer backup do candlestick Tweezer Top: table signal_backup_v2 has no column named signal_index_in_batch
2025-07-23 02:08:54,836 - core.improved_signal_quality_system - ERROR - Erro ao fazer backup do candlestick Tweezer Top: table signal_backup_v2 has no column named signal_index_in_batch
2025-07-23 02:08:54,837 - core.improved_signal_quality_system - ERROR - Erro ao fazer backup do candlestick Tweezer Top: table signal_backup_v2 has no column named signal_index_in_batch
2025-07-23 02:08:54,837 - core.improved_signal_quality_system - ERROR - Erro ao fazer backup do candlestick Tweezer Top: table signal_backup_v2 has no column named signal_index_in_batch
2025-07-23 02:08:54,838 - core.improved_signal_quality_system - ERROR - Erro ao fazer backup do candlestick Tweezer Top: table signal_backup_v2 has no column named signal_index_in_batch
2025-07-23 02:08:54,838 - core.improved_signal_quality_system - ERROR - Erro ao fazer backup do candlestick Tweezer Top: table signal_backup_v2 has no column named signal_index_in_batch
2025-07-23 02:08:54,839 - core.improved_signal_quality_system - ERROR - Erro ao fazer backup do candlestick Tweezer Top: table signal_backup_v2 has no column named signal_index_in_batch
2025-07-23 02:08:54,839 - core.improved_signal_quality_system - ERROR - Erro ao fazer backup do candlestick Tweezer Bottom: table signal_backup_v2 has no column named signal_index_in_batch
2025-07-23 02:08:54,839 - core.improved_signal_quality_system - ERROR - Erro ao fazer backup do candlestick Tweezer Bottom: table signal_backup_v2 has no column named signal_index_in_batch
2025-07-23 02:08:54,839 - core.improved_signal_quality_system - ERROR - Erro ao fazer backup do candlestick Tweezer Bottom: table signal_backup_v2 has no column named signal_index_in_batch
2025-07-23 02:08:54,840 - core.improved_signal_quality_system - ERROR - Erro ao fazer backup do candlestick Tweezer Bottom: table signal_backup_v2 has no column named signal_index_in_batch
2025-07-23 02:08:54,840 - core.improved_signal_quality_system - ERROR - Erro ao fazer backup do candlestick Tweezer Top: table signal_backup_v2 has no column named signal_index_in_batch
2025-07-23 02:08:54,840 - core.improved_signal_quality_system - ERROR - Erro ao fazer backup do candlestick Tweezer Top: table signal_backup_v2 has no column named signal_index_in_batch
2025-07-23 02:08:54,840 - core.improved_signal_quality_system - ERROR - Erro ao fazer backup do candlestick Tweezer Top: table signal_backup_v2 has no column named signal_index_in_batch
2025-07-23 02:08:54,841 - core.improved_signal_quality_system - ERROR - Erro ao fazer backup do candlestick Tweezer Top: table signal_backup_v2 has no column named signal_index_in_batch
2025-07-23 02:08:54,841 - core.improved_signal_quality_system - ERROR - Erro ao fazer backup do candlestick Tweezer Bottom: table signal_backup_v2 has no column named signal_index_in_batch
2025-07-23 02:08:54,841 - core.improved_signal_quality_system - ERROR - Erro ao fazer backup do candlestick Tweezer Bottom: table signal_backup_v2 has no column named signal_index_in_batch
2025-07-23 02:08:54,842 - core.improved_signal_quality_system - ERROR - Erro ao fazer backup do candlestick Tweezer Bottom: table signal_backup_v2 has no column named signal_index_in_batch
2025-07-23 02:08:54,842 - core.improved_signal_quality_system - ERROR - Erro ao fazer backup do candlestick Tweezer Bottom: table signal_backup_v2 has no column named signal_index_in_batch
2025-07-23 02:08:54,842 - core.improved_signal_quality_system - ERROR - Erro ao fazer backup do candlestick Tweezer Bottom: table signal_backup_v2 has no column named signal_index_in_batch
2025-07-23 02:08:54,843 - core.improved_signal_quality_system - ERROR - Erro ao fazer backup do candlestick Tweezer Bottom: table signal_backup_v2 has no column named signal_index_in_batch
2025-07-23 02:08:54,843 - core.improved_signal_quality_system - ERROR - Erro ao fazer backup do candlestick Tweezer Bottom: table signal_backup_v2 has no column named signal_index_in_batch
2025-07-23 02:08:54,843 - core.improved_signal_quality_system - ERROR - Erro ao fazer backup do candlestick Tweezer Bottom: table signal_backup_v2 has no column named signal_index_in_batch
2025-07-23 02:08:54,843 - core.improved_signal_quality_system - ERROR - Erro ao fazer backup do candlestick Tweezer Bottom: table signal_backup_v2 has no column named signal_index_in_batch
2025-07-23 02:08:54,844 - core.improved_signal_quality_system - ERROR - Erro ao fazer backup do candlestick Tweezer Bottom: table signal_backup_v2 has no column named signal_index_in_batch
2025-07-23 02:08:54,844 - core.improved_signal_quality_system - ERROR - Erro ao fazer backup do candlestick Tweezer Bottom: table signal_backup_v2 has no column named signal_index_in_batch
2025-07-23 02:08:54,844 - core.improved_signal_quality_system - ERROR - Erro ao fazer backup do candlestick Tweezer Bottom: table signal_backup_v2 has no column named signal_index_in_batch
2025-07-23 02:08:54,844 - core.improved_signal_quality_system - ERROR - Erro ao fazer backup do candlestick Stick Sandwich: table signal_backup_v2 has no column named signal_index_in_batch
2025-07-23 02:08:54,845 - core.improved_signal_quality_system - ERROR - Erro ao fazer backup do candlestick Stick Sandwich: table signal_backup_v2 has no column named signal_index_in_batch
2025-07-23 02:08:54,845 - core.improved_signal_quality_system - ERROR - Erro ao fazer backup do candlestick Inverted Hammer: table signal_backup_v2 has no column named signal_index_in_batch
2025-07-23 02:08:54,845 - core.analyzer - INFO - 🎯 Filtro rigoroso BTC: 0 → 0 sinais (eliminados: 0)
2025-07-23 02:08:54,845 - core.analyzer - INFO - ✓ BTC (2/8): 0 sinais em 0.9s
2025-07-23 02:08:54,947 - core.analyzer - INFO - Análise iniciada para: ENA
2025-07-23 02:08:54,961 - core.analyzer - ERROR - Erro na análise de ENA em 5m: 'NoneType' object has no attribute 'get'
2025-07-23 02:08:54,979 - indicators.patterns - INFO - Padrões para ENA: 0 selecionados
2025-07-23 02:08:55,677 - core.analyzer - INFO - 🛑 Análise interrompida pelo usuário
2025-07-23 02:09:46,963 - root - INFO - Iniciando Inicialização do analyzer...
2025-07-23 02:09:46,964 - root - INFO - Inicializando Trading Analyzer...
2025-07-23 02:09:46,964 - core.data_reader - INFO - DataReader inicializado (OTIMIZADO para 5m/15m).
2025-07-23 02:09:46,966 - core.signal_writer - INFO - EnhancedSignalWriter LÓGICA CORRIGIDA - 2 targets apenas
2025-07-23 02:09:46,967 - indicators.patterns - INFO - PatternAnalyzer SIMPLIFICADO - APENAS Double Top/Bottom
2025-07-23 02:09:46,967 - indicators.patterns - INFO - HeadAndShouldersDetector DESABILITADO conforme configuração
2025-07-23 02:09:46,967 - indicators.patterns - INFO - CupAndHandleDetector DESABILITADO conforme configuração
2025-07-23 02:09:46,968 - indicators.patterns - INFO - PatternAnalyzer SIMPLIFICADO - APENAS Double Top/Bottom
2025-07-23 02:09:46,968 - indicators.patterns - INFO - HeadAndShouldersDetector DESABILITADO conforme configuração
2025-07-23 02:09:46,968 - indicators.patterns - INFO - CupAndHandleDetector DESABILITADO conforme configuração
2025-07-23 02:09:46,970 - core.improved_signal_quality_system - INFO - 🗄️ Sistema de backup completo inicializado
2025-07-23 02:09:46,970 - core.improved_signal_quality_system - INFO - 🎯 Sistema RIGOROSO de qualidade inicializado
2025-07-23 02:09:46,971 - core.analyzer - INFO - 🎯 Sistema RIGOROSO de qualidade ativado
2025-07-23 02:09:46,971 - core.analyzer - INFO - MultiTimeframeAnalyzer OTIMIZADO inicializado:
2025-07-23 02:09:46,971 - core.analyzer - INFO -   • Timeframes ativos: ['5m', '15m']
2025-07-23 02:09:46,971 - core.analyzer - INFO -   • Qualidade: RIGOROUS
2025-07-23 02:09:46,972 - core.analyzer - INFO -   • Prioridade: 5m absoluta, 15m se não há 5m
2025-07-23 02:09:46,972 - core.analyzer - INFO -   • Backup: Completo (todos sinais + 43 candlesticks)
2025-07-23 02:09:46,972 - root - INFO - Trading Analyzer inicializado com sucesso
2025-07-23 02:09:46,972 - root - INFO - Inicialização do analyzer concluída em 0.0s
2025-07-23 02:09:46,973 - core.analyzer - INFO - 🚀 Iniciando análise contínua OTIMIZADA
2025-07-23 02:09:46,973 - core.analyzer - INFO - 🔍 Verificando símbolos com dados suficientes...
2025-07-23 02:09:46,973 - core.data_reader - INFO - Verificando 8 símbolos...
2025-07-23 02:09:47,399 - core.data_reader - INFO - ✅ Símbolos válidos: 8/8 - ['BNB', 'BTC', 'ENA', 'ETH', 'NEAR', 'SOL', 'SUI', 'IMX']
2025-07-23 02:09:47,400 - core.analyzer - INFO - ✅ Símbolos válidos: 8 - ['BNB', 'BTC', 'ENA', 'ETH', 'NEAR', 'SOL', 'SUI', 'IMX']
2025-07-23 02:09:47,400 - core.analyzer - INFO - ⏱️ Intervalo: 300s | Timeframes: APENAS 5m e 15m
2025-07-23 02:09:47,400 - core.analyzer - INFO - 🔄 Ciclo 1 iniciado
2025-07-23 02:09:47,402 - core.analyzer - INFO - Análise iniciada para: BNB
2025-07-23 02:09:47,421 - core.technical_stop_loss - INFO - 🔧 Stop Loss Inteligente usando configurações avançadas
2025-07-23 02:09:47,426 - core.technical_targets - INFO - 🎯 Targets Inteligentes usando configurações avançadas
2025-07-23 02:09:47,432 - core.analyzer - ERROR - Erro na análise de BNB em 5m: 'NoneType' object has no attribute 'get'
2025-07-23 02:09:47,448 - indicators.patterns - INFO - Padrões para BNB: 0 selecionados
2025-07-23 02:09:48,162 - core.improved_signal_quality_system - ERROR - Erro ao fazer backup do candlestick Bullish Engulfing: table signal_backup_v2 has no column named full_signal_data
2025-07-23 02:09:48,162 - core.improved_signal_quality_system - ERROR - Erro ao fazer backup do candlestick Bullish Engulfing: table signal_backup_v2 has no column named full_signal_data
2025-07-23 02:09:48,163 - core.improved_signal_quality_system - ERROR - Erro ao fazer backup do candlestick Bearish Engulfing: table signal_backup_v2 has no column named full_signal_data
2025-07-23 02:09:48,163 - core.improved_signal_quality_system - ERROR - Erro ao fazer backup do candlestick Bullish Engulfing: table signal_backup_v2 has no column named full_signal_data
2025-07-23 02:09:48,163 - core.improved_signal_quality_system - ERROR - Erro ao fazer backup do candlestick Bullish Engulfing: table signal_backup_v2 has no column named full_signal_data
2025-07-23 02:09:48,164 - core.improved_signal_quality_system - ERROR - Erro ao fazer backup do candlestick Bullish Engulfing: table signal_backup_v2 has no column named full_signal_data
2025-07-23 02:09:48,164 - core.improved_signal_quality_system - ERROR - Erro ao fazer backup do candlestick Bearish Engulfing: table signal_backup_v2 has no column named full_signal_data
2025-07-23 02:09:48,165 - core.improved_signal_quality_system - ERROR - Erro ao fazer backup do candlestick Three Outside Up: table signal_backup_v2 has no column named full_signal_data
2025-07-23 02:09:48,166 - core.improved_signal_quality_system - ERROR - Erro ao fazer backup do candlestick Three Outside Up: table signal_backup_v2 has no column named full_signal_data
2025-07-23 02:09:48,167 - core.improved_signal_quality_system - ERROR - Erro ao fazer backup do candlestick Three Outside Up: table signal_backup_v2 has no column named full_signal_data
2025-07-23 02:09:48,167 - core.improved_signal_quality_system - ERROR - Erro ao fazer backup do candlestick Three Outside Down: table signal_backup_v2 has no column named full_signal_data
2025-07-23 02:09:48,167 - core.improved_signal_quality_system - ERROR - Erro ao fazer backup do candlestick Gravestone Doji: table signal_backup_v2 has no column named full_signal_data
2025-07-23 02:09:48,168 - core.improved_signal_quality_system - ERROR - Erro ao fazer backup do candlestick Shooting Star: table signal_backup_v2 has no column named full_signal_data
2025-07-23 02:09:48,168 - core.improved_signal_quality_system - ERROR - Erro ao fazer backup do candlestick Hammer: table signal_backup_v2 has no column named full_signal_data
2025-07-23 02:09:48,168 - core.improved_signal_quality_system - ERROR - Erro ao fazer backup do candlestick Hanging Man: table signal_backup_v2 has no column named full_signal_data
2025-07-23 02:09:48,169 - core.improved_signal_quality_system - ERROR - Erro ao fazer backup do candlestick Hanging Man: table signal_backup_v2 has no column named full_signal_data
2025-07-23 02:09:48,169 - core.improved_signal_quality_system - ERROR - Erro ao fazer backup do candlestick Tweezer Top: table signal_backup_v2 has no column named full_signal_data
2025-07-23 02:09:48,169 - core.improved_signal_quality_system - ERROR - Erro ao fazer backup do candlestick Tweezer Top: table signal_backup_v2 has no column named full_signal_data
2025-07-23 02:09:48,170 - core.improved_signal_quality_system - ERROR - Erro ao fazer backup do candlestick Tweezer Top: table signal_backup_v2 has no column named full_signal_data
2025-07-23 02:09:48,170 - core.improved_signal_quality_system - ERROR - Erro ao fazer backup do candlestick Tweezer Top: table signal_backup_v2 has no column named full_signal_data
2025-07-23 02:09:48,170 - core.improved_signal_quality_system - ERROR - Erro ao fazer backup do candlestick Tweezer Top: table signal_backup_v2 has no column named full_signal_data
2025-07-23 02:09:48,171 - core.improved_signal_quality_system - ERROR - Erro ao fazer backup do candlestick Tweezer Top: table signal_backup_v2 has no column named full_signal_data
2025-07-23 02:09:48,171 - core.improved_signal_quality_system - ERROR - Erro ao fazer backup do candlestick Tweezer Bottom: table signal_backup_v2 has no column named full_signal_data
2025-07-23 02:09:48,171 - core.improved_signal_quality_system - ERROR - Erro ao fazer backup do candlestick Tweezer Top: table signal_backup_v2 has no column named full_signal_data
2025-07-23 02:09:48,172 - core.improved_signal_quality_system - ERROR - Erro ao fazer backup do candlestick Tweezer Bottom: table signal_backup_v2 has no column named full_signal_data
2025-07-23 02:09:48,172 - core.improved_signal_quality_system - ERROR - Erro ao fazer backup do candlestick Tweezer Top: table signal_backup_v2 has no column named full_signal_data
2025-07-23 02:09:48,172 - core.improved_signal_quality_system - ERROR - Erro ao fazer backup do candlestick Tweezer Top: table signal_backup_v2 has no column named full_signal_data
2025-07-23 02:09:48,173 - core.improved_signal_quality_system - ERROR - Erro ao fazer backup do candlestick Tweezer Top: table signal_backup_v2 has no column named full_signal_data
2025-07-23 02:09:48,173 - core.improved_signal_quality_system - ERROR - Erro ao fazer backup do candlestick Tweezer Top: table signal_backup_v2 has no column named full_signal_data
2025-07-23 02:09:48,173 - core.improved_signal_quality_system - ERROR - Erro ao fazer backup do candlestick Tweezer Top: table signal_backup_v2 has no column named full_signal_data
2025-07-23 02:09:48,174 - core.improved_signal_quality_system - ERROR - Erro ao fazer backup do candlestick Tweezer Top: table signal_backup_v2 has no column named full_signal_data
2025-07-23 02:09:48,174 - core.improved_signal_quality_system - ERROR - Erro ao fazer backup do candlestick Tweezer Top: table signal_backup_v2 has no column named full_signal_data
2025-07-23 02:09:48,174 - core.improved_signal_quality_system - ERROR - Erro ao fazer backup do candlestick Tweezer Top: table signal_backup_v2 has no column named full_signal_data
2025-07-23 02:09:48,175 - core.improved_signal_quality_system - ERROR - Erro ao fazer backup do candlestick Tweezer Top: table signal_backup_v2 has no column named full_signal_data
2025-07-23 02:09:48,175 - core.improved_signal_quality_system - ERROR - Erro ao fazer backup do candlestick Tweezer Top: table signal_backup_v2 has no column named full_signal_data
2025-07-23 02:09:48,175 - core.improved_signal_quality_system - ERROR - Erro ao fazer backup do candlestick Tweezer Bottom: table signal_backup_v2 has no column named full_signal_data
2025-07-23 02:09:48,176 - core.improved_signal_quality_system - ERROR - Erro ao fazer backup do candlestick Tweezer Top: table signal_backup_v2 has no column named full_signal_data
2025-07-23 02:09:48,176 - core.improved_signal_quality_system - ERROR - Erro ao fazer backup do candlestick Tweezer Top: table signal_backup_v2 has no column named full_signal_data
2025-07-23 02:09:48,176 - core.improved_signal_quality_system - ERROR - Erro ao fazer backup do candlestick Tweezer Bottom: table signal_backup_v2 has no column named full_signal_data
2025-07-23 02:09:48,177 - core.improved_signal_quality_system - ERROR - Erro ao fazer backup do candlestick Tweezer Bottom: table signal_backup_v2 has no column named full_signal_data
2025-07-23 02:09:48,177 - core.improved_signal_quality_system - ERROR - Erro ao fazer backup do candlestick Tweezer Top: table signal_backup_v2 has no column named full_signal_data
2025-07-23 02:09:48,177 - core.improved_signal_quality_system - ERROR - Erro ao fazer backup do candlestick Stick Sandwich: table signal_backup_v2 has no column named full_signal_data
2025-07-23 02:09:48,178 - core.improved_signal_quality_system - ERROR - Erro ao fazer backup do candlestick Stick Sandwich: table signal_backup_v2 has no column named full_signal_data
2025-07-23 02:09:48,179 - core.improved_signal_quality_system - ERROR - Erro ao fazer backup do candlestick Stick Sandwich: table signal_backup_v2 has no column named full_signal_data
2025-07-23 02:09:48,179 - core.improved_signal_quality_system - ERROR - Erro ao fazer backup do candlestick Inverted Hammer: table signal_backup_v2 has no column named full_signal_data
2025-07-23 02:09:48,179 - core.improved_signal_quality_system - ERROR - Erro ao fazer backup do candlestick Advance Block: table signal_backup_v2 has no column named full_signal_data
2025-07-23 02:09:48,179 - core.improved_signal_quality_system - ERROR - Erro ao fazer backup do candlestick Advance Block: table signal_backup_v2 has no column named full_signal_data
2025-07-23 02:09:48,180 - core.improved_signal_quality_system - ERROR - Erro ao fazer backup do candlestick Advance Block: table signal_backup_v2 has no column named full_signal_data
2025-07-23 02:09:48,180 - core.analyzer - INFO - 🎯 Filtro rigoroso BNB: 0 → 0 sinais (eliminados: 0)
2025-07-23 02:09:48,180 - core.analyzer - INFO - ✓ BNB (1/8): 0 sinais em 0.8s
2025-07-23 02:09:48,282 - core.analyzer - INFO - Análise iniciada para: BTC
2025-07-23 02:09:48,297 - core.analyzer - ERROR - Erro na análise de BTC em 5m: 'NoneType' object has no attribute 'get'
2025-07-23 02:09:48,315 - indicators.patterns - INFO - Padrões para BTC: 0 selecionados
2025-07-23 02:09:49,114 - core.improved_signal_quality_system - ERROR - Erro ao fazer backup do candlestick Bullish Engulfing: table signal_backup_v2 has no column named full_signal_data
2025-07-23 02:09:49,115 - core.improved_signal_quality_system - ERROR - Erro ao fazer backup do candlestick Three Outside Up: table signal_backup_v2 has no column named full_signal_data
2025-07-23 02:09:49,115 - core.improved_signal_quality_system - ERROR - Erro ao fazer backup do candlestick Hammer: table signal_backup_v2 has no column named full_signal_data
2025-07-23 02:09:49,116 - core.improved_signal_quality_system - ERROR - Erro ao fazer backup do candlestick Shooting Star: table signal_backup_v2 has no column named full_signal_data
2025-07-23 02:09:49,116 - core.improved_signal_quality_system - ERROR - Erro ao fazer backup do candlestick White Marubozu: table signal_backup_v2 has no column named full_signal_data
2025-07-23 02:09:49,116 - core.improved_signal_quality_system - ERROR - Erro ao fazer backup do candlestick Black Marubozu: table signal_backup_v2 has no column named full_signal_data
2025-07-23 02:09:49,117 - core.improved_signal_quality_system - ERROR - Erro ao fazer backup do candlestick Tweezer Top: table signal_backup_v2 has no column named full_signal_data
2025-07-23 02:09:49,118 - core.improved_signal_quality_system - ERROR - Erro ao fazer backup do candlestick Tweezer Top: table signal_backup_v2 has no column named full_signal_data
2025-07-23 02:09:49,119 - core.improved_signal_quality_system - ERROR - Erro ao fazer backup do candlestick Tweezer Top: table signal_backup_v2 has no column named full_signal_data
2025-07-23 02:09:49,119 - core.improved_signal_quality_system - ERROR - Erro ao fazer backup do candlestick Tweezer Top: table signal_backup_v2 has no column named full_signal_data
2025-07-23 02:09:49,120 - core.improved_signal_quality_system - ERROR - Erro ao fazer backup do candlestick Tweezer Top: table signal_backup_v2 has no column named full_signal_data
2025-07-23 02:09:49,120 - core.improved_signal_quality_system - ERROR - Erro ao fazer backup do candlestick Tweezer Top: table signal_backup_v2 has no column named full_signal_data
2025-07-23 02:09:49,120 - core.improved_signal_quality_system - ERROR - Erro ao fazer backup do candlestick Tweezer Top: table signal_backup_v2 has no column named full_signal_data
2025-07-23 02:09:49,121 - core.improved_signal_quality_system - ERROR - Erro ao fazer backup do candlestick Tweezer Top: table signal_backup_v2 has no column named full_signal_data
2025-07-23 02:09:49,121 - core.improved_signal_quality_system - ERROR - Erro ao fazer backup do candlestick Tweezer Bottom: table signal_backup_v2 has no column named full_signal_data
2025-07-23 02:09:49,121 - core.improved_signal_quality_system - ERROR - Erro ao fazer backup do candlestick Tweezer Bottom: table signal_backup_v2 has no column named full_signal_data
2025-07-23 02:09:49,122 - core.improved_signal_quality_system - ERROR - Erro ao fazer backup do candlestick Tweezer Top: table signal_backup_v2 has no column named full_signal_data
2025-07-23 02:09:49,122 - core.improved_signal_quality_system - ERROR - Erro ao fazer backup do candlestick Tweezer Top: table signal_backup_v2 has no column named full_signal_data
2025-07-23 02:09:49,122 - core.improved_signal_quality_system - ERROR - Erro ao fazer backup do candlestick Tweezer Top: table signal_backup_v2 has no column named full_signal_data
2025-07-23 02:09:49,123 - core.improved_signal_quality_system - ERROR - Erro ao fazer backup do candlestick Tweezer Top: table signal_backup_v2 has no column named full_signal_data
2025-07-23 02:09:49,123 - core.improved_signal_quality_system - ERROR - Erro ao fazer backup do candlestick Tweezer Top: table signal_backup_v2 has no column named full_signal_data
2025-07-23 02:09:49,124 - core.improved_signal_quality_system - ERROR - Erro ao fazer backup do candlestick Tweezer Top: table signal_backup_v2 has no column named full_signal_data
2025-07-23 02:09:49,124 - core.improved_signal_quality_system - ERROR - Erro ao fazer backup do candlestick Tweezer Top: table signal_backup_v2 has no column named full_signal_data
2025-07-23 02:09:49,124 - core.improved_signal_quality_system - ERROR - Erro ao fazer backup do candlestick Tweezer Bottom: table signal_backup_v2 has no column named full_signal_data
2025-07-23 02:09:49,125 - core.improved_signal_quality_system - ERROR - Erro ao fazer backup do candlestick Tweezer Bottom: table signal_backup_v2 has no column named full_signal_data
2025-07-23 02:09:49,125 - core.improved_signal_quality_system - ERROR - Erro ao fazer backup do candlestick Tweezer Bottom: table signal_backup_v2 has no column named full_signal_data
2025-07-23 02:09:49,125 - core.improved_signal_quality_system - ERROR - Erro ao fazer backup do candlestick Tweezer Bottom: table signal_backup_v2 has no column named full_signal_data
2025-07-23 02:09:49,126 - core.improved_signal_quality_system - ERROR - Erro ao fazer backup do candlestick Tweezer Top: table signal_backup_v2 has no column named full_signal_data
2025-07-23 02:09:49,126 - core.improved_signal_quality_system - ERROR - Erro ao fazer backup do candlestick Tweezer Top: table signal_backup_v2 has no column named full_signal_data
2025-07-23 02:09:49,127 - core.improved_signal_quality_system - ERROR - Erro ao fazer backup do candlestick Tweezer Top: table signal_backup_v2 has no column named full_signal_data
2025-07-23 02:09:49,127 - core.improved_signal_quality_system - ERROR - Erro ao fazer backup do candlestick Tweezer Top: table signal_backup_v2 has no column named full_signal_data
2025-07-23 02:09:49,128 - core.improved_signal_quality_system - ERROR - Erro ao fazer backup do candlestick Tweezer Bottom: table signal_backup_v2 has no column named full_signal_data
2025-07-23 02:09:49,128 - core.improved_signal_quality_system - ERROR - Erro ao fazer backup do candlestick Tweezer Bottom: table signal_backup_v2 has no column named full_signal_data
2025-07-23 02:09:49,128 - core.improved_signal_quality_system - ERROR - Erro ao fazer backup do candlestick Tweezer Bottom: table signal_backup_v2 has no column named full_signal_data
2025-07-23 02:09:49,129 - core.improved_signal_quality_system - ERROR - Erro ao fazer backup do candlestick Tweezer Bottom: table signal_backup_v2 has no column named full_signal_data
2025-07-23 02:09:49,129 - core.improved_signal_quality_system - ERROR - Erro ao fazer backup do candlestick Tweezer Bottom: table signal_backup_v2 has no column named full_signal_data
2025-07-23 02:09:49,129 - core.improved_signal_quality_system - ERROR - Erro ao fazer backup do candlestick Tweezer Bottom: table signal_backup_v2 has no column named full_signal_data
2025-07-23 02:09:49,130 - core.improved_signal_quality_system - ERROR - Erro ao fazer backup do candlestick Tweezer Bottom: table signal_backup_v2 has no column named full_signal_data
2025-07-23 02:09:49,130 - core.improved_signal_quality_system - ERROR - Erro ao fazer backup do candlestick Tweezer Bottom: table signal_backup_v2 has no column named full_signal_data
2025-07-23 02:09:49,130 - core.improved_signal_quality_system - ERROR - Erro ao fazer backup do candlestick Tweezer Bottom: table signal_backup_v2 has no column named full_signal_data
2025-07-23 02:09:49,131 - core.improved_signal_quality_system - ERROR - Erro ao fazer backup do candlestick Tweezer Bottom: table signal_backup_v2 has no column named full_signal_data
2025-07-23 02:09:49,131 - core.improved_signal_quality_system - ERROR - Erro ao fazer backup do candlestick Tweezer Bottom: table signal_backup_v2 has no column named full_signal_data
2025-07-23 02:09:49,131 - core.improved_signal_quality_system - ERROR - Erro ao fazer backup do candlestick Tweezer Bottom: table signal_backup_v2 has no column named full_signal_data
2025-07-23 02:09:49,131 - core.improved_signal_quality_system - ERROR - Erro ao fazer backup do candlestick Stick Sandwich: table signal_backup_v2 has no column named full_signal_data
2025-07-23 02:09:49,132 - core.improved_signal_quality_system - ERROR - Erro ao fazer backup do candlestick Stick Sandwich: table signal_backup_v2 has no column named full_signal_data
2025-07-23 02:09:49,132 - core.improved_signal_quality_system - ERROR - Erro ao fazer backup do candlestick Inverted Hammer: table signal_backup_v2 has no column named full_signal_data
2025-07-23 02:09:49,132 - core.analyzer - INFO - 🎯 Filtro rigoroso BTC: 0 → 0 sinais (eliminados: 0)
2025-07-23 02:09:49,132 - core.analyzer - INFO - ✓ BTC (2/8): 0 sinais em 0.9s
2025-07-23 02:09:49,234 - core.analyzer - INFO - Análise iniciada para: ENA
2025-07-23 02:09:49,248 - core.analyzer - ERROR - Erro na análise de ENA em 5m: 'NoneType' object has no attribute 'get'
2025-07-23 02:09:49,266 - indicators.patterns - INFO - Padrões para ENA: 0 selecionados
2025-07-23 02:09:49,955 - core.analyzer - INFO - 🛑 Análise interrompida pelo usuário
2025-07-23 02:10:29,154 - root - INFO - Iniciando Inicialização do analyzer...
2025-07-23 02:10:29,154 - root - INFO - Inicializando Trading Analyzer...
2025-07-23 02:10:29,154 - core.data_reader - INFO - DataReader inicializado (OTIMIZADO para 5m/15m).
2025-07-23 02:10:29,165 - core.signal_writer - INFO - EnhancedSignalWriter LÓGICA CORRIGIDA - 2 targets apenas
2025-07-23 02:10:29,166 - indicators.patterns - INFO - PatternAnalyzer SIMPLIFICADO - APENAS Double Top/Bottom
2025-07-23 02:10:29,166 - indicators.patterns - INFO - HeadAndShouldersDetector DESABILITADO conforme configuração
2025-07-23 02:10:29,166 - indicators.patterns - INFO - CupAndHandleDetector DESABILITADO conforme configuração
2025-07-23 02:10:29,167 - indicators.patterns - INFO - PatternAnalyzer SIMPLIFICADO - APENAS Double Top/Bottom
2025-07-23 02:10:29,167 - indicators.patterns - INFO - HeadAndShouldersDetector DESABILITADO conforme configuração
2025-07-23 02:10:29,167 - indicators.patterns - INFO - CupAndHandleDetector DESABILITADO conforme configuração
2025-07-23 02:10:29,168 - core.improved_signal_quality_system - INFO - 🗄️ Sistema de backup completo inicializado
2025-07-23 02:10:29,168 - core.improved_signal_quality_system - INFO - 🎯 Sistema RIGOROSO de qualidade inicializado
2025-07-23 02:10:29,169 - core.analyzer - INFO - 🎯 Sistema RIGOROSO de qualidade ativado
2025-07-23 02:10:29,169 - core.analyzer - INFO - MultiTimeframeAnalyzer OTIMIZADO inicializado:
2025-07-23 02:10:29,169 - core.analyzer - INFO -   • Timeframes ativos: ['5m', '15m']
2025-07-23 02:10:29,169 - core.analyzer - INFO -   • Qualidade: RIGOROUS
2025-07-23 02:10:29,169 - core.analyzer - INFO -   • Prioridade: 5m absoluta, 15m se não há 5m
2025-07-23 02:10:29,170 - core.analyzer - INFO -   • Backup: Completo (todos sinais + 43 candlesticks)
2025-07-23 02:10:29,170 - root - INFO - Trading Analyzer inicializado com sucesso
2025-07-23 02:10:29,170 - root - INFO - Inicialização do analyzer concluída em 0.0s
2025-07-23 02:10:29,170 - core.analyzer - INFO - 🚀 Iniciando análise contínua OTIMIZADA
2025-07-23 02:10:29,171 - core.analyzer - INFO - 🔍 Verificando símbolos com dados suficientes...
2025-07-23 02:10:29,171 - core.data_reader - INFO - Verificando 8 símbolos...
2025-07-23 02:10:29,598 - core.data_reader - INFO - ✅ Símbolos válidos: 8/8 - ['BNB', 'BTC', 'ENA', 'ETH', 'NEAR', 'SOL', 'SUI', 'IMX']
2025-07-23 02:10:29,598 - core.analyzer - INFO - ✅ Símbolos válidos: 8 - ['BNB', 'BTC', 'ENA', 'ETH', 'NEAR', 'SOL', 'SUI', 'IMX']
2025-07-23 02:10:29,598 - core.analyzer - INFO - ⏱️ Intervalo: 300s | Timeframes: APENAS 5m e 15m
2025-07-23 02:10:29,598 - core.analyzer - INFO - 🔄 Ciclo 1 iniciado
2025-07-23 02:10:29,600 - core.analyzer - INFO - Análise iniciada para: BNB
2025-07-23 02:10:29,620 - core.technical_stop_loss - INFO - 🔧 Stop Loss Inteligente usando configurações avançadas
2025-07-23 02:10:29,629 - core.technical_targets - INFO - 🎯 Targets Inteligentes usando configurações avançadas
2025-07-23 02:10:29,633 - core.analyzer - ERROR - Erro na análise de BNB em 5m: 'NoneType' object has no attribute 'get'
2025-07-23 02:10:29,650 - indicators.patterns - INFO - Padrões para BNB: 0 selecionados
2025-07-23 02:10:30,453 - core.improved_signal_quality_system - ERROR - Erro ao fazer backup do candlestick Bullish Engulfing: table signal_backup_v2 has no column named pattern_reliability
2025-07-23 02:10:30,454 - core.improved_signal_quality_system - ERROR - Erro ao fazer backup do candlestick Bullish Engulfing: table signal_backup_v2 has no column named pattern_reliability
2025-07-23 02:10:30,454 - core.improved_signal_quality_system - ERROR - Erro ao fazer backup do candlestick Bearish Engulfing: table signal_backup_v2 has no column named pattern_reliability
2025-07-23 02:10:30,455 - core.improved_signal_quality_system - ERROR - Erro ao fazer backup do candlestick Bullish Engulfing: table signal_backup_v2 has no column named pattern_reliability
2025-07-23 02:10:30,455 - core.improved_signal_quality_system - ERROR - Erro ao fazer backup do candlestick Bullish Engulfing: table signal_backup_v2 has no column named pattern_reliability
2025-07-23 02:10:30,455 - core.improved_signal_quality_system - ERROR - Erro ao fazer backup do candlestick Bullish Engulfing: table signal_backup_v2 has no column named pattern_reliability
2025-07-23 02:10:30,456 - core.improved_signal_quality_system - ERROR - Erro ao fazer backup do candlestick Bearish Engulfing: table signal_backup_v2 has no column named pattern_reliability
2025-07-23 02:10:30,457 - core.improved_signal_quality_system - ERROR - Erro ao fazer backup do candlestick Three Outside Up: table signal_backup_v2 has no column named pattern_reliability
2025-07-23 02:10:30,457 - core.improved_signal_quality_system - ERROR - Erro ao fazer backup do candlestick Three Outside Up: table signal_backup_v2 has no column named pattern_reliability
2025-07-23 02:10:30,458 - core.improved_signal_quality_system - ERROR - Erro ao fazer backup do candlestick Three Outside Up: table signal_backup_v2 has no column named pattern_reliability
2025-07-23 02:10:30,458 - core.improved_signal_quality_system - ERROR - Erro ao fazer backup do candlestick Three Outside Down: table signal_backup_v2 has no column named pattern_reliability
2025-07-23 02:10:30,459 - core.improved_signal_quality_system - ERROR - Erro ao fazer backup do candlestick Gravestone Doji: table signal_backup_v2 has no column named pattern_reliability
2025-07-23 02:10:30,459 - core.improved_signal_quality_system - ERROR - Erro ao fazer backup do candlestick Shooting Star: table signal_backup_v2 has no column named pattern_reliability
2025-07-23 02:10:30,459 - core.improved_signal_quality_system - ERROR - Erro ao fazer backup do candlestick Hammer: table signal_backup_v2 has no column named pattern_reliability
2025-07-23 02:10:30,459 - core.improved_signal_quality_system - ERROR - Erro ao fazer backup do candlestick Hanging Man: table signal_backup_v2 has no column named pattern_reliability
2025-07-23 02:10:30,460 - core.improved_signal_quality_system - ERROR - Erro ao fazer backup do candlestick Hanging Man: table signal_backup_v2 has no column named pattern_reliability
2025-07-23 02:10:30,460 - core.improved_signal_quality_system - ERROR - Erro ao fazer backup do candlestick Tweezer Top: table signal_backup_v2 has no column named pattern_reliability
2025-07-23 02:10:30,460 - core.improved_signal_quality_system - ERROR - Erro ao fazer backup do candlestick Tweezer Top: table signal_backup_v2 has no column named pattern_reliability
2025-07-23 02:10:30,460 - core.improved_signal_quality_system - ERROR - Erro ao fazer backup do candlestick Tweezer Top: table signal_backup_v2 has no column named pattern_reliability
2025-07-23 02:10:30,460 - core.improved_signal_quality_system - ERROR - Erro ao fazer backup do candlestick Tweezer Top: table signal_backup_v2 has no column named pattern_reliability
2025-07-23 02:10:30,461 - core.improved_signal_quality_system - ERROR - Erro ao fazer backup do candlestick Tweezer Top: table signal_backup_v2 has no column named pattern_reliability
2025-07-23 02:10:30,461 - core.improved_signal_quality_system - ERROR - Erro ao fazer backup do candlestick Tweezer Top: table signal_backup_v2 has no column named pattern_reliability
2025-07-23 02:10:30,461 - core.improved_signal_quality_system - ERROR - Erro ao fazer backup do candlestick Tweezer Bottom: table signal_backup_v2 has no column named pattern_reliability
2025-07-23 02:10:30,461 - core.improved_signal_quality_system - ERROR - Erro ao fazer backup do candlestick Tweezer Top: table signal_backup_v2 has no column named pattern_reliability
2025-07-23 02:10:30,462 - core.improved_signal_quality_system - ERROR - Erro ao fazer backup do candlestick Tweezer Bottom: table signal_backup_v2 has no column named pattern_reliability
2025-07-23 02:10:30,462 - core.improved_signal_quality_system - ERROR - Erro ao fazer backup do candlestick Tweezer Top: table signal_backup_v2 has no column named pattern_reliability
2025-07-23 02:10:30,462 - core.improved_signal_quality_system - ERROR - Erro ao fazer backup do candlestick Tweezer Top: table signal_backup_v2 has no column named pattern_reliability
2025-07-23 02:10:30,462 - core.improved_signal_quality_system - ERROR - Erro ao fazer backup do candlestick Tweezer Top: table signal_backup_v2 has no column named pattern_reliability
2025-07-23 02:10:30,462 - core.improved_signal_quality_system - ERROR - Erro ao fazer backup do candlestick Tweezer Top: table signal_backup_v2 has no column named pattern_reliability
2025-07-23 02:10:30,463 - core.improved_signal_quality_system - ERROR - Erro ao fazer backup do candlestick Tweezer Top: table signal_backup_v2 has no column named pattern_reliability
2025-07-23 02:10:30,463 - core.improved_signal_quality_system - ERROR - Erro ao fazer backup do candlestick Tweezer Top: table signal_backup_v2 has no column named pattern_reliability
2025-07-23 02:10:30,463 - core.improved_signal_quality_system - ERROR - Erro ao fazer backup do candlestick Tweezer Top: table signal_backup_v2 has no column named pattern_reliability
2025-07-23 02:10:30,463 - core.improved_signal_quality_system - ERROR - Erro ao fazer backup do candlestick Tweezer Top: table signal_backup_v2 has no column named pattern_reliability
2025-07-23 02:10:30,463 - core.improved_signal_quality_system - ERROR - Erro ao fazer backup do candlestick Tweezer Top: table signal_backup_v2 has no column named pattern_reliability
2025-07-23 02:10:30,464 - core.improved_signal_quality_system - ERROR - Erro ao fazer backup do candlestick Tweezer Top: table signal_backup_v2 has no column named pattern_reliability
2025-07-23 02:10:30,464 - core.improved_signal_quality_system - ERROR - Erro ao fazer backup do candlestick Tweezer Bottom: table signal_backup_v2 has no column named pattern_reliability
2025-07-23 02:10:30,464 - core.improved_signal_quality_system - ERROR - Erro ao fazer backup do candlestick Tweezer Top: table signal_backup_v2 has no column named pattern_reliability
2025-07-23 02:10:30,464 - core.improved_signal_quality_system - ERROR - Erro ao fazer backup do candlestick Tweezer Top: table signal_backup_v2 has no column named pattern_reliability
2025-07-23 02:10:30,465 - core.improved_signal_quality_system - ERROR - Erro ao fazer backup do candlestick Tweezer Bottom: table signal_backup_v2 has no column named pattern_reliability
2025-07-23 02:10:30,465 - core.improved_signal_quality_system - ERROR - Erro ao fazer backup do candlestick Tweezer Bottom: table signal_backup_v2 has no column named pattern_reliability
2025-07-23 02:10:30,465 - core.improved_signal_quality_system - ERROR - Erro ao fazer backup do candlestick Tweezer Top: table signal_backup_v2 has no column named pattern_reliability
2025-07-23 02:10:30,466 - core.improved_signal_quality_system - ERROR - Erro ao fazer backup do candlestick Stick Sandwich: table signal_backup_v2 has no column named pattern_reliability
2025-07-23 02:10:30,466 - core.improved_signal_quality_system - ERROR - Erro ao fazer backup do candlestick Stick Sandwich: table signal_backup_v2 has no column named pattern_reliability
2025-07-23 02:10:30,466 - core.improved_signal_quality_system - ERROR - Erro ao fazer backup do candlestick Stick Sandwich: table signal_backup_v2 has no column named pattern_reliability
2025-07-23 02:10:30,467 - core.improved_signal_quality_system - ERROR - Erro ao fazer backup do candlestick Inverted Hammer: table signal_backup_v2 has no column named pattern_reliability
2025-07-23 02:10:30,467 - core.improved_signal_quality_system - ERROR - Erro ao fazer backup do candlestick Advance Block: table signal_backup_v2 has no column named pattern_reliability
2025-07-23 02:10:30,467 - core.improved_signal_quality_system - ERROR - Erro ao fazer backup do candlestick Advance Block: table signal_backup_v2 has no column named pattern_reliability
2025-07-23 02:10:30,467 - core.improved_signal_quality_system - ERROR - Erro ao fazer backup do candlestick Advance Block: table signal_backup_v2 has no column named pattern_reliability
2025-07-23 02:10:30,468 - core.analyzer - INFO - 🎯 Filtro rigoroso BNB: 0 → 0 sinais (eliminados: 0)
2025-07-23 02:10:30,468 - core.analyzer - INFO - ✓ BNB (1/8): 0 sinais em 0.9s
2025-07-23 02:10:30,570 - core.analyzer - INFO - Análise iniciada para: BTC
2025-07-23 02:10:30,584 - core.analyzer - ERROR - Erro na análise de BTC em 5m: 'NoneType' object has no attribute 'get'
2025-07-23 02:10:30,601 - indicators.patterns - INFO - Padrões para BTC: 0 selecionados
2025-07-23 02:10:31,289 - core.improved_signal_quality_system - ERROR - Erro ao fazer backup do candlestick Bullish Engulfing: table signal_backup_v2 has no column named pattern_reliability
2025-07-23 02:10:31,289 - core.improved_signal_quality_system - ERROR - Erro ao fazer backup do candlestick Three Outside Up: table signal_backup_v2 has no column named pattern_reliability
2025-07-23 02:10:31,289 - core.improved_signal_quality_system - ERROR - Erro ao fazer backup do candlestick Hammer: table signal_backup_v2 has no column named pattern_reliability
2025-07-23 02:10:31,290 - core.improved_signal_quality_system - ERROR - Erro ao fazer backup do candlestick Shooting Star: table signal_backup_v2 has no column named pattern_reliability
2025-07-23 02:10:31,290 - core.improved_signal_quality_system - ERROR - Erro ao fazer backup do candlestick White Marubozu: table signal_backup_v2 has no column named pattern_reliability
2025-07-23 02:10:31,291 - core.improved_signal_quality_system - ERROR - Erro ao fazer backup do candlestick Black Marubozu: table signal_backup_v2 has no column named pattern_reliability
2025-07-23 02:10:31,291 - core.improved_signal_quality_system - ERROR - Erro ao fazer backup do candlestick Tweezer Top: table signal_backup_v2 has no column named pattern_reliability
2025-07-23 02:10:31,292 - core.improved_signal_quality_system - ERROR - Erro ao fazer backup do candlestick Tweezer Top: table signal_backup_v2 has no column named pattern_reliability
2025-07-23 02:10:31,293 - core.improved_signal_quality_system - ERROR - Erro ao fazer backup do candlestick Tweezer Top: table signal_backup_v2 has no column named pattern_reliability
2025-07-23 02:10:31,294 - core.improved_signal_quality_system - ERROR - Erro ao fazer backup do candlestick Tweezer Top: table signal_backup_v2 has no column named pattern_reliability
2025-07-23 02:10:31,294 - core.improved_signal_quality_system - ERROR - Erro ao fazer backup do candlestick Tweezer Top: table signal_backup_v2 has no column named pattern_reliability
2025-07-23 02:10:31,294 - core.improved_signal_quality_system - ERROR - Erro ao fazer backup do candlestick Tweezer Top: table signal_backup_v2 has no column named pattern_reliability
2025-07-23 02:10:31,295 - core.improved_signal_quality_system - ERROR - Erro ao fazer backup do candlestick Tweezer Top: table signal_backup_v2 has no column named pattern_reliability
2025-07-23 02:10:31,295 - core.improved_signal_quality_system - ERROR - Erro ao fazer backup do candlestick Tweezer Top: table signal_backup_v2 has no column named pattern_reliability
2025-07-23 02:10:31,295 - core.improved_signal_quality_system - ERROR - Erro ao fazer backup do candlestick Tweezer Bottom: table signal_backup_v2 has no column named pattern_reliability
2025-07-23 02:10:31,296 - core.improved_signal_quality_system - ERROR - Erro ao fazer backup do candlestick Tweezer Bottom: table signal_backup_v2 has no column named pattern_reliability
2025-07-23 02:10:31,296 - core.improved_signal_quality_system - ERROR - Erro ao fazer backup do candlestick Tweezer Top: table signal_backup_v2 has no column named pattern_reliability
2025-07-23 02:10:31,296 - core.improved_signal_quality_system - ERROR - Erro ao fazer backup do candlestick Tweezer Top: table signal_backup_v2 has no column named pattern_reliability
2025-07-23 02:10:31,297 - core.improved_signal_quality_system - ERROR - Erro ao fazer backup do candlestick Tweezer Top: table signal_backup_v2 has no column named pattern_reliability
2025-07-23 02:10:31,297 - core.improved_signal_quality_system - ERROR - Erro ao fazer backup do candlestick Tweezer Top: table signal_backup_v2 has no column named pattern_reliability
2025-07-23 02:10:31,297 - core.improved_signal_quality_system - ERROR - Erro ao fazer backup do candlestick Tweezer Top: table signal_backup_v2 has no column named pattern_reliability
2025-07-23 02:10:31,297 - core.improved_signal_quality_system - ERROR - Erro ao fazer backup do candlestick Tweezer Top: table signal_backup_v2 has no column named pattern_reliability
2025-07-23 02:10:31,298 - core.improved_signal_quality_system - ERROR - Erro ao fazer backup do candlestick Tweezer Top: table signal_backup_v2 has no column named pattern_reliability
2025-07-23 02:10:31,298 - core.improved_signal_quality_system - ERROR - Erro ao fazer backup do candlestick Tweezer Bottom: table signal_backup_v2 has no column named pattern_reliability
2025-07-23 02:10:31,298 - core.improved_signal_quality_system - ERROR - Erro ao fazer backup do candlestick Tweezer Bottom: table signal_backup_v2 has no column named pattern_reliability
2025-07-23 02:10:31,299 - core.improved_signal_quality_system - ERROR - Erro ao fazer backup do candlestick Tweezer Bottom: table signal_backup_v2 has no column named pattern_reliability
2025-07-23 02:10:31,299 - core.improved_signal_quality_system - ERROR - Erro ao fazer backup do candlestick Tweezer Bottom: table signal_backup_v2 has no column named pattern_reliability
2025-07-23 02:10:31,299 - core.improved_signal_quality_system - ERROR - Erro ao fazer backup do candlestick Tweezer Top: table signal_backup_v2 has no column named pattern_reliability
2025-07-23 02:10:31,299 - core.improved_signal_quality_system - ERROR - Erro ao fazer backup do candlestick Tweezer Top: table signal_backup_v2 has no column named pattern_reliability
2025-07-23 02:10:31,300 - core.improved_signal_quality_system - ERROR - Erro ao fazer backup do candlestick Tweezer Top: table signal_backup_v2 has no column named pattern_reliability
2025-07-23 02:10:31,300 - core.improved_signal_quality_system - ERROR - Erro ao fazer backup do candlestick Tweezer Top: table signal_backup_v2 has no column named pattern_reliability
2025-07-23 02:10:31,300 - core.improved_signal_quality_system - ERROR - Erro ao fazer backup do candlestick Tweezer Bottom: table signal_backup_v2 has no column named pattern_reliability
2025-07-23 02:10:31,300 - core.improved_signal_quality_system - ERROR - Erro ao fazer backup do candlestick Tweezer Bottom: table signal_backup_v2 has no column named pattern_reliability
2025-07-23 02:10:31,301 - core.improved_signal_quality_system - ERROR - Erro ao fazer backup do candlestick Tweezer Bottom: table signal_backup_v2 has no column named pattern_reliability
2025-07-23 02:10:31,301 - core.improved_signal_quality_system - ERROR - Erro ao fazer backup do candlestick Tweezer Bottom: table signal_backup_v2 has no column named pattern_reliability
2025-07-23 02:10:31,301 - core.improved_signal_quality_system - ERROR - Erro ao fazer backup do candlestick Tweezer Bottom: table signal_backup_v2 has no column named pattern_reliability
2025-07-23 02:10:31,302 - core.improved_signal_quality_system - ERROR - Erro ao fazer backup do candlestick Tweezer Bottom: table signal_backup_v2 has no column named pattern_reliability
2025-07-23 02:10:31,302 - core.improved_signal_quality_system - ERROR - Erro ao fazer backup do candlestick Tweezer Bottom: table signal_backup_v2 has no column named pattern_reliability
2025-07-23 02:10:31,302 - core.improved_signal_quality_system - ERROR - Erro ao fazer backup do candlestick Tweezer Bottom: table signal_backup_v2 has no column named pattern_reliability
2025-07-23 02:10:31,303 - core.improved_signal_quality_system - ERROR - Erro ao fazer backup do candlestick Tweezer Bottom: table signal_backup_v2 has no column named pattern_reliability
2025-07-23 02:10:31,303 - core.improved_signal_quality_system - ERROR - Erro ao fazer backup do candlestick Tweezer Bottom: table signal_backup_v2 has no column named pattern_reliability
2025-07-23 02:10:31,303 - core.improved_signal_quality_system - ERROR - Erro ao fazer backup do candlestick Tweezer Bottom: table signal_backup_v2 has no column named pattern_reliability
2025-07-23 02:10:31,304 - core.improved_signal_quality_system - ERROR - Erro ao fazer backup do candlestick Tweezer Bottom: table signal_backup_v2 has no column named pattern_reliability
2025-07-23 02:10:31,304 - core.improved_signal_quality_system - ERROR - Erro ao fazer backup do candlestick Stick Sandwich: table signal_backup_v2 has no column named pattern_reliability
2025-07-23 02:10:31,304 - core.improved_signal_quality_system - ERROR - Erro ao fazer backup do candlestick Stick Sandwich: table signal_backup_v2 has no column named pattern_reliability
2025-07-23 02:10:31,304 - core.improved_signal_quality_system - ERROR - Erro ao fazer backup do candlestick Inverted Hammer: table signal_backup_v2 has no column named pattern_reliability
2025-07-23 02:10:31,305 - core.analyzer - INFO - 🎯 Filtro rigoroso BTC: 0 → 0 sinais (eliminados: 0)
2025-07-23 02:10:31,305 - core.analyzer - INFO - ✓ BTC (2/8): 0 sinais em 0.7s
2025-07-23 02:10:31,407 - core.analyzer - INFO - Análise iniciada para: ENA
2025-07-23 02:10:31,418 - core.analyzer - ERROR - Erro na análise de ENA em 5m: 'NoneType' object has no attribute 'get'
2025-07-23 02:10:31,433 - indicators.patterns - INFO - Padrões para ENA: 0 selecionados
2025-07-23 02:10:31,584 - core.analyzer - INFO - 🛑 Análise interrompida pelo usuário
2025-07-23 02:11:22,661 - root - INFO - Iniciando Inicialização do analyzer...
2025-07-23 02:11:22,662 - root - INFO - Inicializando Trading Analyzer...
2025-07-23 02:11:22,662 - core.data_reader - INFO - DataReader inicializado (OTIMIZADO para 5m/15m).
2025-07-23 02:11:22,665 - core.signal_writer - INFO - EnhancedSignalWriter LÓGICA CORRIGIDA - 2 targets apenas
2025-07-23 02:11:22,665 - indicators.patterns - INFO - PatternAnalyzer SIMPLIFICADO - APENAS Double Top/Bottom
2025-07-23 02:11:22,665 - indicators.patterns - INFO - HeadAndShouldersDetector DESABILITADO conforme configuração
2025-07-23 02:11:22,666 - indicators.patterns - INFO - CupAndHandleDetector DESABILITADO conforme configuração
2025-07-23 02:11:22,666 - indicators.patterns - INFO - PatternAnalyzer SIMPLIFICADO - APENAS Double Top/Bottom
2025-07-23 02:11:22,666 - indicators.patterns - INFO - HeadAndShouldersDetector DESABILITADO conforme configuração
2025-07-23 02:11:22,666 - indicators.patterns - INFO - CupAndHandleDetector DESABILITADO conforme configuração
2025-07-23 02:11:22,668 - core.improved_signal_quality_system - INFO - 🗄️ Sistema de backup completo inicializado
2025-07-23 02:11:22,668 - core.improved_signal_quality_system - INFO - 🎯 Sistema RIGOROSO de qualidade inicializado
2025-07-23 02:11:22,668 - core.analyzer - INFO - 🎯 Sistema RIGOROSO de qualidade ativado
2025-07-23 02:11:22,668 - core.analyzer - INFO - MultiTimeframeAnalyzer OTIMIZADO inicializado:
2025-07-23 02:11:22,669 - core.analyzer - INFO -   • Timeframes ativos: ['5m', '15m']
2025-07-23 02:11:22,669 - core.analyzer - INFO -   • Qualidade: RIGOROUS
2025-07-23 02:11:22,669 - core.analyzer - INFO -   • Prioridade: 5m absoluta, 15m se não há 5m
2025-07-23 02:11:22,669 - core.analyzer - INFO -   • Backup: Completo (todos sinais + 43 candlesticks)
2025-07-23 02:11:22,669 - root - INFO - Trading Analyzer inicializado com sucesso
2025-07-23 02:11:22,670 - root - INFO - Inicialização do analyzer concluída em 0.0s
2025-07-23 02:11:22,670 - core.analyzer - INFO - 🚀 Iniciando análise contínua OTIMIZADA
2025-07-23 02:11:22,670 - core.analyzer - INFO - 🔍 Verificando símbolos com dados suficientes...
2025-07-23 02:11:22,671 - core.data_reader - INFO - Verificando 8 símbolos...
2025-07-23 02:11:23,110 - core.data_reader - INFO - ✅ Símbolos válidos: 8/8 - ['BNB', 'BTC', 'ENA', 'ETH', 'NEAR', 'SOL', 'SUI', 'IMX']
2025-07-23 02:11:23,110 - core.analyzer - INFO - ✅ Símbolos válidos: 8 - ['BNB', 'BTC', 'ENA', 'ETH', 'NEAR', 'SOL', 'SUI', 'IMX']
2025-07-23 02:11:23,111 - core.analyzer - INFO - ⏱️ Intervalo: 300s | Timeframes: APENAS 5m e 15m
2025-07-23 02:11:23,111 - core.analyzer - INFO - 🔄 Ciclo 1 iniciado
2025-07-23 02:11:23,114 - core.analyzer - INFO - Análise iniciada para: BNB
2025-07-23 02:11:23,143 - core.analyzer - ERROR - Erro na análise de BNB em 5m: 'NoneType' object has no attribute 'get'
2025-07-23 02:11:23,160 - indicators.patterns - INFO - Padrões para BNB: 0 selecionados
2025-07-23 02:11:23,858 - core.improved_signal_quality_system - ERROR - Erro ao fazer backup do candlestick Bullish Engulfing: table signal_backup_v2 has no column named pattern_position
2025-07-23 02:11:23,859 - core.improved_signal_quality_system - ERROR - Erro ao fazer backup do candlestick Bullish Engulfing: table signal_backup_v2 has no column named pattern_position
2025-07-23 02:11:23,859 - core.improved_signal_quality_system - ERROR - Erro ao fazer backup do candlestick Bearish Engulfing: table signal_backup_v2 has no column named pattern_position
2025-07-23 02:11:23,859 - core.improved_signal_quality_system - ERROR - Erro ao fazer backup do candlestick Bullish Engulfing: table signal_backup_v2 has no column named pattern_position
2025-07-23 02:11:23,860 - core.improved_signal_quality_system - ERROR - Erro ao fazer backup do candlestick Bullish Engulfing: table signal_backup_v2 has no column named pattern_position
2025-07-23 02:11:23,860 - core.improved_signal_quality_system - ERROR - Erro ao fazer backup do candlestick Bullish Engulfing: table signal_backup_v2 has no column named pattern_position
2025-07-23 02:11:23,860 - core.improved_signal_quality_system - ERROR - Erro ao fazer backup do candlestick Bearish Engulfing: table signal_backup_v2 has no column named pattern_position
2025-07-23 02:11:23,861 - core.improved_signal_quality_system - ERROR - Erro ao fazer backup do candlestick Three Outside Up: table signal_backup_v2 has no column named pattern_position
2025-07-23 02:11:23,862 - core.improved_signal_quality_system - ERROR - Erro ao fazer backup do candlestick Three Outside Up: table signal_backup_v2 has no column named pattern_position
2025-07-23 02:11:23,863 - core.improved_signal_quality_system - ERROR - Erro ao fazer backup do candlestick Three Outside Up: table signal_backup_v2 has no column named pattern_position
2025-07-23 02:11:23,864 - core.improved_signal_quality_system - ERROR - Erro ao fazer backup do candlestick Three Outside Down: table signal_backup_v2 has no column named pattern_position
2025-07-23 02:11:23,864 - core.improved_signal_quality_system - ERROR - Erro ao fazer backup do candlestick Gravestone Doji: table signal_backup_v2 has no column named pattern_position
2025-07-23 02:11:23,865 - core.improved_signal_quality_system - ERROR - Erro ao fazer backup do candlestick Shooting Star: table signal_backup_v2 has no column named pattern_position
2025-07-23 02:11:23,866 - core.improved_signal_quality_system - ERROR - Erro ao fazer backup do candlestick Hammer: table signal_backup_v2 has no column named pattern_position
2025-07-23 02:11:23,866 - core.improved_signal_quality_system - ERROR - Erro ao fazer backup do candlestick Hanging Man: table signal_backup_v2 has no column named pattern_position
2025-07-23 02:11:23,866 - core.improved_signal_quality_system - ERROR - Erro ao fazer backup do candlestick Hanging Man: table signal_backup_v2 has no column named pattern_position
2025-07-23 02:11:23,867 - core.improved_signal_quality_system - ERROR - Erro ao fazer backup do candlestick Tweezer Top: table signal_backup_v2 has no column named pattern_position
2025-07-23 02:11:23,867 - core.improved_signal_quality_system - ERROR - Erro ao fazer backup do candlestick Tweezer Top: table signal_backup_v2 has no column named pattern_position
2025-07-23 02:11:23,867 - core.improved_signal_quality_system - ERROR - Erro ao fazer backup do candlestick Tweezer Top: table signal_backup_v2 has no column named pattern_position
2025-07-23 02:11:23,868 - core.improved_signal_quality_system - ERROR - Erro ao fazer backup do candlestick Tweezer Top: table signal_backup_v2 has no column named pattern_position
2025-07-23 02:11:23,868 - core.improved_signal_quality_system - ERROR - Erro ao fazer backup do candlestick Tweezer Top: table signal_backup_v2 has no column named pattern_position
2025-07-23 02:11:23,868 - core.improved_signal_quality_system - ERROR - Erro ao fazer backup do candlestick Tweezer Top: table signal_backup_v2 has no column named pattern_position
2025-07-23 02:11:23,869 - core.improved_signal_quality_system - ERROR - Erro ao fazer backup do candlestick Tweezer Bottom: table signal_backup_v2 has no column named pattern_position
2025-07-23 02:11:23,869 - core.improved_signal_quality_system - ERROR - Erro ao fazer backup do candlestick Tweezer Top: table signal_backup_v2 has no column named pattern_position
2025-07-23 02:11:23,869 - core.improved_signal_quality_system - ERROR - Erro ao fazer backup do candlestick Tweezer Bottom: table signal_backup_v2 has no column named pattern_position
2025-07-23 02:11:23,869 - core.improved_signal_quality_system - ERROR - Erro ao fazer backup do candlestick Tweezer Top: table signal_backup_v2 has no column named pattern_position
2025-07-23 02:11:23,870 - core.improved_signal_quality_system - ERROR - Erro ao fazer backup do candlestick Tweezer Top: table signal_backup_v2 has no column named pattern_position
2025-07-23 02:11:23,870 - core.improved_signal_quality_system - ERROR - Erro ao fazer backup do candlestick Tweezer Top: table signal_backup_v2 has no column named pattern_position
2025-07-23 02:11:23,870 - core.improved_signal_quality_system - ERROR - Erro ao fazer backup do candlestick Tweezer Top: table signal_backup_v2 has no column named pattern_position
2025-07-23 02:11:23,870 - core.improved_signal_quality_system - ERROR - Erro ao fazer backup do candlestick Tweezer Top: table signal_backup_v2 has no column named pattern_position
2025-07-23 02:11:23,871 - core.improved_signal_quality_system - ERROR - Erro ao fazer backup do candlestick Tweezer Top: table signal_backup_v2 has no column named pattern_position
2025-07-23 02:11:23,871 - core.improved_signal_quality_system - ERROR - Erro ao fazer backup do candlestick Tweezer Top: table signal_backup_v2 has no column named pattern_position
2025-07-23 02:11:23,871 - core.improved_signal_quality_system - ERROR - Erro ao fazer backup do candlestick Tweezer Top: table signal_backup_v2 has no column named pattern_position
2025-07-23 02:11:23,871 - core.improved_signal_quality_system - ERROR - Erro ao fazer backup do candlestick Tweezer Top: table signal_backup_v2 has no column named pattern_position
2025-07-23 02:11:23,872 - core.improved_signal_quality_system - ERROR - Erro ao fazer backup do candlestick Tweezer Top: table signal_backup_v2 has no column named pattern_position
2025-07-23 02:11:23,872 - core.improved_signal_quality_system - ERROR - Erro ao fazer backup do candlestick Tweezer Bottom: table signal_backup_v2 has no column named pattern_position
2025-07-23 02:11:23,872 - core.improved_signal_quality_system - ERROR - Erro ao fazer backup do candlestick Tweezer Top: table signal_backup_v2 has no column named pattern_position
2025-07-23 02:11:23,873 - core.improved_signal_quality_system - ERROR - Erro ao fazer backup do candlestick Tweezer Top: table signal_backup_v2 has no column named pattern_position
2025-07-23 02:11:23,873 - core.improved_signal_quality_system - ERROR - Erro ao fazer backup do candlestick Tweezer Bottom: table signal_backup_v2 has no column named pattern_position
2025-07-23 02:11:23,873 - core.improved_signal_quality_system - ERROR - Erro ao fazer backup do candlestick Tweezer Bottom: table signal_backup_v2 has no column named pattern_position
2025-07-23 02:11:23,873 - core.improved_signal_quality_system - ERROR - Erro ao fazer backup do candlestick Tweezer Top: table signal_backup_v2 has no column named pattern_position
2025-07-23 02:11:23,874 - core.improved_signal_quality_system - ERROR - Erro ao fazer backup do candlestick Stick Sandwich: table signal_backup_v2 has no column named pattern_position
2025-07-23 02:11:23,874 - core.improved_signal_quality_system - ERROR - Erro ao fazer backup do candlestick Stick Sandwich: table signal_backup_v2 has no column named pattern_position
2025-07-23 02:11:23,874 - core.improved_signal_quality_system - ERROR - Erro ao fazer backup do candlestick Stick Sandwich: table signal_backup_v2 has no column named pattern_position
2025-07-23 02:11:23,875 - core.improved_signal_quality_system - ERROR - Erro ao fazer backup do candlestick Inverted Hammer: table signal_backup_v2 has no column named pattern_position
2025-07-23 02:11:23,875 - core.improved_signal_quality_system - ERROR - Erro ao fazer backup do candlestick Advance Block: table signal_backup_v2 has no column named pattern_position
2025-07-23 02:11:23,875 - core.improved_signal_quality_system - ERROR - Erro ao fazer backup do candlestick Advance Block: table signal_backup_v2 has no column named pattern_position
2025-07-23 02:11:23,875 - core.improved_signal_quality_system - ERROR - Erro ao fazer backup do candlestick Advance Block: table signal_backup_v2 has no column named pattern_position
2025-07-23 02:11:23,876 - core.analyzer - INFO - 🎯 Filtro rigoroso BNB: 0 → 0 sinais (eliminados: 0)
2025-07-23 02:11:23,876 - core.analyzer - INFO - ✓ BNB (1/8): 0 sinais em 0.8s
2025-07-23 02:11:23,978 - core.analyzer - INFO - Análise iniciada para: BTC
2025-07-23 02:11:23,991 - core.analyzer - ERROR - Erro na análise de BTC em 5m: 'NoneType' object has no attribute 'get'
2025-07-23 02:11:24,013 - indicators.patterns - INFO - Padrões para BTC: 0 selecionados
2025-07-23 02:11:24,702 - core.improved_signal_quality_system - ERROR - Erro ao fazer backup do candlestick Bullish Engulfing: table signal_backup_v2 has no column named pattern_position
2025-07-23 02:11:24,703 - core.improved_signal_quality_system - ERROR - Erro ao fazer backup do candlestick Three Outside Up: table signal_backup_v2 has no column named pattern_position
2025-07-23 02:11:24,703 - core.improved_signal_quality_system - ERROR - Erro ao fazer backup do candlestick Hammer: table signal_backup_v2 has no column named pattern_position
2025-07-23 02:11:24,703 - core.improved_signal_quality_system - ERROR - Erro ao fazer backup do candlestick Shooting Star: table signal_backup_v2 has no column named pattern_position
2025-07-23 02:11:24,704 - core.improved_signal_quality_system - ERROR - Erro ao fazer backup do candlestick White Marubozu: table signal_backup_v2 has no column named pattern_position
2025-07-23 02:11:24,704 - core.improved_signal_quality_system - ERROR - Erro ao fazer backup do candlestick Black Marubozu: table signal_backup_v2 has no column named pattern_position
2025-07-23 02:11:24,704 - core.improved_signal_quality_system - ERROR - Erro ao fazer backup do candlestick Tweezer Top: table signal_backup_v2 has no column named pattern_position
2025-07-23 02:11:24,705 - core.improved_signal_quality_system - ERROR - Erro ao fazer backup do candlestick Tweezer Top: table signal_backup_v2 has no column named pattern_position
2025-07-23 02:11:24,706 - core.improved_signal_quality_system - ERROR - Erro ao fazer backup do candlestick Tweezer Top: table signal_backup_v2 has no column named pattern_position
2025-07-23 02:11:24,706 - core.improved_signal_quality_system - ERROR - Erro ao fazer backup do candlestick Tweezer Top: table signal_backup_v2 has no column named pattern_position
2025-07-23 02:11:24,707 - core.improved_signal_quality_system - ERROR - Erro ao fazer backup do candlestick Tweezer Top: table signal_backup_v2 has no column named pattern_position
2025-07-23 02:11:24,707 - core.improved_signal_quality_system - ERROR - Erro ao fazer backup do candlestick Tweezer Top: table signal_backup_v2 has no column named pattern_position
2025-07-23 02:11:24,708 - core.improved_signal_quality_system - ERROR - Erro ao fazer backup do candlestick Tweezer Top: table signal_backup_v2 has no column named pattern_position
2025-07-23 02:11:24,708 - core.improved_signal_quality_system - ERROR - Erro ao fazer backup do candlestick Tweezer Top: table signal_backup_v2 has no column named pattern_position
2025-07-23 02:11:24,708 - core.improved_signal_quality_system - ERROR - Erro ao fazer backup do candlestick Tweezer Bottom: table signal_backup_v2 has no column named pattern_position
2025-07-23 02:11:24,708 - core.improved_signal_quality_system - ERROR - Erro ao fazer backup do candlestick Tweezer Bottom: table signal_backup_v2 has no column named pattern_position
2025-07-23 02:11:24,709 - core.improved_signal_quality_system - ERROR - Erro ao fazer backup do candlestick Tweezer Top: table signal_backup_v2 has no column named pattern_position
2025-07-23 02:11:24,709 - core.improved_signal_quality_system - ERROR - Erro ao fazer backup do candlestick Tweezer Top: table signal_backup_v2 has no column named pattern_position
2025-07-23 02:11:24,710 - core.improved_signal_quality_system - ERROR - Erro ao fazer backup do candlestick Tweezer Top: table signal_backup_v2 has no column named pattern_position
2025-07-23 02:11:24,710 - core.improved_signal_quality_system - ERROR - Erro ao fazer backup do candlestick Tweezer Top: table signal_backup_v2 has no column named pattern_position
2025-07-23 02:11:24,710 - core.improved_signal_quality_system - ERROR - Erro ao fazer backup do candlestick Tweezer Top: table signal_backup_v2 has no column named pattern_position
2025-07-23 02:11:24,711 - core.improved_signal_quality_system - ERROR - Erro ao fazer backup do candlestick Tweezer Top: table signal_backup_v2 has no column named pattern_position
2025-07-23 02:11:24,711 - core.improved_signal_quality_system - ERROR - Erro ao fazer backup do candlestick Tweezer Top: table signal_backup_v2 has no column named pattern_position
2025-07-23 02:11:24,711 - core.improved_signal_quality_system - ERROR - Erro ao fazer backup do candlestick Tweezer Bottom: table signal_backup_v2 has no column named pattern_position
2025-07-23 02:11:24,712 - core.improved_signal_quality_system - ERROR - Erro ao fazer backup do candlestick Tweezer Bottom: table signal_backup_v2 has no column named pattern_position
2025-07-23 02:11:24,712 - core.improved_signal_quality_system - ERROR - Erro ao fazer backup do candlestick Tweezer Bottom: table signal_backup_v2 has no column named pattern_position
2025-07-23 02:11:24,712 - core.improved_signal_quality_system - ERROR - Erro ao fazer backup do candlestick Tweezer Bottom: table signal_backup_v2 has no column named pattern_position
2025-07-23 02:11:24,713 - core.improved_signal_quality_system - ERROR - Erro ao fazer backup do candlestick Tweezer Top: table signal_backup_v2 has no column named pattern_position
2025-07-23 02:11:24,713 - core.improved_signal_quality_system - ERROR - Erro ao fazer backup do candlestick Tweezer Top: table signal_backup_v2 has no column named pattern_position
2025-07-23 02:11:24,713 - core.improved_signal_quality_system - ERROR - Erro ao fazer backup do candlestick Tweezer Top: table signal_backup_v2 has no column named pattern_position
2025-07-23 02:11:24,714 - core.improved_signal_quality_system - ERROR - Erro ao fazer backup do candlestick Tweezer Top: table signal_backup_v2 has no column named pattern_position
2025-07-23 02:11:24,714 - core.improved_signal_quality_system - ERROR - Erro ao fazer backup do candlestick Tweezer Bottom: table signal_backup_v2 has no column named pattern_position
2025-07-23 02:11:24,715 - core.improved_signal_quality_system - ERROR - Erro ao fazer backup do candlestick Tweezer Bottom: table signal_backup_v2 has no column named pattern_position
2025-07-23 02:11:24,715 - core.improved_signal_quality_system - ERROR - Erro ao fazer backup do candlestick Tweezer Bottom: table signal_backup_v2 has no column named pattern_position
2025-07-23 02:11:24,715 - core.improved_signal_quality_system - ERROR - Erro ao fazer backup do candlestick Tweezer Bottom: table signal_backup_v2 has no column named pattern_position
2025-07-23 02:11:24,716 - core.improved_signal_quality_system - ERROR - Erro ao fazer backup do candlestick Tweezer Bottom: table signal_backup_v2 has no column named pattern_position
2025-07-23 02:11:24,716 - core.improved_signal_quality_system - ERROR - Erro ao fazer backup do candlestick Tweezer Bottom: table signal_backup_v2 has no column named pattern_position
2025-07-23 02:11:24,716 - core.improved_signal_quality_system - ERROR - Erro ao fazer backup do candlestick Tweezer Bottom: table signal_backup_v2 has no column named pattern_position
2025-07-23 02:11:24,716 - core.improved_signal_quality_system - ERROR - Erro ao fazer backup do candlestick Tweezer Bottom: table signal_backup_v2 has no column named pattern_position
2025-07-23 02:11:24,717 - core.improved_signal_quality_system - ERROR - Erro ao fazer backup do candlestick Tweezer Bottom: table signal_backup_v2 has no column named pattern_position
2025-07-23 02:11:24,717 - core.improved_signal_quality_system - ERROR - Erro ao fazer backup do candlestick Tweezer Bottom: table signal_backup_v2 has no column named pattern_position
2025-07-23 02:11:24,717 - core.improved_signal_quality_system - ERROR - Erro ao fazer backup do candlestick Tweezer Bottom: table signal_backup_v2 has no column named pattern_position
2025-07-23 02:11:24,717 - core.improved_signal_quality_system - ERROR - Erro ao fazer backup do candlestick Tweezer Bottom: table signal_backup_v2 has no column named pattern_position
2025-07-23 02:11:24,718 - core.improved_signal_quality_system - ERROR - Erro ao fazer backup do candlestick Tweezer Bottom: table signal_backup_v2 has no column named pattern_position
2025-07-23 02:11:24,718 - core.improved_signal_quality_system - ERROR - Erro ao fazer backup do candlestick Stick Sandwich: table signal_backup_v2 has no column named pattern_position
2025-07-23 02:11:24,718 - core.improved_signal_quality_system - ERROR - Erro ao fazer backup do candlestick Stick Sandwich: table signal_backup_v2 has no column named pattern_position
2025-07-23 02:11:24,718 - core.improved_signal_quality_system - ERROR - Erro ao fazer backup do candlestick Inverted Hammer: table signal_backup_v2 has no column named pattern_position
2025-07-23 02:11:24,719 - core.analyzer - INFO - 🎯 Filtro rigoroso BTC: 0 → 0 sinais (eliminados: 0)
2025-07-23 02:11:24,719 - core.analyzer - INFO - ✓ BTC (2/8): 0 sinais em 0.7s
2025-07-23 02:11:24,820 - core.analyzer - INFO - Análise iniciada para: ENA
2025-07-23 02:11:24,835 - core.analyzer - ERROR - Erro na análise de ENA em 5m: 'NoneType' object has no attribute 'get'
2025-07-23 02:11:24,852 - indicators.patterns - INFO - Padrões para ENA: 0 selecionados
2025-07-23 02:11:25,112 - core.analyzer - INFO - 🛑 Análise interrompida pelo usuário
2025-07-23 02:11:55,676 - root - INFO - Iniciando Inicialização do analyzer...
2025-07-23 02:11:55,676 - root - INFO - Inicializando Trading Analyzer...
2025-07-23 02:11:55,677 - core.data_reader - INFO - DataReader inicializado (OTIMIZADO para 5m/15m).
2025-07-23 02:11:55,679 - core.signal_writer - INFO - EnhancedSignalWriter LÓGICA CORRIGIDA - 2 targets apenas
2025-07-23 02:11:55,679 - indicators.patterns - INFO - PatternAnalyzer SIMPLIFICADO - APENAS Double Top/Bottom
2025-07-23 02:11:55,679 - indicators.patterns - INFO - HeadAndShouldersDetector DESABILITADO conforme configuração
2025-07-23 02:11:55,679 - indicators.patterns - INFO - CupAndHandleDetector DESABILITADO conforme configuração
2025-07-23 02:11:55,680 - indicators.patterns - INFO - PatternAnalyzer SIMPLIFICADO - APENAS Double Top/Bottom
2025-07-23 02:11:55,680 - indicators.patterns - INFO - HeadAndShouldersDetector DESABILITADO conforme configuração
2025-07-23 02:11:55,680 - indicators.patterns - INFO - CupAndHandleDetector DESABILITADO conforme configuração
2025-07-23 02:11:55,682 - core.improved_signal_quality_system - INFO - 🗄️ Sistema de backup completo inicializado
2025-07-23 02:11:55,683 - core.improved_signal_quality_system - INFO - 🎯 Sistema RIGOROSO de qualidade inicializado
2025-07-23 02:11:55,683 - core.analyzer - INFO - 🎯 Sistema RIGOROSO de qualidade ativado
2025-07-23 02:11:55,683 - core.analyzer - INFO - MultiTimeframeAnalyzer OTIMIZADO inicializado:
2025-07-23 02:11:55,683 - core.analyzer - INFO -   • Timeframes ativos: ['5m', '15m']
2025-07-23 02:11:55,684 - core.analyzer - INFO -   • Qualidade: RIGOROUS
2025-07-23 02:11:55,684 - core.analyzer - INFO -   • Prioridade: 5m absoluta, 15m se não há 5m
2025-07-23 02:11:55,684 - core.analyzer - INFO -   • Backup: Completo (todos sinais + 43 candlesticks)
2025-07-23 02:11:55,684 - root - INFO - Trading Analyzer inicializado com sucesso
2025-07-23 02:11:55,684 - root - INFO - Inicialização do analyzer concluída em 0.0s
2025-07-23 02:11:55,685 - core.analyzer - INFO - 🚀 Iniciando análise contínua OTIMIZADA
2025-07-23 02:11:55,685 - core.analyzer - INFO - 🔍 Verificando símbolos com dados suficientes...
2025-07-23 02:11:55,685 - core.data_reader - INFO - Verificando 8 símbolos...
2025-07-23 02:11:56,109 - core.data_reader - INFO - ✅ Símbolos válidos: 8/8 - ['BNB', 'BTC', 'ENA', 'ETH', 'NEAR', 'SOL', 'SUI', 'IMX']
2025-07-23 02:11:56,110 - core.analyzer - INFO - ✅ Símbolos válidos: 8 - ['BNB', 'BTC', 'ENA', 'ETH', 'NEAR', 'SOL', 'SUI', 'IMX']
2025-07-23 02:11:56,110 - core.analyzer - INFO - ⏱️ Intervalo: 300s | Timeframes: APENAS 5m e 15m
2025-07-23 02:11:56,110 - core.analyzer - INFO - 🔄 Ciclo 1 iniciado
2025-07-23 02:11:56,112 - core.analyzer - INFO - Análise iniciada para: BNB
2025-07-23 02:11:56,129 - core.analyzer - ERROR - Erro na análise de BNB em 5m: 'NoneType' object has no attribute 'get'
2025-07-23 02:11:56,149 - indicators.patterns - INFO - Padrões para BNB: 0 selecionados
2025-07-23 02:11:56,832 - core.improved_signal_quality_system - ERROR - Erro ao fazer backup do candlestick Bullish Engulfing: NOT NULL constraint failed: signal_backup_v2.signal_source
2025-07-23 02:11:56,832 - core.improved_signal_quality_system - ERROR - Erro ao fazer backup do candlestick Bullish Engulfing: NOT NULL constraint failed: signal_backup_v2.signal_source
2025-07-23 02:11:56,833 - core.improved_signal_quality_system - ERROR - Erro ao fazer backup do candlestick Bearish Engulfing: NOT NULL constraint failed: signal_backup_v2.signal_source
2025-07-23 02:11:56,833 - core.improved_signal_quality_system - ERROR - Erro ao fazer backup do candlestick Bullish Engulfing: NOT NULL constraint failed: signal_backup_v2.signal_source
2025-07-23 02:11:56,833 - core.improved_signal_quality_system - ERROR - Erro ao fazer backup do candlestick Bullish Engulfing: NOT NULL constraint failed: signal_backup_v2.signal_source
2025-07-23 02:11:56,833 - core.improved_signal_quality_system - ERROR - Erro ao fazer backup do candlestick Bullish Engulfing: NOT NULL constraint failed: signal_backup_v2.signal_source
2025-07-23 02:11:56,834 - core.improved_signal_quality_system - ERROR - Erro ao fazer backup do candlestick Bearish Engulfing: NOT NULL constraint failed: signal_backup_v2.signal_source
2025-07-23 02:11:56,834 - core.improved_signal_quality_system - ERROR - Erro ao fazer backup do candlestick Three Outside Up: NOT NULL constraint failed: signal_backup_v2.signal_source
2025-07-23 02:11:56,835 - core.improved_signal_quality_system - ERROR - Erro ao fazer backup do candlestick Three Outside Up: NOT NULL constraint failed: signal_backup_v2.signal_source
2025-07-23 02:11:56,835 - core.improved_signal_quality_system - ERROR - Erro ao fazer backup do candlestick Three Outside Up: NOT NULL constraint failed: signal_backup_v2.signal_source
2025-07-23 02:11:56,835 - core.improved_signal_quality_system - ERROR - Erro ao fazer backup do candlestick Three Outside Down: NOT NULL constraint failed: signal_backup_v2.signal_source
2025-07-23 02:11:56,836 - core.improved_signal_quality_system - ERROR - Erro ao fazer backup do candlestick Gravestone Doji: NOT NULL constraint failed: signal_backup_v2.signal_source
2025-07-23 02:11:56,837 - core.improved_signal_quality_system - ERROR - Erro ao fazer backup do candlestick Shooting Star: NOT NULL constraint failed: signal_backup_v2.signal_source
2025-07-23 02:11:56,837 - core.improved_signal_quality_system - ERROR - Erro ao fazer backup do candlestick Hammer: NOT NULL constraint failed: signal_backup_v2.signal_source
2025-07-23 02:11:56,837 - core.improved_signal_quality_system - ERROR - Erro ao fazer backup do candlestick Hanging Man: NOT NULL constraint failed: signal_backup_v2.signal_source
2025-07-23 02:11:56,837 - core.improved_signal_quality_system - ERROR - Erro ao fazer backup do candlestick Hanging Man: NOT NULL constraint failed: signal_backup_v2.signal_source
2025-07-23 02:11:56,838 - core.improved_signal_quality_system - ERROR - Erro ao fazer backup do candlestick Tweezer Top: NOT NULL constraint failed: signal_backup_v2.signal_source
2025-07-23 02:11:56,838 - core.improved_signal_quality_system - ERROR - Erro ao fazer backup do candlestick Tweezer Top: NOT NULL constraint failed: signal_backup_v2.signal_source
2025-07-23 02:11:56,838 - core.improved_signal_quality_system - ERROR - Erro ao fazer backup do candlestick Tweezer Top: NOT NULL constraint failed: signal_backup_v2.signal_source
2025-07-23 02:11:56,838 - core.improved_signal_quality_system - ERROR - Erro ao fazer backup do candlestick Tweezer Top: NOT NULL constraint failed: signal_backup_v2.signal_source
2025-07-23 02:11:56,839 - core.improved_signal_quality_system - ERROR - Erro ao fazer backup do candlestick Tweezer Top: NOT NULL constraint failed: signal_backup_v2.signal_source
2025-07-23 02:11:56,839 - core.improved_signal_quality_system - ERROR - Erro ao fazer backup do candlestick Tweezer Top: NOT NULL constraint failed: signal_backup_v2.signal_source
2025-07-23 02:11:56,839 - core.improved_signal_quality_system - ERROR - Erro ao fazer backup do candlestick Tweezer Bottom: NOT NULL constraint failed: signal_backup_v2.signal_source
2025-07-23 02:11:56,839 - core.improved_signal_quality_system - ERROR - Erro ao fazer backup do candlestick Tweezer Top: NOT NULL constraint failed: signal_backup_v2.signal_source
2025-07-23 02:11:56,840 - core.improved_signal_quality_system - ERROR - Erro ao fazer backup do candlestick Tweezer Bottom: NOT NULL constraint failed: signal_backup_v2.signal_source
2025-07-23 02:11:56,840 - core.improved_signal_quality_system - ERROR - Erro ao fazer backup do candlestick Tweezer Top: NOT NULL constraint failed: signal_backup_v2.signal_source
2025-07-23 02:11:56,840 - core.improved_signal_quality_system - ERROR - Erro ao fazer backup do candlestick Tweezer Top: NOT NULL constraint failed: signal_backup_v2.signal_source
2025-07-23 02:11:56,841 - core.improved_signal_quality_system - ERROR - Erro ao fazer backup do candlestick Tweezer Top: NOT NULL constraint failed: signal_backup_v2.signal_source
2025-07-23 02:11:56,841 - core.improved_signal_quality_system - ERROR - Erro ao fazer backup do candlestick Tweezer Top: NOT NULL constraint failed: signal_backup_v2.signal_source
2025-07-23 02:11:56,841 - core.improved_signal_quality_system - ERROR - Erro ao fazer backup do candlestick Tweezer Top: NOT NULL constraint failed: signal_backup_v2.signal_source
2025-07-23 02:11:56,842 - core.improved_signal_quality_system - ERROR - Erro ao fazer backup do candlestick Tweezer Top: NOT NULL constraint failed: signal_backup_v2.signal_source
2025-07-23 02:11:56,842 - core.improved_signal_quality_system - ERROR - Erro ao fazer backup do candlestick Tweezer Top: NOT NULL constraint failed: signal_backup_v2.signal_source
2025-07-23 02:11:56,842 - core.improved_signal_quality_system - ERROR - Erro ao fazer backup do candlestick Tweezer Top: NOT NULL constraint failed: signal_backup_v2.signal_source
2025-07-23 02:11:56,842 - core.improved_signal_quality_system - ERROR - Erro ao fazer backup do candlestick Tweezer Top: NOT NULL constraint failed: signal_backup_v2.signal_source
2025-07-23 02:11:56,843 - core.improved_signal_quality_system - ERROR - Erro ao fazer backup do candlestick Tweezer Top: NOT NULL constraint failed: signal_backup_v2.signal_source
2025-07-23 02:11:56,843 - core.improved_signal_quality_system - ERROR - Erro ao fazer backup do candlestick Tweezer Bottom: NOT NULL constraint failed: signal_backup_v2.signal_source
2025-07-23 02:11:56,843 - core.improved_signal_quality_system - ERROR - Erro ao fazer backup do candlestick Tweezer Top: NOT NULL constraint failed: signal_backup_v2.signal_source
2025-07-23 02:11:56,843 - core.improved_signal_quality_system - ERROR - Erro ao fazer backup do candlestick Tweezer Top: NOT NULL constraint failed: signal_backup_v2.signal_source
2025-07-23 02:11:56,844 - core.improved_signal_quality_system - ERROR - Erro ao fazer backup do candlestick Tweezer Bottom: NOT NULL constraint failed: signal_backup_v2.signal_source
2025-07-23 02:11:56,844 - core.improved_signal_quality_system - ERROR - Erro ao fazer backup do candlestick Tweezer Bottom: NOT NULL constraint failed: signal_backup_v2.signal_source
2025-07-23 02:11:56,844 - core.improved_signal_quality_system - ERROR - Erro ao fazer backup do candlestick Tweezer Top: NOT NULL constraint failed: signal_backup_v2.signal_source
2025-07-23 02:11:56,845 - core.improved_signal_quality_system - ERROR - Erro ao fazer backup do candlestick Stick Sandwich: NOT NULL constraint failed: signal_backup_v2.signal_source
2025-07-23 02:11:56,845 - core.improved_signal_quality_system - ERROR - Erro ao fazer backup do candlestick Stick Sandwich: NOT NULL constraint failed: signal_backup_v2.signal_source
2025-07-23 02:11:56,845 - core.improved_signal_quality_system - ERROR - Erro ao fazer backup do candlestick Stick Sandwich: NOT NULL constraint failed: signal_backup_v2.signal_source
2025-07-23 02:11:56,845 - core.improved_signal_quality_system - ERROR - Erro ao fazer backup do candlestick Inverted Hammer: NOT NULL constraint failed: signal_backup_v2.signal_source
2025-07-23 02:11:56,846 - core.improved_signal_quality_system - ERROR - Erro ao fazer backup do candlestick Advance Block: NOT NULL constraint failed: signal_backup_v2.signal_source
2025-07-23 02:11:56,846 - core.improved_signal_quality_system - ERROR - Erro ao fazer backup do candlestick Advance Block: NOT NULL constraint failed: signal_backup_v2.signal_source
2025-07-23 02:11:56,846 - core.improved_signal_quality_system - ERROR - Erro ao fazer backup do candlestick Advance Block: NOT NULL constraint failed: signal_backup_v2.signal_source
2025-07-23 02:11:56,847 - core.analyzer - INFO - 🎯 Filtro rigoroso BNB: 0 → 0 sinais (eliminados: 0)
2025-07-23 02:11:56,847 - core.analyzer - INFO - ✓ BNB (1/8): 0 sinais em 0.7s
2025-07-23 02:11:56,949 - core.analyzer - INFO - Análise iniciada para: BTC
2025-07-23 02:11:56,961 - core.analyzer - ERROR - Erro na análise de BTC em 5m: 'NoneType' object has no attribute 'get'
2025-07-23 02:11:56,979 - indicators.patterns - INFO - Padrões para BTC: 0 selecionados
2025-07-23 02:11:57,669 - core.improved_signal_quality_system - ERROR - Erro ao fazer backup do candlestick Bullish Engulfing: NOT NULL constraint failed: signal_backup_v2.signal_source
2025-07-23 02:11:57,669 - core.improved_signal_quality_system - ERROR - Erro ao fazer backup do candlestick Three Outside Up: NOT NULL constraint failed: signal_backup_v2.signal_source
2025-07-23 02:11:57,670 - core.improved_signal_quality_system - ERROR - Erro ao fazer backup do candlestick Hammer: NOT NULL constraint failed: signal_backup_v2.signal_source
2025-07-23 02:11:57,670 - core.improved_signal_quality_system - ERROR - Erro ao fazer backup do candlestick Shooting Star: NOT NULL constraint failed: signal_backup_v2.signal_source
2025-07-23 02:11:57,670 - core.improved_signal_quality_system - ERROR - Erro ao fazer backup do candlestick White Marubozu: NOT NULL constraint failed: signal_backup_v2.signal_source
2025-07-23 02:11:57,670 - core.improved_signal_quality_system - ERROR - Erro ao fazer backup do candlestick Black Marubozu: NOT NULL constraint failed: signal_backup_v2.signal_source
2025-07-23 02:11:57,671 - core.improved_signal_quality_system - ERROR - Erro ao fazer backup do candlestick Tweezer Top: NOT NULL constraint failed: signal_backup_v2.signal_source
2025-07-23 02:11:57,671 - core.improved_signal_quality_system - ERROR - Erro ao fazer backup do candlestick Tweezer Top: NOT NULL constraint failed: signal_backup_v2.signal_source
2025-07-23 02:11:57,672 - core.improved_signal_quality_system - ERROR - Erro ao fazer backup do candlestick Tweezer Top: NOT NULL constraint failed: signal_backup_v2.signal_source
2025-07-23 02:11:57,672 - core.improved_signal_quality_system - ERROR - Erro ao fazer backup do candlestick Tweezer Top: NOT NULL constraint failed: signal_backup_v2.signal_source
2025-07-23 02:11:57,672 - core.improved_signal_quality_system - ERROR - Erro ao fazer backup do candlestick Tweezer Top: NOT NULL constraint failed: signal_backup_v2.signal_source
2025-07-23 02:11:57,673 - core.improved_signal_quality_system - ERROR - Erro ao fazer backup do candlestick Tweezer Top: NOT NULL constraint failed: signal_backup_v2.signal_source
2025-07-23 02:11:57,674 - core.improved_signal_quality_system - ERROR - Erro ao fazer backup do candlestick Tweezer Top: NOT NULL constraint failed: signal_backup_v2.signal_source
2025-07-23 02:11:57,674 - core.improved_signal_quality_system - ERROR - Erro ao fazer backup do candlestick Tweezer Top: NOT NULL constraint failed: signal_backup_v2.signal_source
2025-07-23 02:11:57,674 - core.improved_signal_quality_system - ERROR - Erro ao fazer backup do candlestick Tweezer Bottom: NOT NULL constraint failed: signal_backup_v2.signal_source
2025-07-23 02:11:57,674 - core.improved_signal_quality_system - ERROR - Erro ao fazer backup do candlestick Tweezer Bottom: NOT NULL constraint failed: signal_backup_v2.signal_source
2025-07-23 02:11:57,675 - core.improved_signal_quality_system - ERROR - Erro ao fazer backup do candlestick Tweezer Top: NOT NULL constraint failed: signal_backup_v2.signal_source
2025-07-23 02:11:57,675 - core.improved_signal_quality_system - ERROR - Erro ao fazer backup do candlestick Tweezer Top: NOT NULL constraint failed: signal_backup_v2.signal_source
2025-07-23 02:11:57,675 - core.improved_signal_quality_system - ERROR - Erro ao fazer backup do candlestick Tweezer Top: NOT NULL constraint failed: signal_backup_v2.signal_source
2025-07-23 02:11:57,676 - core.improved_signal_quality_system - ERROR - Erro ao fazer backup do candlestick Tweezer Top: NOT NULL constraint failed: signal_backup_v2.signal_source
2025-07-23 02:11:57,676 - core.improved_signal_quality_system - ERROR - Erro ao fazer backup do candlestick Tweezer Top: NOT NULL constraint failed: signal_backup_v2.signal_source
2025-07-23 02:11:57,676 - core.improved_signal_quality_system - ERROR - Erro ao fazer backup do candlestick Tweezer Top: NOT NULL constraint failed: signal_backup_v2.signal_source
2025-07-23 02:11:57,676 - core.improved_signal_quality_system - ERROR - Erro ao fazer backup do candlestick Tweezer Top: NOT NULL constraint failed: signal_backup_v2.signal_source
2025-07-23 02:11:57,677 - core.improved_signal_quality_system - ERROR - Erro ao fazer backup do candlestick Tweezer Bottom: NOT NULL constraint failed: signal_backup_v2.signal_source
2025-07-23 02:11:57,677 - core.improved_signal_quality_system - ERROR - Erro ao fazer backup do candlestick Tweezer Bottom: NOT NULL constraint failed: signal_backup_v2.signal_source
2025-07-23 02:11:57,677 - core.improved_signal_quality_system - ERROR - Erro ao fazer backup do candlestick Tweezer Bottom: NOT NULL constraint failed: signal_backup_v2.signal_source
2025-07-23 02:11:57,678 - core.improved_signal_quality_system - ERROR - Erro ao fazer backup do candlestick Tweezer Bottom: NOT NULL constraint failed: signal_backup_v2.signal_source
2025-07-23 02:11:57,678 - core.improved_signal_quality_system - ERROR - Erro ao fazer backup do candlestick Tweezer Top: NOT NULL constraint failed: signal_backup_v2.signal_source
2025-07-23 02:11:57,678 - core.improved_signal_quality_system - ERROR - Erro ao fazer backup do candlestick Tweezer Top: NOT NULL constraint failed: signal_backup_v2.signal_source
2025-07-23 02:11:57,679 - core.improved_signal_quality_system - ERROR - Erro ao fazer backup do candlestick Tweezer Top: NOT NULL constraint failed: signal_backup_v2.signal_source
2025-07-23 02:11:57,679 - core.improved_signal_quality_system - ERROR - Erro ao fazer backup do candlestick Tweezer Top: NOT NULL constraint failed: signal_backup_v2.signal_source
2025-07-23 02:11:57,679 - core.improved_signal_quality_system - ERROR - Erro ao fazer backup do candlestick Tweezer Bottom: NOT NULL constraint failed: signal_backup_v2.signal_source
2025-07-23 02:11:57,680 - core.improved_signal_quality_system - ERROR - Erro ao fazer backup do candlestick Tweezer Bottom: NOT NULL constraint failed: signal_backup_v2.signal_source
2025-07-23 02:11:57,680 - core.improved_signal_quality_system - ERROR - Erro ao fazer backup do candlestick Tweezer Bottom: NOT NULL constraint failed: signal_backup_v2.signal_source
2025-07-23 02:11:57,681 - core.improved_signal_quality_system - ERROR - Erro ao fazer backup do candlestick Tweezer Bottom: NOT NULL constraint failed: signal_backup_v2.signal_source
2025-07-23 02:11:57,681 - core.improved_signal_quality_system - ERROR - Erro ao fazer backup do candlestick Tweezer Bottom: NOT NULL constraint failed: signal_backup_v2.signal_source
2025-07-23 02:11:57,682 - core.improved_signal_quality_system - ERROR - Erro ao fazer backup do candlestick Tweezer Bottom: NOT NULL constraint failed: signal_backup_v2.signal_source
2025-07-23 02:11:57,682 - core.improved_signal_quality_system - ERROR - Erro ao fazer backup do candlestick Tweezer Bottom: NOT NULL constraint failed: signal_backup_v2.signal_source
2025-07-23 02:11:57,682 - core.improved_signal_quality_system - ERROR - Erro ao fazer backup do candlestick Tweezer Bottom: NOT NULL constraint failed: signal_backup_v2.signal_source
2025-07-23 02:11:57,682 - core.improved_signal_quality_system - ERROR - Erro ao fazer backup do candlestick Tweezer Bottom: NOT NULL constraint failed: signal_backup_v2.signal_source
2025-07-23 02:11:57,683 - core.improved_signal_quality_system - ERROR - Erro ao fazer backup do candlestick Tweezer Bottom: NOT NULL constraint failed: signal_backup_v2.signal_source
2025-07-23 02:11:57,683 - core.improved_signal_quality_system - ERROR - Erro ao fazer backup do candlestick Tweezer Bottom: NOT NULL constraint failed: signal_backup_v2.signal_source
2025-07-23 02:11:57,683 - core.improved_signal_quality_system - ERROR - Erro ao fazer backup do candlestick Tweezer Bottom: NOT NULL constraint failed: signal_backup_v2.signal_source
2025-07-23 02:11:57,683 - core.improved_signal_quality_system - ERROR - Erro ao fazer backup do candlestick Tweezer Bottom: NOT NULL constraint failed: signal_backup_v2.signal_source
2025-07-23 02:11:57,684 - core.improved_signal_quality_system - ERROR - Erro ao fazer backup do candlestick Stick Sandwich: NOT NULL constraint failed: signal_backup_v2.signal_source
2025-07-23 02:11:57,684 - core.improved_signal_quality_system - ERROR - Erro ao fazer backup do candlestick Stick Sandwich: NOT NULL constraint failed: signal_backup_v2.signal_source
2025-07-23 02:11:57,684 - core.improved_signal_quality_system - ERROR - Erro ao fazer backup do candlestick Inverted Hammer: NOT NULL constraint failed: signal_backup_v2.signal_source
2025-07-23 02:11:57,684 - core.analyzer - INFO - 🎯 Filtro rigoroso BTC: 0 → 0 sinais (eliminados: 0)
2025-07-23 02:11:57,684 - core.analyzer - INFO - ✓ BTC (2/8): 0 sinais em 0.7s
2025-07-23 02:11:57,786 - core.analyzer - INFO - Análise iniciada para: ENA
2025-07-23 02:11:57,798 - core.analyzer - ERROR - Erro na análise de ENA em 5m: 'NoneType' object has no attribute 'get'
2025-07-23 02:11:57,815 - core.analyzer - INFO - 🛑 Análise interrompida pelo usuário
2025-07-23 02:13:10,513 - root - INFO - Iniciando Inicialização do analyzer...
2025-07-23 02:13:10,513 - root - INFO - Inicializando Trading Analyzer...
2025-07-23 02:13:10,513 - core.data_reader - INFO - DataReader inicializado (OTIMIZADO para 5m/15m).
2025-07-23 02:13:10,515 - core.signal_writer - INFO - EnhancedSignalWriter LÓGICA CORRIGIDA - 2 targets apenas
2025-07-23 02:13:10,515 - indicators.patterns - INFO - PatternAnalyzer SIMPLIFICADO - APENAS Double Top/Bottom
2025-07-23 02:13:10,515 - indicators.patterns - INFO - HeadAndShouldersDetector DESABILITADO conforme configuração
2025-07-23 02:13:10,516 - indicators.patterns - INFO - CupAndHandleDetector DESABILITADO conforme configuração
2025-07-23 02:13:10,516 - indicators.patterns - INFO - PatternAnalyzer SIMPLIFICADO - APENAS Double Top/Bottom
2025-07-23 02:13:10,516 - indicators.patterns - INFO - HeadAndShouldersDetector DESABILITADO conforme configuração
2025-07-23 02:13:10,516 - indicators.patterns - INFO - CupAndHandleDetector DESABILITADO conforme configuração
2025-07-23 02:13:10,517 - core.improved_signal_quality_system - INFO - 🗄️ Sistema de backup completo inicializado
2025-07-23 02:13:10,517 - core.improved_signal_quality_system - INFO - 🎯 Sistema RIGOROSO de qualidade inicializado
2025-07-23 02:13:10,518 - core.analyzer - INFO - 🎯 Sistema RIGOROSO de qualidade ativado
2025-07-23 02:13:10,518 - core.analyzer - INFO - MultiTimeframeAnalyzer OTIMIZADO inicializado:
2025-07-23 02:13:10,518 - core.analyzer - INFO -   • Timeframes ativos: ['5m', '15m']
2025-07-23 02:13:10,518 - core.analyzer - INFO -   • Qualidade: RIGOROUS
2025-07-23 02:13:10,518 - core.analyzer - INFO -   • Prioridade: 5m absoluta, 15m se não há 5m
2025-07-23 02:13:10,519 - core.analyzer - INFO -   • Backup: Completo (todos sinais + 43 candlesticks)
2025-07-23 02:13:10,519 - root - INFO - Trading Analyzer inicializado com sucesso
2025-07-23 02:13:10,519 - root - INFO - Inicialização do analyzer concluída em 0.0s
2025-07-23 02:13:10,519 - core.analyzer - INFO - 🚀 Iniciando análise contínua OTIMIZADA
2025-07-23 02:13:10,520 - core.analyzer - INFO - 🔍 Verificando símbolos com dados suficientes...
2025-07-23 02:13:10,520 - core.data_reader - INFO - Verificando 8 símbolos...
2025-07-23 02:13:10,946 - core.data_reader - INFO - ✅ Símbolos válidos: 8/8 - ['BNB', 'BTC', 'ENA', 'ETH', 'NEAR', 'SOL', 'SUI', 'IMX']
2025-07-23 02:13:10,947 - core.analyzer - INFO - ✅ Símbolos válidos: 8 - ['BNB', 'BTC', 'ENA', 'ETH', 'NEAR', 'SOL', 'SUI', 'IMX']
2025-07-23 02:13:10,947 - core.analyzer - INFO - ⏱️ Intervalo: 300s | Timeframes: APENAS 5m e 15m
2025-07-23 02:13:10,947 - core.analyzer - INFO - 🔄 Ciclo 1 iniciado
2025-07-23 02:13:10,949 - core.analyzer - INFO - Análise iniciada para: BNB
2025-07-23 02:13:10,967 - core.analyzer - ERROR - Erro na análise de BNB em 5m: 'NoneType' object has no attribute 'get'
2025-07-23 02:13:10,982 - indicators.patterns - INFO - Padrões para BNB: 0 selecionados
2025-07-23 02:13:11,663 - core.improved_signal_quality_system - ERROR - Erro ao fazer backup do candlestick Bullish Engulfing: NOT NULL constraint failed: signal_backup_v2.signal_source
2025-07-23 02:13:11,663 - core.improved_signal_quality_system - ERROR - Erro ao fazer backup do candlestick Bullish Engulfing: NOT NULL constraint failed: signal_backup_v2.signal_source
2025-07-23 02:13:11,663 - core.improved_signal_quality_system - ERROR - Erro ao fazer backup do candlestick Bearish Engulfing: NOT NULL constraint failed: signal_backup_v2.signal_source
2025-07-23 02:13:11,664 - core.improved_signal_quality_system - ERROR - Erro ao fazer backup do candlestick Bullish Engulfing: NOT NULL constraint failed: signal_backup_v2.signal_source
2025-07-23 02:13:11,664 - core.improved_signal_quality_system - ERROR - Erro ao fazer backup do candlestick Bullish Engulfing: NOT NULL constraint failed: signal_backup_v2.signal_source
2025-07-23 02:13:11,664 - core.improved_signal_quality_system - ERROR - Erro ao fazer backup do candlestick Bullish Engulfing: NOT NULL constraint failed: signal_backup_v2.signal_source
2025-07-23 02:13:11,665 - core.improved_signal_quality_system - ERROR - Erro ao fazer backup do candlestick Bearish Engulfing: NOT NULL constraint failed: signal_backup_v2.signal_source
2025-07-23 02:13:11,666 - core.improved_signal_quality_system - ERROR - Erro ao fazer backup do candlestick Three Outside Up: NOT NULL constraint failed: signal_backup_v2.signal_source
2025-07-23 02:13:11,666 - core.improved_signal_quality_system - ERROR - Erro ao fazer backup do candlestick Three Outside Up: NOT NULL constraint failed: signal_backup_v2.signal_source
2025-07-23 02:13:11,667 - core.improved_signal_quality_system - ERROR - Erro ao fazer backup do candlestick Three Outside Up: NOT NULL constraint failed: signal_backup_v2.signal_source
2025-07-23 02:13:11,667 - core.improved_signal_quality_system - ERROR - Erro ao fazer backup do candlestick Three Outside Down: NOT NULL constraint failed: signal_backup_v2.signal_source
2025-07-23 02:13:11,668 - core.improved_signal_quality_system - ERROR - Erro ao fazer backup do candlestick Gravestone Doji: NOT NULL constraint failed: signal_backup_v2.signal_source
2025-07-23 02:13:11,668 - core.improved_signal_quality_system - ERROR - Erro ao fazer backup do candlestick Shooting Star: NOT NULL constraint failed: signal_backup_v2.signal_source
2025-07-23 02:13:11,668 - core.improved_signal_quality_system - ERROR - Erro ao fazer backup do candlestick Hammer: NOT NULL constraint failed: signal_backup_v2.signal_source
2025-07-23 02:13:11,669 - core.improved_signal_quality_system - ERROR - Erro ao fazer backup do candlestick Hanging Man: NOT NULL constraint failed: signal_backup_v2.signal_source
2025-07-23 02:13:11,669 - core.improved_signal_quality_system - ERROR - Erro ao fazer backup do candlestick Hanging Man: NOT NULL constraint failed: signal_backup_v2.signal_source
2025-07-23 02:13:11,669 - core.improved_signal_quality_system - ERROR - Erro ao fazer backup do candlestick Tweezer Top: NOT NULL constraint failed: signal_backup_v2.signal_source
2025-07-23 02:13:11,669 - core.improved_signal_quality_system - ERROR - Erro ao fazer backup do candlestick Tweezer Top: NOT NULL constraint failed: signal_backup_v2.signal_source
2025-07-23 02:13:11,670 - core.improved_signal_quality_system - ERROR - Erro ao fazer backup do candlestick Tweezer Top: NOT NULL constraint failed: signal_backup_v2.signal_source
2025-07-23 02:13:11,670 - core.improved_signal_quality_system - ERROR - Erro ao fazer backup do candlestick Tweezer Top: NOT NULL constraint failed: signal_backup_v2.signal_source
2025-07-23 02:13:11,670 - core.improved_signal_quality_system - ERROR - Erro ao fazer backup do candlestick Tweezer Top: NOT NULL constraint failed: signal_backup_v2.signal_source
2025-07-23 02:13:11,671 - core.improved_signal_quality_system - ERROR - Erro ao fazer backup do candlestick Tweezer Top: NOT NULL constraint failed: signal_backup_v2.signal_source
2025-07-23 02:13:11,671 - core.improved_signal_quality_system - ERROR - Erro ao fazer backup do candlestick Tweezer Bottom: NOT NULL constraint failed: signal_backup_v2.signal_source
2025-07-23 02:13:11,671 - core.improved_signal_quality_system - ERROR - Erro ao fazer backup do candlestick Tweezer Top: NOT NULL constraint failed: signal_backup_v2.signal_source
2025-07-23 02:13:11,672 - core.improved_signal_quality_system - ERROR - Erro ao fazer backup do candlestick Tweezer Bottom: NOT NULL constraint failed: signal_backup_v2.signal_source
2025-07-23 02:13:11,672 - core.improved_signal_quality_system - ERROR - Erro ao fazer backup do candlestick Tweezer Top: NOT NULL constraint failed: signal_backup_v2.signal_source
2025-07-23 02:13:11,672 - core.improved_signal_quality_system - ERROR - Erro ao fazer backup do candlestick Tweezer Top: NOT NULL constraint failed: signal_backup_v2.signal_source
2025-07-23 02:13:11,672 - core.improved_signal_quality_system - ERROR - Erro ao fazer backup do candlestick Tweezer Top: NOT NULL constraint failed: signal_backup_v2.signal_source
2025-07-23 02:13:11,673 - core.improved_signal_quality_system - ERROR - Erro ao fazer backup do candlestick Tweezer Top: NOT NULL constraint failed: signal_backup_v2.signal_source
2025-07-23 02:13:11,673 - core.improved_signal_quality_system - ERROR - Erro ao fazer backup do candlestick Tweezer Top: NOT NULL constraint failed: signal_backup_v2.signal_source
2025-07-23 02:13:11,673 - core.improved_signal_quality_system - ERROR - Erro ao fazer backup do candlestick Tweezer Top: NOT NULL constraint failed: signal_backup_v2.signal_source
2025-07-23 02:13:11,674 - core.improved_signal_quality_system - ERROR - Erro ao fazer backup do candlestick Tweezer Top: NOT NULL constraint failed: signal_backup_v2.signal_source
2025-07-23 02:13:11,674 - core.improved_signal_quality_system - ERROR - Erro ao fazer backup do candlestick Tweezer Top: NOT NULL constraint failed: signal_backup_v2.signal_source
2025-07-23 02:13:11,674 - core.improved_signal_quality_system - ERROR - Erro ao fazer backup do candlestick Tweezer Top: NOT NULL constraint failed: signal_backup_v2.signal_source
2025-07-23 02:13:11,674 - core.improved_signal_quality_system - ERROR - Erro ao fazer backup do candlestick Tweezer Top: NOT NULL constraint failed: signal_backup_v2.signal_source
2025-07-23 02:13:11,675 - core.improved_signal_quality_system - ERROR - Erro ao fazer backup do candlestick Tweezer Bottom: NOT NULL constraint failed: signal_backup_v2.signal_source
2025-07-23 02:13:11,675 - core.improved_signal_quality_system - ERROR - Erro ao fazer backup do candlestick Tweezer Top: NOT NULL constraint failed: signal_backup_v2.signal_source
2025-07-23 02:13:11,675 - core.improved_signal_quality_system - ERROR - Erro ao fazer backup do candlestick Tweezer Top: NOT NULL constraint failed: signal_backup_v2.signal_source
2025-07-23 02:13:11,675 - core.improved_signal_quality_system - ERROR - Erro ao fazer backup do candlestick Tweezer Bottom: NOT NULL constraint failed: signal_backup_v2.signal_source
2025-07-23 02:13:11,676 - core.improved_signal_quality_system - ERROR - Erro ao fazer backup do candlestick Tweezer Bottom: NOT NULL constraint failed: signal_backup_v2.signal_source
2025-07-23 02:13:11,676 - core.improved_signal_quality_system - ERROR - Erro ao fazer backup do candlestick Tweezer Top: NOT NULL constraint failed: signal_backup_v2.signal_source
2025-07-23 02:13:11,677 - core.improved_signal_quality_system - ERROR - Erro ao fazer backup do candlestick Stick Sandwich: NOT NULL constraint failed: signal_backup_v2.signal_source
2025-07-23 02:13:11,677 - core.improved_signal_quality_system - ERROR - Erro ao fazer backup do candlestick Stick Sandwich: NOT NULL constraint failed: signal_backup_v2.signal_source
2025-07-23 02:13:11,678 - core.improved_signal_quality_system - ERROR - Erro ao fazer backup do candlestick Stick Sandwich: NOT NULL constraint failed: signal_backup_v2.signal_source
2025-07-23 02:13:11,678 - core.improved_signal_quality_system - ERROR - Erro ao fazer backup do candlestick Inverted Hammer: NOT NULL constraint failed: signal_backup_v2.signal_source
2025-07-23 02:13:11,679 - core.improved_signal_quality_system - ERROR - Erro ao fazer backup do candlestick Advance Block: NOT NULL constraint failed: signal_backup_v2.signal_source
2025-07-23 02:13:11,679 - core.improved_signal_quality_system - ERROR - Erro ao fazer backup do candlestick Advance Block: NOT NULL constraint failed: signal_backup_v2.signal_source
2025-07-23 02:13:11,679 - core.improved_signal_quality_system - ERROR - Erro ao fazer backup do candlestick Advance Block: NOT NULL constraint failed: signal_backup_v2.signal_source
2025-07-23 02:13:11,680 - core.analyzer - INFO - 🎯 Filtro rigoroso BNB: 0 → 0 sinais (eliminados: 0)
2025-07-23 02:13:11,680 - core.analyzer - INFO - ✓ BNB (1/8): 0 sinais em 0.7s
2025-07-23 02:13:11,782 - core.analyzer - INFO - Análise iniciada para: BTC
2025-07-23 02:13:11,795 - core.analyzer - ERROR - Erro na análise de BTC em 5m: 'NoneType' object has no attribute 'get'
2025-07-23 02:13:11,812 - indicators.patterns - INFO - Padrões para BTC: 0 selecionados
2025-07-23 02:13:12,580 - core.improved_signal_quality_system - ERROR - Erro ao fazer backup do candlestick Bullish Engulfing: NOT NULL constraint failed: signal_backup_v2.signal_source
2025-07-23 02:13:12,580 - core.improved_signal_quality_system - ERROR - Erro ao fazer backup do candlestick Three Outside Up: NOT NULL constraint failed: signal_backup_v2.signal_source
2025-07-23 02:13:12,580 - core.improved_signal_quality_system - ERROR - Erro ao fazer backup do candlestick Hammer: NOT NULL constraint failed: signal_backup_v2.signal_source
2025-07-23 02:13:12,581 - core.improved_signal_quality_system - ERROR - Erro ao fazer backup do candlestick Shooting Star: NOT NULL constraint failed: signal_backup_v2.signal_source
2025-07-23 02:13:12,581 - core.improved_signal_quality_system - ERROR - Erro ao fazer backup do candlestick White Marubozu: NOT NULL constraint failed: signal_backup_v2.signal_source
2025-07-23 02:13:12,581 - core.improved_signal_quality_system - ERROR - Erro ao fazer backup do candlestick Black Marubozu: NOT NULL constraint failed: signal_backup_v2.signal_source
2025-07-23 02:13:12,582 - core.improved_signal_quality_system - ERROR - Erro ao fazer backup do candlestick Tweezer Top: NOT NULL constraint failed: signal_backup_v2.signal_source
2025-07-23 02:13:12,582 - core.improved_signal_quality_system - ERROR - Erro ao fazer backup do candlestick Tweezer Top: NOT NULL constraint failed: signal_backup_v2.signal_source
2025-07-23 02:13:12,583 - core.improved_signal_quality_system - ERROR - Erro ao fazer backup do candlestick Tweezer Top: NOT NULL constraint failed: signal_backup_v2.signal_source
2025-07-23 02:13:12,584 - core.improved_signal_quality_system - ERROR - Erro ao fazer backup do candlestick Tweezer Top: NOT NULL constraint failed: signal_backup_v2.signal_source
2025-07-23 02:13:12,584 - core.improved_signal_quality_system - ERROR - Erro ao fazer backup do candlestick Tweezer Top: NOT NULL constraint failed: signal_backup_v2.signal_source
2025-07-23 02:13:12,585 - core.improved_signal_quality_system - ERROR - Erro ao fazer backup do candlestick Tweezer Top: NOT NULL constraint failed: signal_backup_v2.signal_source
2025-07-23 02:13:12,585 - core.improved_signal_quality_system - ERROR - Erro ao fazer backup do candlestick Tweezer Top: NOT NULL constraint failed: signal_backup_v2.signal_source
2025-07-23 02:13:12,585 - core.improved_signal_quality_system - ERROR - Erro ao fazer backup do candlestick Tweezer Top: NOT NULL constraint failed: signal_backup_v2.signal_source
2025-07-23 02:13:12,585 - core.improved_signal_quality_system - ERROR - Erro ao fazer backup do candlestick Tweezer Bottom: NOT NULL constraint failed: signal_backup_v2.signal_source
2025-07-23 02:13:12,586 - core.improved_signal_quality_system - ERROR - Erro ao fazer backup do candlestick Tweezer Bottom: NOT NULL constraint failed: signal_backup_v2.signal_source
2025-07-23 02:13:12,586 - core.improved_signal_quality_system - ERROR - Erro ao fazer backup do candlestick Tweezer Top: NOT NULL constraint failed: signal_backup_v2.signal_source
2025-07-23 02:13:12,586 - core.improved_signal_quality_system - ERROR - Erro ao fazer backup do candlestick Tweezer Top: NOT NULL constraint failed: signal_backup_v2.signal_source
2025-07-23 02:13:12,587 - core.improved_signal_quality_system - ERROR - Erro ao fazer backup do candlestick Tweezer Top: NOT NULL constraint failed: signal_backup_v2.signal_source
2025-07-23 02:13:12,587 - core.improved_signal_quality_system - ERROR - Erro ao fazer backup do candlestick Tweezer Top: NOT NULL constraint failed: signal_backup_v2.signal_source
2025-07-23 02:13:12,587 - core.improved_signal_quality_system - ERROR - Erro ao fazer backup do candlestick Tweezer Top: NOT NULL constraint failed: signal_backup_v2.signal_source
2025-07-23 02:13:12,588 - core.improved_signal_quality_system - ERROR - Erro ao fazer backup do candlestick Tweezer Top: NOT NULL constraint failed: signal_backup_v2.signal_source
2025-07-23 02:13:12,588 - core.improved_signal_quality_system - ERROR - Erro ao fazer backup do candlestick Tweezer Top: NOT NULL constraint failed: signal_backup_v2.signal_source
2025-07-23 02:13:12,588 - core.improved_signal_quality_system - ERROR - Erro ao fazer backup do candlestick Tweezer Bottom: NOT NULL constraint failed: signal_backup_v2.signal_source
2025-07-23 02:13:12,588 - core.improved_signal_quality_system - ERROR - Erro ao fazer backup do candlestick Tweezer Bottom: NOT NULL constraint failed: signal_backup_v2.signal_source
2025-07-23 02:13:12,589 - core.improved_signal_quality_system - ERROR - Erro ao fazer backup do candlestick Tweezer Bottom: NOT NULL constraint failed: signal_backup_v2.signal_source
2025-07-23 02:13:12,589 - core.improved_signal_quality_system - ERROR - Erro ao fazer backup do candlestick Tweezer Bottom: NOT NULL constraint failed: signal_backup_v2.signal_source
2025-07-23 02:13:12,589 - core.improved_signal_quality_system - ERROR - Erro ao fazer backup do candlestick Tweezer Top: NOT NULL constraint failed: signal_backup_v2.signal_source
2025-07-23 02:13:12,590 - core.improved_signal_quality_system - ERROR - Erro ao fazer backup do candlestick Tweezer Top: NOT NULL constraint failed: signal_backup_v2.signal_source
2025-07-23 02:13:12,590 - core.improved_signal_quality_system - ERROR - Erro ao fazer backup do candlestick Tweezer Top: NOT NULL constraint failed: signal_backup_v2.signal_source
2025-07-23 02:13:12,590 - core.improved_signal_quality_system - ERROR - Erro ao fazer backup do candlestick Tweezer Top: NOT NULL constraint failed: signal_backup_v2.signal_source
2025-07-23 02:13:12,590 - core.improved_signal_quality_system - ERROR - Erro ao fazer backup do candlestick Tweezer Bottom: NOT NULL constraint failed: signal_backup_v2.signal_source
2025-07-23 02:13:12,591 - core.improved_signal_quality_system - ERROR - Erro ao fazer backup do candlestick Tweezer Bottom: NOT NULL constraint failed: signal_backup_v2.signal_source
2025-07-23 02:13:12,591 - core.improved_signal_quality_system - ERROR - Erro ao fazer backup do candlestick Tweezer Bottom: NOT NULL constraint failed: signal_backup_v2.signal_source
2025-07-23 02:13:12,591 - core.improved_signal_quality_system - ERROR - Erro ao fazer backup do candlestick Tweezer Bottom: NOT NULL constraint failed: signal_backup_v2.signal_source
2025-07-23 02:13:12,591 - core.improved_signal_quality_system - ERROR - Erro ao fazer backup do candlestick Tweezer Bottom: NOT NULL constraint failed: signal_backup_v2.signal_source
2025-07-23 02:13:12,592 - core.improved_signal_quality_system - ERROR - Erro ao fazer backup do candlestick Tweezer Bottom: NOT NULL constraint failed: signal_backup_v2.signal_source
2025-07-23 02:13:12,592 - core.improved_signal_quality_system - ERROR - Erro ao fazer backup do candlestick Tweezer Bottom: NOT NULL constraint failed: signal_backup_v2.signal_source
2025-07-23 02:13:12,592 - core.improved_signal_quality_system - ERROR - Erro ao fazer backup do candlestick Tweezer Bottom: NOT NULL constraint failed: signal_backup_v2.signal_source
2025-07-23 02:13:12,592 - core.improved_signal_quality_system - ERROR - Erro ao fazer backup do candlestick Tweezer Bottom: NOT NULL constraint failed: signal_backup_v2.signal_source
2025-07-23 02:13:12,593 - core.improved_signal_quality_system - ERROR - Erro ao fazer backup do candlestick Tweezer Bottom: NOT NULL constraint failed: signal_backup_v2.signal_source
2025-07-23 02:13:12,594 - core.improved_signal_quality_system - ERROR - Erro ao fazer backup do candlestick Tweezer Bottom: NOT NULL constraint failed: signal_backup_v2.signal_source
2025-07-23 02:13:12,594 - core.improved_signal_quality_system - ERROR - Erro ao fazer backup do candlestick Tweezer Bottom: NOT NULL constraint failed: signal_backup_v2.signal_source
2025-07-23 02:13:12,595 - core.improved_signal_quality_system - ERROR - Erro ao fazer backup do candlestick Tweezer Bottom: NOT NULL constraint failed: signal_backup_v2.signal_source
2025-07-23 02:13:12,595 - core.improved_signal_quality_system - ERROR - Erro ao fazer backup do candlestick Stick Sandwich: NOT NULL constraint failed: signal_backup_v2.signal_source
2025-07-23 02:13:12,595 - core.improved_signal_quality_system - ERROR - Erro ao fazer backup do candlestick Stick Sandwich: NOT NULL constraint failed: signal_backup_v2.signal_source
2025-07-23 02:13:12,596 - core.improved_signal_quality_system - ERROR - Erro ao fazer backup do candlestick Inverted Hammer: NOT NULL constraint failed: signal_backup_v2.signal_source
2025-07-23 02:13:12,596 - core.analyzer - INFO - 🎯 Filtro rigoroso BTC: 0 → 0 sinais (eliminados: 0)
2025-07-23 02:13:12,596 - core.analyzer - INFO - ✓ BTC (2/8): 0 sinais em 0.8s
2025-07-23 02:13:12,698 - core.analyzer - INFO - Análise iniciada para: ENA
2025-07-23 02:13:12,709 - core.analyzer - ERROR - Erro na análise de ENA em 5m: 'NoneType' object has no attribute 'get'
2025-07-23 02:13:12,726 - indicators.patterns - INFO - Padrões para ENA: 0 selecionados
2025-07-23 02:13:13,352 - core.analyzer - INFO - 🛑 Análise interrompida pelo usuário
2025-07-23 02:15:13,273 - root - INFO - Iniciando Inicialização do analyzer...
2025-07-23 02:15:13,274 - root - INFO - Inicializando Trading Analyzer...
2025-07-23 02:15:13,274 - core.data_reader - INFO - DataReader inicializado (OTIMIZADO para 5m/15m).
2025-07-23 02:15:13,276 - core.signal_writer - INFO - EnhancedSignalWriter LÓGICA CORRIGIDA - 2 targets apenas
2025-07-23 02:15:13,276 - indicators.patterns - INFO - PatternAnalyzer SIMPLIFICADO - APENAS Double Top/Bottom
2025-07-23 02:15:13,276 - indicators.patterns - INFO - HeadAndShouldersDetector DESABILITADO conforme configuração
2025-07-23 02:15:13,276 - indicators.patterns - INFO - CupAndHandleDetector DESABILITADO conforme configuração
2025-07-23 02:15:13,277 - indicators.patterns - INFO - PatternAnalyzer SIMPLIFICADO - APENAS Double Top/Bottom
2025-07-23 02:15:13,277 - indicators.patterns - INFO - HeadAndShouldersDetector DESABILITADO conforme configuração
2025-07-23 02:15:13,277 - indicators.patterns - INFO - CupAndHandleDetector DESABILITADO conforme configuração
2025-07-23 02:15:13,278 - core.improved_signal_quality_system - INFO - 🗄️ Sistema de backup completo inicializado
2025-07-23 02:15:13,278 - core.improved_signal_quality_system - INFO - 🎯 Sistema RIGOROSO de qualidade inicializado
2025-07-23 02:15:13,278 - core.analyzer - INFO - 🎯 Sistema RIGOROSO de qualidade ativado
2025-07-23 02:15:13,279 - core.analyzer - INFO - MultiTimeframeAnalyzer OTIMIZADO inicializado:
2025-07-23 02:15:13,279 - core.analyzer - INFO -   • Timeframes ativos: ['5m', '15m']
2025-07-23 02:15:13,279 - core.analyzer - INFO -   • Qualidade: RIGOROUS
2025-07-23 02:15:13,279 - core.analyzer - INFO -   • Prioridade: 5m absoluta, 15m se não há 5m
2025-07-23 02:15:13,280 - core.analyzer - INFO -   • Backup: Completo (todos sinais + 43 candlesticks)
2025-07-23 02:15:13,280 - root - INFO - Trading Analyzer inicializado com sucesso
2025-07-23 02:15:13,280 - root - INFO - Inicialização do analyzer concluída em 0.0s
2025-07-23 02:15:13,281 - core.analyzer - INFO - 🚀 Iniciando análise contínua OTIMIZADA
2025-07-23 02:15:13,281 - core.analyzer - INFO - 🔍 Verificando símbolos com dados suficientes...
2025-07-23 02:15:13,281 - core.data_reader - INFO - Verificando 8 símbolos...
2025-07-23 02:15:13,715 - core.data_reader - INFO - ✅ Símbolos válidos: 8/8 - ['BNB', 'BTC', 'ENA', 'ETH', 'NEAR', 'SOL', 'SUI', 'IMX']
2025-07-23 02:15:13,716 - core.analyzer - INFO - ✅ Símbolos válidos: 8 - ['BNB', 'BTC', 'ENA', 'ETH', 'NEAR', 'SOL', 'SUI', 'IMX']
2025-07-23 02:15:13,716 - core.analyzer - INFO - ⏱️ Intervalo: 300s | Timeframes: APENAS 5m e 15m
2025-07-23 02:15:13,716 - core.analyzer - INFO - 🔄 Ciclo 1 iniciado
2025-07-23 02:15:13,718 - core.analyzer - INFO - Análise iniciada para: BNB
2025-07-23 02:15:13,733 - core.analyzer - ERROR - Erro na análise de BNB em 5m: 'NoneType' object has no attribute 'get'
2025-07-23 02:15:13,747 - indicators.patterns - INFO - Padrões para BNB: 0 selecionados
2025-07-23 02:15:14,465 - core.analyzer - INFO - 🎯 Filtro rigoroso BNB: 0 → 0 sinais (eliminados: 0)
2025-07-23 02:15:14,466 - core.analyzer - INFO - ✓ BNB (1/8): 0 sinais em 0.7s
2025-07-23 02:15:14,579 - core.analyzer - INFO - Análise iniciada para: BTC
2025-07-23 02:15:14,600 - core.analyzer - ERROR - Erro na análise de BTC em 5m: 'NoneType' object has no attribute 'get'
2025-07-23 02:15:14,621 - indicators.patterns - INFO - Padrões para BTC: 0 selecionados
2025-07-23 02:15:15,438 - core.analyzer - INFO - 🎯 Filtro rigoroso BTC: 0 → 0 sinais (eliminados: 0)
2025-07-23 02:15:15,438 - core.analyzer - INFO - ✓ BTC (2/8): 0 sinais em 0.9s
2025-07-23 02:15:15,549 - core.analyzer - INFO - Análise iniciada para: ENA
2025-07-23 02:15:15,568 - core.analyzer - ERROR - Erro na análise de ENA em 5m: 'NoneType' object has no attribute 'get'
2025-07-23 02:15:15,586 - indicators.patterns - INFO - Padrões para ENA: 0 selecionados
2025-07-23 02:15:16,317 - core.analyzer - INFO - 🎯 Filtro rigoroso ENA: 0 → 0 sinais (eliminados: 0)
2025-07-23 02:15:16,318 - core.analyzer - INFO - ✓ ENA (3/8): 0 sinais em 0.8s
2025-07-23 02:15:16,427 - core.analyzer - INFO - Análise iniciada para: ETH
2025-07-23 02:15:16,442 - core.technical_stop_loss - INFO - 🔧 Stop Loss Inteligente usando configurações avançadas
2025-07-23 02:15:16,448 - core.technical_targets - INFO - 🎯 Targets Inteligentes usando configurações avançadas
2025-07-23 02:15:16,454 - core.analyzer - ERROR - Erro na análise de ETH em 5m: 'NoneType' object has no attribute 'get'
2025-07-23 02:15:16,470 - indicators.patterns - INFO - Padrões para ETH: 0 selecionados
2025-07-23 02:15:17,161 - core.analyzer - INFO - 🎯 Filtro rigoroso ETH: 0 → 0 sinais (eliminados: 0)
2025-07-23 02:15:17,162 - core.analyzer - INFO - ✓ ETH (4/8): 0 sinais em 0.7s
2025-07-23 02:15:17,271 - core.analyzer - INFO - Análise iniciada para: NEAR
2025-07-23 02:15:17,283 - core.analyzer - ERROR - Erro na análise de NEAR em 5m: 'NoneType' object has no attribute 'get'
2025-07-23 02:15:17,289 - core.technical_stop_loss - INFO - 🔧 Stop Loss Inteligente usando configurações avançadas
2025-07-23 02:15:17,292 - core.technical_targets - INFO - 🎯 Targets Inteligentes usando configurações avançadas
2025-07-23 02:15:17,307 - indicators.patterns - INFO - Padrões para NEAR: 0 selecionados
2025-07-23 02:15:17,937 - core.improved_signal_quality_system - INFO - 💾 Salvando 1 sinais no backup para NEAR
2025-07-23 02:15:17,976 - core.analyzer - ERROR - ❌ Erro crítico em NEAR: 'RigorousQualityFilter' object has no attribute '_apply_timeframe_priority_rules'
2025-07-23 02:15:17,989 - core.analyzer - INFO - Análise iniciada para: SOL
2025-07-23 02:15:18,006 - core.technical_stop_loss - INFO - 🔧 Stop Loss Inteligente usando configurações avançadas
2025-07-23 02:15:18,012 - core.technical_targets - INFO - 🎯 Targets Inteligentes usando configurações avançadas
2025-07-23 02:15:18,018 - core.signal_writer - WARNING - Target 1 SHORT corrigido para SOL: 197.0290
2025-07-23 02:15:18,018 - core.signal_writer - WARNING - Target 2 SHORT corrigido para SOL: 193.0080
2025-07-23 02:15:18,019 - core.analyzer - ERROR - Erro na análise de SOL em 5m: 'NoneType' object has no attribute 'get'
2025-07-23 02:15:18,036 - indicators.patterns - INFO - Padrões para SOL: 0 selecionados
2025-07-23 02:15:18,760 - core.analyzer - INFO - 🎯 Filtro rigoroso SOL: 0 → 0 sinais (eliminados: 0)
2025-07-23 02:15:18,761 - core.analyzer - INFO - ✓ SOL (6/8): 0 sinais em 0.8s
2025-07-23 02:15:18,870 - core.analyzer - INFO - Análise iniciada para: SUI
2025-07-23 02:15:18,883 - core.technical_stop_loss - INFO - 🔧 Stop Loss Inteligente usando configurações avançadas
2025-07-23 02:15:18,888 - core.technical_targets - INFO - 🎯 Targets Inteligentes usando configurações avançadas
2025-07-23 02:15:18,895 - core.analyzer - ERROR - Erro na análise de SUI em 5m: 'NoneType' object has no attribute 'get'
2025-07-23 02:15:18,911 - indicators.patterns - INFO - Padrões para SUI: 0 selecionados
2025-07-23 02:15:19,589 - core.analyzer - INFO - 🎯 Filtro rigoroso SUI: 0 → 0 sinais (eliminados: 0)
2025-07-23 02:15:19,589 - core.analyzer - INFO - ✓ SUI (7/8): 0 sinais em 0.7s
2025-07-23 02:15:19,697 - core.analyzer - INFO - Análise iniciada para: IMX
2025-07-23 02:15:19,710 - core.analyzer - ERROR - Erro na análise de IMX em 5m: 'NoneType' object has no attribute 'get'
2025-07-23 02:15:19,715 - core.technical_stop_loss - INFO - 🔧 Stop Loss Inteligente usando configurações avançadas
2025-07-23 02:15:19,720 - core.technical_targets - INFO - 🎯 Targets Inteligentes usando configurações avançadas
2025-07-23 02:15:19,739 - indicators.patterns - INFO - Padrões para IMX: 0 selecionados
2025-07-23 02:15:20,550 - core.improved_signal_quality_system - INFO - 💾 Salvando 1 sinais no backup para IMX
2025-07-23 02:15:20,588 - core.analyzer - ERROR - ❌ Erro crítico em IMX: 'RigorousQualityFilter' object has no attribute '_apply_timeframe_priority_rules'
2025-07-23 02:15:20,588 - core.analyzer - INFO - ✅ Ciclo 1: 0 novos | 0 bloqueados | 2 erros | 6.9s
2025-07-23 02:15:20,588 - core.analyzer - INFO - ⏳ Aguardando 300s...
