2025-07-13 23:34:06,644 - core.signal_writer - INFO - Tabela de sinais verificada/criada
2025-07-13 23:34:06,646 - core.analyzer - INFO - Symbols disponíveis: 8
2025-07-13 23:34:06,647 - core.analyzer - INFO - Trading Analyzer inicializado com sucesso
2025-07-13 23:34:06,668 - core.data_reader - WARNING - Nenhum dado encontrado para BTCUSDT 5m
2025-07-13 23:34:06,669 - core.data_reader - WARNING - Nenhum dado encontrado para BNBUSDT 5m
2025-07-13 23:34:06,672 - core.data_reader - WARNING - Nenhum dado encontrado para ETHUSDT 5m
2025-07-13 23:34:06,676 - core.data_reader - WARNING - Nenhum dado encontrado para ADAUSDT 5m
2025-07-13 23:34:06,681 - core.data_reader - WARNING - Nenhum dado encontrado para XRPUSDT 5m
2025-07-13 23:38:09,351 - core.signal_writer - INFO - Tabela de sinais verificada/criada
2025-07-13 23:38:09,353 - core.analyzer - INFO - Symbols disponíveis: 8
2025-07-13 23:38:09,353 - core.analyzer - INFO - Trading Analyzer inicializado com sucesso
2025-07-13 23:38:09,375 - core.data_reader - WARNING - Nenhum dado encontrado para BTCUSDT 5m
2025-07-13 23:38:09,376 - core.data_reader - WARNING - Nenhum dado encontrado para ETHUSDT 5m
2025-07-13 23:38:09,378 - core.data_reader - WARNING - Nenhum dado encontrado para BNBUSDT 5m
2025-07-13 23:38:09,380 - core.data_reader - WARNING - Nenhum dado encontrado para ADAUSDT 5m
2025-07-13 23:38:09,382 - core.data_reader - WARNING - Nenhum dado encontrado para XRPUSDT 5m
2025-07-13 23:42:03,427 - core.signal_writer - INFO - Tabela de sinais verificada/criada
2025-07-13 23:42:03,431 - core.analyzer - INFO - Symbols disponíveis: 8
2025-07-13 23:42:03,431 - core.analyzer - INFO - Trading Analyzer inicializado com sucesso
2025-07-13 23:42:21,845 - core.signal_writer - INFO - Tabela de sinais verificada/criada
2025-07-13 23:42:21,848 - core.analyzer - INFO - Symbols disponíveis: 8
2025-07-13 23:42:21,848 - core.analyzer - INFO - Trading Analyzer inicializado com sucesso
2025-07-13 23:42:21,881 - core.data_reader - INFO - Carregados 191 pontos para BNB 5m
2025-07-13 23:42:21,982 - indicators.technical - INFO - Análise técnica concluída para BNB: RSI=0 sinais, MACD=0 sinais
2025-07-13 23:42:21,996 - core.data_reader - INFO - Carregados 191 pontos para ENA 5m
2025-07-13 23:42:22,076 - indicators.technical - INFO - Análise técnica concluída para ENA: RSI=0 sinais, MACD=0 sinais
2025-07-13 23:42:22,081 - core.data_reader - INFO - Carregados 191 pontos para ETH 5m
2025-07-13 23:42:22,088 - core.data_reader - INFO - Carregados 191 pontos para BTC 5m
2025-07-13 23:42:22,161 - indicators.technical - INFO - Análise técnica concluída para ETH: RSI=0 sinais, MACD=0 sinais
2025-07-13 23:42:22,227 - indicators.technical - INFO - Análise técnica concluída para BTC: RSI=0 sinais, MACD=0 sinais
2025-07-13 23:42:22,235 - core.data_reader - INFO - Carregados 191 pontos para HBAR 5m
2025-07-13 23:42:22,243 - core.data_reader - INFO - Carregados 191 pontos para NEAR 5m
2025-07-13 23:42:22,320 - indicators.technical - INFO - Análise técnica concluída para HBAR: RSI=0 sinais, MACD=0 sinais
2025-07-13 23:42:22,323 - core.data_reader - INFO - Carregados 191 pontos para OMNI 5m
2025-07-13 23:42:22,412 - indicators.technical - INFO - Análise técnica concluída para NEAR: RSI=0 sinais, MACD=0 sinais
2025-07-13 23:42:22,471 - indicators.technical - INFO - Análise técnica concluída para OMNI: RSI=0 sinais, MACD=0 sinais
2025-07-13 23:42:22,479 - core.data_reader - INFO - Carregados 191 pontos para SOL 5m
2025-07-13 23:42:22,534 - indicators.technical - INFO - Análise técnica concluída para SOL: RSI=0 sinais, MACD=0 sinais
2025-07-13 23:47:21,937 - core.data_reader - INFO - Carregados 194 pontos para ETH 5m
2025-07-13 23:47:21,968 - core.data_reader - INFO - Carregados 194 pontos para BTC 5m
2025-07-13 23:47:22,008 - core.data_reader - INFO - Carregados 194 pontos para ENA 5m
2025-07-13 23:47:22,118 - core.data_reader - INFO - Carregados 194 pontos para BNB 5m
2025-07-13 23:47:22,158 - indicators.technical - INFO - Análise técnica concluída para BTC: RSI=0 sinais, MACD=0 sinais
2025-07-13 23:47:22,214 - indicators.technical - INFO - Análise técnica concluída para ETH: RSI=0 sinais, MACD=0 sinais
2025-07-13 23:47:22,220 - indicators.technical - INFO - Análise técnica concluída para ENA: RSI=0 sinais, MACD=0 sinais
2025-07-13 23:47:22,297 - indicators.technical - INFO - Análise técnica concluída para BNB: RSI=0 sinais, MACD=0 sinais
2025-07-13 23:47:22,314 - core.data_reader - INFO - Carregados 194 pontos para HBAR 5m
2025-07-13 23:47:22,328 - core.data_reader - INFO - Carregados 194 pontos para NEAR 5m
2025-07-13 23:47:22,477 - indicators.technical - INFO - Análise técnica concluída para HBAR: RSI=0 sinais, MACD=0 sinais
2025-07-13 23:47:22,494 - indicators.technical - INFO - Análise técnica concluída para NEAR: RSI=0 sinais, MACD=0 sinais
2025-07-13 23:47:22,501 - core.data_reader - INFO - Carregados 194 pontos para OMNI 5m
2025-07-13 23:47:22,513 - core.data_reader - INFO - Carregados 194 pontos para SOL 5m
2025-07-13 23:47:22,619 - indicators.technical - INFO - Análise técnica concluída para SOL: RSI=0 sinais, MACD=0 sinais
2025-07-13 23:47:22,651 - indicators.technical - INFO - Análise técnica concluída para OMNI: RSI=0 sinais, MACD=0 sinais
2025-07-13 23:48:41,584 - core.signal_writer - INFO - Tabela de sinais verificada/criada
2025-07-13 23:48:41,587 - core.analyzer - INFO - Symbols disponíveis: 8
2025-07-13 23:48:41,587 - core.analyzer - INFO - Trading Analyzer inicializado com sucesso
2025-07-13 23:48:41,588 - core.analyzer - INFO - [START] Iniciando análise de 8 symbols
2025-07-13 23:48:41,590 - core.analyzer - INFO - [DEBUG] Symbols disponíveis no banco: ['BNB', 'BTC', 'ENA', 'ETH', 'HBAR', 'NEAR', 'OMNI', 'SOL']
2025-07-13 23:48:41,590 - core.analyzer - INFO - [DEBUG] Symbols configurados para análise: ['BNB', 'BTC', 'ENA', 'ETH', 'HBAR', 'NEAR', 'OMNI', 'SOL']
2025-07-13 23:48:41,591 - core.analyzer - INFO - [INFO] Symbols que serão analisados: ['BNB', 'BTC', 'ENA', 'ETH', 'HBAR', 'NEAR', 'OMNI', 'SOL']
2025-07-13 23:48:41,611 - core.data_reader - INFO - Carregados 194 pontos para ENA 5m
2025-07-13 23:48:41,616 - core.data_reader - INFO - Carregados 194 pontos para BTC 5m
2025-07-13 23:48:41,623 - core.data_reader - INFO - Carregados 194 pontos para ETH 5m
2025-07-13 23:48:41,807 - indicators.technical - INFO - Análise técnica concluída para ETH: RSI=0 sinais, MACD=0 sinais
2025-07-13 23:48:41,808 - core.data_reader - INFO - Carregados 194 pontos para BNB 5m
2025-07-13 23:48:41,812 - indicators.technical - INFO - Análise técnica concluída para BTC: RSI=0 sinais, MACD=0 sinais
2025-07-13 23:48:41,813 - core.analyzer - INFO - [SUCCESS] ETH: 0 sinais gerados, 0 salvos em 0.22s
2025-07-13 23:48:41,833 - core.analyzer - INFO - [SUCCESS] BTC: 0 sinais gerados, 0 salvos em 0.24s
2025-07-13 23:48:41,871 - indicators.technical - INFO - Análise técnica concluída para ENA: RSI=0 sinais, MACD=0 sinais
2025-07-13 23:48:41,886 - core.analyzer - INFO - [SUCCESS] ENA: 0 sinais gerados, 0 salvos em 0.29s
2025-07-13 23:48:41,935 - indicators.technical - INFO - Análise técnica concluída para BNB: RSI=0 sinais, MACD=0 sinais
2025-07-13 23:48:41,936 - core.analyzer - INFO - [SUCCESS] BNB: 0 sinais gerados, 0 salvos em 0.34s
2025-07-13 23:48:41,945 - core.data_reader - INFO - Carregados 194 pontos para NEAR 5m
2025-07-13 23:48:42,015 - indicators.technical - INFO - Análise técnica concluída para NEAR: RSI=0 sinais, MACD=0 sinais
2025-07-13 23:48:42,015 - core.analyzer - INFO - [SUCCESS] NEAR: 0 sinais gerados, 0 salvos em 0.14s
2025-07-13 23:48:42,020 - core.data_reader - INFO - Carregados 194 pontos para OMNI 5m
2025-07-13 23:48:42,087 - indicators.technical - INFO - Análise técnica concluída para OMNI: RSI=0 sinais, MACD=0 sinais
2025-07-13 23:48:42,088 - core.analyzer - INFO - [SUCCESS] OMNI: 0 sinais gerados, 0 salvos em 0.19s
2025-07-13 23:48:42,092 - core.data_reader - INFO - Carregados 194 pontos para HBAR 5m
2025-07-13 23:48:42,152 - indicators.technical - INFO - Análise técnica concluída para HBAR: RSI=0 sinais, MACD=0 sinais
2025-07-13 23:48:42,155 - core.analyzer - INFO - [SUCCESS] HBAR: 0 sinais gerados, 0 salvos em 0.28s
2025-07-13 23:48:42,157 - core.data_reader - INFO - Carregados 194 pontos para SOL 5m
2025-07-13 23:48:42,209 - indicators.technical - INFO - Análise técnica concluída para SOL: RSI=0 sinais, MACD=0 sinais
2025-07-13 23:48:42,209 - core.analyzer - INFO - [SUCCESS] SOL: 0 sinais gerados, 0 salvos em 0.27s
2025-07-13 23:48:42,211 - core.analyzer - INFO - [COMPLETE] Análise concluída: 8/8 symbols, 0 sinais em 0.62s
2025-07-13 23:48:42,219 - core.data_reader - INFO - Carregados 194 pontos para BTC 5m
2025-07-13 23:48:42,227 - core.data_reader - INFO - Carregados 194 pontos para ETH 5m
2025-07-13 23:48:42,232 - core.data_reader - INFO - Carregados 194 pontos para BNB 5m
2025-07-13 23:49:13,935 - core.signal_writer - INFO - Tabela de sinais verificada/criada
2025-07-13 23:49:13,938 - core.analyzer - INFO - Symbols disponíveis: 8
2025-07-13 23:49:13,938 - core.analyzer - INFO - Trading Analyzer inicializado com sucesso
2025-07-13 23:49:13,939 - core.analyzer - INFO - [CONTINUOUS] Iniciando análise contínua (intervalo: 300s)
2025-07-13 23:49:13,940 - core.analyzer - INFO - [START] Iniciando análise de 8 symbols
2025-07-13 23:49:13,943 - core.analyzer - INFO - [DEBUG] Symbols disponíveis no banco: ['BNB', 'BTC', 'ENA', 'ETH', 'HBAR', 'NEAR', 'OMNI', 'SOL']
2025-07-13 23:49:13,943 - core.analyzer - INFO - [DEBUG] Symbols configurados para análise: ['BNB', 'BTC', 'ENA', 'ETH', 'HBAR', 'NEAR', 'OMNI', 'SOL']
2025-07-13 23:49:13,944 - core.analyzer - INFO - [INFO] Symbols que serão analisados: ['BNB', 'BTC', 'ENA', 'ETH', 'HBAR', 'NEAR', 'OMNI', 'SOL']
2025-07-13 23:49:13,969 - core.data_reader - INFO - Carregados 194 pontos para ETH 5m
2025-07-13 23:49:13,974 - core.data_reader - INFO - Carregados 194 pontos para BNB 5m
2025-07-13 23:49:14,089 - indicators.technical - INFO - Análise técnica concluída para ETH: RSI=0 sinais, MACD=0 sinais
2025-07-13 23:49:14,115 - indicators.technical - INFO - Análise técnica concluída para BNB: RSI=0 sinais, MACD=0 sinais
2025-07-13 23:49:14,115 - core.analyzer - INFO - [SUCCESS] ETH: 0 sinais gerados, 0 salvos em 0.17s
2025-07-13 23:49:14,116 - core.analyzer - INFO - [SUCCESS] BNB: 0 sinais gerados, 0 salvos em 0.17s
2025-07-13 23:49:14,122 - core.data_reader - INFO - Carregados 194 pontos para ENA 5m
2025-07-13 23:49:14,207 - indicators.technical - INFO - Análise técnica concluída para ENA: RSI=0 sinais, MACD=0 sinais
2025-07-13 23:49:14,207 - core.analyzer - INFO - [SUCCESS] ENA: 0 sinais gerados, 0 salvos em 0.26s
2025-07-13 23:49:14,211 - core.data_reader - INFO - Carregados 194 pontos para BTC 5m
2025-07-13 23:49:14,281 - indicators.technical - INFO - Análise técnica concluída para BTC: RSI=0 sinais, MACD=0 sinais
2025-07-13 23:49:14,282 - core.analyzer - INFO - [SUCCESS] BTC: 0 sinais gerados, 0 salvos em 0.34s
2025-07-13 23:49:14,291 - core.data_reader - INFO - Carregados 194 pontos para HBAR 5m
2025-07-13 23:49:14,361 - indicators.technical - INFO - Análise técnica concluída para HBAR: RSI=0 sinais, MACD=0 sinais
2025-07-13 23:49:14,362 - core.analyzer - INFO - [SUCCESS] HBAR: 0 sinais gerados, 0 salvos em 0.24s
2025-07-13 23:49:14,366 - core.data_reader - INFO - Carregados 194 pontos para OMNI 5m
2025-07-13 23:49:14,437 - indicators.technical - INFO - Análise técnica concluída para OMNI: RSI=0 sinais, MACD=0 sinais
2025-07-13 23:49:14,437 - core.analyzer - INFO - [SUCCESS] OMNI: 0 sinais gerados, 0 salvos em 0.23s
2025-07-13 23:49:14,442 - core.data_reader - INFO - Carregados 194 pontos para NEAR 5m
2025-07-13 23:49:14,476 - core.data_reader - INFO - Carregados 194 pontos para SOL 5m
2025-07-13 23:49:14,511 - indicators.technical - INFO - Análise técnica concluída para NEAR: RSI=0 sinais, MACD=0 sinais
2025-07-13 23:49:14,550 - core.analyzer - INFO - [SUCCESS] NEAR: 0 sinais gerados, 0 salvos em 0.43s
2025-07-13 23:49:14,565 - indicators.technical - INFO - Análise técnica concluída para SOL: RSI=0 sinais, MACD=0 sinais
2025-07-13 23:49:14,566 - core.analyzer - INFO - [SUCCESS] SOL: 0 sinais gerados, 0 salvos em 0.28s
2025-07-13 23:49:14,567 - core.analyzer - INFO - [COMPLETE] Análise concluída: 8/8 symbols, 0 sinais em 0.63s
2025-07-13 23:49:14,567 - core.analyzer - INFO - [CYCLE] Ciclo concluído: 8 symbols analisados em 0.6s
2025-07-13 23:54:13,941 - core.analyzer - INFO - [START] Iniciando análise de 8 symbols
2025-07-13 23:54:13,946 - core.analyzer - INFO - [DEBUG] Symbols disponíveis no banco: ['BNB', 'BTC', 'ENA', 'ETH', 'HBAR', 'NEAR', 'OMNI', 'SOL']
2025-07-13 23:54:13,946 - core.analyzer - INFO - [DEBUG] Symbols configurados para análise: ['BNB', 'BTC', 'ENA', 'ETH', 'HBAR', 'NEAR', 'OMNI', 'SOL']
2025-07-13 23:54:13,947 - core.analyzer - INFO - [INFO] Symbols que serão analisados: ['BNB', 'BTC', 'ENA', 'ETH', 'HBAR', 'NEAR', 'OMNI', 'SOL']
2025-07-13 23:54:13,960 - core.data_reader - INFO - Carregados 198 pontos para ENA 5m
2025-07-13 23:54:14,033 - indicators.technical - INFO - Análise técnica concluída para ENA: RSI=0 sinais, MACD=0 sinais
2025-07-13 23:54:14,033 - core.analyzer - INFO - [SUCCESS] ENA: 0 sinais gerados, 0 salvos em 0.08s
2025-07-13 23:54:14,038 - core.data_reader - INFO - Carregados 198 pontos para BTC 5m
2025-07-13 23:54:14,114 - indicators.technical - INFO - Análise técnica concluída para BTC: RSI=0 sinais, MACD=0 sinais
2025-07-13 23:54:14,115 - core.analyzer - INFO - [SUCCESS] BTC: 0 sinais gerados, 0 salvos em 0.17s
2025-07-13 23:54:14,123 - core.data_reader - INFO - Carregados 198 pontos para ETH 5m
2025-07-13 23:54:14,192 - indicators.technical - INFO - Análise técnica concluída para ETH: RSI=0 sinais, MACD=0 sinais
2025-07-13 23:54:14,192 - core.analyzer - INFO - [SUCCESS] ETH: 0 sinais gerados, 0 salvos em 0.24s
2025-07-13 23:54:14,198 - core.data_reader - INFO - Carregados 198 pontos para BNB 5m
2025-07-13 23:54:14,268 - indicators.technical - INFO - Análise técnica concluída para BNB: RSI=0 sinais, MACD=0 sinais
2025-07-13 23:54:14,269 - core.analyzer - INFO - [SUCCESS] BNB: 0 sinais gerados, 0 salvos em 0.32s
2025-07-13 23:54:14,274 - core.data_reader - INFO - Carregados 198 pontos para HBAR 5m
2025-07-13 23:54:14,343 - indicators.technical - INFO - Análise técnica concluída para HBAR: RSI=0 sinais, MACD=0 sinais
2025-07-13 23:54:14,344 - core.analyzer - INFO - [SUCCESS] HBAR: 0 sinais gerados, 0 salvos em 0.31s
2025-07-13 23:54:14,349 - core.data_reader - INFO - Carregados 198 pontos para NEAR 5m
2025-07-13 23:54:14,417 - indicators.technical - INFO - Análise técnica concluída para NEAR: RSI=0 sinais, MACD=0 sinais
2025-07-13 23:54:14,418 - core.analyzer - INFO - [SUCCESS] NEAR: 0 sinais gerados, 0 salvos em 0.30s
2025-07-13 23:54:14,423 - core.data_reader - INFO - Carregados 198 pontos para OMNI 5m
2025-07-13 23:54:14,489 - indicators.technical - INFO - Análise técnica concluída para OMNI: RSI=0 sinais, MACD=0 sinais
2025-07-13 23:54:14,489 - core.analyzer - INFO - [SUCCESS] OMNI: 0 sinais gerados, 0 salvos em 0.30s
2025-07-13 23:54:14,492 - core.data_reader - INFO - Carregados 198 pontos para SOL 5m
2025-07-13 23:54:14,539 - indicators.technical - INFO - Análise técnica concluída para SOL: RSI=0 sinais, MACD=0 sinais
2025-07-13 23:54:14,539 - core.analyzer - INFO - [SUCCESS] SOL: 0 sinais gerados, 0 salvos em 0.27s
2025-07-13 23:54:14,541 - core.analyzer - INFO - [COMPLETE] Análise concluída: 8/8 symbols, 0 sinais em 0.60s
2025-07-13 23:54:14,541 - core.analyzer - INFO - [CYCLE] Ciclo concluído: 8 symbols analisados em 0.6s
2025-07-13 23:59:13,942 - core.analyzer - INFO - [START] Iniciando análise de 8 symbols
2025-07-13 23:59:13,945 - core.analyzer - INFO - [DEBUG] Symbols disponíveis no banco: ['BNB', 'BTC', 'ENA', 'ETH', 'HBAR', 'NEAR', 'OMNI', 'SOL']
2025-07-13 23:59:13,945 - core.analyzer - INFO - [DEBUG] Symbols configurados para análise: ['BNB', 'BTC', 'ENA', 'ETH', 'HBAR', 'NEAR', 'OMNI', 'SOL']
2025-07-13 23:59:13,946 - core.analyzer - INFO - [INFO] Symbols que serão analisados: ['BNB', 'BTC', 'ENA', 'ETH', 'HBAR', 'NEAR', 'OMNI', 'SOL']
2025-07-13 23:59:13,962 - core.data_reader - INFO - Carregados 202 pontos para BNB 5m
2025-07-13 23:59:14,042 - indicators.technical - INFO - Análise técnica concluída para BNB: RSI=0 sinais, MACD=0 sinais
2025-07-13 23:59:14,042 - core.analyzer - INFO - [SUCCESS] BNB: 0 sinais gerados, 0 salvos em 0.10s
2025-07-13 23:59:14,047 - core.data_reader - INFO - Carregados 202 pontos para ETH 5m
2025-07-13 23:59:14,123 - indicators.technical - INFO - Análise técnica concluída para ETH: RSI=0 sinais, MACD=0 sinais
2025-07-13 23:59:14,124 - core.analyzer - INFO - [SUCCESS] ETH: 0 sinais gerados, 0 salvos em 0.18s
2025-07-13 23:59:14,129 - core.data_reader - INFO - Carregados 202 pontos para ENA 5m
2025-07-13 23:59:14,209 - indicators.technical - INFO - Análise técnica concluída para ENA: RSI=0 sinais, MACD=0 sinais
2025-07-13 23:59:14,210 - core.data_reader - INFO - Carregados 202 pontos para BTC 5m
2025-07-13 23:59:14,210 - core.analyzer - INFO - [SUCCESS] ENA: 0 sinais gerados, 0 salvos em 0.26s
2025-07-13 23:59:14,294 - indicators.technical - INFO - Análise técnica concluída para BTC: RSI=0 sinais, MACD=0 sinais
2025-07-13 23:59:14,295 - core.analyzer - INFO - [SUCCESS] BTC: 0 sinais gerados, 0 salvos em 0.35s
2025-07-13 23:59:14,304 - core.data_reader - INFO - Carregados 202 pontos para OMNI 5m
2025-07-13 23:59:14,316 - core.data_reader - INFO - Carregados 202 pontos para HBAR 5m
2025-07-13 23:59:14,451 - indicators.technical - INFO - Análise técnica concluída para HBAR: RSI=0 sinais, MACD=0 sinais
2025-07-13 23:59:14,457 - core.analyzer - INFO - [SUCCESS] HBAR: 0 sinais gerados, 0 salvos em 0.41s
2025-07-13 23:59:14,464 - core.data_reader - INFO - Carregados 202 pontos para NEAR 5m
2025-07-13 23:59:14,577 - indicators.technical - INFO - Análise técnica concluída para NEAR: RSI=0 sinais, MACD=0 sinais
2025-07-13 23:59:14,578 - core.analyzer - INFO - [SUCCESS] NEAR: 0 sinais gerados, 0 salvos em 0.45s
2025-07-13 23:59:14,652 - indicators.technical - INFO - Análise técnica concluída para OMNI: RSI=0 sinais, MACD=0 sinais
2025-07-13 23:59:14,653 - core.analyzer - INFO - [SUCCESS] OMNI: 0 sinais gerados, 0 salvos em 0.40s
2025-07-13 23:59:14,655 - core.data_reader - INFO - Carregados 202 pontos para SOL 5m
2025-07-13 23:59:14,712 - indicators.technical - INFO - Análise técnica concluída para SOL: RSI=0 sinais, MACD=0 sinais
2025-07-13 23:59:14,712 - core.analyzer - INFO - [SUCCESS] SOL: 0 sinais gerados, 0 salvos em 0.42s
2025-07-13 23:59:14,713 - core.analyzer - INFO - [COMPLETE] Análise concluída: 8/8 symbols, 0 sinais em 0.77s
2025-07-13 23:59:14,714 - core.analyzer - INFO - [CYCLE] Ciclo concluído: 8 symbols analisados em 0.8s
2025-07-14 00:04:13,942 - core.analyzer - INFO - [START] Iniciando análise de 8 symbols
2025-07-14 00:04:13,949 - core.analyzer - INFO - [DEBUG] Symbols disponíveis no banco: ['BNB', 'BTC', 'ENA', 'ETH', 'HBAR', 'NEAR', 'OMNI', 'SOL']
2025-07-14 00:04:13,950 - core.analyzer - INFO - [DEBUG] Symbols configurados para análise: ['BNB', 'BTC', 'ENA', 'ETH', 'HBAR', 'NEAR', 'OMNI', 'SOL']
2025-07-14 00:04:13,956 - core.analyzer - INFO - [INFO] Symbols que serão analisados: ['BNB', 'BTC', 'ENA', 'ETH', 'HBAR', 'NEAR', 'OMNI', 'SOL']
2025-07-14 00:04:13,991 - core.data_reader - INFO - Carregados 202 pontos para BNB 5m
2025-07-14 00:04:13,992 - core.data_reader - INFO - Carregados 202 pontos para BTC 5m
2025-07-14 00:04:14,003 - core.data_reader - INFO - Carregados 202 pontos para ETH 5m
2025-07-14 00:04:14,305 - indicators.technical - INFO - Análise técnica concluída para BNB: RSI=0 sinais, MACD=0 sinais
2025-07-14 00:04:14,331 - indicators.technical - INFO - Análise técnica concluída para BTC: RSI=0 sinais, MACD=0 sinais
2025-07-14 00:04:14,331 - core.analyzer - INFO - [SUCCESS] BNB: 0 sinais gerados, 0 salvos em 0.37s
2025-07-14 00:04:14,333 - core.analyzer - INFO - [SUCCESS] BTC: 0 sinais gerados, 0 salvos em 0.37s
2025-07-14 00:04:14,412 - core.data_reader - INFO - Carregados 204 pontos para ENA 5m
2025-07-14 00:04:14,434 - indicators.technical - INFO - Análise técnica concluída para ETH: RSI=0 sinais, MACD=0 sinais
2025-07-14 00:04:14,440 - core.analyzer - INFO - [SUCCESS] ETH: 0 sinais gerados, 0 salvos em 0.47s
2025-07-14 00:04:14,586 - core.data_reader - INFO - Carregados 204 pontos para NEAR 5m
2025-07-14 00:04:14,592 - indicators.technical - INFO - Análise técnica concluída para ENA: RSI=0 sinais, MACD=0 sinais
2025-07-14 00:04:14,616 - core.data_reader - INFO - Carregados 202 pontos para HBAR 5m
2025-07-14 00:04:14,616 - core.analyzer - INFO - [SUCCESS] ENA: 0 sinais gerados, 0 salvos em 0.65s
2025-07-14 00:04:14,844 - indicators.technical - INFO - Análise técnica concluída para HBAR: RSI=0 sinais, MACD=0 sinais
2025-07-14 00:04:14,864 - indicators.technical - INFO - Análise técnica concluída para NEAR: RSI=0 sinais, MACD=0 sinais
2025-07-14 00:04:14,864 - core.analyzer - INFO - [SUCCESS] HBAR: 0 sinais gerados, 0 salvos em 0.52s
2025-07-14 00:04:14,865 - core.analyzer - INFO - [SUCCESS] NEAR: 0 sinais gerados, 0 salvos em 0.50s
2025-07-14 00:04:14,871 - core.data_reader - INFO - Carregados 202 pontos para OMNI 5m
2025-07-14 00:04:15,004 - indicators.technical - INFO - Análise técnica concluída para OMNI: RSI=0 sinais, MACD=0 sinais
2025-07-14 00:04:15,005 - core.analyzer - INFO - [SUCCESS] OMNI: 0 sinais gerados, 0 salvos em 0.56s
2025-07-14 00:04:15,013 - core.data_reader - INFO - Carregados 202 pontos para SOL 5m
2025-07-14 00:04:15,126 - indicators.technical - INFO - Análise técnica concluída para SOL: RSI=0 sinais, MACD=0 sinais
2025-07-14 00:04:15,126 - core.analyzer - INFO - [SUCCESS] SOL: 0 sinais gerados, 0 salvos em 0.36s
2025-07-14 00:04:15,128 - core.analyzer - INFO - [COMPLETE] Análise concluída: 8/8 symbols, 0 sinais em 1.19s
2025-07-14 00:04:15,129 - core.analyzer - INFO - [CYCLE] Ciclo concluído: 8 symbols analisados em 1.2s
2025-07-14 00:09:13,943 - core.analyzer - INFO - [START] Iniciando análise de 8 symbols
2025-07-14 00:09:13,952 - core.analyzer - INFO - [DEBUG] Symbols disponíveis no banco: ['BNB', 'BTC', 'ENA', 'ETH', 'HBAR', 'NEAR', 'OMNI', 'SOL']
2025-07-14 00:09:13,952 - core.analyzer - INFO - [DEBUG] Symbols configurados para análise: ['BNB', 'BTC', 'ENA', 'ETH', 'HBAR', 'NEAR', 'OMNI', 'SOL']
2025-07-14 00:09:13,952 - core.analyzer - INFO - [INFO] Symbols que serão analisados: ['BNB', 'BTC', 'ENA', 'ETH', 'HBAR', 'NEAR', 'OMNI', 'SOL']
2025-07-14 00:09:13,971 - core.data_reader - INFO - Carregados 204 pontos para BTC 5m
2025-07-14 00:09:14,057 - indicators.technical - INFO - Análise técnica concluída para BTC: RSI=0 sinais, MACD=0 sinais
2025-07-14 00:09:14,058 - core.analyzer - INFO - [SUCCESS] BTC: 0 sinais gerados, 0 salvos em 0.10s
2025-07-14 00:09:14,064 - core.data_reader - INFO - Carregados 204 pontos para ETH 5m
2025-07-14 00:09:14,149 - core.data_reader - INFO - Carregados 204 pontos para BNB 5m
2025-07-14 00:09:14,157 - indicators.technical - INFO - Análise técnica concluída para ETH: RSI=0 sinais, MACD=0 sinais
2025-07-14 00:09:14,195 - core.analyzer - INFO - [SUCCESS] ETH: 0 sinais gerados, 0 salvos em 0.24s
2025-07-14 00:09:14,248 - indicators.technical - INFO - Análise técnica concluída para BNB: RSI=0 sinais, MACD=0 sinais
2025-07-14 00:09:14,248 - core.analyzer - INFO - [SUCCESS] BNB: 0 sinais gerados, 0 salvos em 0.29s
2025-07-14 00:09:14,254 - core.data_reader - INFO - Carregados 204 pontos para ENA 5m
2025-07-14 00:09:14,336 - indicators.technical - INFO - Análise técnica concluída para ENA: RSI=0 sinais, MACD=0 sinais
2025-07-14 00:09:14,336 - core.analyzer - INFO - [SUCCESS] ENA: 0 sinais gerados, 0 salvos em 0.38s
2025-07-14 00:09:14,346 - core.data_reader - INFO - Carregados 204 pontos para HBAR 5m
2025-07-14 00:09:14,476 - core.data_reader - INFO - Carregados 204 pontos para NEAR 5m
2025-07-14 00:09:14,515 - indicators.technical - INFO - Análise técnica concluída para HBAR: RSI=0 sinais, MACD=0 sinais
2025-07-14 00:09:14,520 - core.data_reader - INFO - Carregados 204 pontos para SOL 5m
2025-07-14 00:09:14,546 - core.analyzer - INFO - [SUCCESS] HBAR: 0 sinais gerados, 0 salvos em 0.49s
2025-07-14 00:09:14,630 - indicators.technical - INFO - Análise técnica concluída para NEAR: RSI=0 sinais, MACD=0 sinais
2025-07-14 00:09:14,636 - core.analyzer - INFO - [SUCCESS] NEAR: 0 sinais gerados, 0 salvos em 0.43s
2025-07-14 00:09:14,637 - core.data_reader - INFO - Carregados 204 pontos para OMNI 5m
2025-07-14 00:09:14,737 - indicators.technical - INFO - Análise técnica concluída para SOL: RSI=0 sinais, MACD=0 sinais
2025-07-14 00:09:14,748 - core.analyzer - INFO - [SUCCESS] SOL: 0 sinais gerados, 0 salvos em 0.41s
2025-07-14 00:09:14,774 - indicators.technical - INFO - Análise técnica concluída para OMNI: RSI=0 sinais, MACD=0 sinais
2025-07-14 00:09:14,775 - core.analyzer - INFO - [SUCCESS] OMNI: 0 sinais gerados, 0 salvos em 0.53s
2025-07-14 00:09:14,776 - core.analyzer - INFO - [COMPLETE] Análise concluída: 8/8 symbols, 0 sinais em 0.83s
2025-07-14 00:09:14,776 - core.analyzer - INFO - [CYCLE] Ciclo concluído: 8 symbols analisados em 0.8s
2025-07-14 00:14:06,794 - core.analyzer - INFO - [STOP] Análise contínua interrompida pelo usuário
2025-07-14 00:22:40,432 - core.signal_writer - INFO - Tabela de sinais verificada/criada
2025-07-14 00:22:40,435 - core.analyzer - INFO - Symbols disponíveis: 8
2025-07-14 00:22:40,436 - core.analyzer - INFO - Trading Analyzer inicializado com sucesso
2025-07-14 00:22:40,437 - core.analyzer - INFO - [CONTINUOUS] Iniciando análise contínua (intervalo: 300s)
2025-07-14 00:22:40,437 - core.analyzer - INFO - [START] Iniciando análise de 8 symbols
2025-07-14 00:22:40,440 - core.analyzer - INFO - [DEBUG] Symbols disponíveis no banco: ['BNB', 'BTC', 'ENA', 'ETH', 'HBAR', 'NEAR', 'OMNI', 'SOL']
2025-07-14 00:22:40,440 - core.analyzer - INFO - [DEBUG] Symbols configurados para análise: ['BNB', 'BTC', 'ENA', 'ETH', 'HBAR', 'NEAR', 'OMNI', 'SOL']
2025-07-14 00:22:40,441 - core.analyzer - INFO - [INFO] Symbols que serão analisados: ['BNB', 'BTC', 'ENA', 'ETH', 'HBAR', 'NEAR', 'OMNI', 'SOL']
2025-07-14 00:22:40,461 - core.data_reader - INFO - Carregados 210 pontos para BNB 5m
2025-07-14 00:22:40,467 - core.data_reader - INFO - Carregados 210 pontos para ETH 5m
2025-07-14 00:22:40,612 - indicators.technical - INFO - Análise técnica concluída para BNB: RSI=0 sinais, MACD=0 sinais
2025-07-14 00:22:40,651 - indicators.technical - INFO - Análise técnica concluída para ETH: RSI=0 sinais, MACD=0 sinais
2025-07-14 00:22:40,651 - core.analyzer - INFO - [SUCCESS] BNB: 0 sinais gerados, 0 salvos em 0.21s
2025-07-14 00:22:40,655 - core.data_reader - INFO - Carregados 214 pontos para ENA 5m
2025-07-14 00:22:40,656 - core.analyzer - INFO - [SUCCESS] ETH: 0 sinais gerados, 0 salvos em 0.21s
2025-07-14 00:22:40,738 - indicators.technical - INFO - Análise técnica concluída para ENA: RSI=0 sinais, MACD=0 sinais
2025-07-14 00:22:40,739 - core.analyzer - INFO - [SUCCESS] ENA: 0 sinais gerados, 0 salvos em 0.29s
2025-07-14 00:22:40,746 - core.data_reader - INFO - Carregados 210 pontos para BTC 5m
2025-07-14 00:22:40,830 - indicators.technical - INFO - Análise técnica concluída para BTC: RSI=0 sinais, MACD=0 sinais
2025-07-14 00:22:40,830 - core.analyzer - INFO - [SUCCESS] BTC: 0 sinais gerados, 0 salvos em 0.39s
2025-07-14 00:22:40,840 - core.data_reader - INFO - Carregados 210 pontos para HBAR 5m
2025-07-14 00:22:40,925 - indicators.technical - INFO - Análise técnica concluída para HBAR: RSI=0 sinais, MACD=0 sinais
2025-07-14 00:22:40,926 - core.analyzer - INFO - [SUCCESS] HBAR: 0 sinais gerados, 0 salvos em 0.27s
2025-07-14 00:22:40,931 - core.data_reader - INFO - Carregados 210 pontos para OMNI 5m
2025-07-14 00:22:41,013 - indicators.technical - INFO - Análise técnica concluída para OMNI: RSI=0 sinais, MACD=0 sinais
2025-07-14 00:22:41,015 - core.analyzer - INFO - [SUCCESS] OMNI: 0 sinais gerados, 0 salvos em 0.28s
2025-07-14 00:22:41,019 - core.data_reader - INFO - Carregados 214 pontos para NEAR 5m
2025-07-14 00:22:41,099 - indicators.technical - INFO - Análise técnica concluída para NEAR: RSI=0 sinais, MACD=0 sinais
2025-07-14 00:22:41,099 - core.analyzer - INFO - [SUCCESS] NEAR: 0 sinais gerados, 0 salvos em 0.36s
2025-07-14 00:22:41,104 - core.data_reader - INFO - Carregados 210 pontos para SOL 5m
2025-07-14 00:22:41,166 - indicators.technical - INFO - Análise técnica concluída para SOL: RSI=0 sinais, MACD=0 sinais
2025-07-14 00:22:41,166 - core.analyzer - INFO - [SUCCESS] SOL: 0 sinais gerados, 0 salvos em 0.34s
2025-07-14 00:22:41,167 - core.analyzer - INFO - [COMPLETE] Análise concluída: 8/8 symbols, 0 sinais em 0.73s
2025-07-14 00:22:41,168 - core.analyzer - INFO - [CYCLE] Ciclo concluído: 8 symbols analisados em 0.7s
2025-07-14 00:27:40,438 - core.analyzer - INFO - [START] Iniciando análise de 8 symbols
2025-07-14 00:27:40,442 - core.analyzer - INFO - [DEBUG] Symbols disponíveis no banco: ['BNB', 'BTC', 'ENA', 'ETH', 'HBAR', 'NEAR', 'OMNI', 'SOL']
2025-07-14 00:27:40,442 - core.analyzer - INFO - [DEBUG] Symbols configurados para análise: ['BNB', 'BTC', 'ENA', 'ETH', 'HBAR', 'NEAR', 'OMNI', 'SOL']
2025-07-14 00:27:40,442 - core.analyzer - INFO - [INFO] Symbols que serão analisados: ['BNB', 'BTC', 'ENA', 'ETH', 'HBAR', 'NEAR', 'OMNI', 'SOL']
2025-07-14 00:27:40,465 - core.data_reader - INFO - Carregados 214 pontos para BNB 5m
2025-07-14 00:27:40,466 - core.data_reader - INFO - Carregados 214 pontos para BTC 5m
2025-07-14 00:27:40,582 - indicators.technical - INFO - Análise técnica concluída para BNB: RSI=0 sinais, MACD=0 sinais
2025-07-14 00:27:40,633 - core.analyzer - INFO - [SUCCESS] BNB: 0 sinais gerados, 0 salvos em 0.19s
2025-07-14 00:27:40,642 - indicators.technical - INFO - Análise técnica concluída para BTC: RSI=0 sinais, MACD=0 sinais
2025-07-14 00:27:40,643 - core.analyzer - INFO - [SUCCESS] BTC: 0 sinais gerados, 0 salvos em 0.20s
2025-07-14 00:27:40,650 - core.data_reader - INFO - Carregados 214 pontos para ETH 5m
2025-07-14 00:27:40,700 - core.data_reader - INFO - Carregados 214 pontos para ENA 5m
2025-07-14 00:27:40,806 - indicators.technical - INFO - Análise técnica concluída para ENA: RSI=0 sinais, MACD=0 sinais
2025-07-14 00:27:40,812 - core.analyzer - INFO - [SUCCESS] ENA: 0 sinais gerados, 0 salvos em 0.37s
2025-07-14 00:27:40,830 - indicators.technical - INFO - Análise técnica concluída para ETH: RSI=0 sinais, MACD=0 sinais
2025-07-14 00:27:40,831 - core.analyzer - INFO - [SUCCESS] ETH: 0 sinais gerados, 0 salvos em 0.39s
2025-07-14 00:27:40,842 - core.data_reader - INFO - Carregados 214 pontos para HBAR 5m
2025-07-14 00:27:40,931 - indicators.technical - INFO - Análise técnica concluída para HBAR: RSI=0 sinais, MACD=0 sinais
2025-07-14 00:27:40,934 - core.analyzer - INFO - [SUCCESS] HBAR: 0 sinais gerados, 0 salvos em 0.30s
2025-07-14 00:27:40,934 - core.data_reader - INFO - Carregados 214 pontos para OMNI 5m
2025-07-14 00:27:41,020 - indicators.technical - INFO - Análise técnica concluída para OMNI: RSI=0 sinais, MACD=0 sinais
2025-07-14 00:27:41,021 - core.analyzer - INFO - [SUCCESS] OMNI: 0 sinais gerados, 0 salvos em 0.19s
2025-07-14 00:27:41,026 - core.data_reader - INFO - Carregados 214 pontos para NEAR 5m
2025-07-14 00:27:41,112 - indicators.technical - INFO - Análise técnica concluída para NEAR: RSI=0 sinais, MACD=0 sinais
2025-07-14 00:27:41,112 - core.analyzer - INFO - [SUCCESS] NEAR: 0 sinais gerados, 0 salvos em 0.47s
2025-07-14 00:27:41,116 - core.data_reader - INFO - Carregados 214 pontos para SOL 5m
2025-07-14 00:27:41,179 - indicators.technical - INFO - Análise técnica concluída para SOL: RSI=0 sinais, MACD=0 sinais
2025-07-14 00:27:41,180 - core.analyzer - INFO - [SUCCESS] SOL: 0 sinais gerados, 0 salvos em 0.35s
2025-07-14 00:27:41,181 - core.analyzer - INFO - [COMPLETE] Análise concluída: 8/8 symbols, 0 sinais em 0.74s
2025-07-14 00:27:41,181 - core.analyzer - INFO - [CYCLE] Ciclo concluído: 8 symbols analisados em 0.7s
2025-07-14 00:32:40,439 - core.analyzer - INFO - [START] Iniciando análise de 8 symbols
2025-07-14 00:32:40,442 - core.analyzer - INFO - [DEBUG] Symbols disponíveis no banco: ['BNB', 'BTC', 'ENA', 'ETH', 'HBAR', 'NEAR', 'OMNI', 'SOL']
2025-07-14 00:32:40,443 - core.analyzer - INFO - [DEBUG] Symbols configurados para análise: ['BNB', 'BTC', 'ENA', 'ETH', 'HBAR', 'NEAR', 'OMNI', 'SOL']
2025-07-14 00:32:40,443 - core.analyzer - INFO - [INFO] Symbols que serão analisados: ['BNB', 'BTC', 'ENA', 'ETH', 'HBAR', 'NEAR', 'OMNI', 'SOL']
2025-07-14 00:32:40,459 - core.data_reader - INFO - Carregados 221 pontos para ENA 5m
2025-07-14 00:32:40,550 - indicators.technical - INFO - Análise técnica concluída para ENA: RSI=0 sinais, MACD=0 sinais
2025-07-14 00:32:40,551 - core.data_reader - INFO - Carregados 221 pontos para BTC 5m
2025-07-14 00:32:40,552 - core.data_reader - INFO - Carregados 221 pontos para BNB 5m
2025-07-14 00:32:40,552 - core.analyzer - INFO - [SUCCESS] ENA: 0 sinais gerados, 0 salvos em 0.11s
2025-07-14 00:32:40,689 - indicators.technical - INFO - Análise técnica concluída para BNB: RSI=0 sinais, MACD=0 sinais
2025-07-14 00:32:40,689 - core.analyzer - INFO - [SUCCESS] BNB: 0 sinais gerados, 0 salvos em 0.25s
2025-07-14 00:32:40,718 - indicators.technical - INFO - Análise técnica concluída para BTC: RSI=0 sinais, MACD=0 sinais
2025-07-14 00:32:40,719 - core.analyzer - INFO - [SUCCESS] BTC: 0 sinais gerados, 0 salvos em 0.27s
2025-07-14 00:32:40,723 - core.data_reader - INFO - Carregados 221 pontos para ETH 5m
2025-07-14 00:32:40,800 - indicators.technical - INFO - Análise técnica concluída para ETH: RSI=0 sinais, MACD=0 sinais
2025-07-14 00:32:40,800 - core.analyzer - INFO - [SUCCESS] ETH: 0 sinais gerados, 0 salvos em 0.35s
2025-07-14 00:32:40,809 - core.data_reader - INFO - Carregados 221 pontos para HBAR 5m
2025-07-14 00:32:40,890 - indicators.technical - INFO - Análise técnica concluída para HBAR: RSI=0 sinais, MACD=0 sinais
2025-07-14 00:32:40,891 - core.analyzer - INFO - [SUCCESS] HBAR: 0 sinais gerados, 0 salvos em 0.25s
2025-07-14 00:32:40,896 - core.data_reader - INFO - Carregados 221 pontos para OMNI 5m
2025-07-14 00:32:40,975 - indicators.technical - INFO - Análise técnica concluída para OMNI: RSI=0 sinais, MACD=0 sinais
2025-07-14 00:32:40,975 - core.analyzer - INFO - [SUCCESS] OMNI: 0 sinais gerados, 0 salvos em 0.26s
2025-07-14 00:32:40,980 - core.data_reader - INFO - Carregados 221 pontos para NEAR 5m
2025-07-14 00:32:41,052 - indicators.technical - INFO - Análise técnica concluída para NEAR: RSI=0 sinais, MACD=0 sinais
2025-07-14 00:32:41,054 - core.analyzer - INFO - [SUCCESS] NEAR: 0 sinais gerados, 0 salvos em 0.36s
2025-07-14 00:32:41,056 - core.data_reader - INFO - Carregados 221 pontos para SOL 5m
2025-07-14 00:32:41,111 - indicators.technical - INFO - Análise técnica concluída para SOL: RSI=0 sinais, MACD=0 sinais
2025-07-14 00:32:41,112 - core.analyzer - INFO - [SUCCESS] SOL: 0 sinais gerados, 0 salvos em 0.31s
2025-07-14 00:32:41,113 - core.analyzer - INFO - [COMPLETE] Análise concluída: 8/8 symbols, 0 sinais em 0.67s
2025-07-14 00:32:41,114 - core.analyzer - INFO - [CYCLE] Ciclo concluído: 8 symbols analisados em 0.7s
2025-07-14 00:37:40,440 - core.analyzer - INFO - [START] Iniciando análise de 8 symbols
2025-07-14 00:37:40,443 - core.analyzer - INFO - [DEBUG] Symbols disponíveis no banco: ['BNB', 'BTC', 'ENA', 'ETH', 'HBAR', 'NEAR', 'OMNI', 'SOL']
2025-07-14 00:37:40,443 - core.analyzer - INFO - [DEBUG] Symbols configurados para análise: ['BNB', 'BTC', 'ENA', 'ETH', 'HBAR', 'NEAR', 'OMNI', 'SOL']
2025-07-14 00:37:40,444 - core.analyzer - INFO - [INFO] Symbols que serão analisados: ['BNB', 'BTC', 'ENA', 'ETH', 'HBAR', 'NEAR', 'OMNI', 'SOL']
2025-07-14 00:37:40,456 - core.data_reader - INFO - Carregados 224 pontos para BTC 5m
2025-07-14 00:37:40,531 - indicators.technical - INFO - Análise técnica concluída para BTC: RSI=0 sinais, MACD=0 sinais
2025-07-14 00:37:40,532 - core.analyzer - INFO - [SUCCESS] BTC: 0 sinais gerados, 0 salvos em 0.09s
2025-07-14 00:37:40,537 - core.data_reader - INFO - Carregados 224 pontos para BNB 5m
2025-07-14 00:37:40,609 - indicators.technical - INFO - Análise técnica concluída para BNB: RSI=0 sinais, MACD=0 sinais
2025-07-14 00:37:40,610 - core.analyzer - INFO - [SUCCESS] BNB: 0 sinais gerados, 0 salvos em 0.16s
2025-07-14 00:37:40,615 - core.data_reader - INFO - Carregados 224 pontos para ENA 5m
2025-07-14 00:37:40,694 - indicators.technical - INFO - Análise técnica concluída para ENA: RSI=0 sinais, MACD=0 sinais
2025-07-14 00:37:40,694 - core.analyzer - INFO - [SUCCESS] ENA: 0 sinais gerados, 0 salvos em 0.25s
2025-07-14 00:37:40,704 - core.data_reader - INFO - Carregados 224 pontos para ETH 5m
2025-07-14 00:37:40,776 - indicators.technical - INFO - Análise técnica concluída para ETH: RSI=0 sinais, MACD=0 sinais
2025-07-14 00:37:40,776 - core.analyzer - INFO - [SUCCESS] ETH: 0 sinais gerados, 0 salvos em 0.33s
2025-07-14 00:37:40,781 - core.data_reader - INFO - Carregados 224 pontos para HBAR 5m
2025-07-14 00:37:40,859 - indicators.technical - INFO - Análise técnica concluída para HBAR: RSI=0 sinais, MACD=0 sinais
2025-07-14 00:37:40,859 - core.analyzer - INFO - [SUCCESS] HBAR: 0 sinais gerados, 0 salvos em 0.33s
2025-07-14 00:37:40,864 - core.data_reader - INFO - Carregados 224 pontos para NEAR 5m
2025-07-14 00:37:40,929 - indicators.technical - INFO - Análise técnica concluída para NEAR: RSI=0 sinais, MACD=0 sinais
2025-07-14 00:37:40,930 - core.analyzer - INFO - [SUCCESS] NEAR: 0 sinais gerados, 0 salvos em 0.32s
2025-07-14 00:37:40,934 - core.data_reader - INFO - Carregados 224 pontos para OMNI 5m
2025-07-14 00:37:40,996 - indicators.technical - INFO - Análise técnica concluída para OMNI: RSI=0 sinais, MACD=0 sinais
2025-07-14 00:37:40,996 - core.analyzer - INFO - [SUCCESS] OMNI: 0 sinais gerados, 0 salvos em 0.30s
2025-07-14 00:37:41,000 - core.data_reader - INFO - Carregados 224 pontos para SOL 5m
2025-07-14 00:37:41,047 - indicators.technical - INFO - Análise técnica concluída para SOL: RSI=0 sinais, MACD=0 sinais
2025-07-14 00:37:41,048 - core.analyzer - INFO - [SUCCESS] SOL: 0 sinais gerados, 0 salvos em 0.27s
2025-07-14 00:37:41,049 - core.analyzer - INFO - [COMPLETE] Análise concluída: 8/8 symbols, 0 sinais em 0.61s
2025-07-14 00:37:41,049 - core.analyzer - INFO - [CYCLE] Ciclo concluído: 8 symbols analisados em 0.6s
2025-07-14 00:43:09,759 - core.analyzer - INFO - [START] Iniciando análise de 8 symbols
2025-07-14 00:43:09,769 - core.analyzer - INFO - [DEBUG] Symbols disponíveis no banco: ['BNB', 'BTC', 'ENA', 'ETH', 'HBAR', 'NEAR', 'OMNI', 'SOL']
2025-07-14 00:43:09,770 - core.analyzer - INFO - [DEBUG] Symbols configurados para análise: ['BNB', 'BTC', 'ENA', 'ETH', 'HBAR', 'NEAR', 'OMNI', 'SOL']
2025-07-14 00:43:09,771 - core.analyzer - INFO - [INFO] Symbols que serão analisados: ['BNB', 'BTC', 'ENA', 'ETH', 'HBAR', 'NEAR', 'OMNI', 'SOL']
2025-07-14 00:43:09,788 - core.data_reader - INFO - Carregados 227 pontos para BNB 5m
2025-07-14 00:43:09,849 - indicators.technical - INFO - Análise técnica concluída para BNB: RSI=0 sinais, MACD=0 sinais
2025-07-14 00:43:09,849 - core.analyzer - INFO - [SUCCESS] BNB: 0 sinais gerados, 0 salvos em 0.08s
2025-07-14 00:43:09,856 - core.data_reader - INFO - Carregados 227 pontos para ETH 5m
2025-07-14 00:43:09,856 - core.data_reader - INFO - Carregados 228 pontos para ENA 5m
2025-07-14 00:43:09,935 - indicators.technical - INFO - Análise técnica concluída para ETH: RSI=0 sinais, MACD=0 sinais
2025-07-14 00:43:09,949 - core.analyzer - INFO - [SUCCESS] ETH: 0 sinais gerados, 0 salvos em 0.17s
2025-07-14 00:43:09,952 - core.data_reader - INFO - Carregados 228 pontos para BTC 5m
2025-07-14 00:43:10,009 - indicators.technical - INFO - Análise técnica concluída para BTC: RSI=0 sinais, MACD=0 sinais
2025-07-14 00:43:10,009 - core.analyzer - INFO - [SUCCESS] BTC: 0 sinais gerados, 0 salvos em 0.24s
2025-07-14 00:43:10,031 - indicators.technical - INFO - Análise técnica concluída para ENA: RSI=0 sinais, MACD=0 sinais
2025-07-14 00:43:10,032 - core.analyzer - INFO - [SUCCESS] ENA: 0 sinais gerados, 0 salvos em 0.26s
2025-07-14 00:43:10,037 - core.data_reader - INFO - Carregados 227 pontos para HBAR 5m
2025-07-14 00:43:10,093 - indicators.technical - INFO - Análise técnica concluída para HBAR: RSI=0 sinais, MACD=0 sinais
2025-07-14 00:43:10,093 - core.analyzer - INFO - [SUCCESS] HBAR: 0 sinais gerados, 0 salvos em 0.24s
2025-07-14 00:43:10,097 - core.data_reader - INFO - Carregados 228 pontos para NEAR 5m
2025-07-14 00:43:10,151 - indicators.technical - INFO - Análise técnica concluída para NEAR: RSI=0 sinais, MACD=0 sinais
2025-07-14 00:43:10,152 - core.analyzer - INFO - [SUCCESS] NEAR: 0 sinais gerados, 0 salvos em 0.20s
2025-07-14 00:43:10,155 - core.data_reader - INFO - Carregados 227 pontos para OMNI 5m
2025-07-14 00:43:10,212 - indicators.technical - INFO - Análise técnica concluída para OMNI: RSI=0 sinais, MACD=0 sinais
2025-07-14 00:43:10,212 - core.analyzer - INFO - [SUCCESS] OMNI: 0 sinais gerados, 0 salvos em 0.20s
2025-07-14 00:43:10,215 - core.data_reader - INFO - Carregados 228 pontos para SOL 5m
2025-07-14 00:43:10,265 - indicators.technical - INFO - Análise técnica concluída para SOL: RSI=0 sinais, MACD=0 sinais
2025-07-14 00:43:10,265 - core.analyzer - INFO - [SUCCESS] SOL: 0 sinais gerados, 0 salvos em 0.23s
2025-07-14 00:43:10,266 - core.analyzer - INFO - [COMPLETE] Análise concluída: 8/8 symbols, 0 sinais em 0.51s
2025-07-14 00:43:10,266 - core.analyzer - INFO - [CYCLE] Ciclo concluído: 8 symbols analisados em 0.5s
2025-07-14 00:48:09,760 - core.analyzer - INFO - [START] Iniciando análise de 8 symbols
2025-07-14 00:48:09,770 - core.analyzer - INFO - [DEBUG] Symbols disponíveis no banco: ['BNB', 'BTC', 'ENA', 'ETH', 'HBAR', 'NEAR', 'OMNI', 'SOL']
2025-07-14 00:48:09,771 - core.analyzer - INFO - [DEBUG] Symbols configurados para análise: ['BNB', 'BTC', 'ENA', 'ETH', 'HBAR', 'NEAR', 'OMNI', 'SOL']
2025-07-14 00:48:09,772 - core.analyzer - INFO - [INFO] Symbols que serão analisados: ['BNB', 'BTC', 'ENA', 'ETH', 'HBAR', 'NEAR', 'OMNI', 'SOL']
2025-07-14 00:48:09,798 - core.data_reader - INFO - Carregados 230 pontos para BNB 5m
2025-07-14 00:48:09,858 - indicators.technical - INFO - Análise técnica concluída para BNB: RSI=0 sinais, MACD=0 sinais
2025-07-14 00:48:09,859 - core.analyzer - INFO - [SUCCESS] BNB: 0 sinais gerados, 0 salvos em 0.09s
2025-07-14 00:48:09,863 - core.data_reader - INFO - Carregados 231 pontos para BTC 5m
2025-07-14 00:48:09,919 - indicators.technical - INFO - Análise técnica concluída para BTC: RSI=0 sinais, MACD=0 sinais
2025-07-14 00:48:09,920 - core.analyzer - INFO - [SUCCESS] BTC: 0 sinais gerados, 0 salvos em 0.14s
2025-07-14 00:48:09,924 - core.data_reader - INFO - Carregados 231 pontos para ENA 5m
2025-07-14 00:48:09,980 - indicators.technical - INFO - Análise técnica concluída para ENA: RSI=0 sinais, MACD=0 sinais
2025-07-14 00:48:09,980 - core.analyzer - INFO - [SUCCESS] ENA: 0 sinais gerados, 0 salvos em 0.20s
2025-07-14 00:48:09,985 - core.data_reader - INFO - Carregados 230 pontos para ETH 5m
2025-07-14 00:48:10,040 - indicators.technical - INFO - Análise técnica concluída para ETH: RSI=0 sinais, MACD=0 sinais
2025-07-14 00:48:10,040 - core.analyzer - INFO - [SUCCESS] ETH: 0 sinais gerados, 0 salvos em 0.26s
2025-07-14 00:48:10,047 - core.data_reader - INFO - Carregados 230 pontos para HBAR 5m
2025-07-14 00:48:10,104 - indicators.technical - INFO - Análise técnica concluída para HBAR: RSI=0 sinais, MACD=0 sinais
2025-07-14 00:48:10,106 - core.analyzer - INFO - [SUCCESS] HBAR: 0 sinais gerados, 0 salvos em 0.25s
2025-07-14 00:48:10,107 - core.data_reader - INFO - Carregados 231 pontos para NEAR 5m
2025-07-14 00:48:10,166 - indicators.technical - INFO - Análise técnica concluída para NEAR: RSI=0 sinais, MACD=0 sinais
2025-07-14 00:48:10,169 - core.data_reader - INFO - Carregados 230 pontos para OMNI 5m
2025-07-14 00:48:10,169 - core.analyzer - INFO - [SUCCESS] NEAR: 0 sinais gerados, 0 salvos em 0.25s
2025-07-14 00:48:10,223 - core.data_reader - INFO - Carregados 231 pontos para SOL 5m
2025-07-14 00:48:10,252 - indicators.technical - INFO - Análise técnica concluída para OMNI: RSI=0 sinais, MACD=0 sinais
2025-07-14 00:48:10,261 - core.analyzer - INFO - [SUCCESS] OMNI: 0 sinais gerados, 0 salvos em 0.28s
2025-07-14 00:48:10,290 - indicators.technical - INFO - Análise técnica concluída para SOL: RSI=0 sinais, MACD=0 sinais
2025-07-14 00:48:10,290 - core.analyzer - INFO - [SUCCESS] SOL: 0 sinais gerados, 0 salvos em 0.25s
2025-07-14 00:48:10,291 - core.analyzer - INFO - [COMPLETE] Análise concluída: 8/8 symbols, 0 sinais em 0.53s
2025-07-14 00:48:10,291 - core.analyzer - INFO - [CYCLE] Ciclo concluído: 8 symbols analisados em 0.5s
2025-07-14 00:53:09,761 - core.analyzer - INFO - [START] Iniciando análise de 8 symbols
2025-07-14 00:53:09,769 - core.analyzer - INFO - [DEBUG] Symbols disponíveis no banco: ['BNB', 'BTC', 'ENA', 'ETH', 'HBAR', 'NEAR', 'OMNI', 'SOL']
2025-07-14 00:53:09,770 - core.analyzer - INFO - [DEBUG] Symbols configurados para análise: ['BNB', 'BTC', 'ENA', 'ETH', 'HBAR', 'NEAR', 'OMNI', 'SOL']
2025-07-14 00:53:09,771 - core.analyzer - INFO - [INFO] Symbols que serão analisados: ['BNB', 'BTC', 'ENA', 'ETH', 'HBAR', 'NEAR', 'OMNI', 'SOL']
2025-07-14 00:53:09,816 - core.data_reader - INFO - Carregados 231 pontos para BTC 5m
2025-07-14 00:53:10,023 - indicators.technical - INFO - Análise técnica concluída para BTC: RSI=0 sinais, MACD=0 sinais
2025-07-14 00:53:10,024 - core.analyzer - INFO - [SUCCESS] BTC: 0 sinais gerados, 0 salvos em 0.25s
2025-07-14 00:53:10,035 - core.data_reader - INFO - Carregados 230 pontos para BNB 5m
2025-07-14 00:53:10,175 - indicators.technical - INFO - Análise técnica concluída para BNB: RSI=0 sinais, MACD=0 sinais
2025-07-14 00:53:10,175 - core.analyzer - INFO - [SUCCESS] BNB: 0 sinais gerados, 0 salvos em 0.40s
2025-07-14 00:53:10,179 - core.data_reader - INFO - Carregados 231 pontos para ENA 5m
2025-07-14 00:53:10,237 - indicators.technical - INFO - Análise técnica concluída para ENA: RSI=0 sinais, MACD=0 sinais
2025-07-14 00:53:10,237 - core.analyzer - INFO - [SUCCESS] ENA: 0 sinais gerados, 0 salvos em 0.46s
2025-07-14 00:53:10,241 - core.data_reader - INFO - Carregados 230 pontos para ETH 5m
2025-07-14 00:53:10,298 - indicators.technical - INFO - Análise técnica concluída para ETH: RSI=0 sinais, MACD=0 sinais
2025-07-14 00:53:10,299 - core.analyzer - INFO - [SUCCESS] ETH: 0 sinais gerados, 0 salvos em 0.52s
2025-07-14 00:53:10,304 - core.data_reader - INFO - Carregados 230 pontos para HBAR 5m
2025-07-14 00:53:10,362 - indicators.technical - INFO - Análise técnica concluída para HBAR: RSI=0 sinais, MACD=0 sinais
2025-07-14 00:53:10,363 - core.analyzer - INFO - [SUCCESS] HBAR: 0 sinais gerados, 0 salvos em 0.34s
2025-07-14 00:53:10,367 - core.data_reader - INFO - Carregados 231 pontos para NEAR 5m
2025-07-14 00:53:10,423 - indicators.technical - INFO - Análise técnica concluída para NEAR: RSI=0 sinais, MACD=0 sinais
2025-07-14 00:53:10,424 - core.analyzer - INFO - [SUCCESS] NEAR: 0 sinais gerados, 0 salvos em 0.25s
2025-07-14 00:53:10,428 - core.data_reader - INFO - Carregados 230 pontos para OMNI 5m
2025-07-14 00:53:10,472 - core.data_reader - INFO - Carregados 231 pontos para SOL 5m
2025-07-14 00:53:10,523 - indicators.technical - INFO - Análise técnica concluída para OMNI: RSI=0 sinais, MACD=0 sinais
2025-07-14 00:53:10,524 - core.analyzer - INFO - [SUCCESS] OMNI: 0 sinais gerados, 0 salvos em 0.29s
2025-07-14 00:53:10,546 - indicators.technical - INFO - Análise técnica concluída para SOL: RSI=0 sinais, MACD=0 sinais
2025-07-14 00:53:10,547 - core.analyzer - INFO - [SUCCESS] SOL: 0 sinais gerados, 0 salvos em 0.25s
2025-07-14 00:53:10,548 - core.analyzer - INFO - [COMPLETE] Análise concluída: 8/8 symbols, 0 sinais em 0.79s
2025-07-14 00:53:10,548 - core.analyzer - INFO - [CYCLE] Ciclo concluído: 8 symbols analisados em 0.8s
2025-07-14 00:58:09,761 - core.analyzer - INFO - [START] Iniciando análise de 8 symbols
2025-07-14 00:58:09,772 - core.analyzer - INFO - [DEBUG] Symbols disponíveis no banco: ['BNB', 'BTC', 'ENA', 'ETH', 'HBAR', 'NEAR', 'OMNI', 'SOL']
2025-07-14 00:58:09,773 - core.analyzer - INFO - [DEBUG] Symbols configurados para análise: ['BNB', 'BTC', 'ENA', 'ETH', 'HBAR', 'NEAR', 'OMNI', 'SOL']
2025-07-14 00:58:09,774 - core.analyzer - INFO - [INFO] Symbols que serão analisados: ['BNB', 'BTC', 'ENA', 'ETH', 'HBAR', 'NEAR', 'OMNI', 'SOL']
2025-07-14 00:58:09,825 - core.data_reader - INFO - Carregados 237 pontos para BNB 5m
2025-07-14 00:58:10,052 - indicators.technical - INFO - Análise técnica concluída para BNB: RSI=0 sinais, MACD=0 sinais
2025-07-14 00:58:10,053 - core.analyzer - INFO - [SUCCESS] BNB: 0 sinais gerados, 0 salvos em 0.27s
2025-07-14 00:58:10,057 - core.data_reader - INFO - Carregados 238 pontos para BTC 5m
2025-07-14 00:58:10,115 - indicators.technical - INFO - Análise técnica concluída para BTC: RSI=0 sinais, MACD=0 sinais
2025-07-14 00:58:10,116 - core.analyzer - INFO - [SUCCESS] BTC: 0 sinais gerados, 0 salvos em 0.34s
2025-07-14 00:58:10,119 - core.data_reader - INFO - Carregados 237 pontos para ETH 5m
2025-07-14 00:58:10,177 - indicators.technical - INFO - Análise técnica concluída para ETH: RSI=0 sinais, MACD=0 sinais
2025-07-14 00:58:10,181 - core.analyzer - INFO - [SUCCESS] ETH: 0 sinais gerados, 0 salvos em 0.40s
2025-07-14 00:58:10,181 - core.data_reader - INFO - Carregados 238 pontos para ENA 5m
2025-07-14 00:58:10,241 - indicators.technical - INFO - Análise técnica concluída para ENA: RSI=0 sinais, MACD=0 sinais
2025-07-14 00:58:10,242 - core.analyzer - INFO - [SUCCESS] ENA: 0 sinais gerados, 0 salvos em 0.46s
2025-07-14 00:58:10,249 - core.data_reader - INFO - Carregados 237 pontos para HBAR 5m
2025-07-14 00:58:10,307 - indicators.technical - INFO - Análise técnica concluída para HBAR: RSI=0 sinais, MACD=0 sinais
2025-07-14 00:58:10,307 - core.analyzer - INFO - [SUCCESS] HBAR: 0 sinais gerados, 0 salvos em 0.25s
2025-07-14 00:58:10,313 - core.data_reader - INFO - Carregados 237 pontos para OMNI 5m
2025-07-14 00:58:10,315 - core.data_reader - INFO - Carregados 238 pontos para NEAR 5m
2025-07-14 00:58:10,376 - indicators.technical - INFO - Análise técnica concluída para OMNI: RSI=0 sinais, MACD=0 sinais
2025-07-14 00:58:10,415 - core.data_reader - INFO - Carregados 238 pontos para SOL 5m
2025-07-14 00:58:10,415 - core.analyzer - INFO - [SUCCESS] OMNI: 0 sinais gerados, 0 salvos em 0.23s
2025-07-14 00:58:10,483 - indicators.technical - INFO - Análise técnica concluída para NEAR: RSI=0 sinais, MACD=0 sinais
2025-07-14 00:58:10,500 - indicators.technical - INFO - Análise técnica concluída para SOL: RSI=0 sinais, MACD=0 sinais
2025-07-14 00:58:10,500 - core.analyzer - INFO - [SUCCESS] NEAR: 0 sinais gerados, 0 salvos em 0.38s
2025-07-14 00:58:10,500 - core.analyzer - INFO - [SUCCESS] SOL: 0 sinais gerados, 0 salvos em 0.26s
2025-07-14 00:58:10,501 - core.analyzer - INFO - [COMPLETE] Análise concluída: 8/8 symbols, 0 sinais em 0.74s
2025-07-14 00:58:10,501 - core.analyzer - INFO - [CYCLE] Ciclo concluído: 8 symbols analisados em 0.7s
2025-07-14 01:03:09,762 - core.analyzer - INFO - [START] Iniciando análise de 8 symbols
2025-07-14 01:03:09,766 - core.analyzer - INFO - [DEBUG] Symbols disponíveis no banco: ['BNB', 'BTC', 'ENA', 'ETH', 'HBAR', 'NEAR', 'OMNI', 'SOL']
2025-07-14 01:03:09,767 - core.analyzer - INFO - [DEBUG] Symbols configurados para análise: ['BNB', 'BTC', 'ENA', 'ETH', 'HBAR', 'NEAR', 'OMNI', 'SOL']
2025-07-14 01:03:09,767 - core.analyzer - INFO - [INFO] Symbols que serão analisados: ['BNB', 'BTC', 'ENA', 'ETH', 'HBAR', 'NEAR', 'OMNI', 'SOL']
2025-07-14 01:03:09,784 - core.data_reader - INFO - Carregados 240 pontos para BNB 5m
2025-07-14 01:03:09,867 - indicators.technical - INFO - Análise técnica concluída para BNB: RSI=0 sinais, MACD=0 sinais
2025-07-14 01:03:09,868 - core.analyzer - INFO - [SUCCESS] BNB: 0 sinais gerados, 0 salvos em 0.10s
2025-07-14 01:03:09,873 - core.data_reader - INFO - Carregados 241 pontos para BTC 5m
2025-07-14 01:03:09,956 - indicators.technical - INFO - Análise técnica concluída para BTC: RSI=0 sinais, MACD=0 sinais
2025-07-14 01:03:09,956 - core.analyzer - INFO - [SUCCESS] BTC: 0 sinais gerados, 0 salvos em 0.19s
2025-07-14 01:03:09,961 - core.data_reader - INFO - Carregados 241 pontos para ENA 5m
2025-07-14 01:03:10,042 - indicators.technical - INFO - Análise técnica concluída para ENA: RSI=0 sinais, MACD=0 sinais
2025-07-14 01:03:10,042 - core.analyzer - INFO - [SUCCESS] ENA: 0 sinais gerados, 0 salvos em 0.27s
2025-07-14 01:03:10,049 - core.data_reader - INFO - Carregados 240 pontos para ETH 5m
2025-07-14 01:03:10,127 - indicators.technical - INFO - Análise técnica concluída para ETH: RSI=0 sinais, MACD=0 sinais
2025-07-14 01:03:10,127 - core.analyzer - INFO - [SUCCESS] ETH: 0 sinais gerados, 0 salvos em 0.36s
2025-07-14 01:03:10,135 - core.data_reader - INFO - Carregados 240 pontos para HBAR 5m
2025-07-14 01:03:10,217 - indicators.technical - INFO - Análise técnica concluída para HBAR: RSI=0 sinais, MACD=0 sinais
2025-07-14 01:03:10,217 - core.analyzer - INFO - [SUCCESS] HBAR: 0 sinais gerados, 0 salvos em 0.35s
2025-07-14 01:03:10,221 - core.data_reader - INFO - Carregados 240 pontos para OMNI 5m
2025-07-14 01:03:10,302 - indicators.technical - INFO - Análise técnica concluída para OMNI: RSI=0 sinais, MACD=0 sinais
2025-07-14 01:03:10,305 - core.data_reader - INFO - Carregados 241 pontos para NEAR 5m
2025-07-14 01:03:10,306 - core.analyzer - INFO - [SUCCESS] OMNI: 0 sinais gerados, 0 salvos em 0.26s
2025-07-14 01:03:10,386 - indicators.technical - INFO - Análise técnica concluída para NEAR: RSI=0 sinais, MACD=0 sinais
2025-07-14 01:03:10,386 - core.analyzer - INFO - [SUCCESS] NEAR: 0 sinais gerados, 0 salvos em 0.43s
2025-07-14 01:03:10,390 - core.data_reader - INFO - Carregados 241 pontos para SOL 5m
2025-07-14 01:03:10,461 - indicators.technical - INFO - Análise técnica concluída para SOL: RSI=0 sinais, MACD=0 sinais
2025-07-14 01:03:10,461 - core.analyzer - INFO - [SUCCESS] SOL: 0 sinais gerados, 0 salvos em 0.33s
2025-07-14 01:03:10,463 - core.analyzer - INFO - [COMPLETE] Análise concluída: 8/8 symbols, 0 sinais em 0.70s
2025-07-14 01:03:10,463 - core.analyzer - INFO - [CYCLE] Ciclo concluído: 8 symbols analisados em 0.7s
2025-07-14 01:08:09,762 - core.analyzer - INFO - [START] Iniciando análise de 8 symbols
2025-07-14 01:08:09,768 - core.analyzer - INFO - [DEBUG] Symbols disponíveis no banco: ['BNB', 'BTC', 'ENA', 'ETH', 'HBAR', 'NEAR', 'OMNI', 'SOL']
2025-07-14 01:08:09,768 - core.analyzer - INFO - [DEBUG] Symbols configurados para análise: ['BNB', 'BTC', 'ENA', 'ETH', 'HBAR', 'NEAR', 'OMNI', 'SOL']
2025-07-14 01:08:09,769 - core.analyzer - INFO - [INFO] Symbols que serão analisados: ['BNB', 'BTC', 'ENA', 'ETH', 'HBAR', 'NEAR', 'OMNI', 'SOL']
2025-07-14 01:08:09,784 - core.data_reader - INFO - Carregados 240 pontos para BNB 5m
2025-07-14 01:08:09,792 - core.data_reader - INFO - Carregados 241 pontos para BTC 5m
2025-07-14 01:08:09,916 - indicators.technical - INFO - Análise técnica concluída para BNB: RSI=0 sinais, MACD=0 sinais
2025-07-14 01:08:09,917 - core.analyzer - INFO - [SUCCESS] BNB: 0 sinais gerados, 0 salvos em 0.15s
2025-07-14 01:08:09,937 - indicators.technical - INFO - Análise técnica concluída para BTC: RSI=0 sinais, MACD=0 sinais
2025-07-14 01:08:09,938 - core.analyzer - INFO - [SUCCESS] BTC: 0 sinais gerados, 0 salvos em 0.17s
2025-07-14 01:08:09,942 - core.data_reader - INFO - Carregados 241 pontos para ENA 5m
2025-07-14 01:08:10,005 - indicators.technical - INFO - Análise técnica concluída para ENA: RSI=0 sinais, MACD=0 sinais
2025-07-14 01:08:10,005 - core.analyzer - INFO - [SUCCESS] ENA: 0 sinais gerados, 0 salvos em 0.23s
2025-07-14 01:08:10,009 - core.data_reader - INFO - Carregados 240 pontos para ETH 5m
2025-07-14 01:08:10,068 - indicators.technical - INFO - Análise técnica concluída para ETH: RSI=0 sinais, MACD=0 sinais
2025-07-14 01:08:10,069 - core.analyzer - INFO - [SUCCESS] ETH: 0 sinais gerados, 0 salvos em 0.30s
2025-07-14 01:08:10,075 - core.data_reader - INFO - Carregados 240 pontos para HBAR 5m
2025-07-14 01:08:10,133 - indicators.technical - INFO - Análise técnica concluída para HBAR: RSI=0 sinais, MACD=0 sinais
2025-07-14 01:08:10,133 - core.analyzer - INFO - [SUCCESS] HBAR: 0 sinais gerados, 0 salvos em 0.22s
2025-07-14 01:08:10,137 - core.data_reader - INFO - Carregados 241 pontos para NEAR 5m
2025-07-14 01:08:10,201 - indicators.technical - INFO - Análise técnica concluída para NEAR: RSI=0 sinais, MACD=0 sinais
2025-07-14 01:08:10,201 - core.analyzer - INFO - [SUCCESS] NEAR: 0 sinais gerados, 0 salvos em 0.26s
2025-07-14 01:08:10,204 - core.data_reader - INFO - Carregados 240 pontos para OMNI 5m
2025-07-14 01:08:10,262 - indicators.technical - INFO - Análise técnica concluída para OMNI: RSI=0 sinais, MACD=0 sinais
2025-07-14 01:08:10,262 - core.analyzer - INFO - [SUCCESS] OMNI: 0 sinais gerados, 0 salvos em 0.26s
2025-07-14 01:08:10,266 - core.data_reader - INFO - Carregados 241 pontos para SOL 5m
2025-07-14 01:08:10,318 - indicators.technical - INFO - Análise técnica concluída para SOL: RSI=0 sinais, MACD=0 sinais
2025-07-14 01:08:10,319 - core.analyzer - INFO - [SUCCESS] SOL: 0 sinais gerados, 0 salvos em 0.25s
2025-07-14 01:08:10,319 - core.analyzer - INFO - [COMPLETE] Análise concluída: 8/8 symbols, 0 sinais em 0.56s
2025-07-14 01:08:10,320 - core.analyzer - INFO - [CYCLE] Ciclo concluído: 8 symbols analisados em 0.6s
2025-07-14 01:13:09,763 - core.analyzer - INFO - [START] Iniciando análise de 8 symbols
2025-07-14 01:13:09,775 - core.analyzer - INFO - [DEBUG] Symbols disponíveis no banco: ['BNB', 'BTC', 'ENA', 'ETH', 'HBAR', 'NEAR', 'OMNI', 'SOL']
2025-07-14 01:13:09,776 - core.analyzer - INFO - [DEBUG] Symbols configurados para análise: ['BNB', 'BTC', 'ENA', 'ETH', 'HBAR', 'NEAR', 'OMNI', 'SOL']
2025-07-14 01:13:09,777 - core.analyzer - INFO - [INFO] Symbols que serão analisados: ['BNB', 'BTC', 'ENA', 'ETH', 'HBAR', 'NEAR', 'OMNI', 'SOL']
2025-07-14 01:13:09,796 - core.data_reader - INFO - Carregados 240 pontos para BNB 5m
2025-07-14 01:13:09,858 - indicators.technical - INFO - Análise técnica concluída para BNB: RSI=0 sinais, MACD=0 sinais
2025-07-14 01:13:09,858 - core.analyzer - INFO - [SUCCESS] BNB: 0 sinais gerados, 0 salvos em 0.08s
2025-07-14 01:13:09,863 - core.data_reader - INFO - Carregados 241 pontos para ENA 5m
2025-07-14 01:13:09,924 - indicators.technical - INFO - Análise técnica concluída para ENA: RSI=0 sinais, MACD=0 sinais
2025-07-14 01:13:09,925 - core.analyzer - INFO - [SUCCESS] ENA: 0 sinais gerados, 0 salvos em 0.14s
2025-07-14 01:13:09,928 - core.data_reader - INFO - Carregados 241 pontos para BTC 5m
2025-07-14 01:13:09,987 - indicators.technical - INFO - Análise técnica concluída para BTC: RSI=0 sinais, MACD=0 sinais
2025-07-14 01:13:09,988 - core.analyzer - INFO - [SUCCESS] BTC: 0 sinais gerados, 0 salvos em 0.21s
2025-07-14 01:13:09,992 - core.data_reader - INFO - Carregados 240 pontos para ETH 5m
2025-07-14 01:13:10,050 - indicators.technical - INFO - Análise técnica concluída para ETH: RSI=0 sinais, MACD=0 sinais
2025-07-14 01:13:10,051 - core.analyzer - INFO - [SUCCESS] ETH: 0 sinais gerados, 0 salvos em 0.27s
2025-07-14 01:13:10,057 - core.data_reader - INFO - Carregados 241 pontos para NEAR 5m
2025-07-14 01:13:10,118 - indicators.technical - INFO - Análise técnica concluída para NEAR: RSI=0 sinais, MACD=0 sinais
2025-07-14 01:13:10,118 - core.analyzer - INFO - [SUCCESS] NEAR: 0 sinais gerados, 0 salvos em 0.19s
2025-07-14 01:13:10,122 - core.data_reader - INFO - Carregados 240 pontos para HBAR 5m
2025-07-14 01:13:10,180 - indicators.technical - INFO - Análise técnica concluída para HBAR: RSI=0 sinais, MACD=0 sinais
2025-07-14 01:13:10,180 - core.analyzer - INFO - [SUCCESS] HBAR: 0 sinais gerados, 0 salvos em 0.32s
2025-07-14 01:13:10,185 - core.data_reader - INFO - Carregados 240 pontos para OMNI 5m
2025-07-14 01:13:10,242 - indicators.technical - INFO - Análise técnica concluída para OMNI: RSI=0 sinais, MACD=0 sinais
2025-07-14 01:13:10,243 - core.analyzer - INFO - [SUCCESS] OMNI: 0 sinais gerados, 0 salvos em 0.25s
2025-07-14 01:13:10,245 - core.data_reader - INFO - Carregados 241 pontos para SOL 5m
2025-07-14 01:13:10,295 - indicators.technical - INFO - Análise técnica concluída para SOL: RSI=0 sinais, MACD=0 sinais
2025-07-14 01:13:10,295 - core.analyzer - INFO - [SUCCESS] SOL: 0 sinais gerados, 0 salvos em 0.24s
2025-07-14 01:13:10,296 - core.analyzer - INFO - [COMPLETE] Análise concluída: 8/8 symbols, 0 sinais em 0.53s
2025-07-14 01:13:10,297 - core.analyzer - INFO - [CYCLE] Ciclo concluído: 8 symbols analisados em 0.5s
2025-07-14 01:18:09,764 - core.analyzer - INFO - [START] Iniciando análise de 8 symbols
2025-07-14 01:18:09,768 - core.analyzer - INFO - [DEBUG] Symbols disponíveis no banco: ['BNB', 'BTC', 'ENA', 'ETH', 'HBAR', 'NEAR', 'OMNI', 'SOL']
2025-07-14 01:18:09,769 - core.analyzer - INFO - [DEBUG] Symbols configurados para análise: ['BNB', 'BTC', 'ENA', 'ETH', 'HBAR', 'NEAR', 'OMNI', 'SOL']
2025-07-14 01:18:09,769 - core.analyzer - INFO - [INFO] Symbols que serão analisados: ['BNB', 'BTC', 'ENA', 'ETH', 'HBAR', 'NEAR', 'OMNI', 'SOL']
2025-07-14 01:18:09,781 - core.data_reader - INFO - Carregados 243 pontos para BNB 5m
2025-07-14 01:18:09,849 - indicators.technical - INFO - Análise técnica concluída para BNB: RSI=0 sinais, MACD=0 sinais
2025-07-14 01:18:09,850 - core.analyzer - INFO - [SUCCESS] BNB: 0 sinais gerados, 0 salvos em 0.08s
2025-07-14 01:18:09,855 - core.data_reader - INFO - Carregados 244 pontos para BTC 5m
2025-07-14 01:18:09,922 - indicators.technical - INFO - Análise técnica concluída para BTC: RSI=0 sinais, MACD=0 sinais
2025-07-14 01:18:09,925 - core.data_reader - INFO - Carregados 243 pontos para ETH 5m
2025-07-14 01:18:09,925 - core.analyzer - INFO - [SUCCESS] BTC: 0 sinais gerados, 0 salvos em 0.15s
2025-07-14 01:18:09,963 - core.data_reader - INFO - Carregados 244 pontos para ENA 5m
2025-07-14 01:18:10,028 - indicators.technical - INFO - Análise técnica concluída para ENA: RSI=0 sinais, MACD=0 sinais
2025-07-14 01:18:10,028 - core.analyzer - INFO - [SUCCESS] ENA: 0 sinais gerados, 0 salvos em 0.26s
2025-07-14 01:18:10,059 - indicators.technical - INFO - Análise técnica concluída para ETH: RSI=0 sinais, MACD=0 sinais
2025-07-14 01:18:10,060 - core.analyzer - INFO - [SUCCESS] ETH: 0 sinais gerados, 0 salvos em 0.29s
2025-07-14 01:18:10,064 - core.data_reader - INFO - Carregados 243 pontos para HBAR 5m
2025-07-14 01:18:10,124 - indicators.technical - INFO - Análise técnica concluída para HBAR: RSI=0 sinais, MACD=0 sinais
2025-07-14 01:18:10,125 - core.analyzer - INFO - [SUCCESS] HBAR: 0 sinais gerados, 0 salvos em 0.27s
2025-07-14 01:18:10,129 - core.data_reader - INFO - Carregados 244 pontos para NEAR 5m
2025-07-14 01:18:10,186 - indicators.technical - INFO - Análise técnica concluída para NEAR: RSI=0 sinais, MACD=0 sinais
2025-07-14 01:18:10,186 - core.analyzer - INFO - [SUCCESS] NEAR: 0 sinais gerados, 0 salvos em 0.23s
2025-07-14 01:18:10,190 - core.data_reader - INFO - Carregados 243 pontos para OMNI 5m
2025-07-14 01:18:10,246 - indicators.technical - INFO - Análise técnica concluída para OMNI: RSI=0 sinais, MACD=0 sinais
2025-07-14 01:18:10,247 - core.analyzer - INFO - [SUCCESS] OMNI: 0 sinais gerados, 0 salvos em 0.22s
2025-07-14 01:18:10,250 - core.data_reader - INFO - Carregados 244 pontos para SOL 5m
2025-07-14 01:18:10,305 - indicators.technical - INFO - Análise técnica concluída para SOL: RSI=0 sinais, MACD=0 sinais
2025-07-14 01:18:10,305 - core.analyzer - INFO - [SUCCESS] SOL: 0 sinais gerados, 0 salvos em 0.25s
2025-07-14 01:18:10,306 - core.analyzer - INFO - [COMPLETE] Análise concluída: 8/8 symbols, 0 sinais em 0.54s
2025-07-14 01:18:10,306 - core.analyzer - INFO - [CYCLE] Ciclo concluído: 8 symbols analisados em 0.5s
2025-07-14 01:23:09,765 - core.analyzer - INFO - [START] Iniciando análise de 8 symbols
2025-07-14 01:23:09,776 - core.analyzer - INFO - [DEBUG] Symbols disponíveis no banco: ['BNB', 'BTC', 'ENA', 'ETH', 'HBAR', 'NEAR', 'OMNI', 'SOL']
2025-07-14 01:23:09,777 - core.analyzer - INFO - [DEBUG] Symbols configurados para análise: ['BNB', 'BTC', 'ENA', 'ETH', 'HBAR', 'NEAR', 'OMNI', 'SOL']
2025-07-14 01:23:09,777 - core.analyzer - INFO - [INFO] Symbols que serão analisados: ['BNB', 'BTC', 'ENA', 'ETH', 'HBAR', 'NEAR', 'OMNI', 'SOL']
2025-07-14 01:23:09,811 - core.data_reader - INFO - Carregados 251 pontos para BTC 5m
2025-07-14 01:23:09,875 - indicators.technical - INFO - Análise técnica concluída para BTC: RSI=0 sinais, MACD=0 sinais
2025-07-14 01:23:09,876 - core.analyzer - INFO - [SUCCESS] BTC: 0 sinais gerados, 0 salvos em 0.09s
2025-07-14 01:23:09,879 - core.data_reader - INFO - Carregados 250 pontos para BNB 5m
2025-07-14 01:23:09,936 - indicators.technical - INFO - Análise técnica concluída para BNB: RSI=0 sinais, MACD=0 sinais
2025-07-14 01:23:09,936 - core.analyzer - INFO - [SUCCESS] BNB: 0 sinais gerados, 0 salvos em 0.16s
2025-07-14 01:23:09,939 - core.data_reader - INFO - Carregados 250 pontos para ETH 5m
2025-07-14 01:23:09,994 - indicators.technical - INFO - Análise técnica concluída para ETH: RSI=0 sinais, MACD=0 sinais
2025-07-14 01:23:09,994 - core.analyzer - INFO - [SUCCESS] ETH: 0 sinais gerados, 0 salvos em 0.21s
2025-07-14 01:23:09,997 - core.data_reader - INFO - Carregados 251 pontos para ENA 5m
2025-07-14 01:23:10,052 - indicators.technical - INFO - Análise técnica concluída para ENA: RSI=0 sinais, MACD=0 sinais
2025-07-14 01:23:10,053 - core.analyzer - INFO - [SUCCESS] ENA: 0 sinais gerados, 0 salvos em 0.27s
2025-07-14 01:23:10,059 - core.data_reader - INFO - Carregados 250 pontos para HBAR 5m
2025-07-14 01:23:10,113 - indicators.technical - INFO - Análise técnica concluída para HBAR: RSI=0 sinais, MACD=0 sinais
2025-07-14 01:23:10,113 - core.analyzer - INFO - [SUCCESS] HBAR: 0 sinais gerados, 0 salvos em 0.24s
2025-07-14 01:23:10,116 - core.data_reader - INFO - Carregados 251 pontos para NEAR 5m
2025-07-14 01:23:10,172 - indicators.technical - INFO - Análise técnica concluída para NEAR: RSI=0 sinais, MACD=0 sinais
2025-07-14 01:23:10,172 - core.analyzer - INFO - [SUCCESS] NEAR: 0 sinais gerados, 0 salvos em 0.24s
2025-07-14 01:23:10,175 - core.data_reader - INFO - Carregados 250 pontos para OMNI 5m
2025-07-14 01:23:10,230 - indicators.technical - INFO - Análise técnica concluída para OMNI: RSI=0 sinais, MACD=0 sinais
2025-07-14 01:23:10,230 - core.analyzer - INFO - [SUCCESS] OMNI: 0 sinais gerados, 0 salvos em 0.23s
2025-07-14 01:23:10,233 - core.data_reader - INFO - Carregados 251 pontos para SOL 5m
2025-07-14 01:23:10,282 - indicators.technical - INFO - Análise técnica concluída para SOL: RSI=0 sinais, MACD=0 sinais
2025-07-14 01:23:10,282 - core.analyzer - INFO - [SUCCESS] SOL: 0 sinais gerados, 0 salvos em 0.23s
2025-07-14 01:23:10,283 - core.analyzer - INFO - [COMPLETE] Análise concluída: 8/8 symbols, 0 sinais em 0.52s
2025-07-14 01:23:10,283 - core.analyzer - INFO - [CYCLE] Ciclo concluído: 8 symbols analisados em 0.5s
2025-07-14 01:28:09,765 - core.analyzer - INFO - [START] Iniciando análise de 8 symbols
2025-07-14 01:28:09,776 - core.analyzer - INFO - [DEBUG] Symbols disponíveis no banco: ['BNB', 'BTC', 'ENA', 'ETH', 'HBAR', 'NEAR', 'OMNI', 'SOL']
2025-07-14 01:28:09,777 - core.analyzer - INFO - [DEBUG] Symbols configurados para análise: ['BNB', 'BTC', 'ENA', 'ETH', 'HBAR', 'NEAR', 'OMNI', 'SOL']
2025-07-14 01:28:09,777 - core.analyzer - INFO - [INFO] Symbols que serão analisados: ['BNB', 'BTC', 'ENA', 'ETH', 'HBAR', 'NEAR', 'OMNI', 'SOL']
2025-07-14 01:28:09,798 - core.data_reader - INFO - Carregados 254 pontos para BNB 5m
2025-07-14 01:28:09,865 - indicators.technical - INFO - Análise técnica concluída para BNB: RSI=0 sinais, MACD=0 sinais
2025-07-14 01:28:09,865 - core.analyzer - INFO - [SUCCESS] BNB: 0 sinais gerados, 0 salvos em 0.09s
2025-07-14 01:28:09,869 - core.data_reader - INFO - Carregados 254 pontos para ETH 5m
2025-07-14 01:28:09,928 - indicators.technical - INFO - Análise técnica concluída para ETH: RSI=0 sinais, MACD=0 sinais
2025-07-14 01:28:09,929 - core.analyzer - INFO - [SUCCESS] ETH: 0 sinais gerados, 0 salvos em 0.15s
2025-07-14 01:28:09,932 - core.data_reader - INFO - Carregados 255 pontos para ENA 5m
2025-07-14 01:28:09,991 - indicators.technical - INFO - Análise técnica concluída para ENA: RSI=0 sinais, MACD=0 sinais
2025-07-14 01:28:09,992 - core.analyzer - INFO - [SUCCESS] ENA: 0 sinais gerados, 0 salvos em 0.21s
2025-07-14 01:28:09,995 - core.data_reader - INFO - Carregados 255 pontos para BTC 5m
2025-07-14 01:28:10,054 - indicators.technical - INFO - Análise técnica concluída para BTC: RSI=0 sinais, MACD=0 sinais
2025-07-14 01:28:10,054 - core.analyzer - INFO - [SUCCESS] BTC: 0 sinais gerados, 0 salvos em 0.27s
2025-07-14 01:28:10,061 - core.data_reader - INFO - Carregados 255 pontos para NEAR 5m
2025-07-14 01:28:10,064 - core.data_reader - INFO - Carregados 254 pontos para HBAR 5m
2025-07-14 01:28:10,123 - indicators.technical - INFO - Análise técnica concluída para NEAR: RSI=0 sinais, MACD=0 sinais
2025-07-14 01:28:10,144 - core.analyzer - INFO - [SUCCESS] NEAR: 0 sinais gerados, 0 salvos em 0.21s
2025-07-14 01:28:10,148 - core.data_reader - INFO - Carregados 254 pontos para OMNI 5m
2025-07-14 01:28:10,208 - indicators.technical - INFO - Análise técnica concluída para OMNI: RSI=0 sinais, MACD=0 sinais
2025-07-14 01:28:10,208 - core.analyzer - INFO - [SUCCESS] OMNI: 0 sinais gerados, 0 salvos em 0.22s
2025-07-14 01:28:10,211 - core.data_reader - INFO - Carregados 255 pontos para SOL 5m
2025-07-14 01:28:10,274 - indicators.technical - INFO - Análise técnica concluída para SOL: RSI=0 sinais, MACD=0 sinais
2025-07-14 01:28:10,307 - core.analyzer - INFO - [SUCCESS] SOL: 0 sinais gerados, 0 salvos em 0.25s
2025-07-14 01:28:10,308 - indicators.technical - INFO - Análise técnica concluída para HBAR: RSI=0 sinais, MACD=0 sinais
2025-07-14 01:28:10,309 - core.analyzer - INFO - [SUCCESS] HBAR: 0 sinais gerados, 0 salvos em 0.44s
2025-07-14 01:28:10,309 - core.analyzer - INFO - [COMPLETE] Análise concluída: 8/8 symbols, 0 sinais em 0.54s
2025-07-14 01:28:10,310 - core.analyzer - INFO - [CYCLE] Ciclo concluído: 8 symbols analisados em 0.5s
2025-07-14 01:33:09,766 - core.analyzer - INFO - [START] Iniciando análise de 8 symbols
2025-07-14 01:33:09,771 - core.analyzer - INFO - [DEBUG] Symbols disponíveis no banco: ['BNB', 'BTC', 'ENA', 'ETH', 'HBAR', 'NEAR', 'OMNI', 'SOL']
2025-07-14 01:33:09,772 - core.analyzer - INFO - [DEBUG] Symbols configurados para análise: ['BNB', 'BTC', 'ENA', 'ETH', 'HBAR', 'NEAR', 'OMNI', 'SOL']
2025-07-14 01:33:09,772 - core.analyzer - INFO - [INFO] Symbols que serão analisados: ['BNB', 'BTC', 'ENA', 'ETH', 'HBAR', 'NEAR', 'OMNI', 'SOL']
2025-07-14 01:33:09,804 - core.data_reader - INFO - Carregados 255 pontos para BTC 5m
2025-07-14 01:33:09,864 - indicators.technical - INFO - Análise técnica concluída para BTC: RSI=0 sinais, MACD=0 sinais
2025-07-14 01:33:09,865 - core.analyzer - INFO - [SUCCESS] BTC: 0 sinais gerados, 0 salvos em 0.09s
2025-07-14 01:33:09,868 - core.data_reader - INFO - Carregados 254 pontos para BNB 5m
2025-07-14 01:33:09,912 - core.data_reader - INFO - Carregados 254 pontos para ETH 5m
2025-07-14 01:33:09,923 - indicators.technical - INFO - Análise técnica concluída para BNB: RSI=0 sinais, MACD=0 sinais
2025-07-14 01:33:09,956 - core.analyzer - INFO - [SUCCESS] BNB: 0 sinais gerados, 0 salvos em 0.18s
2025-07-14 01:33:09,977 - indicators.technical - INFO - Análise técnica concluída para ETH: RSI=0 sinais, MACD=0 sinais
2025-07-14 01:33:09,978 - core.analyzer - INFO - [SUCCESS] ETH: 0 sinais gerados, 0 salvos em 0.20s
2025-07-14 01:33:09,981 - core.data_reader - INFO - Carregados 255 pontos para ENA 5m
2025-07-14 01:33:10,033 - indicators.technical - INFO - Análise técnica concluída para ENA: RSI=0 sinais, MACD=0 sinais
2025-07-14 01:33:10,033 - core.analyzer - INFO - [SUCCESS] ENA: 0 sinais gerados, 0 salvos em 0.26s
2025-07-14 01:33:10,039 - core.data_reader - INFO - Carregados 254 pontos para HBAR 5m
2025-07-14 01:33:10,091 - indicators.technical - INFO - Análise técnica concluída para HBAR: RSI=0 sinais, MACD=0 sinais
2025-07-14 01:33:10,091 - core.analyzer - INFO - [SUCCESS] HBAR: 0 sinais gerados, 0 salvos em 0.23s
2025-07-14 01:33:10,095 - core.data_reader - INFO - Carregados 254 pontos para OMNI 5m
2025-07-14 01:33:10,146 - indicators.technical - INFO - Análise técnica concluída para OMNI: RSI=0 sinais, MACD=0 sinais
2025-07-14 01:33:10,147 - core.analyzer - INFO - [SUCCESS] OMNI: 0 sinais gerados, 0 salvos em 0.17s
2025-07-14 01:33:10,150 - core.data_reader - INFO - Carregados 255 pontos para NEAR 5m
2025-07-14 01:33:10,201 - indicators.technical - INFO - Análise técnica concluída para NEAR: RSI=0 sinais, MACD=0 sinais
2025-07-14 01:33:10,202 - core.analyzer - INFO - [SUCCESS] NEAR: 0 sinais gerados, 0 salvos em 0.25s
2025-07-14 01:33:10,204 - core.data_reader - INFO - Carregados 255 pontos para SOL 5m
2025-07-14 01:33:10,251 - indicators.technical - INFO - Análise técnica concluída para SOL: RSI=0 sinais, MACD=0 sinais
2025-07-14 01:33:10,251 - core.analyzer - INFO - [SUCCESS] SOL: 0 sinais gerados, 0 salvos em 0.22s
2025-07-14 01:33:10,252 - core.analyzer - INFO - [COMPLETE] Análise concluída: 8/8 symbols, 0 sinais em 0.49s
2025-07-14 01:33:10,252 - core.analyzer - INFO - [CYCLE] Ciclo concluído: 8 symbols analisados em 0.5s
2025-07-14 01:38:09,767 - core.analyzer - INFO - [START] Iniciando análise de 8 symbols
2025-07-14 01:38:09,777 - core.analyzer - INFO - [DEBUG] Symbols disponíveis no banco: ['BNB', 'BTC', 'ENA', 'ETH', 'HBAR', 'NEAR', 'OMNI', 'SOL']
2025-07-14 01:38:09,777 - core.analyzer - INFO - [DEBUG] Symbols configurados para análise: ['BNB', 'BTC', 'ENA', 'ETH', 'HBAR', 'NEAR', 'OMNI', 'SOL']
2025-07-14 01:38:09,778 - core.analyzer - INFO - [INFO] Symbols que serão analisados: ['BNB', 'BTC', 'ENA', 'ETH', 'HBAR', 'NEAR', 'OMNI', 'SOL']
2025-07-14 01:38:09,802 - core.data_reader - INFO - Carregados 257 pontos para BNB 5m
2025-07-14 01:38:09,861 - indicators.technical - INFO - Análise técnica concluída para BNB: RSI=0 sinais, MACD=0 sinais
2025-07-14 01:38:09,861 - core.analyzer - INFO - [SUCCESS] BNB: 0 sinais gerados, 0 salvos em 0.08s
2025-07-14 01:38:09,865 - core.data_reader - INFO - Carregados 258 pontos para ENA 5m
2025-07-14 01:38:09,920 - indicators.technical - INFO - Análise técnica concluída para ENA: RSI=0 sinais, MACD=0 sinais
2025-07-14 01:38:09,921 - core.analyzer - INFO - [SUCCESS] ENA: 0 sinais gerados, 0 salvos em 0.14s
2025-07-14 01:38:09,923 - core.data_reader - INFO - Carregados 258 pontos para BTC 5m
2025-07-14 01:38:09,978 - indicators.technical - INFO - Análise técnica concluída para BTC: RSI=0 sinais, MACD=0 sinais
2025-07-14 01:38:09,978 - core.analyzer - INFO - [SUCCESS] BTC: 0 sinais gerados, 0 salvos em 0.20s
2025-07-14 01:38:09,981 - core.data_reader - INFO - Carregados 257 pontos para ETH 5m
2025-07-14 01:38:10,034 - indicators.technical - INFO - Análise técnica concluída para ETH: RSI=0 sinais, MACD=0 sinais
2025-07-14 01:38:10,034 - core.analyzer - INFO - [SUCCESS] ETH: 0 sinais gerados, 0 salvos em 0.25s
2025-07-14 01:38:10,041 - core.data_reader - INFO - Carregados 258 pontos para NEAR 5m
2025-07-14 01:38:10,095 - indicators.technical - INFO - Análise técnica concluída para NEAR: RSI=0 sinais, MACD=0 sinais
2025-07-14 01:38:10,095 - core.analyzer - INFO - [SUCCESS] NEAR: 0 sinais gerados, 0 salvos em 0.17s
2025-07-14 01:38:10,099 - core.data_reader - INFO - Carregados 257 pontos para HBAR 5m
2025-07-14 01:38:10,152 - indicators.technical - INFO - Análise técnica concluída para HBAR: RSI=0 sinais, MACD=0 sinais
2025-07-14 01:38:10,155 - core.data_reader - INFO - Carregados 257 pontos para OMNI 5m
2025-07-14 01:38:10,155 - core.analyzer - INFO - [SUCCESS] HBAR: 0 sinais gerados, 0 salvos em 0.29s
2025-07-14 01:38:10,184 - core.data_reader - INFO - Carregados 258 pontos para SOL 5m
2025-07-14 01:38:10,238 - indicators.technical - INFO - Análise técnica concluída para SOL: RSI=0 sinais, MACD=0 sinais
2025-07-14 01:38:10,239 - core.analyzer - INFO - [SUCCESS] SOL: 0 sinais gerados, 0 salvos em 0.20s
2025-07-14 01:38:10,267 - indicators.technical - INFO - Análise técnica concluída para OMNI: RSI=0 sinais, MACD=0 sinais
2025-07-14 01:38:10,267 - core.analyzer - INFO - [SUCCESS] OMNI: 0 sinais gerados, 0 salvos em 0.29s
2025-07-14 01:38:10,268 - core.analyzer - INFO - [COMPLETE] Análise concluída: 8/8 symbols, 0 sinais em 0.50s
2025-07-14 01:38:10,268 - core.analyzer - INFO - [CYCLE] Ciclo concluído: 8 symbols analisados em 0.5s
2025-07-14 01:43:09,767 - core.analyzer - INFO - [START] Iniciando análise de 8 symbols
2025-07-14 01:43:09,774 - core.analyzer - INFO - [DEBUG] Symbols disponíveis no banco: ['BNB', 'BTC', 'ENA', 'ETH', 'HBAR', 'NEAR', 'OMNI', 'SOL']
2025-07-14 01:43:09,774 - core.analyzer - INFO - [DEBUG] Symbols configurados para análise: ['BNB', 'BTC', 'ENA', 'ETH', 'HBAR', 'NEAR', 'OMNI', 'SOL']
2025-07-14 01:43:09,775 - core.analyzer - INFO - [INFO] Symbols que serão analisados: ['BNB', 'BTC', 'ENA', 'ETH', 'HBAR', 'NEAR', 'OMNI', 'SOL']
2025-07-14 01:43:09,802 - core.data_reader - INFO - Carregados 261 pontos para BNB 5m
2025-07-14 01:43:09,864 - indicators.technical - INFO - Análise técnica concluída para BNB: RSI=0 sinais, MACD=0 sinais
2025-07-14 01:43:09,864 - core.analyzer - INFO - [SUCCESS] BNB: 0 sinais gerados, 0 salvos em 0.09s
2025-07-14 01:43:09,868 - core.data_reader - INFO - Carregados 261 pontos para ETH 5m
2025-07-14 01:43:09,923 - indicators.technical - INFO - Análise técnica concluída para ETH: RSI=0 sinais, MACD=0 sinais
2025-07-14 01:43:09,923 - core.analyzer - INFO - [SUCCESS] ETH: 0 sinais gerados, 0 salvos em 0.14s
2025-07-14 01:43:09,927 - core.data_reader - INFO - Carregados 262 pontos para BTC 5m
2025-07-14 01:43:09,981 - indicators.technical - INFO - Análise técnica concluída para BTC: RSI=0 sinais, MACD=0 sinais
2025-07-14 01:43:09,981 - core.analyzer - INFO - [SUCCESS] BTC: 0 sinais gerados, 0 salvos em 0.20s
2025-07-14 01:43:09,985 - core.data_reader - INFO - Carregados 262 pontos para ENA 5m
2025-07-14 01:43:10,040 - indicators.technical - INFO - Análise técnica concluída para ENA: RSI=0 sinais, MACD=0 sinais
2025-07-14 01:43:10,040 - core.analyzer - INFO - [SUCCESS] ENA: 0 sinais gerados, 0 salvos em 0.26s
2025-07-14 01:43:10,045 - core.data_reader - INFO - Carregados 261 pontos para HBAR 5m
2025-07-14 01:43:10,100 - indicators.technical - INFO - Análise técnica concluída para HBAR: RSI=0 sinais, MACD=0 sinais
2025-07-14 01:43:10,100 - core.analyzer - INFO - [SUCCESS] HBAR: 0 sinais gerados, 0 salvos em 0.24s
2025-07-14 01:43:10,104 - core.data_reader - INFO - Carregados 262 pontos para NEAR 5m
2025-07-14 01:43:10,158 - indicators.technical - INFO - Análise técnica concluída para NEAR: RSI=0 sinais, MACD=0 sinais
2025-07-14 01:43:10,158 - core.analyzer - INFO - [SUCCESS] NEAR: 0 sinais gerados, 0 salvos em 0.23s
2025-07-14 01:43:10,161 - core.data_reader - INFO - Carregados 261 pontos para OMNI 5m
2025-07-14 01:43:10,216 - indicators.technical - INFO - Análise técnica concluída para OMNI: RSI=0 sinais, MACD=0 sinais
2025-07-14 01:43:10,216 - core.analyzer - INFO - [SUCCESS] OMNI: 0 sinais gerados, 0 salvos em 0.23s
2025-07-14 01:43:10,219 - core.data_reader - INFO - Carregados 262 pontos para SOL 5m
2025-07-14 01:43:10,267 - indicators.technical - INFO - Análise técnica concluída para SOL: RSI=0 sinais, MACD=0 sinais
2025-07-14 01:43:10,267 - core.analyzer - INFO - [SUCCESS] SOL: 0 sinais gerados, 0 salvos em 0.23s
2025-07-14 01:43:10,268 - core.analyzer - INFO - [COMPLETE] Análise concluída: 8/8 symbols, 0 sinais em 0.50s
2025-07-14 01:43:10,268 - core.analyzer - INFO - [CYCLE] Ciclo concluído: 8 symbols analisados em 0.5s
2025-07-14 01:48:09,768 - core.analyzer - INFO - [START] Iniciando análise de 8 symbols
2025-07-14 01:48:09,777 - core.analyzer - INFO - [DEBUG] Symbols disponíveis no banco: ['BNB', 'BTC', 'ENA', 'ETH', 'HBAR', 'NEAR', 'OMNI', 'SOL']
2025-07-14 01:48:09,778 - core.analyzer - INFO - [DEBUG] Symbols configurados para análise: ['BNB', 'BTC', 'ENA', 'ETH', 'HBAR', 'NEAR', 'OMNI', 'SOL']
2025-07-14 01:48:09,778 - core.analyzer - INFO - [INFO] Symbols que serão analisados: ['BNB', 'BTC', 'ENA', 'ETH', 'HBAR', 'NEAR', 'OMNI', 'SOL']
2025-07-14 01:48:09,809 - core.data_reader - INFO - Carregados 264 pontos para BNB 5m
2025-07-14 01:48:09,876 - indicators.technical - INFO - Análise técnica concluída para BNB: RSI=0 sinais, MACD=0 sinais
2025-07-14 01:48:09,876 - core.analyzer - INFO - [SUCCESS] BNB: 0 sinais gerados, 0 salvos em 0.10s
2025-07-14 01:48:09,880 - core.data_reader - INFO - Carregados 265 pontos para BTC 5m
2025-07-14 01:48:09,935 - indicators.technical - INFO - Análise técnica concluída para BTC: RSI=0 sinais, MACD=0 sinais
2025-07-14 01:48:09,936 - core.analyzer - INFO - [SUCCESS] BTC: 0 sinais gerados, 0 salvos em 0.15s
2025-07-14 01:48:09,939 - core.data_reader - INFO - Carregados 265 pontos para ENA 5m
2025-07-14 01:48:09,942 - core.data_reader - INFO - Carregados 264 pontos para ETH 5m
2025-07-14 01:48:10,011 - indicators.technical - INFO - Análise técnica concluída para ETH: RSI=0 sinais, MACD=0 sinais
2025-07-14 01:48:10,021 - core.analyzer - INFO - [SUCCESS] ETH: 0 sinais gerados, 0 salvos em 0.24s
2025-07-14 01:48:10,056 - indicators.technical - INFO - Análise técnica concluída para ENA: RSI=0 sinais, MACD=0 sinais
2025-07-14 01:48:10,056 - core.analyzer - INFO - [SUCCESS] ENA: 0 sinais gerados, 0 salvos em 0.27s
2025-07-14 01:48:10,061 - core.data_reader - INFO - Carregados 264 pontos para HBAR 5m
2025-07-14 01:48:10,116 - indicators.technical - INFO - Análise técnica concluída para HBAR: RSI=0 sinais, MACD=0 sinais
2025-07-14 01:48:10,116 - core.analyzer - INFO - [SUCCESS] HBAR: 0 sinais gerados, 0 salvos em 0.24s
2025-07-14 01:48:10,119 - core.data_reader - INFO - Carregados 265 pontos para NEAR 5m
2025-07-14 01:48:10,174 - indicators.technical - INFO - Análise técnica concluída para NEAR: RSI=0 sinais, MACD=0 sinais
2025-07-14 01:48:10,175 - core.analyzer - INFO - [SUCCESS] NEAR: 0 sinais gerados, 0 salvos em 0.24s
2025-07-14 01:48:10,178 - core.data_reader - INFO - Carregados 264 pontos para OMNI 5m
2025-07-14 01:48:10,185 - core.data_reader - INFO - Carregados 265 pontos para SOL 5m
2025-07-14 01:48:10,274 - indicators.technical - INFO - Análise técnica concluída para OMNI: RSI=0 sinais, MACD=0 sinais
2025-07-14 01:48:10,287 - core.analyzer - INFO - [SUCCESS] OMNI: 0 sinais gerados, 0 salvos em 0.27s
2025-07-14 01:48:10,295 - indicators.technical - INFO - Análise técnica concluída para SOL: RSI=0 sinais, MACD=0 sinais
2025-07-14 01:48:10,296 - core.analyzer - INFO - [SUCCESS] SOL: 0 sinais gerados, 0 salvos em 0.24s
2025-07-14 01:48:10,296 - core.analyzer - INFO - [COMPLETE] Análise concluída: 8/8 symbols, 0 sinais em 0.53s
2025-07-14 01:48:10,297 - core.analyzer - INFO - [CYCLE] Ciclo concluído: 8 symbols analisados em 0.5s
2025-07-14 01:53:09,768 - core.analyzer - INFO - [START] Iniciando análise de 8 symbols
2025-07-14 01:53:09,774 - core.analyzer - INFO - [DEBUG] Symbols disponíveis no banco: ['BNB', 'BTC', 'ENA', 'ETH', 'HBAR', 'NEAR', 'OMNI', 'SOL']
2025-07-14 01:53:09,774 - core.analyzer - INFO - [DEBUG] Symbols configurados para análise: ['BNB', 'BTC', 'ENA', 'ETH', 'HBAR', 'NEAR', 'OMNI', 'SOL']
2025-07-14 01:53:09,775 - core.analyzer - INFO - [INFO] Symbols que serão analisados: ['BNB', 'BTC', 'ENA', 'ETH', 'HBAR', 'NEAR', 'OMNI', 'SOL']
2025-07-14 01:53:09,805 - core.data_reader - INFO - Carregados 268 pontos para BNB 5m
2025-07-14 01:53:09,868 - indicators.technical - INFO - Análise técnica concluída para BNB: RSI=0 sinais, MACD=0 sinais
2025-07-14 01:53:09,869 - core.analyzer - INFO - [SUCCESS] BNB: 0 sinais gerados, 0 salvos em 0.09s
2025-07-14 01:53:09,871 - core.data_reader - INFO - Carregados 269 pontos para BTC 5m
2025-07-14 01:53:09,929 - core.data_reader - INFO - Carregados 269 pontos para ENA 5m
2025-07-14 01:53:09,931 - indicators.technical - INFO - Análise técnica concluída para BTC: RSI=0 sinais, MACD=0 sinais
2025-07-14 01:53:09,956 - core.analyzer - INFO - [SUCCESS] BTC: 0 sinais gerados, 0 salvos em 0.18s
2025-07-14 01:53:09,989 - indicators.technical - INFO - Análise técnica concluída para ENA: RSI=0 sinais, MACD=0 sinais
2025-07-14 01:53:09,990 - core.analyzer - INFO - [SUCCESS] ENA: 0 sinais gerados, 0 salvos em 0.21s
2025-07-14 01:53:09,993 - core.data_reader - INFO - Carregados 268 pontos para ETH 5m
2025-07-14 01:53:10,050 - indicators.technical - INFO - Análise técnica concluída para ETH: RSI=0 sinais, MACD=0 sinais
2025-07-14 01:53:10,050 - core.analyzer - INFO - [SUCCESS] ETH: 0 sinais gerados, 0 salvos em 0.27s
2025-07-14 01:53:10,058 - core.data_reader - INFO - Carregados 268 pontos para OMNI 5m
2025-07-14 01:53:10,060 - core.data_reader - INFO - Carregados 268 pontos para HBAR 5m
2025-07-14 01:53:10,132 - indicators.technical - INFO - Análise técnica concluída para HBAR: RSI=0 sinais, MACD=0 sinais
2025-07-14 01:53:10,173 - indicators.technical - INFO - Análise técnica concluída para OMNI: RSI=0 sinais, MACD=0 sinais
2025-07-14 01:53:10,173 - core.analyzer - INFO - [SUCCESS] HBAR: 0 sinais gerados, 0 salvos em 0.30s
2025-07-14 01:53:10,174 - core.analyzer - INFO - [SUCCESS] OMNI: 0 sinais gerados, 0 salvos em 0.18s
2025-07-14 01:53:10,177 - core.data_reader - INFO - Carregados 269 pontos para NEAR 5m
2025-07-14 01:53:10,233 - indicators.technical - INFO - Análise técnica concluída para NEAR: RSI=0 sinais, MACD=0 sinais
2025-07-14 01:53:10,234 - core.analyzer - INFO - [SUCCESS] NEAR: 0 sinais gerados, 0 salvos em 0.28s
2025-07-14 01:53:10,236 - core.data_reader - INFO - Carregados 269 pontos para SOL 5m
2025-07-14 01:53:10,287 - indicators.technical - INFO - Análise técnica concluída para SOL: RSI=0 sinais, MACD=0 sinais
2025-07-14 01:53:10,287 - core.analyzer - INFO - [SUCCESS] SOL: 0 sinais gerados, 0 salvos em 0.24s
2025-07-14 01:53:10,288 - core.analyzer - INFO - [COMPLETE] Análise concluída: 8/8 symbols, 0 sinais em 0.52s
2025-07-14 01:53:10,288 - core.analyzer - INFO - [CYCLE] Ciclo concluído: 8 symbols analisados em 0.5s
2025-07-14 01:58:09,769 - core.analyzer - INFO - [START] Iniciando análise de 8 symbols
2025-07-14 01:58:09,775 - core.analyzer - INFO - [DEBUG] Symbols disponíveis no banco: ['BNB', 'BTC', 'ENA', 'ETH', 'HBAR', 'NEAR', 'OMNI', 'SOL']
2025-07-14 01:58:09,775 - core.analyzer - INFO - [DEBUG] Symbols configurados para análise: ['BNB', 'BTC', 'ENA', 'ETH', 'HBAR', 'NEAR', 'OMNI', 'SOL']
2025-07-14 01:58:09,776 - core.analyzer - INFO - [INFO] Symbols que serão analisados: ['BNB', 'BTC', 'ENA', 'ETH', 'HBAR', 'NEAR', 'OMNI', 'SOL']
2025-07-14 01:58:09,811 - core.data_reader - INFO - Carregados 268 pontos para BNB 5m
2025-07-14 01:58:09,872 - indicators.technical - INFO - Análise técnica concluída para BNB: RSI=0 sinais, MACD=0 sinais
2025-07-14 01:58:09,873 - core.analyzer - INFO - [SUCCESS] BNB: 0 sinais gerados, 0 salvos em 0.09s
2025-07-14 01:58:09,875 - core.data_reader - INFO - Carregados 268 pontos para ETH 5m
2025-07-14 01:58:09,935 - indicators.technical - INFO - Análise técnica concluída para ETH: RSI=0 sinais, MACD=0 sinais
2025-07-14 01:58:09,935 - core.data_reader - INFO - Carregados 269 pontos para ENA 5m
2025-07-14 01:58:09,935 - core.analyzer - INFO - [SUCCESS] ETH: 0 sinais gerados, 0 salvos em 0.15s
2025-07-14 01:58:09,971 - core.data_reader - INFO - Carregados 269 pontos para BTC 5m
2025-07-14 01:58:09,995 - indicators.technical - INFO - Análise técnica concluída para ENA: RSI=0 sinais, MACD=0 sinais
2025-07-14 01:58:10,031 - core.analyzer - INFO - [SUCCESS] ENA: 0 sinais gerados, 0 salvos em 0.25s
2025-07-14 01:58:10,052 - indicators.technical - INFO - Análise técnica concluída para BTC: RSI=0 sinais, MACD=0 sinais
2025-07-14 01:58:10,053 - core.analyzer - INFO - [SUCCESS] BTC: 0 sinais gerados, 0 salvos em 0.27s
2025-07-14 01:58:10,060 - core.data_reader - INFO - Carregados 268 pontos para HBAR 5m
2025-07-14 01:58:10,125 - indicators.technical - INFO - Análise técnica concluída para HBAR: RSI=0 sinais, MACD=0 sinais
2025-07-14 01:58:10,125 - core.analyzer - INFO - [SUCCESS] HBAR: 0 sinais gerados, 0 salvos em 0.25s
2025-07-14 01:58:10,130 - core.data_reader - INFO - Carregados 269 pontos para NEAR 5m
2025-07-14 01:58:10,188 - indicators.technical - INFO - Análise técnica concluída para NEAR: RSI=0 sinais, MACD=0 sinais
2025-07-14 01:58:10,191 - core.analyzer - INFO - [SUCCESS] NEAR: 0 sinais gerados, 0 salvos em 0.23s
2025-07-14 01:58:10,191 - core.data_reader - INFO - Carregados 269 pontos para SOL 5m
2025-07-14 01:58:10,220 - core.data_reader - INFO - Carregados 268 pontos para OMNI 5m
2025-07-14 01:58:10,255 - indicators.technical - INFO - Análise técnica concluída para SOL: RSI=0 sinais, MACD=0 sinais
2025-07-14 01:58:10,301 - core.analyzer - INFO - [SUCCESS] SOL: 0 sinais gerados, 0 salvos em 0.25s
2025-07-14 01:58:10,313 - indicators.technical - INFO - Análise técnica concluída para OMNI: RSI=0 sinais, MACD=0 sinais
2025-07-14 01:58:10,314 - core.analyzer - INFO - [SUCCESS] OMNI: 0 sinais gerados, 0 salvos em 0.26s
2025-07-14 01:58:10,314 - core.analyzer - INFO - [COMPLETE] Análise concluída: 8/8 symbols, 0 sinais em 0.55s
2025-07-14 01:58:10,315 - core.analyzer - INFO - [CYCLE] Ciclo concluído: 8 symbols analisados em 0.5s
2025-07-14 02:03:09,769 - core.analyzer - INFO - [START] Iniciando análise de 8 symbols
2025-07-14 02:03:09,775 - core.analyzer - INFO - [DEBUG] Symbols disponíveis no banco: ['BNB', 'BTC', 'ENA', 'ETH', 'HBAR', 'NEAR', 'OMNI', 'SOL']
2025-07-14 02:03:09,776 - core.analyzer - INFO - [DEBUG] Symbols configurados para análise: ['BNB', 'BTC', 'ENA', 'ETH', 'HBAR', 'NEAR', 'OMNI', 'SOL']
2025-07-14 02:03:09,777 - core.analyzer - INFO - [INFO] Symbols que serão analisados: ['BNB', 'BTC', 'ENA', 'ETH', 'HBAR', 'NEAR', 'OMNI', 'SOL']
2025-07-14 02:03:09,806 - core.data_reader - INFO - Carregados 273 pontos para ENA 5m
2025-07-14 02:03:09,871 - core.data_reader - INFO - Carregados 272 pontos para BNB 5m
2025-07-14 02:03:09,872 - indicators.technical - INFO - Análise técnica concluída para ENA: RSI=0 sinais, MACD=0 sinais
2025-07-14 02:03:09,883 - core.analyzer - INFO - [SUCCESS] ENA: 0 sinais gerados, 0 salvos em 0.10s
2025-07-14 02:03:09,932 - indicators.technical - INFO - Análise técnica concluída para BNB: RSI=0 sinais, MACD=0 sinais
2025-07-14 02:03:09,932 - core.analyzer - INFO - [SUCCESS] BNB: 0 sinais gerados, 0 salvos em 0.15s
2025-07-14 02:03:09,936 - core.data_reader - INFO - Carregados 273 pontos para BTC 5m
2025-07-14 02:03:09,994 - indicators.technical - INFO - Análise técnica concluída para BTC: RSI=0 sinais, MACD=0 sinais
2025-07-14 02:03:09,994 - core.analyzer - INFO - [SUCCESS] BTC: 0 sinais gerados, 0 salvos em 0.21s
2025-07-14 02:03:09,997 - core.data_reader - INFO - Carregados 272 pontos para ETH 5m
2025-07-14 02:03:10,054 - indicators.technical - INFO - Análise técnica concluída para ETH: RSI=0 sinais, MACD=0 sinais
2025-07-14 02:03:10,054 - core.analyzer - INFO - [SUCCESS] ETH: 0 sinais gerados, 0 salvos em 0.27s
2025-07-14 02:03:10,061 - core.data_reader - INFO - Carregados 273 pontos para NEAR 5m
2025-07-14 02:03:10,120 - indicators.technical - INFO - Análise técnica concluída para NEAR: RSI=0 sinais, MACD=0 sinais
2025-07-14 02:03:10,121 - core.data_reader - INFO - Carregados 272 pontos para HBAR 5m
2025-07-14 02:03:10,121 - core.analyzer - INFO - [SUCCESS] NEAR: 0 sinais gerados, 0 salvos em 0.19s
2025-07-14 02:03:10,178 - indicators.technical - INFO - Análise técnica concluída para HBAR: RSI=0 sinais, MACD=0 sinais
2025-07-14 02:03:10,179 - core.analyzer - INFO - [SUCCESS] HBAR: 0 sinais gerados, 0 salvos em 0.29s
2025-07-14 02:03:10,182 - core.data_reader - INFO - Carregados 272 pontos para OMNI 5m
2025-07-14 02:03:10,238 - indicators.technical - INFO - Análise técnica concluída para OMNI: RSI=0 sinais, MACD=0 sinais
2025-07-14 02:03:10,239 - core.analyzer - INFO - [SUCCESS] OMNI: 0 sinais gerados, 0 salvos em 0.24s
2025-07-14 02:03:10,242 - core.data_reader - INFO - Carregados 273 pontos para SOL 5m
2025-07-14 02:03:10,295 - indicators.technical - INFO - Análise técnica concluída para SOL: RSI=0 sinais, MACD=0 sinais
2025-07-14 02:03:10,295 - core.analyzer - INFO - [SUCCESS] SOL: 0 sinais gerados, 0 salvos em 0.24s
2025-07-14 02:03:10,296 - core.analyzer - INFO - [COMPLETE] Análise concluída: 8/8 symbols, 0 sinais em 0.53s
2025-07-14 02:03:10,296 - core.analyzer - INFO - [CYCLE] Ciclo concluído: 8 symbols analisados em 0.5s
2025-07-14 02:08:09,770 - core.analyzer - INFO - [START] Iniciando análise de 8 symbols
2025-07-14 02:08:09,785 - core.analyzer - INFO - [DEBUG] Symbols disponíveis no banco: ['BNB', 'BTC', 'ENA', 'ETH', 'HBAR', 'NEAR', 'OMNI', 'SOL']
2025-07-14 02:08:09,786 - core.analyzer - INFO - [DEBUG] Symbols configurados para análise: ['BNB', 'BTC', 'ENA', 'ETH', 'HBAR', 'NEAR', 'OMNI', 'SOL']
2025-07-14 02:08:09,787 - core.analyzer - INFO - [INFO] Symbols que serão analisados: ['BNB', 'BTC', 'ENA', 'ETH', 'HBAR', 'NEAR', 'OMNI', 'SOL']
2025-07-14 02:08:09,816 - core.data_reader - INFO - Carregados 275 pontos para BTC 5m
2025-07-14 02:08:09,821 - core.data_reader - INFO - Carregados 274 pontos para BNB 5m
2025-07-14 02:08:09,884 - indicators.technical - INFO - Análise técnica concluída para BTC: RSI=0 sinais, MACD=0 sinais
2025-07-14 02:08:09,941 - indicators.technical - INFO - Análise técnica concluída para BNB: RSI=0 sinais, MACD=0 sinais
2025-07-14 02:08:09,941 - core.analyzer - INFO - [SUCCESS] BTC: 0 sinais gerados, 0 salvos em 0.15s
2025-07-14 02:08:09,941 - core.analyzer - INFO - [SUCCESS] BNB: 0 sinais gerados, 0 salvos em 0.15s
2025-07-14 02:08:09,945 - core.data_reader - INFO - Carregados 274 pontos para ETH 5m
2025-07-14 02:08:10,003 - indicators.technical - INFO - Análise técnica concluída para ETH: RSI=0 sinais, MACD=0 sinais
2025-07-14 02:08:10,003 - core.analyzer - INFO - [SUCCESS] ETH: 0 sinais gerados, 0 salvos em 0.21s
2025-07-14 02:08:10,009 - core.data_reader - INFO - Carregados 275 pontos para ENA 5m
2025-07-14 02:08:10,065 - indicators.technical - INFO - Análise técnica concluída para ENA: RSI=0 sinais, MACD=0 sinais
2025-07-14 02:08:10,066 - core.analyzer - INFO - [SUCCESS] ENA: 0 sinais gerados, 0 salvos em 0.27s
2025-07-14 02:08:10,071 - core.data_reader - INFO - Carregados 275 pontos para NEAR 5m
2025-07-14 02:08:10,128 - indicators.technical - INFO - Análise técnica concluída para NEAR: RSI=0 sinais, MACD=0 sinais
2025-07-14 02:08:10,128 - core.analyzer - INFO - [SUCCESS] NEAR: 0 sinais gerados, 0 salvos em 0.19s
2025-07-14 02:08:10,131 - core.data_reader - INFO - Carregados 274 pontos para OMNI 5m
2025-07-14 02:08:10,192 - indicators.technical - INFO - Análise técnica concluída para OMNI: RSI=0 sinais, MACD=0 sinais
2025-07-14 02:08:10,192 - core.data_reader - INFO - Carregados 274 pontos para HBAR 5m
2025-07-14 02:08:10,192 - core.analyzer - INFO - [SUCCESS] OMNI: 0 sinais gerados, 0 salvos em 0.19s
2025-07-14 02:08:10,250 - indicators.technical - INFO - Análise técnica concluída para HBAR: RSI=0 sinais, MACD=0 sinais
2025-07-14 02:08:10,251 - core.analyzer - INFO - [SUCCESS] HBAR: 0 sinais gerados, 0 salvos em 0.31s
2025-07-14 02:08:10,254 - core.data_reader - INFO - Carregados 275 pontos para SOL 5m
2025-07-14 02:08:10,307 - indicators.technical - INFO - Análise técnica concluída para SOL: RSI=0 sinais, MACD=0 sinais
2025-07-14 02:08:10,307 - core.analyzer - INFO - [SUCCESS] SOL: 0 sinais gerados, 0 salvos em 0.24s
2025-07-14 02:08:10,308 - core.analyzer - INFO - [COMPLETE] Análise concluída: 8/8 symbols, 0 sinais em 0.54s
2025-07-14 02:08:10,308 - core.analyzer - INFO - [CYCLE] Ciclo concluído: 8 symbols analisados em 0.5s
2025-07-14 02:13:09,770 - core.analyzer - INFO - [START] Iniciando análise de 8 symbols
2025-07-14 02:13:09,780 - core.analyzer - INFO - [DEBUG] Symbols disponíveis no banco: ['BNB', 'BTC', 'ENA', 'ETH', 'HBAR', 'NEAR', 'OMNI', 'SOL']
2025-07-14 02:13:09,781 - core.analyzer - INFO - [DEBUG] Symbols configurados para análise: ['BNB', 'BTC', 'ENA', 'ETH', 'HBAR', 'NEAR', 'OMNI', 'SOL']
2025-07-14 02:13:09,781 - core.analyzer - INFO - [INFO] Symbols que serão analisados: ['BNB', 'BTC', 'ENA', 'ETH', 'HBAR', 'NEAR', 'OMNI', 'SOL']
2025-07-14 02:13:09,810 - core.data_reader - INFO - Carregados 277 pontos para BNB 5m
2025-07-14 02:13:09,826 - core.data_reader - INFO - Carregados 278 pontos para BTC 5m
2025-07-14 02:13:09,881 - indicators.technical - INFO - Análise técnica concluída para BNB: RSI=0 sinais, MACD=0 sinais
2025-07-14 02:13:09,912 - core.analyzer - INFO - [SUCCESS] BNB: 0 sinais gerados, 0 salvos em 0.13s
2025-07-14 02:13:09,940 - indicators.technical - INFO - Análise técnica concluída para BTC: RSI=0 sinais, MACD=0 sinais
2025-07-14 02:13:09,940 - core.analyzer - INFO - [SUCCESS] BTC: 0 sinais gerados, 0 salvos em 0.16s
2025-07-14 02:13:09,945 - core.data_reader - INFO - Carregados 277 pontos para ETH 5m
2025-07-14 02:13:10,004 - indicators.technical - INFO - Análise técnica concluída para ETH: RSI=0 sinais, MACD=0 sinais
2025-07-14 02:13:10,004 - core.analyzer - INFO - [SUCCESS] ETH: 0 sinais gerados, 0 salvos em 0.22s
2025-07-14 02:13:10,009 - core.data_reader - INFO - Carregados 278 pontos para ENA 5m
2025-07-14 02:13:10,067 - indicators.technical - INFO - Análise técnica concluída para ENA: RSI=0 sinais, MACD=0 sinais
2025-07-14 02:13:10,068 - core.analyzer - INFO - [SUCCESS] ENA: 0 sinais gerados, 0 salvos em 0.28s
2025-07-14 02:13:10,071 - core.data_reader - INFO - Carregados 277 pontos para HBAR 5m
2025-07-14 02:13:10,129 - indicators.technical - INFO - Análise técnica concluída para HBAR: RSI=0 sinais, MACD=0 sinais
2025-07-14 02:13:10,129 - core.analyzer - INFO - [SUCCESS] HBAR: 0 sinais gerados, 0 salvos em 0.22s
2025-07-14 02:13:10,133 - core.data_reader - INFO - Carregados 278 pontos para NEAR 5m
2025-07-14 02:13:10,190 - indicators.technical - INFO - Análise técnica concluída para NEAR: RSI=0 sinais, MACD=0 sinais
2025-07-14 02:13:10,190 - core.analyzer - INFO - [SUCCESS] NEAR: 0 sinais gerados, 0 salvos em 0.25s
2025-07-14 02:13:10,194 - core.data_reader - INFO - Carregados 277 pontos para OMNI 5m
2025-07-14 02:13:10,251 - indicators.technical - INFO - Análise técnica concluída para OMNI: RSI=0 sinais, MACD=0 sinais
2025-07-14 02:13:10,252 - core.analyzer - INFO - [SUCCESS] OMNI: 0 sinais gerados, 0 salvos em 0.25s
2025-07-14 02:13:10,254 - core.data_reader - INFO - Carregados 278 pontos para SOL 5m
2025-07-14 02:13:10,308 - indicators.technical - INFO - Análise técnica concluída para SOL: RSI=0 sinais, MACD=0 sinais
2025-07-14 02:13:10,308 - core.analyzer - INFO - [SUCCESS] SOL: 0 sinais gerados, 0 salvos em 0.24s
2025-07-14 02:13:10,309 - core.analyzer - INFO - [COMPLETE] Análise concluída: 8/8 symbols, 0 sinais em 0.54s
2025-07-14 02:13:10,309 - core.analyzer - INFO - [CYCLE] Ciclo concluído: 8 symbols analisados em 0.5s
2025-07-14 02:18:09,771 - core.analyzer - INFO - [START] Iniciando análise de 8 symbols
2025-07-14 02:18:09,779 - core.analyzer - INFO - [DEBUG] Symbols disponíveis no banco: ['BNB', 'BTC', 'ENA', 'ETH', 'HBAR', 'NEAR', 'OMNI', 'SOL']
2025-07-14 02:18:09,780 - core.analyzer - INFO - [DEBUG] Symbols configurados para análise: ['BNB', 'BTC', 'ENA', 'ETH', 'HBAR', 'NEAR', 'OMNI', 'SOL']
2025-07-14 02:18:09,781 - core.analyzer - INFO - [INFO] Symbols que serão analisados: ['BNB', 'BTC', 'ENA', 'ETH', 'HBAR', 'NEAR', 'OMNI', 'SOL']
2025-07-14 02:18:09,810 - core.data_reader - INFO - Carregados 280 pontos para BNB 5m
2025-07-14 02:18:09,879 - indicators.technical - INFO - Análise técnica concluída para BNB: RSI=0 sinais, MACD=0 sinais
2025-07-14 02:18:09,879 - core.analyzer - INFO - [SUCCESS] BNB: 0 sinais gerados, 0 salvos em 0.10s
2025-07-14 02:18:09,882 - core.data_reader - INFO - Carregados 281 pontos para BTC 5m
2025-07-14 02:18:09,942 - indicators.technical - INFO - Análise técnica concluída para BTC: RSI=0 sinais, MACD=0 sinais
2025-07-14 02:18:09,943 - core.analyzer - INFO - [SUCCESS] BTC: 0 sinais gerados, 0 salvos em 0.16s
2025-07-14 02:18:09,946 - core.data_reader - INFO - Carregados 281 pontos para ENA 5m
2025-07-14 02:18:10,005 - indicators.technical - INFO - Análise técnica concluída para ENA: RSI=0 sinais, MACD=0 sinais
2025-07-14 02:18:10,005 - core.analyzer - INFO - [SUCCESS] ENA: 0 sinais gerados, 0 salvos em 0.22s
2025-07-14 02:18:10,008 - core.data_reader - INFO - Carregados 280 pontos para ETH 5m
2025-07-14 02:18:10,069 - indicators.technical - INFO - Análise técnica concluída para ETH: RSI=0 sinais, MACD=0 sinais
2025-07-14 02:18:10,070 - core.analyzer - INFO - [SUCCESS] ETH: 0 sinais gerados, 0 salvos em 0.28s
2025-07-14 02:18:10,076 - core.data_reader - INFO - Carregados 280 pontos para HBAR 5m
2025-07-14 02:18:10,134 - indicators.technical - INFO - Análise técnica concluída para HBAR: RSI=0 sinais, MACD=0 sinais
2025-07-14 02:18:10,135 - core.analyzer - INFO - [SUCCESS] HBAR: 0 sinais gerados, 0 salvos em 0.26s
2025-07-14 02:18:10,138 - core.data_reader - INFO - Carregados 281 pontos para NEAR 5m
2025-07-14 02:18:10,196 - indicators.technical - INFO - Análise técnica concluída para NEAR: RSI=0 sinais, MACD=0 sinais
2025-07-14 02:18:10,197 - core.analyzer - INFO - [SUCCESS] NEAR: 0 sinais gerados, 0 salvos em 0.25s
2025-07-14 02:18:10,199 - core.data_reader - INFO - Carregados 280 pontos para OMNI 5m
2025-07-14 02:18:10,259 - indicators.technical - INFO - Análise técnica concluída para OMNI: RSI=0 sinais, MACD=0 sinais
2025-07-14 02:18:10,259 - core.analyzer - INFO - [SUCCESS] OMNI: 0 sinais gerados, 0 salvos em 0.25s
2025-07-14 02:18:10,262 - core.data_reader - INFO - Carregados 281 pontos para SOL 5m
2025-07-14 02:18:10,315 - indicators.technical - INFO - Análise técnica concluída para SOL: RSI=0 sinais, MACD=0 sinais
2025-07-14 02:18:10,315 - core.analyzer - INFO - [SUCCESS] SOL: 0 sinais gerados, 0 salvos em 0.25s
2025-07-14 02:18:10,316 - core.analyzer - INFO - [COMPLETE] Análise concluída: 8/8 symbols, 0 sinais em 0.55s
2025-07-14 02:18:10,316 - core.analyzer - INFO - [CYCLE] Ciclo concluído: 8 symbols analisados em 0.5s
2025-07-14 02:23:09,771 - core.analyzer - INFO - [START] Iniciando análise de 8 symbols
2025-07-14 02:23:09,774 - core.analyzer - INFO - [DEBUG] Symbols disponíveis no banco: ['BNB', 'BTC', 'ENA', 'ETH', 'HBAR', 'NEAR', 'OMNI', 'SOL']
2025-07-14 02:23:09,777 - core.analyzer - INFO - [DEBUG] Symbols configurados para análise: ['BNB', 'BTC', 'ENA', 'ETH', 'HBAR', 'NEAR', 'OMNI', 'SOL']
2025-07-14 02:23:09,777 - core.analyzer - INFO - [INFO] Symbols que serão analisados: ['BNB', 'BTC', 'ENA', 'ETH', 'HBAR', 'NEAR', 'OMNI', 'SOL']
2025-07-14 02:23:09,786 - core.data_reader - INFO - Carregados 280 pontos para BNB 5m
2025-07-14 02:23:09,845 - indicators.technical - INFO - Análise técnica concluída para BNB: RSI=0 sinais, MACD=0 sinais
2025-07-14 02:23:09,845 - core.analyzer - INFO - [SUCCESS] BNB: 0 sinais gerados, 0 salvos em 0.07s
2025-07-14 02:23:09,850 - core.data_reader - INFO - Carregados 281 pontos para BTC 5m
2025-07-14 02:23:09,912 - indicators.technical - INFO - Análise técnica concluída para BTC: RSI=0 sinais, MACD=0 sinais
2025-07-14 02:23:09,912 - core.data_reader - INFO - Carregados 280 pontos para ETH 5m
2025-07-14 02:23:09,914 - core.analyzer - INFO - [SUCCESS] BTC: 0 sinais gerados, 0 salvos em 0.14s
2025-07-14 02:23:09,916 - core.data_reader - INFO - Carregados 281 pontos para ENA 5m
2025-07-14 02:23:09,975 - indicators.technical - INFO - Análise técnica concluída para ETH: RSI=0 sinais, MACD=0 sinais
2025-07-14 02:23:10,034 - indicators.technical - INFO - Análise técnica concluída para ENA: RSI=0 sinais, MACD=0 sinais
2025-07-14 02:23:10,035 - core.analyzer - INFO - [SUCCESS] ETH: 0 sinais gerados, 0 salvos em 0.26s
2025-07-14 02:23:10,035 - core.analyzer - INFO - [SUCCESS] ENA: 0 sinais gerados, 0 salvos em 0.26s
2025-07-14 02:23:10,041 - core.data_reader - INFO - Carregados 280 pontos para HBAR 5m
2025-07-14 02:23:10,100 - indicators.technical - INFO - Análise técnica concluída para HBAR: RSI=0 sinais, MACD=0 sinais
2025-07-14 02:23:10,100 - core.analyzer - INFO - [SUCCESS] HBAR: 0 sinais gerados, 0 salvos em 0.25s
2025-07-14 02:23:10,104 - core.data_reader - INFO - Carregados 281 pontos para NEAR 5m
2025-07-14 02:23:10,165 - indicators.technical - INFO - Análise técnica concluída para NEAR: RSI=0 sinais, MACD=0 sinais
2025-07-14 02:23:10,165 - core.analyzer - INFO - [SUCCESS] NEAR: 0 sinais gerados, 0 salvos em 0.22s
2025-07-14 02:23:10,169 - core.data_reader - INFO - Carregados 280 pontos para OMNI 5m
2025-07-14 02:23:10,172 - core.data_reader - INFO - Carregados 285 pontos para SOL 5m
2025-07-14 02:23:10,296 - indicators.technical - INFO - Análise técnica concluída para SOL: RSI=0 sinais, MACD=0 sinais
2025-07-14 02:23:10,327 - core.analyzer - INFO - [SUCCESS] SOL: 0 sinais gerados, 0 salvos em 0.29s
2025-07-14 02:23:10,333 - indicators.technical - INFO - Análise técnica concluída para OMNI: RSI=0 sinais, MACD=0 sinais
2025-07-14 02:23:10,333 - core.analyzer - INFO - [SUCCESS] OMNI: 0 sinais gerados, 0 salvos em 0.30s
2025-07-14 02:23:10,334 - core.analyzer - INFO - [COMPLETE] Análise concluída: 8/8 symbols, 0 sinais em 0.56s
2025-07-14 02:23:10,334 - core.analyzer - INFO - [CYCLE] Ciclo concluído: 8 symbols analisados em 0.6s
2025-07-14 02:28:09,772 - core.analyzer - INFO - [START] Iniciando análise de 8 symbols
2025-07-14 02:28:09,778 - core.analyzer - INFO - [DEBUG] Symbols disponíveis no banco: ['BNB', 'BTC', 'ENA', 'ETH', 'HBAR', 'NEAR', 'OMNI', 'SOL']
2025-07-14 02:28:09,779 - core.analyzer - INFO - [DEBUG] Symbols configurados para análise: ['BNB', 'BTC', 'ENA', 'ETH', 'HBAR', 'NEAR', 'OMNI', 'SOL']
2025-07-14 02:28:09,780 - core.analyzer - INFO - [INFO] Symbols que serão analisados: ['BNB', 'BTC', 'ENA', 'ETH', 'HBAR', 'NEAR', 'OMNI', 'SOL']
2025-07-14 02:28:09,814 - core.data_reader - INFO - Carregados 284 pontos para BNB 5m
2025-07-14 02:28:09,879 - indicators.technical - INFO - Análise técnica concluída para BNB: RSI=0 sinais, MACD=0 sinais
2025-07-14 02:28:09,879 - core.analyzer - INFO - [SUCCESS] BNB: 0 sinais gerados, 0 salvos em 0.10s
2025-07-14 02:28:09,883 - core.data_reader - INFO - Carregados 285 pontos para ENA 5m
2025-07-14 02:28:09,944 - indicators.technical - INFO - Análise técnica concluída para ENA: RSI=0 sinais, MACD=0 sinais
2025-07-14 02:28:09,946 - core.data_reader - INFO - Carregados 285 pontos para BTC 5m
2025-07-14 02:28:09,946 - core.analyzer - INFO - [SUCCESS] ENA: 0 sinais gerados, 0 salvos em 0.16s
2025-07-14 02:28:10,005 - indicators.technical - INFO - Análise técnica concluída para BTC: RSI=0 sinais, MACD=0 sinais
2025-07-14 02:28:10,005 - core.analyzer - INFO - [SUCCESS] BTC: 0 sinais gerados, 0 salvos em 0.22s
2025-07-14 02:28:10,009 - core.data_reader - INFO - Carregados 284 pontos para ETH 5m
2025-07-14 02:28:10,068 - indicators.technical - INFO - Análise técnica concluída para ETH: RSI=0 sinais, MACD=0 sinais
2025-07-14 02:28:10,069 - core.analyzer - INFO - [SUCCESS] ETH: 0 sinais gerados, 0 salvos em 0.28s
2025-07-14 02:28:10,077 - core.data_reader - INFO - Carregados 285 pontos para NEAR 5m
2025-07-14 02:28:10,137 - indicators.technical - INFO - Análise técnica concluída para NEAR: RSI=0 sinais, MACD=0 sinais
2025-07-14 02:28:10,140 - core.analyzer - INFO - [SUCCESS] NEAR: 0 sinais gerados, 0 salvos em 0.13s
2025-07-14 02:28:10,140 - core.data_reader - INFO - Carregados 284 pontos para HBAR 5m
2025-07-14 02:28:10,201 - indicators.technical - INFO - Análise técnica concluída para HBAR: RSI=0 sinais, MACD=0 sinais
2025-07-14 02:28:10,202 - core.analyzer - INFO - [SUCCESS] HBAR: 0 sinais gerados, 0 salvos em 0.32s
2025-07-14 02:28:10,203 - core.data_reader - INFO - Carregados 284 pontos para OMNI 5m
2025-07-14 02:28:10,267 - core.data_reader - INFO - Carregados 285 pontos para SOL 5m
2025-07-14 02:28:10,271 - indicators.technical - INFO - Análise técnica concluída para OMNI: RSI=0 sinais, MACD=0 sinais
2025-07-14 02:28:10,291 - core.analyzer - INFO - [SUCCESS] OMNI: 0 sinais gerados, 0 salvos em 0.29s
2025-07-14 02:28:10,331 - indicators.technical - INFO - Análise técnica concluída para SOL: RSI=0 sinais, MACD=0 sinais
2025-07-14 02:28:10,331 - core.analyzer - INFO - [SUCCESS] SOL: 0 sinais gerados, 0 salvos em 0.26s
2025-07-14 02:28:10,332 - core.analyzer - INFO - [COMPLETE] Análise concluída: 8/8 symbols, 0 sinais em 0.56s
2025-07-14 02:28:10,332 - core.analyzer - INFO - [CYCLE] Ciclo concluído: 8 symbols analisados em 0.6s
2025-07-14 02:33:09,773 - core.analyzer - INFO - [START] Iniciando análise de 8 symbols
2025-07-14 02:33:09,790 - core.analyzer - INFO - [DEBUG] Symbols disponíveis no banco: ['BNB', 'BTC', 'ENA', 'ETH', 'HBAR', 'NEAR', 'OMNI', 'SOL']
2025-07-14 02:33:09,791 - core.analyzer - INFO - [DEBUG] Symbols configurados para análise: ['BNB', 'BTC', 'ENA', 'ETH', 'HBAR', 'NEAR', 'OMNI', 'SOL']
2025-07-14 02:33:09,792 - core.analyzer - INFO - [INFO] Symbols que serão analisados: ['BNB', 'BTC', 'ENA', 'ETH', 'HBAR', 'NEAR', 'OMNI', 'SOL']
2025-07-14 02:33:09,819 - core.data_reader - INFO - Carregados 288 pontos para BNB 5m
2025-07-14 02:33:09,887 - indicators.technical - INFO - Análise técnica concluída para BNB: RSI=0 sinais, MACD=0 sinais
2025-07-14 02:33:09,887 - core.analyzer - INFO - [SUCCESS] BNB: 0 sinais gerados, 0 salvos em 0.09s
2025-07-14 02:33:09,892 - core.data_reader - INFO - Carregados 289 pontos para ENA 5m
2025-07-14 02:33:09,952 - indicators.technical - INFO - Análise técnica concluída para ENA: RSI=0 sinais, MACD=0 sinais
2025-07-14 02:33:09,953 - core.analyzer - INFO - [SUCCESS] ENA: 0 sinais gerados, 0 salvos em 0.16s
2025-07-14 02:33:09,956 - core.data_reader - INFO - Carregados 289 pontos para BTC 5m
2025-07-14 02:33:10,017 - indicators.technical - INFO - Análise técnica concluída para BTC: RSI=0 sinais, MACD=0 sinais
2025-07-14 02:33:10,018 - core.analyzer - INFO - [SUCCESS] BTC: 0 sinais gerados, 0 salvos em 0.22s
2025-07-14 02:33:10,021 - core.data_reader - INFO - Carregados 288 pontos para ETH 5m
2025-07-14 02:33:10,081 - indicators.technical - INFO - Análise técnica concluída para ETH: RSI=0 sinais, MACD=0 sinais
2025-07-14 02:33:10,082 - core.analyzer - INFO - [SUCCESS] ETH: 0 sinais gerados, 0 salvos em 0.28s
2025-07-14 02:33:10,088 - core.data_reader - INFO - Carregados 288 pontos para HBAR 5m
2025-07-14 02:33:10,148 - indicators.technical - INFO - Análise técnica concluída para HBAR: RSI=0 sinais, MACD=0 sinais
2025-07-14 02:33:10,148 - core.analyzer - INFO - [SUCCESS] HBAR: 0 sinais gerados, 0 salvos em 0.26s
2025-07-14 02:33:10,152 - core.data_reader - INFO - Carregados 288 pontos para OMNI 5m
2025-07-14 02:33:10,212 - indicators.technical - INFO - Análise técnica concluída para OMNI: RSI=0 sinais, MACD=0 sinais
2025-07-14 02:33:10,215 - core.data_reader - INFO - Carregados 289 pontos para NEAR 5m
2025-07-14 02:33:10,215 - core.analyzer - INFO - [SUCCESS] OMNI: 0 sinais gerados, 0 salvos em 0.19s
2025-07-14 02:33:10,278 - indicators.technical - INFO - Análise técnica concluída para NEAR: RSI=0 sinais, MACD=0 sinais
2025-07-14 02:33:10,278 - core.analyzer - INFO - [SUCCESS] NEAR: 0 sinais gerados, 0 salvos em 0.33s
2025-07-14 02:33:10,281 - core.data_reader - INFO - Carregados 289 pontos para SOL 5m
2025-07-14 02:33:10,337 - indicators.technical - INFO - Análise técnica concluída para SOL: RSI=0 sinais, MACD=0 sinais
2025-07-14 02:33:10,338 - core.analyzer - INFO - [SUCCESS] SOL: 0 sinais gerados, 0 salvos em 0.26s
2025-07-14 02:33:10,338 - core.analyzer - INFO - [COMPLETE] Análise concluída: 8/8 symbols, 0 sinais em 0.57s
2025-07-14 02:33:10,339 - core.analyzer - INFO - [CYCLE] Ciclo concluído: 8 symbols analisados em 0.6s
2025-07-14 02:38:09,774 - core.analyzer - INFO - [START] Iniciando análise de 8 symbols
2025-07-14 02:38:09,788 - core.analyzer - INFO - [DEBUG] Symbols disponíveis no banco: ['BNB', 'BTC', 'ENA', 'ETH', 'HBAR', 'NEAR', 'OMNI', 'SOL']
2025-07-14 02:38:09,788 - core.analyzer - INFO - [DEBUG] Symbols configurados para análise: ['BNB', 'BTC', 'ENA', 'ETH', 'HBAR', 'NEAR', 'OMNI', 'SOL']
2025-07-14 02:38:09,789 - core.analyzer - INFO - [INFO] Symbols que serão analisados: ['BNB', 'BTC', 'ENA', 'ETH', 'HBAR', 'NEAR', 'OMNI', 'SOL']
2025-07-14 02:38:09,819 - core.data_reader - INFO - Carregados 292 pontos para BNB 5m
2025-07-14 02:38:09,884 - indicators.technical - INFO - Análise técnica concluída para BNB: RSI=0 sinais, MACD=0 sinais
2025-07-14 02:38:09,884 - core.analyzer - INFO - [SUCCESS] BNB: 0 sinais gerados, 0 salvos em 0.09s
2025-07-14 02:38:09,888 - core.data_reader - INFO - Carregados 293 pontos para ENA 5m
2025-07-14 02:38:09,949 - indicators.technical - INFO - Análise técnica concluída para ENA: RSI=0 sinais, MACD=0 sinais
2025-07-14 02:38:09,949 - core.analyzer - INFO - [SUCCESS] ENA: 0 sinais gerados, 0 salvos em 0.16s
2025-07-14 02:38:09,952 - core.data_reader - INFO - Carregados 293 pontos para BTC 5m
2025-07-14 02:38:10,014 - indicators.technical - INFO - Análise técnica concluída para BTC: RSI=0 sinais, MACD=0 sinais
2025-07-14 02:38:10,014 - core.analyzer - INFO - [SUCCESS] BTC: 0 sinais gerados, 0 salvos em 0.22s
2025-07-14 02:38:10,017 - core.data_reader - INFO - Carregados 292 pontos para ETH 5m
2025-07-14 02:38:10,080 - indicators.technical - INFO - Análise técnica concluída para ETH: RSI=0 sinais, MACD=0 sinais
2025-07-14 02:38:10,080 - core.analyzer - INFO - [SUCCESS] ETH: 0 sinais gerados, 0 salvos em 0.29s
2025-07-14 02:38:10,087 - core.data_reader - INFO - Carregados 292 pontos para HBAR 5m
2025-07-14 02:38:10,148 - indicators.technical - INFO - Análise técnica concluída para HBAR: RSI=0 sinais, MACD=0 sinais
2025-07-14 02:38:10,149 - core.analyzer - INFO - [SUCCESS] HBAR: 0 sinais gerados, 0 salvos em 0.26s
2025-07-14 02:38:10,152 - core.data_reader - INFO - Carregados 293 pontos para NEAR 5m
2025-07-14 02:38:10,213 - indicators.technical - INFO - Análise técnica concluída para NEAR: RSI=0 sinais, MACD=0 sinais
2025-07-14 02:38:10,213 - core.analyzer - INFO - [SUCCESS] NEAR: 0 sinais gerados, 0 salvos em 0.26s
2025-07-14 02:38:10,216 - core.data_reader - INFO - Carregados 292 pontos para OMNI 5m
2025-07-14 02:38:10,276 - indicators.technical - INFO - Análise técnica concluída para OMNI: RSI=0 sinais, MACD=0 sinais
2025-07-14 02:38:10,277 - core.analyzer - INFO - [SUCCESS] OMNI: 0 sinais gerados, 0 salvos em 0.26s
2025-07-14 02:38:10,280 - core.data_reader - INFO - Carregados 293 pontos para SOL 5m
2025-07-14 02:38:10,335 - indicators.technical - INFO - Análise técnica concluída para SOL: RSI=0 sinais, MACD=0 sinais
2025-07-14 02:38:10,335 - core.analyzer - INFO - [SUCCESS] SOL: 0 sinais gerados, 0 salvos em 0.25s
2025-07-14 02:38:10,336 - core.analyzer - INFO - [COMPLETE] Análise concluída: 8/8 symbols, 0 sinais em 0.56s
2025-07-14 02:38:10,336 - core.analyzer - INFO - [CYCLE] Ciclo concluído: 8 symbols analisados em 0.6s
2025-07-14 02:43:09,774 - core.analyzer - INFO - [START] Iniciando análise de 8 symbols
2025-07-14 02:43:09,784 - core.analyzer - INFO - [DEBUG] Symbols disponíveis no banco: ['BNB', 'BTC', 'ENA', 'ETH', 'HBAR', 'NEAR', 'OMNI', 'SOL']
2025-07-14 02:43:09,785 - core.analyzer - INFO - [DEBUG] Symbols configurados para análise: ['BNB', 'BTC', 'ENA', 'ETH', 'HBAR', 'NEAR', 'OMNI', 'SOL']
2025-07-14 02:43:09,785 - core.analyzer - INFO - [INFO] Symbols que serão analisados: ['BNB', 'BTC', 'ENA', 'ETH', 'HBAR', 'NEAR', 'OMNI', 'SOL']
2025-07-14 02:43:09,813 - core.data_reader - INFO - Carregados 297 pontos para BTC 5m
2025-07-14 02:43:09,875 - core.data_reader - INFO - Carregados 296 pontos para BNB 5m
2025-07-14 02:43:09,937 - indicators.technical - INFO - Análise técnica concluída para BNB: RSI=0 sinais, MACD=0 sinais
2025-07-14 02:43:09,937 - core.analyzer - INFO - [SUCCESS] BNB: 0 sinais gerados, 0 salvos em 0.15s
2025-07-14 02:43:09,941 - core.data_reader - INFO - Carregados 296 pontos para ETH 5m
2025-07-14 02:43:10,003 - indicators.technical - INFO - Análise técnica concluída para ETH: RSI=0 sinais, MACD=0 sinais
2025-07-14 02:43:10,004 - core.analyzer - INFO - [SUCCESS] ETH: 0 sinais gerados, 0 salvos em 0.21s
2025-07-14 02:43:10,007 - core.data_reader - INFO - Carregados 297 pontos para ENA 5m
2025-07-14 02:43:10,069 - indicators.technical - INFO - Análise técnica concluída para ENA: RSI=0 sinais, MACD=0 sinais
2025-07-14 02:43:10,069 - core.analyzer - INFO - [SUCCESS] ENA: 0 sinais gerados, 0 salvos em 0.28s
2025-07-14 02:43:10,076 - core.data_reader - INFO - Carregados 296 pontos para HBAR 5m
2025-07-14 02:43:10,139 - indicators.technical - INFO - Análise técnica concluída para HBAR: RSI=0 sinais, MACD=0 sinais
2025-07-14 02:43:10,140 - core.analyzer - INFO - [SUCCESS] HBAR: 0 sinais gerados, 0 salvos em 0.20s
2025-07-14 02:43:10,143 - core.data_reader - INFO - Carregados 297 pontos para NEAR 5m
2025-07-14 02:43:10,207 - indicators.technical - INFO - Análise técnica concluída para NEAR: RSI=0 sinais, MACD=0 sinais
2025-07-14 02:43:10,219 - indicators.technical - INFO - Análise técnica concluída para BTC: RSI=0 sinais, MACD=0 sinais
2025-07-14 02:43:10,220 - core.analyzer - INFO - [SUCCESS] NEAR: 0 sinais gerados, 0 salvos em 0.22s
2025-07-14 02:43:10,220 - core.analyzer - INFO - [SUCCESS] BTC: 0 sinais gerados, 0 salvos em 0.43s
2025-07-14 02:43:10,224 - core.data_reader - INFO - Carregados 296 pontos para OMNI 5m
2025-07-14 02:43:10,286 - indicators.technical - INFO - Análise técnica concluída para OMNI: RSI=0 sinais, MACD=0 sinais
2025-07-14 02:43:10,286 - core.analyzer - INFO - [SUCCESS] OMNI: 0 sinais gerados, 0 salvos em 0.22s
2025-07-14 02:43:10,290 - core.data_reader - INFO - Carregados 297 pontos para SOL 5m
2025-07-14 02:43:10,345 - indicators.technical - INFO - Análise técnica concluída para SOL: RSI=0 sinais, MACD=0 sinais
2025-07-14 02:43:10,345 - core.analyzer - INFO - [SUCCESS] SOL: 0 sinais gerados, 0 salvos em 0.21s
2025-07-14 02:43:10,346 - core.analyzer - INFO - [COMPLETE] Análise concluída: 8/8 symbols, 0 sinais em 0.57s
2025-07-14 02:43:10,346 - core.analyzer - INFO - [CYCLE] Ciclo concluído: 8 symbols analisados em 0.6s
2025-07-14 02:48:09,775 - core.analyzer - INFO - [START] Iniciando análise de 8 symbols
2025-07-14 02:48:09,791 - core.analyzer - INFO - [DEBUG] Symbols disponíveis no banco: ['BNB', 'BTC', 'ENA', 'ETH', 'HBAR', 'NEAR', 'OMNI', 'SOL']
2025-07-14 02:48:09,792 - core.analyzer - INFO - [DEBUG] Symbols configurados para análise: ['BNB', 'BTC', 'ENA', 'ETH', 'HBAR', 'NEAR', 'OMNI', 'SOL']
2025-07-14 02:48:09,793 - core.analyzer - INFO - [INFO] Symbols que serão analisados: ['BNB', 'BTC', 'ENA', 'ETH', 'HBAR', 'NEAR', 'OMNI', 'SOL']
2025-07-14 02:48:09,824 - core.data_reader - INFO - Carregados 299 pontos para BNB 5m
2025-07-14 02:48:09,892 - indicators.technical - INFO - Análise técnica concluída para BNB: RSI=0 sinais, MACD=0 sinais
2025-07-14 02:48:09,893 - core.analyzer - INFO - [SUCCESS] BNB: 0 sinais gerados, 0 salvos em 0.10s
2025-07-14 02:48:09,896 - core.data_reader - INFO - Carregados 300 pontos para BTC 5m
2025-07-14 02:48:09,959 - indicators.technical - INFO - Análise técnica concluída para BTC: RSI=0 sinais, MACD=0 sinais
2025-07-14 02:48:09,960 - core.analyzer - INFO - [SUCCESS] BTC: 0 sinais gerados, 0 salvos em 0.16s
2025-07-14 02:48:09,963 - core.data_reader - INFO - Carregados 299 pontos para ETH 5m
2025-07-14 02:48:10,014 - core.data_reader - INFO - Carregados 300 pontos para ENA 5m
2025-07-14 02:48:10,033 - indicators.technical - INFO - Análise técnica concluída para ETH: RSI=0 sinais, MACD=0 sinais
2025-07-14 02:48:10,098 - indicators.technical - INFO - Análise técnica concluída para ENA: RSI=0 sinais, MACD=0 sinais
2025-07-14 02:48:10,098 - core.analyzer - INFO - [SUCCESS] ETH: 0 sinais gerados, 0 salvos em 0.30s
2025-07-14 02:48:10,099 - core.analyzer - INFO - [SUCCESS] ENA: 0 sinais gerados, 0 salvos em 0.30s
2025-07-14 02:48:10,108 - core.data_reader - INFO - Carregados 299 pontos para HBAR 5m
2025-07-14 02:48:10,181 - indicators.technical - INFO - Análise técnica concluída para HBAR: RSI=0 sinais, MACD=0 sinais
2025-07-14 02:48:10,181 - core.analyzer - INFO - [SUCCESS] HBAR: 0 sinais gerados, 0 salvos em 0.29s
2025-07-14 02:48:10,184 - core.data_reader - INFO - Carregados 300 pontos para NEAR 5m
2025-07-14 02:48:10,249 - indicators.technical - INFO - Análise técnica concluída para NEAR: RSI=0 sinais, MACD=0 sinais
2025-07-14 02:48:10,249 - core.analyzer - INFO - [SUCCESS] NEAR: 0 sinais gerados, 0 salvos em 0.29s
2025-07-14 02:48:10,252 - core.data_reader - INFO - Carregados 300 pontos para SOL 5m
2025-07-14 02:48:10,257 - core.data_reader - INFO - Carregados 299 pontos para OMNI 5m
2025-07-14 02:48:10,337 - indicators.technical - INFO - Análise técnica concluída para OMNI: RSI=0 sinais, MACD=0 sinais
2025-07-14 02:48:10,382 - core.analyzer - INFO - [SUCCESS] OMNI: 0 sinais gerados, 0 salvos em 0.28s
2025-07-14 02:48:10,391 - indicators.technical - INFO - Análise técnica concluída para SOL: RSI=0 sinais, MACD=0 sinais
2025-07-14 02:48:10,391 - core.analyzer - INFO - [SUCCESS] SOL: 0 sinais gerados, 0 salvos em 0.29s
2025-07-14 02:48:10,392 - core.analyzer - INFO - [COMPLETE] Análise concluída: 8/8 symbols, 0 sinais em 0.62s
2025-07-14 02:48:10,392 - core.analyzer - INFO - [CYCLE] Ciclo concluído: 8 symbols analisados em 0.6s
2025-07-14 02:53:09,776 - core.analyzer - INFO - [START] Iniciando análise de 8 symbols
2025-07-14 02:53:09,782 - core.analyzer - INFO - [DEBUG] Symbols disponíveis no banco: ['BNB', 'BTC', 'ENA', 'ETH', 'HBAR', 'NEAR', 'OMNI', 'SOL']
2025-07-14 02:53:09,782 - core.analyzer - INFO - [DEBUG] Symbols configurados para análise: ['BNB', 'BTC', 'ENA', 'ETH', 'HBAR', 'NEAR', 'OMNI', 'SOL']
2025-07-14 02:53:09,783 - core.analyzer - INFO - [INFO] Symbols que serão analisados: ['BNB', 'BTC', 'ENA', 'ETH', 'HBAR', 'NEAR', 'OMNI', 'SOL']
2025-07-14 02:53:09,819 - core.data_reader - INFO - Carregados 299 pontos para BNB 5m
2025-07-14 02:53:09,885 - indicators.technical - INFO - Análise técnica concluída para BNB: RSI=0 sinais, MACD=0 sinais
2025-07-14 02:53:09,886 - core.analyzer - INFO - [SUCCESS] BNB: 0 sinais gerados, 0 salvos em 0.10s
2025-07-14 02:53:09,889 - core.data_reader - INFO - Carregados 299 pontos para ETH 5m
2025-07-14 02:53:09,926 - core.data_reader - INFO - Carregados 300 pontos para ENA 5m
2025-07-14 02:53:09,955 - indicators.technical - INFO - Análise técnica concluída para ETH: RSI=0 sinais, MACD=0 sinais
2025-07-14 02:53:10,018 - indicators.technical - INFO - Análise técnica concluída para ENA: RSI=0 sinais, MACD=0 sinais
2025-07-14 02:53:10,019 - core.analyzer - INFO - [SUCCESS] ETH: 0 sinais gerados, 0 salvos em 0.23s
2025-07-14 02:53:10,019 - core.analyzer - INFO - [SUCCESS] ENA: 0 sinais gerados, 0 salvos em 0.23s
2025-07-14 02:53:10,023 - core.data_reader - INFO - Carregados 300 pontos para BTC 5m
2025-07-14 02:53:10,086 - indicators.technical - INFO - Análise técnica concluída para BTC: RSI=0 sinais, MACD=0 sinais
2025-07-14 02:53:10,087 - core.analyzer - INFO - [SUCCESS] BTC: 0 sinais gerados, 0 salvos em 0.30s
2025-07-14 02:53:10,095 - core.data_reader - INFO - Carregados 299 pontos para HBAR 5m
2025-07-14 02:53:10,098 - core.data_reader - INFO - Carregados 299 pontos para OMNI 5m
2025-07-14 02:53:10,160 - indicators.technical - INFO - Análise técnica concluída para HBAR: RSI=0 sinais, MACD=0 sinais
2025-07-14 02:53:10,223 - indicators.technical - INFO - Análise técnica concluída para OMNI: RSI=0 sinais, MACD=0 sinais
2025-07-14 02:53:10,223 - core.analyzer - INFO - [SUCCESS] HBAR: 0 sinais gerados, 0 salvos em 0.34s
2025-07-14 02:53:10,226 - core.data_reader - INFO - Carregados 300 pontos para NEAR 5m
2025-07-14 02:53:10,227 - core.analyzer - INFO - [SUCCESS] OMNI: 0 sinais gerados, 0 salvos em 0.21s
2025-07-14 02:53:10,288 - core.data_reader - INFO - Carregados 300 pontos para SOL 5m
2025-07-14 02:53:10,294 - indicators.technical - INFO - Análise técnica concluída para NEAR: RSI=0 sinais, MACD=0 sinais
2025-07-14 02:53:10,314 - core.analyzer - INFO - [SUCCESS] NEAR: 0 sinais gerados, 0 salvos em 0.29s
2025-07-14 02:53:10,358 - indicators.technical - INFO - Análise técnica concluída para SOL: RSI=0 sinais, MACD=0 sinais
2025-07-14 02:53:10,359 - core.analyzer - INFO - [SUCCESS] SOL: 0 sinais gerados, 0 salvos em 0.27s
2025-07-14 02:53:10,359 - core.analyzer - INFO - [COMPLETE] Análise concluída: 8/8 symbols, 0 sinais em 0.58s
2025-07-14 02:53:10,360 - core.analyzer - INFO - [CYCLE] Ciclo concluído: 8 symbols analisados em 0.6s
2025-07-14 02:58:09,776 - core.analyzer - INFO - [START] Iniciando análise de 8 symbols
2025-07-14 02:58:09,783 - core.analyzer - INFO - [DEBUG] Symbols disponíveis no banco: ['BNB', 'BTC', 'ENA', 'ETH', 'HBAR', 'NEAR', 'OMNI', 'SOL']
2025-07-14 02:58:09,783 - core.analyzer - INFO - [DEBUG] Symbols configurados para análise: ['BNB', 'BTC', 'ENA', 'ETH', 'HBAR', 'NEAR', 'OMNI', 'SOL']
2025-07-14 02:58:09,784 - core.analyzer - INFO - [INFO] Symbols que serão analisados: ['BNB', 'BTC', 'ENA', 'ETH', 'HBAR', 'NEAR', 'OMNI', 'SOL']
2025-07-14 02:58:09,817 - core.data_reader - INFO - Carregados 303 pontos para BNB 5m
2025-07-14 02:58:09,887 - indicators.technical - INFO - Análise técnica concluída para BNB: RSI=0 sinais, MACD=0 sinais
2025-07-14 02:58:09,887 - core.analyzer - INFO - [SUCCESS] BNB: 0 sinais gerados, 0 salvos em 0.10s
2025-07-14 02:58:09,891 - core.data_reader - INFO - Carregados 304 pontos para BTC 5m
2025-07-14 02:58:09,956 - indicators.technical - INFO - Análise técnica concluída para BTC: RSI=0 sinais, MACD=0 sinais
2025-07-14 02:58:09,956 - core.analyzer - INFO - [SUCCESS] BTC: 0 sinais gerados, 0 salvos em 0.17s
2025-07-14 02:58:09,959 - core.data_reader - INFO - Carregados 303 pontos para ETH 5m
2025-07-14 02:58:10,023 - indicators.technical - INFO - Análise técnica concluída para ETH: RSI=0 sinais, MACD=0 sinais
2025-07-14 02:58:10,024 - core.analyzer - INFO - [SUCCESS] ETH: 0 sinais gerados, 0 salvos em 0.23s
2025-07-14 02:58:10,028 - core.data_reader - INFO - Carregados 304 pontos para ENA 5m
2025-07-14 02:58:10,093 - indicators.technical - INFO - Análise técnica concluída para ENA: RSI=0 sinais, MACD=0 sinais
2025-07-14 02:58:10,093 - core.analyzer - INFO - [SUCCESS] ENA: 0 sinais gerados, 0 salvos em 0.30s
2025-07-14 02:58:10,100 - core.data_reader - INFO - Carregados 304 pontos para NEAR 5m
2025-07-14 02:58:10,163 - indicators.technical - INFO - Análise técnica concluída para NEAR: RSI=0 sinais, MACD=0 sinais
2025-07-14 02:58:10,163 - core.analyzer - INFO - [SUCCESS] NEAR: 0 sinais gerados, 0 salvos em 0.21s
2025-07-14 02:58:10,166 - core.data_reader - INFO - Carregados 303 pontos para OMNI 5m
2025-07-14 02:58:10,231 - indicators.technical - INFO - Análise técnica concluída para OMNI: RSI=0 sinais, MACD=0 sinais
2025-07-14 02:58:10,232 - core.analyzer - INFO - [SUCCESS] OMNI: 0 sinais gerados, 0 salvos em 0.21s
2025-07-14 02:58:10,234 - core.data_reader - INFO - Carregados 303 pontos para HBAR 5m
2025-07-14 02:58:10,298 - indicators.technical - INFO - Análise técnica concluída para HBAR: RSI=0 sinais, MACD=0 sinais
2025-07-14 02:58:10,298 - core.analyzer - INFO - [SUCCESS] HBAR: 0 sinais gerados, 0 salvos em 0.41s
2025-07-14 02:58:10,301 - core.data_reader - INFO - Carregados 304 pontos para SOL 5m
2025-07-14 02:58:10,358 - indicators.technical - INFO - Análise técnica concluída para SOL: RSI=0 sinais, MACD=0 sinais
2025-07-14 02:58:10,359 - core.analyzer - INFO - [SUCCESS] SOL: 0 sinais gerados, 0 salvos em 0.27s
2025-07-14 02:58:10,359 - core.analyzer - INFO - [COMPLETE] Análise concluída: 8/8 symbols, 0 sinais em 0.58s
2025-07-14 02:58:10,360 - core.analyzer - INFO - [CYCLE] Ciclo concluído: 8 symbols analisados em 0.6s
2025-07-14 03:03:09,777 - core.analyzer - INFO - [START] Iniciando análise de 8 symbols
2025-07-14 03:03:09,786 - core.analyzer - INFO - [DEBUG] Symbols disponíveis no banco: ['BNB', 'BTC', 'ENA', 'ETH', 'HBAR', 'NEAR', 'OMNI', 'SOL']
2025-07-14 03:03:09,787 - core.analyzer - INFO - [DEBUG] Symbols configurados para análise: ['BNB', 'BTC', 'ENA', 'ETH', 'HBAR', 'NEAR', 'OMNI', 'SOL']
2025-07-14 03:03:09,788 - core.analyzer - INFO - [INFO] Symbols que serão analisados: ['BNB', 'BTC', 'ENA', 'ETH', 'HBAR', 'NEAR', 'OMNI', 'SOL']
2025-07-14 03:03:09,815 - core.data_reader - INFO - Carregados 305 pontos para BNB 5m
2025-07-14 03:03:09,889 - indicators.technical - INFO - Análise técnica concluída para BNB: RSI=0 sinais, MACD=0 sinais
2025-07-14 03:03:09,893 - core.analyzer - INFO - [SUCCESS] BNB: 0 sinais gerados, 0 salvos em 0.10s
2025-07-14 03:03:09,893 - core.data_reader - INFO - Carregados 306 pontos para BTC 5m
2025-07-14 03:03:09,896 - core.data_reader - INFO - Carregados 306 pontos para ENA 5m
2025-07-14 03:03:09,961 - indicators.technical - INFO - Análise técnica concluída para BTC: RSI=0 sinais, MACD=0 sinais
2025-07-14 03:03:10,026 - indicators.technical - INFO - Análise técnica concluída para ENA: RSI=0 sinais, MACD=0 sinais
2025-07-14 03:03:10,026 - core.analyzer - INFO - [SUCCESS] BTC: 0 sinais gerados, 0 salvos em 0.23s
2025-07-14 03:03:10,026 - core.analyzer - INFO - [SUCCESS] ENA: 0 sinais gerados, 0 salvos em 0.23s
2025-07-14 03:03:10,033 - core.data_reader - INFO - Carregados 305 pontos para ETH 5m
2025-07-14 03:03:10,096 - indicators.technical - INFO - Análise técnica concluída para ETH: RSI=0 sinais, MACD=0 sinais
2025-07-14 03:03:10,097 - core.analyzer - INFO - [SUCCESS] ETH: 0 sinais gerados, 0 salvos em 0.30s
2025-07-14 03:03:10,101 - core.data_reader - INFO - Carregados 305 pontos para HBAR 5m
2025-07-14 03:03:10,166 - indicators.technical - INFO - Análise técnica concluída para HBAR: RSI=0 sinais, MACD=0 sinais
2025-07-14 03:03:10,166 - core.analyzer - INFO - [SUCCESS] HBAR: 0 sinais gerados, 0 salvos em 0.27s
2025-07-14 03:03:10,170 - core.data_reader - INFO - Carregados 305 pontos para OMNI 5m
2025-07-14 03:03:10,234 - indicators.technical - INFO - Análise técnica concluída para OMNI: RSI=0 sinais, MACD=0 sinais
2025-07-14 03:03:10,235 - core.analyzer - INFO - [SUCCESS] OMNI: 0 sinais gerados, 0 salvos em 0.21s
2025-07-14 03:03:10,237 - core.data_reader - INFO - Carregados 306 pontos para NEAR 5m
2025-07-14 03:03:10,302 - indicators.technical - INFO - Análise técnica concluída para NEAR: RSI=0 sinais, MACD=0 sinais
2025-07-14 03:03:10,302 - core.analyzer - INFO - [SUCCESS] NEAR: 0 sinais gerados, 0 salvos em 0.28s
2025-07-14 03:03:10,305 - core.data_reader - INFO - Carregados 308 pontos para SOL 5m
2025-07-14 03:03:10,364 - indicators.technical - INFO - Análise técnica concluída para SOL: RSI=0 sinais, MACD=0 sinais
2025-07-14 03:03:10,364 - core.analyzer - INFO - [SUCCESS] SOL: 0 sinais gerados, 0 salvos em 0.27s
2025-07-14 03:03:10,365 - core.analyzer - INFO - [COMPLETE] Análise concluída: 8/8 symbols, 0 sinais em 0.59s
2025-07-14 03:03:10,365 - core.analyzer - INFO - [CYCLE] Ciclo concluído: 8 symbols analisados em 0.6s
2025-07-14 03:08:09,777 - core.analyzer - INFO - [START] Iniciando análise de 8 symbols
2025-07-14 03:08:09,801 - core.analyzer - INFO - [DEBUG] Symbols disponíveis no banco: ['BNB', 'BTC', 'ENA', 'ETH', 'HBAR', 'NEAR', 'OMNI', 'SOL']
2025-07-14 03:08:09,801 - core.analyzer - INFO - [DEBUG] Symbols configurados para análise: ['BNB', 'BTC', 'ENA', 'ETH', 'HBAR', 'NEAR', 'OMNI', 'SOL']
2025-07-14 03:08:09,802 - core.analyzer - INFO - [INFO] Symbols que serão analisados: ['BNB', 'BTC', 'ENA', 'ETH', 'HBAR', 'NEAR', 'OMNI', 'SOL']
2025-07-14 03:08:09,819 - core.data_reader - INFO - Carregados 308 pontos para BNB 5m
2025-07-14 03:08:09,906 - indicators.technical - INFO - Análise técnica concluída para BNB: RSI=0 sinais, MACD=0 sinais
2025-07-14 03:08:09,906 - core.analyzer - INFO - [SUCCESS] BNB: 0 sinais gerados, 0 salvos em 0.10s
2025-07-14 03:08:09,910 - core.data_reader - INFO - Carregados 309 pontos para ENA 5m
2025-07-14 03:08:09,979 - indicators.technical - INFO - Análise técnica concluída para ENA: RSI=0 sinais, MACD=0 sinais
2025-07-14 03:08:09,979 - core.analyzer - INFO - [SUCCESS] ENA: 0 sinais gerados, 0 salvos em 0.18s
2025-07-14 03:08:09,982 - core.data_reader - INFO - Carregados 308 pontos para ETH 5m
2025-07-14 03:08:10,050 - indicators.technical - INFO - Análise técnica concluída para ETH: RSI=0 sinais, MACD=0 sinais
2025-07-14 03:08:10,051 - core.analyzer - INFO - [SUCCESS] ETH: 0 sinais gerados, 0 salvos em 0.25s
2025-07-14 03:08:10,055 - core.data_reader - INFO - Carregados 309 pontos para BTC 5m
2025-07-14 03:08:10,143 - indicators.technical - INFO - Análise técnica concluída para BTC: RSI=0 sinais, MACD=0 sinais
2025-07-14 03:08:10,143 - core.analyzer - INFO - [SUCCESS] BTC: 0 sinais gerados, 0 salvos em 0.34s
2025-07-14 03:08:10,152 - core.data_reader - INFO - Carregados 309 pontos para NEAR 5m
2025-07-14 03:08:10,218 - indicators.technical - INFO - Análise técnica concluída para NEAR: RSI=0 sinais, MACD=0 sinais
2025-07-14 03:08:10,219 - core.analyzer - INFO - [SUCCESS] NEAR: 0 sinais gerados, 0 salvos em 0.24s
2025-07-14 03:08:10,222 - core.data_reader - INFO - Carregados 308 pontos para HBAR 5m
2025-07-14 03:08:10,292 - indicators.technical - INFO - Análise técnica concluída para HBAR: RSI=0 sinais, MACD=0 sinais
2025-07-14 03:08:10,292 - core.analyzer - INFO - [SUCCESS] HBAR: 0 sinais gerados, 0 salvos em 0.39s
2025-07-14 03:08:10,296 - core.data_reader - INFO - Carregados 308 pontos para OMNI 5m
2025-07-14 03:08:10,386 - indicators.technical - INFO - Análise técnica concluída para OMNI: RSI=0 sinais, MACD=0 sinais
2025-07-14 03:08:10,386 - core.data_reader - INFO - Carregados 311 pontos para SOL 5m
2025-07-14 03:08:10,386 - core.analyzer - INFO - [SUCCESS] OMNI: 0 sinais gerados, 0 salvos em 0.34s
2025-07-14 03:08:10,455 - indicators.technical - INFO - Análise técnica concluída para SOL: RSI=0 sinais, MACD=0 sinais
2025-07-14 03:08:10,455 - core.analyzer - INFO - [SUCCESS] SOL: 0 sinais gerados, 0 salvos em 0.31s
2025-07-14 03:08:10,455 - core.analyzer - INFO - [COMPLETE] Análise concluída: 8/8 symbols, 0 sinais em 0.68s
2025-07-14 03:08:10,456 - core.analyzer - INFO - [CYCLE] Ciclo concluído: 8 symbols analisados em 0.7s
2025-07-14 03:13:09,778 - core.analyzer - INFO - [START] Iniciando análise de 8 symbols
2025-07-14 03:13:09,788 - core.analyzer - INFO - [DEBUG] Symbols disponíveis no banco: ['BNB', 'BTC', 'ENA', 'ETH', 'HBAR', 'NEAR', 'OMNI', 'SOL']
2025-07-14 03:13:09,789 - core.analyzer - INFO - [DEBUG] Symbols configurados para análise: ['BNB', 'BTC', 'ENA', 'ETH', 'HBAR', 'NEAR', 'OMNI', 'SOL']
2025-07-14 03:13:09,790 - core.analyzer - INFO - [INFO] Symbols que serão analisados: ['BNB', 'BTC', 'ENA', 'ETH', 'HBAR', 'NEAR', 'OMNI', 'SOL']
2025-07-14 03:13:09,824 - core.data_reader - INFO - Carregados 311 pontos para BNB 5m
2025-07-14 03:13:09,894 - indicators.technical - INFO - Análise técnica concluída para BNB: RSI=0 sinais, MACD=0 sinais
2025-07-14 03:13:09,895 - core.analyzer - INFO - [SUCCESS] BNB: 0 sinais gerados, 0 salvos em 0.10s
2025-07-14 03:13:09,898 - core.data_reader - INFO - Carregados 312 pontos para BTC 5m
2025-07-14 03:13:09,964 - indicators.technical - INFO - Análise técnica concluída para BTC: RSI=0 sinais, MACD=0 sinais
2025-07-14 03:13:09,964 - core.analyzer - INFO - [SUCCESS] BTC: 0 sinais gerados, 0 salvos em 0.17s
2025-07-14 03:13:09,968 - core.data_reader - INFO - Carregados 312 pontos para ENA 5m
2025-07-14 03:13:10,033 - indicators.technical - INFO - Análise técnica concluída para ENA: RSI=0 sinais, MACD=0 sinais
2025-07-14 03:13:10,035 - core.analyzer - INFO - [SUCCESS] ENA: 0 sinais gerados, 0 salvos em 0.24s
2025-07-14 03:13:10,037 - core.data_reader - INFO - Carregados 311 pontos para ETH 5m
2025-07-14 03:13:10,104 - indicators.technical - INFO - Análise técnica concluída para ETH: RSI=0 sinais, MACD=0 sinais
2025-07-14 03:13:10,105 - core.analyzer - INFO - [SUCCESS] ETH: 0 sinais gerados, 0 salvos em 0.31s
2025-07-14 03:13:10,112 - core.data_reader - INFO - Carregados 311 pontos para HBAR 5m
2025-07-14 03:13:10,177 - indicators.technical - INFO - Análise técnica concluída para HBAR: RSI=0 sinais, MACD=0 sinais
2025-07-14 03:13:10,177 - core.analyzer - INFO - [SUCCESS] HBAR: 0 sinais gerados, 0 salvos em 0.28s
2025-07-14 03:13:10,181 - core.data_reader - INFO - Carregados 312 pontos para NEAR 5m
2025-07-14 03:13:10,246 - indicators.technical - INFO - Análise técnica concluída para NEAR: RSI=0 sinais, MACD=0 sinais
2025-07-14 03:13:10,247 - core.analyzer - INFO - [SUCCESS] NEAR: 0 sinais gerados, 0 salvos em 0.28s
2025-07-14 03:13:10,249 - core.data_reader - INFO - Carregados 311 pontos para OMNI 5m
2025-07-14 03:13:10,315 - indicators.technical - INFO - Análise técnica concluída para OMNI: RSI=0 sinais, MACD=0 sinais
2025-07-14 03:13:10,316 - core.analyzer - INFO - [SUCCESS] OMNI: 0 sinais gerados, 0 salvos em 0.28s
2025-07-14 03:13:10,319 - core.data_reader - INFO - Carregados 314 pontos para SOL 5m
2025-07-14 03:13:10,378 - indicators.technical - INFO - Análise técnica concluída para SOL: RSI=0 sinais, MACD=0 sinais
2025-07-14 03:13:10,378 - core.analyzer - INFO - [SUCCESS] SOL: 0 sinais gerados, 0 salvos em 0.27s
2025-07-14 03:13:10,379 - core.analyzer - INFO - [COMPLETE] Análise concluída: 8/8 symbols, 0 sinais em 0.60s
2025-07-14 03:13:10,380 - core.analyzer - INFO - [CYCLE] Ciclo concluído: 8 symbols analisados em 0.6s
2025-07-14 03:18:09,778 - core.analyzer - INFO - [START] Iniciando análise de 8 symbols
2025-07-14 03:18:09,784 - core.analyzer - INFO - [DEBUG] Symbols disponíveis no banco: ['BNB', 'BTC', 'ENA', 'ETH', 'HBAR', 'NEAR', 'OMNI', 'SOL']
2025-07-14 03:18:09,785 - core.analyzer - INFO - [DEBUG] Symbols configurados para análise: ['BNB', 'BTC', 'ENA', 'ETH', 'HBAR', 'NEAR', 'OMNI', 'SOL']
2025-07-14 03:18:09,786 - core.analyzer - INFO - [INFO] Symbols que serão analisados: ['BNB', 'BTC', 'ENA', 'ETH', 'HBAR', 'NEAR', 'OMNI', 'SOL']
2025-07-14 03:18:09,821 - core.data_reader - INFO - Carregados 312 pontos para BTC 5m
2025-07-14 03:18:09,892 - indicators.technical - INFO - Análise técnica concluída para BTC: RSI=0 sinais, MACD=0 sinais
2025-07-14 03:18:09,893 - core.analyzer - INFO - [SUCCESS] BTC: 0 sinais gerados, 0 salvos em 0.10s
2025-07-14 03:18:09,896 - core.data_reader - INFO - Carregados 311 pontos para BNB 5m
2025-07-14 03:18:09,962 - indicators.technical - INFO - Análise técnica concluída para BNB: RSI=0 sinais, MACD=0 sinais
2025-07-14 03:18:09,965 - core.analyzer - INFO - [SUCCESS] BNB: 0 sinais gerados, 0 salvos em 0.18s
2025-07-14 03:18:09,965 - core.data_reader - INFO - Carregados 312 pontos para ENA 5m
2025-07-14 03:18:10,031 - indicators.technical - INFO - Análise técnica concluída para ENA: RSI=0 sinais, MACD=0 sinais
2025-07-14 03:18:10,032 - core.analyzer - INFO - [SUCCESS] ENA: 0 sinais gerados, 0 salvos em 0.24s
2025-07-14 03:18:10,034 - core.data_reader - INFO - Carregados 311 pontos para ETH 5m
2025-07-14 03:18:10,100 - indicators.technical - INFO - Análise técnica concluída para ETH: RSI=0 sinais, MACD=0 sinais
2025-07-14 03:18:10,100 - core.analyzer - INFO - [SUCCESS] ETH: 0 sinais gerados, 0 salvos em 0.31s
2025-07-14 03:18:10,108 - core.data_reader - INFO - Carregados 311 pontos para OMNI 5m
2025-07-14 03:18:10,173 - indicators.technical - INFO - Análise técnica concluída para OMNI: RSI=0 sinais, MACD=0 sinais
2025-07-14 03:18:10,174 - core.analyzer - INFO - [SUCCESS] OMNI: 0 sinais gerados, 0 salvos em 0.14s
2025-07-14 03:18:10,177 - core.data_reader - INFO - Carregados 312 pontos para NEAR 5m
2025-07-14 03:18:10,242 - indicators.technical - INFO - Análise técnica concluída para NEAR: RSI=0 sinais, MACD=0 sinais
2025-07-14 03:18:10,245 - core.data_reader - INFO - Carregados 311 pontos para HBAR 5m
2025-07-14 03:18:10,245 - core.analyzer - INFO - [SUCCESS] NEAR: 0 sinais gerados, 0 salvos em 0.28s
2025-07-14 03:18:10,262 - core.data_reader - INFO - Carregados 314 pontos para SOL 5m
2025-07-14 03:18:10,339 - indicators.technical - INFO - Análise técnica concluída para SOL: RSI=0 sinais, MACD=0 sinais
2025-07-14 03:18:10,339 - core.analyzer - INFO - [SUCCESS] SOL: 0 sinais gerados, 0 salvos em 0.24s
2025-07-14 03:18:10,382 - indicators.technical - INFO - Análise técnica concluída para HBAR: RSI=0 sinais, MACD=0 sinais
2025-07-14 03:18:10,382 - core.analyzer - INFO - [SUCCESS] HBAR: 0 sinais gerados, 0 salvos em 0.49s
2025-07-14 03:18:10,383 - core.analyzer - INFO - [COMPLETE] Análise concluída: 8/8 symbols, 0 sinais em 0.60s
2025-07-14 03:18:10,383 - core.analyzer - INFO - [CYCLE] Ciclo concluído: 8 symbols analisados em 0.6s
2025-07-14 03:23:09,779 - core.analyzer - INFO - [START] Iniciando análise de 8 symbols
2025-07-14 03:23:09,788 - core.analyzer - INFO - [DEBUG] Symbols disponíveis no banco: ['BNB', 'BTC', 'ENA', 'ETH', 'HBAR', 'NEAR', 'OMNI', 'SOL']
2025-07-14 03:23:09,789 - core.analyzer - INFO - [DEBUG] Symbols configurados para análise: ['BNB', 'BTC', 'ENA', 'ETH', 'HBAR', 'NEAR', 'OMNI', 'SOL']
2025-07-14 03:23:09,789 - core.analyzer - INFO - [INFO] Symbols que serão analisados: ['BNB', 'BTC', 'ENA', 'ETH', 'HBAR', 'NEAR', 'OMNI', 'SOL']
2025-07-14 03:23:09,818 - core.data_reader - INFO - Carregados 314 pontos para BNB 5m
2025-07-14 03:23:09,891 - indicators.technical - INFO - Análise técnica concluída para BNB: RSI=0 sinais, MACD=0 sinais
2025-07-14 03:23:09,892 - core.analyzer - INFO - [SUCCESS] BNB: 0 sinais gerados, 0 salvos em 0.10s
2025-07-14 03:23:09,896 - core.data_reader - INFO - Carregados 315 pontos para BTC 5m
2025-07-14 03:23:09,963 - indicators.technical - INFO - Análise técnica concluída para BTC: RSI=0 sinais, MACD=0 sinais
2025-07-14 03:23:09,964 - core.analyzer - INFO - [SUCCESS] BTC: 0 sinais gerados, 0 salvos em 0.17s
2025-07-14 03:23:09,967 - core.data_reader - INFO - Carregados 315 pontos para ENA 5m
2025-07-14 03:23:10,033 - indicators.technical - INFO - Análise técnica concluída para ENA: RSI=0 sinais, MACD=0 sinais
2025-07-14 03:23:10,034 - core.analyzer - INFO - [SUCCESS] ENA: 0 sinais gerados, 0 salvos em 0.24s
2025-07-14 03:23:10,037 - core.data_reader - INFO - Carregados 314 pontos para ETH 5m
2025-07-14 03:23:10,103 - indicators.technical - INFO - Análise técnica concluída para ETH: RSI=0 sinais, MACD=0 sinais
2025-07-14 03:23:10,104 - core.analyzer - INFO - [SUCCESS] ETH: 0 sinais gerados, 0 salvos em 0.31s
2025-07-14 03:23:10,112 - core.data_reader - INFO - Carregados 314 pontos para HBAR 5m
2025-07-14 03:23:10,178 - indicators.technical - INFO - Análise técnica concluída para HBAR: RSI=0 sinais, MACD=0 sinais
2025-07-14 03:23:10,181 - core.data_reader - INFO - Carregados 314 pontos para OMNI 5m
2025-07-14 03:23:10,181 - core.analyzer - INFO - [SUCCESS] HBAR: 0 sinais gerados, 0 salvos em 0.29s
2025-07-14 03:23:10,247 - indicators.technical - INFO - Análise técnica concluída para OMNI: RSI=0 sinais, MACD=0 sinais
2025-07-14 03:23:10,247 - core.analyzer - INFO - [SUCCESS] OMNI: 0 sinais gerados, 0 salvos em 0.21s
2025-07-14 03:23:10,250 - core.data_reader - INFO - Carregados 315 pontos para NEAR 5m
2025-07-14 03:23:10,297 - core.data_reader - INFO - Carregados 317 pontos para SOL 5m
2025-07-14 03:23:10,320 - indicators.technical - INFO - Análise técnica concluída para NEAR: RSI=0 sinais, MACD=0 sinais
2025-07-14 03:23:10,336 - core.analyzer - INFO - [SUCCESS] NEAR: 0 sinais gerados, 0 salvos em 0.37s
2025-07-14 03:23:10,386 - indicators.technical - INFO - Análise técnica concluída para SOL: RSI=0 sinais, MACD=0 sinais
2025-07-14 03:23:10,386 - core.analyzer - INFO - [SUCCESS] SOL: 0 sinais gerados, 0 salvos em 0.28s
2025-07-14 03:23:10,387 - core.analyzer - INFO - [COMPLETE] Análise concluída: 8/8 symbols, 0 sinais em 0.61s
2025-07-14 03:23:10,387 - core.analyzer - INFO - [CYCLE] Ciclo concluído: 8 symbols analisados em 0.6s
2025-07-14 03:28:09,780 - core.analyzer - INFO - [START] Iniciando análise de 8 symbols
2025-07-14 03:28:09,786 - core.analyzer - INFO - [DEBUG] Symbols disponíveis no banco: ['BNB', 'BTC', 'ENA', 'ETH', 'HBAR', 'NEAR', 'OMNI', 'SOL']
2025-07-14 03:28:09,788 - core.analyzer - INFO - [DEBUG] Symbols configurados para análise: ['BNB', 'BTC', 'ENA', 'ETH', 'HBAR', 'NEAR', 'OMNI', 'SOL']
2025-07-14 03:28:09,788 - core.analyzer - INFO - [INFO] Symbols que serão analisados: ['BNB', 'BTC', 'ENA', 'ETH', 'HBAR', 'NEAR', 'OMNI', 'SOL']
2025-07-14 03:28:09,823 - core.data_reader - INFO - Carregados 319 pontos para BTC 5m
2025-07-14 03:28:09,895 - indicators.technical - INFO - Análise técnica concluída para BTC: RSI=0 sinais, MACD=0 sinais
2025-07-14 03:28:09,895 - core.analyzer - INFO - [SUCCESS] BTC: 0 sinais gerados, 0 salvos em 0.10s
2025-07-14 03:28:09,899 - core.data_reader - INFO - Carregados 318 pontos para BNB 5m
2025-07-14 03:28:09,966 - indicators.technical - INFO - Análise técnica concluída para BNB: RSI=0 sinais, MACD=0 sinais
2025-07-14 03:28:09,966 - core.analyzer - INFO - [SUCCESS] BNB: 0 sinais gerados, 0 salvos em 0.18s
2025-07-14 03:28:09,970 - core.data_reader - INFO - Carregados 319 pontos para ENA 5m
2025-07-14 03:28:10,037 - indicators.technical - INFO - Análise técnica concluída para ENA: RSI=0 sinais, MACD=0 sinais
2025-07-14 03:28:10,037 - core.analyzer - INFO - [SUCCESS] ENA: 0 sinais gerados, 0 salvos em 0.24s
2025-07-14 03:28:10,041 - core.data_reader - INFO - Carregados 318 pontos para ETH 5m
2025-07-14 03:28:10,108 - indicators.technical - INFO - Análise técnica concluída para ETH: RSI=0 sinais, MACD=0 sinais
2025-07-14 03:28:10,108 - core.analyzer - INFO - [SUCCESS] ETH: 0 sinais gerados, 0 salvos em 0.31s
2025-07-14 03:28:10,116 - core.data_reader - INFO - Carregados 318 pontos para HBAR 5m
2025-07-14 03:28:10,184 - indicators.technical - INFO - Análise técnica concluída para HBAR: RSI=0 sinais, MACD=0 sinais
2025-07-14 03:28:10,184 - core.analyzer - INFO - [SUCCESS] HBAR: 0 sinais gerados, 0 salvos em 0.29s
2025-07-14 03:28:10,187 - core.data_reader - INFO - Carregados 319 pontos para NEAR 5m
2025-07-14 03:28:10,255 - indicators.technical - INFO - Análise técnica concluída para NEAR: RSI=0 sinais, MACD=0 sinais
2025-07-14 03:28:10,256 - core.analyzer - INFO - [SUCCESS] NEAR: 0 sinais gerados, 0 salvos em 0.29s
2025-07-14 03:28:10,259 - core.data_reader - INFO - Carregados 318 pontos para OMNI 5m
2025-07-14 03:28:10,330 - indicators.technical - INFO - Análise técnica concluída para OMNI: RSI=0 sinais, MACD=0 sinais
2025-07-14 03:28:10,331 - core.data_reader - INFO - Carregados 321 pontos para SOL 5m
2025-07-14 03:28:10,331 - core.analyzer - INFO - [SUCCESS] OMNI: 0 sinais gerados, 0 salvos em 0.29s
2025-07-14 03:28:10,393 - indicators.technical - INFO - Análise técnica concluída para SOL: RSI=0 sinais, MACD=0 sinais
2025-07-14 03:28:10,394 - core.analyzer - INFO - [SUCCESS] SOL: 0 sinais gerados, 0 salvos em 0.29s
2025-07-14 03:28:10,394 - core.analyzer - INFO - [COMPLETE] Análise concluída: 8/8 symbols, 0 sinais em 0.61s
2025-07-14 03:28:10,395 - core.analyzer - INFO - [CYCLE] Ciclo concluído: 8 symbols analisados em 0.6s
2025-07-14 03:33:09,781 - core.analyzer - INFO - [START] Iniciando análise de 8 symbols
2025-07-14 03:33:09,799 - core.analyzer - INFO - [DEBUG] Symbols disponíveis no banco: ['BNB', 'BTC', 'ENA', 'ETH', 'HBAR', 'NEAR', 'OMNI', 'SOL']
2025-07-14 03:33:09,800 - core.analyzer - INFO - [DEBUG] Symbols configurados para análise: ['BNB', 'BTC', 'ENA', 'ETH', 'HBAR', 'NEAR', 'OMNI', 'SOL']
2025-07-14 03:33:09,801 - core.analyzer - INFO - [INFO] Symbols que serão analisados: ['BNB', 'BTC', 'ENA', 'ETH', 'HBAR', 'NEAR', 'OMNI', 'SOL']
2025-07-14 03:33:09,831 - core.data_reader - INFO - Carregados 322 pontos para BTC 5m
2025-07-14 03:33:09,904 - indicators.technical - INFO - Análise técnica concluída para BTC: RSI=0 sinais, MACD=0 sinais
2025-07-14 03:33:09,905 - core.analyzer - INFO - [SUCCESS] BTC: 0 sinais gerados, 0 salvos em 0.10s
2025-07-14 03:33:09,907 - core.data_reader - INFO - Carregados 321 pontos para BNB 5m
2025-07-14 03:33:09,976 - indicators.technical - INFO - Análise técnica concluída para BNB: RSI=0 sinais, MACD=0 sinais
2025-07-14 03:33:09,976 - core.analyzer - INFO - [SUCCESS] BNB: 0 sinais gerados, 0 salvos em 0.17s
2025-07-14 03:33:09,980 - core.data_reader - INFO - Carregados 322 pontos para ENA 5m
2025-07-14 03:33:10,047 - indicators.technical - INFO - Análise técnica concluída para ENA: RSI=0 sinais, MACD=0 sinais
2025-07-14 03:33:10,047 - core.analyzer - INFO - [SUCCESS] ENA: 0 sinais gerados, 0 salvos em 0.24s
2025-07-14 03:33:10,051 - core.data_reader - INFO - Carregados 321 pontos para ETH 5m
2025-07-14 03:33:10,119 - indicators.technical - INFO - Análise técnica concluída para ETH: RSI=0 sinais, MACD=0 sinais
2025-07-14 03:33:10,119 - core.analyzer - INFO - [SUCCESS] ETH: 0 sinais gerados, 0 salvos em 0.31s
2025-07-14 03:33:10,126 - core.data_reader - INFO - Carregados 321 pontos para HBAR 5m
2025-07-14 03:33:10,194 - indicators.technical - INFO - Análise técnica concluída para HBAR: RSI=0 sinais, MACD=0 sinais
2025-07-14 03:33:10,194 - core.analyzer - INFO - [SUCCESS] HBAR: 0 sinais gerados, 0 salvos em 0.29s
2025-07-14 03:33:10,198 - core.data_reader - INFO - Carregados 322 pontos para NEAR 5m
2025-07-14 03:33:10,267 - indicators.technical - INFO - Análise técnica concluída para NEAR: RSI=0 sinais, MACD=0 sinais
2025-07-14 03:33:10,269 - core.analyzer - INFO - [SUCCESS] NEAR: 0 sinais gerados, 0 salvos em 0.29s
2025-07-14 03:33:10,269 - core.data_reader - INFO - Carregados 321 pontos para OMNI 5m
2025-07-14 03:33:10,338 - indicators.technical - INFO - Análise técnica concluída para OMNI: RSI=0 sinais, MACD=0 sinais
2025-07-14 03:33:10,338 - core.analyzer - INFO - [SUCCESS] OMNI: 0 sinais gerados, 0 salvos em 0.29s
2025-07-14 03:33:10,341 - core.data_reader - INFO - Carregados 324 pontos para SOL 5m
2025-07-14 03:33:10,401 - indicators.technical - INFO - Análise técnica concluída para SOL: RSI=0 sinais, MACD=0 sinais
2025-07-14 03:33:10,402 - core.analyzer - INFO - [SUCCESS] SOL: 0 sinais gerados, 0 salvos em 0.28s
2025-07-14 03:33:10,403 - core.analyzer - INFO - [COMPLETE] Análise concluída: 8/8 symbols, 0 sinais em 0.62s
2025-07-14 03:33:10,403 - core.analyzer - INFO - [CYCLE] Ciclo concluído: 8 symbols analisados em 0.6s
2025-07-14 03:38:09,781 - core.analyzer - INFO - [START] Iniciando análise de 8 symbols
2025-07-14 03:38:09,787 - core.analyzer - INFO - [DEBUG] Symbols disponíveis no banco: ['BNB', 'BTC', 'ENA', 'ETH', 'HBAR', 'NEAR', 'OMNI', 'SOL']
2025-07-14 03:38:09,788 - core.analyzer - INFO - [DEBUG] Symbols configurados para análise: ['BNB', 'BTC', 'ENA', 'ETH', 'HBAR', 'NEAR', 'OMNI', 'SOL']
2025-07-14 03:38:09,788 - core.analyzer - INFO - [INFO] Symbols que serão analisados: ['BNB', 'BTC', 'ENA', 'ETH', 'HBAR', 'NEAR', 'OMNI', 'SOL']
2025-07-14 03:38:09,824 - core.data_reader - INFO - Carregados 326 pontos para ENA 5m
2025-07-14 03:38:09,899 - indicators.technical - INFO - Análise técnica concluída para ENA: RSI=0 sinais, MACD=0 sinais
2025-07-14 03:38:09,899 - core.analyzer - INFO - [SUCCESS] ENA: 0 sinais gerados, 0 salvos em 0.11s
2025-07-14 03:38:09,902 - core.data_reader - INFO - Carregados 325 pontos para BNB 5m
2025-07-14 03:38:09,971 - indicators.technical - INFO - Análise técnica concluída para BNB: RSI=0 sinais, MACD=0 sinais
2025-07-14 03:38:09,971 - core.analyzer - INFO - [SUCCESS] BNB: 0 sinais gerados, 0 salvos em 0.18s
2025-07-14 03:38:09,975 - core.data_reader - INFO - Carregados 325 pontos para ETH 5m
2025-07-14 03:38:10,045 - indicators.technical - INFO - Análise técnica concluída para ETH: RSI=0 sinais, MACD=0 sinais
2025-07-14 03:38:10,046 - core.analyzer - INFO - [SUCCESS] ETH: 0 sinais gerados, 0 salvos em 0.25s
2025-07-14 03:38:10,049 - core.data_reader - INFO - Carregados 326 pontos para BTC 5m
2025-07-14 03:38:10,117 - indicators.technical - INFO - Análise técnica concluída para BTC: RSI=0 sinais, MACD=0 sinais
2025-07-14 03:38:10,118 - core.analyzer - INFO - [SUCCESS] BTC: 0 sinais gerados, 0 salvos em 0.33s
2025-07-14 03:38:10,126 - core.data_reader - INFO - Carregados 325 pontos para HBAR 5m
2025-07-14 03:38:10,193 - indicators.technical - INFO - Análise técnica concluída para HBAR: RSI=0 sinais, MACD=0 sinais
2025-07-14 03:38:10,193 - core.analyzer - INFO - [SUCCESS] HBAR: 0 sinais gerados, 0 salvos em 0.29s
2025-07-14 03:38:10,197 - core.data_reader - INFO - Carregados 326 pontos para NEAR 5m
2025-07-14 03:38:10,269 - indicators.technical - INFO - Análise técnica concluída para NEAR: RSI=0 sinais, MACD=0 sinais
2025-07-14 03:38:10,270 - core.analyzer - INFO - [SUCCESS] NEAR: 0 sinais gerados, 0 salvos em 0.30s
2025-07-14 03:38:10,273 - core.data_reader - INFO - Carregados 325 pontos para OMNI 5m
2025-07-14 03:38:10,342 - indicators.technical - INFO - Análise técnica concluída para OMNI: RSI=0 sinais, MACD=0 sinais
2025-07-14 03:38:10,342 - core.analyzer - INFO - [SUCCESS] OMNI: 0 sinais gerados, 0 salvos em 0.30s
2025-07-14 03:38:10,345 - core.data_reader - INFO - Carregados 328 pontos para SOL 5m
2025-07-14 03:38:10,406 - indicators.technical - INFO - Análise técnica concluída para SOL: RSI=0 sinais, MACD=0 sinais
2025-07-14 03:38:10,407 - core.analyzer - INFO - [SUCCESS] SOL: 0 sinais gerados, 0 salvos em 0.29s
2025-07-14 03:38:10,407 - core.analyzer - INFO - [COMPLETE] Análise concluída: 8/8 symbols, 0 sinais em 0.63s
2025-07-14 03:38:10,408 - core.analyzer - INFO - [CYCLE] Ciclo concluído: 8 symbols analisados em 0.6s
2025-07-14 03:43:09,782 - core.analyzer - INFO - [START] Iniciando análise de 8 symbols
2025-07-14 03:43:09,791 - core.analyzer - INFO - [DEBUG] Symbols disponíveis no banco: ['BNB', 'BTC', 'ENA', 'ETH', 'HBAR', 'NEAR', 'OMNI', 'SOL']
2025-07-14 03:43:09,792 - core.analyzer - INFO - [DEBUG] Symbols configurados para análise: ['BNB', 'BTC', 'ENA', 'ETH', 'HBAR', 'NEAR', 'OMNI', 'SOL']
2025-07-14 03:43:09,793 - core.analyzer - INFO - [INFO] Symbols que serão analisados: ['BNB', 'BTC', 'ENA', 'ETH', 'HBAR', 'NEAR', 'OMNI', 'SOL']
2025-07-14 03:43:09,817 - core.data_reader - INFO - Carregados 325 pontos para BNB 5m
2025-07-14 03:43:09,891 - indicators.technical - INFO - Análise técnica concluída para BNB: RSI=0 sinais, MACD=0 sinais
2025-07-14 03:43:09,892 - core.analyzer - INFO - [SUCCESS] BNB: 0 sinais gerados, 0 salvos em 0.10s
2025-07-14 03:43:09,897 - core.data_reader - INFO - Carregados 326 pontos para ENA 5m
2025-07-14 03:43:09,968 - indicators.technical - INFO - Análise técnica concluída para ENA: RSI=0 sinais, MACD=0 sinais
2025-07-14 03:43:09,968 - core.data_reader - INFO - Carregados 325 pontos para ETH 5m
2025-07-14 03:43:09,969 - core.analyzer - INFO - [SUCCESS] ENA: 0 sinais gerados, 0 salvos em 0.17s
2025-07-14 03:43:10,040 - indicators.technical - INFO - Análise técnica concluída para ETH: RSI=0 sinais, MACD=0 sinais
2025-07-14 03:43:10,040 - core.analyzer - INFO - [SUCCESS] ETH: 0 sinais gerados, 0 salvos em 0.24s
2025-07-14 03:43:10,046 - core.data_reader - INFO - Carregados 326 pontos para BTC 5m
2025-07-14 03:43:10,114 - indicators.technical - INFO - Análise técnica concluída para BTC: RSI=0 sinais, MACD=0 sinais
2025-07-14 03:43:10,115 - core.analyzer - INFO - [SUCCESS] BTC: 0 sinais gerados, 0 salvos em 0.32s
2025-07-14 03:43:10,119 - core.data_reader - INFO - Carregados 325 pontos para HBAR 5m
2025-07-14 03:43:10,187 - indicators.technical - INFO - Análise técnica concluída para HBAR: RSI=0 sinais, MACD=0 sinais
2025-07-14 03:43:10,187 - core.analyzer - INFO - [SUCCESS] HBAR: 0 sinais gerados, 0 salvos em 0.30s
2025-07-14 03:43:10,192 - core.data_reader - INFO - Carregados 325 pontos para OMNI 5m
2025-07-14 03:43:10,260 - indicators.technical - INFO - Análise técnica concluída para OMNI: RSI=0 sinais, MACD=0 sinais
2025-07-14 03:43:10,263 - core.data_reader - INFO - Carregados 326 pontos para NEAR 5m
2025-07-14 03:43:10,263 - core.analyzer - INFO - [SUCCESS] OMNI: 0 sinais gerados, 0 salvos em 0.22s
2025-07-14 03:43:10,335 - indicators.technical - INFO - Análise técnica concluída para NEAR: RSI=0 sinais, MACD=0 sinais
2025-07-14 03:43:10,335 - core.analyzer - INFO - [SUCCESS] NEAR: 0 sinais gerados, 0 salvos em 0.36s
2025-07-14 03:43:10,338 - core.data_reader - INFO - Carregados 332 pontos para SOL 5m
2025-07-14 03:43:10,401 - indicators.technical - INFO - Análise técnica concluída para SOL: RSI=0 sinais, MACD=0 sinais
2025-07-14 03:43:10,401 - core.analyzer - INFO - [SUCCESS] SOL: 0 sinais gerados, 0 salvos em 0.29s
2025-07-14 03:43:10,402 - core.analyzer - INFO - [COMPLETE] Análise concluída: 8/8 symbols, 0 sinais em 0.62s
2025-07-14 03:43:10,402 - core.analyzer - INFO - [CYCLE] Ciclo concluído: 8 symbols analisados em 0.6s
2025-07-14 03:48:09,783 - core.analyzer - INFO - [START] Iniciando análise de 8 symbols
2025-07-14 03:48:09,788 - core.analyzer - INFO - [DEBUG] Symbols disponíveis no banco: ['BNB', 'BTC', 'ENA', 'ETH', 'HBAR', 'NEAR', 'OMNI', 'SOL']
2025-07-14 03:48:09,789 - core.analyzer - INFO - [DEBUG] Symbols configurados para análise: ['BNB', 'BTC', 'ENA', 'ETH', 'HBAR', 'NEAR', 'OMNI', 'SOL']
2025-07-14 03:48:09,790 - core.analyzer - INFO - [INFO] Symbols que serão analisados: ['BNB', 'BTC', 'ENA', 'ETH', 'HBAR', 'NEAR', 'OMNI', 'SOL']
2025-07-14 03:48:09,828 - core.data_reader - INFO - Carregados 330 pontos para BTC 5m
2025-07-14 03:48:09,903 - indicators.technical - INFO - Análise técnica concluída para BTC: RSI=0 sinais, MACD=0 sinais
2025-07-14 03:48:09,904 - core.analyzer - INFO - [SUCCESS] BTC: 0 sinais gerados, 0 salvos em 0.11s
2025-07-14 03:48:09,906 - core.data_reader - INFO - Carregados 330 pontos para ENA 5m
2025-07-14 03:48:09,978 - indicators.technical - INFO - Análise técnica concluída para ENA: RSI=0 sinais, MACD=0 sinais
2025-07-14 03:48:09,978 - core.analyzer - INFO - [SUCCESS] ENA: 0 sinais gerados, 0 salvos em 0.18s
2025-07-14 03:48:09,982 - core.data_reader - INFO - Carregados 329 pontos para ETH 5m
2025-07-14 03:48:10,051 - indicators.technical - INFO - Análise técnica concluída para ETH: RSI=0 sinais, MACD=0 sinais
2025-07-14 03:48:10,051 - core.analyzer - INFO - [SUCCESS] ETH: 0 sinais gerados, 0 salvos em 0.26s
2025-07-14 03:48:10,055 - core.data_reader - INFO - Carregados 329 pontos para BNB 5m
2025-07-14 03:48:10,125 - indicators.technical - INFO - Análise técnica concluída para BNB: RSI=0 sinais, MACD=0 sinais
2025-07-14 03:48:10,125 - core.analyzer - INFO - [SUCCESS] BNB: 0 sinais gerados, 0 salvos em 0.33s
2025-07-14 03:48:10,131 - core.data_reader - INFO - Carregados 329 pontos para HBAR 5m
2025-07-14 03:48:10,201 - indicators.technical - INFO - Análise técnica concluída para HBAR: RSI=0 sinais, MACD=0 sinais
2025-07-14 03:48:10,202 - core.analyzer - INFO - [SUCCESS] HBAR: 0 sinais gerados, 0 salvos em 0.30s
2025-07-14 03:48:10,205 - core.data_reader - INFO - Carregados 330 pontos para NEAR 5m
2025-07-14 03:48:10,275 - indicators.technical - INFO - Análise técnica concluída para NEAR: RSI=0 sinais, MACD=0 sinais
2025-07-14 03:48:10,275 - core.analyzer - INFO - [SUCCESS] NEAR: 0 sinais gerados, 0 salvos em 0.30s
2025-07-14 03:48:10,279 - core.data_reader - INFO - Carregados 329 pontos para OMNI 5m
2025-07-14 03:48:10,348 - indicators.technical - INFO - Análise técnica concluída para OMNI: RSI=0 sinais, MACD=0 sinais
2025-07-14 03:48:10,349 - core.analyzer - INFO - [SUCCESS] OMNI: 0 sinais gerados, 0 salvos em 0.30s
2025-07-14 03:48:10,352 - core.data_reader - INFO - Carregados 332 pontos para SOL 5m
2025-07-14 03:48:10,415 - indicators.technical - INFO - Análise técnica concluída para SOL: RSI=0 sinais, MACD=0 sinais
2025-07-14 03:48:10,415 - core.analyzer - INFO - [SUCCESS] SOL: 0 sinais gerados, 0 salvos em 0.29s
2025-07-14 03:48:10,416 - core.analyzer - INFO - [COMPLETE] Análise concluída: 8/8 symbols, 0 sinais em 0.63s
2025-07-14 03:48:10,416 - core.analyzer - INFO - [CYCLE] Ciclo concluído: 8 symbols analisados em 0.6s
2025-07-14 03:53:09,783 - core.analyzer - INFO - [START] Iniciando análise de 8 symbols
2025-07-14 03:53:09,793 - core.analyzer - INFO - [DEBUG] Symbols disponíveis no banco: ['BNB', 'BTC', 'ENA', 'ETH', 'HBAR', 'NEAR', 'OMNI', 'SOL']
2025-07-14 03:53:09,794 - core.analyzer - INFO - [DEBUG] Symbols configurados para análise: ['BNB', 'BTC', 'ENA', 'ETH', 'HBAR', 'NEAR', 'OMNI', 'SOL']
2025-07-14 03:53:09,795 - core.analyzer - INFO - [INFO] Symbols que serão analisados: ['BNB', 'BTC', 'ENA', 'ETH', 'HBAR', 'NEAR', 'OMNI', 'SOL']
2025-07-14 03:53:09,841 - core.data_reader - INFO - Carregados 332 pontos para BNB 5m
2025-07-14 03:53:09,922 - indicators.technical - INFO - Análise técnica concluída para BNB: RSI=0 sinais, MACD=0 sinais
2025-07-14 03:53:09,923 - core.analyzer - INFO - [SUCCESS] BNB: 0 sinais gerados, 0 salvos em 0.13s
2025-07-14 03:53:09,926 - core.data_reader - INFO - Carregados 333 pontos para BTC 5m
2025-07-14 03:53:09,973 - core.data_reader - INFO - Carregados 333 pontos para ENA 5m
2025-07-14 03:53:10,001 - indicators.technical - INFO - Análise técnica concluída para BTC: RSI=0 sinais, MACD=0 sinais
2025-07-14 03:53:10,026 - core.analyzer - INFO - [SUCCESS] BTC: 0 sinais gerados, 0 salvos em 0.23s
2025-07-14 03:53:10,030 - core.data_reader - INFO - Carregados 332 pontos para ETH 5m
2025-07-14 03:53:10,099 - indicators.technical - INFO - Análise técnica concluída para ETH: RSI=0 sinais, MACD=0 sinais
2025-07-14 03:53:10,099 - core.analyzer - INFO - [SUCCESS] ETH: 0 sinais gerados, 0 salvos em 0.30s
2025-07-14 03:53:10,106 - core.data_reader - INFO - Carregados 332 pontos para HBAR 5m
2025-07-14 03:53:10,176 - indicators.technical - INFO - Análise técnica concluída para HBAR: RSI=0 sinais, MACD=0 sinais
2025-07-14 03:53:10,176 - core.analyzer - INFO - [SUCCESS] HBAR: 0 sinais gerados, 0 salvos em 0.25s
2025-07-14 03:53:10,217 - core.data_reader - INFO - Carregados 333 pontos para NEAR 5m
2025-07-14 03:53:10,227 - indicators.technical - INFO - Análise técnica concluída para ENA: RSI=0 sinais, MACD=0 sinais
2025-07-14 03:53:10,296 - indicators.technical - INFO - Análise técnica concluída para NEAR: RSI=0 sinais, MACD=0 sinais
2025-07-14 03:53:10,296 - core.analyzer - INFO - [SUCCESS] ENA: 0 sinais gerados, 0 salvos em 0.50s
2025-07-14 03:53:10,297 - core.analyzer - INFO - [SUCCESS] NEAR: 0 sinais gerados, 0 salvos em 0.27s
2025-07-14 03:53:10,301 - core.data_reader - INFO - Carregados 332 pontos para OMNI 5m
2025-07-14 03:53:10,371 - indicators.technical - INFO - Análise técnica concluída para OMNI: RSI=0 sinais, MACD=0 sinais
2025-07-14 03:53:10,371 - core.analyzer - INFO - [SUCCESS] OMNI: 0 sinais gerados, 0 salvos em 0.27s
2025-07-14 03:53:10,374 - core.data_reader - INFO - Carregados 335 pontos para SOL 5m
2025-07-14 03:53:10,438 - indicators.technical - INFO - Análise técnica concluída para SOL: RSI=0 sinais, MACD=0 sinais
2025-07-14 03:53:10,439 - core.analyzer - INFO - [SUCCESS] SOL: 0 sinais gerados, 0 salvos em 0.26s
2025-07-14 03:53:10,439 - core.analyzer - INFO - [COMPLETE] Análise concluída: 8/8 symbols, 0 sinais em 0.66s
2025-07-14 03:53:10,440 - core.analyzer - INFO - [CYCLE] Ciclo concluído: 8 symbols analisados em 0.7s
2025-07-14 03:58:09,784 - core.analyzer - INFO - [START] Iniciando análise de 8 symbols
2025-07-14 03:58:09,799 - core.analyzer - INFO - [DEBUG] Symbols disponíveis no banco: ['BNB', 'BTC', 'ENA', 'ETH', 'HBAR', 'NEAR', 'OMNI', 'SOL']
2025-07-14 03:58:09,800 - core.analyzer - INFO - [DEBUG] Symbols configurados para análise: ['BNB', 'BTC', 'ENA', 'ETH', 'HBAR', 'NEAR', 'OMNI', 'SOL']
2025-07-14 03:58:09,801 - core.analyzer - INFO - [INFO] Symbols que serão analisados: ['BNB', 'BTC', 'ENA', 'ETH', 'HBAR', 'NEAR', 'OMNI', 'SOL']
2025-07-14 03:58:09,834 - core.data_reader - INFO - Carregados 336 pontos para BNB 5m
2025-07-14 03:58:09,912 - indicators.technical - INFO - Análise técnica concluída para BNB: RSI=0 sinais, MACD=0 sinais
2025-07-14 03:58:09,913 - core.analyzer - INFO - [SUCCESS] BNB: 0 sinais gerados, 0 salvos em 0.11s
2025-07-14 03:58:09,917 - core.data_reader - INFO - Carregados 337 pontos para BTC 5m
2025-07-14 03:58:09,987 - indicators.technical - INFO - Análise técnica concluída para BTC: RSI=0 sinais, MACD=0 sinais
2025-07-14 03:58:09,987 - core.analyzer - INFO - [SUCCESS] BTC: 0 sinais gerados, 0 salvos em 0.18s
2025-07-14 03:58:09,991 - core.data_reader - INFO - Carregados 337 pontos para ENA 5m
2025-07-14 03:58:10,064 - indicators.technical - INFO - Análise técnica concluída para ENA: RSI=0 sinais, MACD=0 sinais
2025-07-14 03:58:10,064 - core.analyzer - INFO - [SUCCESS] ENA: 0 sinais gerados, 0 salvos em 0.26s
2025-07-14 03:58:10,068 - core.data_reader - INFO - Carregados 336 pontos para ETH 5m
2025-07-14 03:58:10,139 - indicators.technical - INFO - Análise técnica concluída para ETH: RSI=0 sinais, MACD=0 sinais
2025-07-14 03:58:10,139 - core.analyzer - INFO - [SUCCESS] ETH: 0 sinais gerados, 0 salvos em 0.33s
2025-07-14 03:58:10,147 - core.data_reader - INFO - Carregados 336 pontos para HBAR 5m
2025-07-14 03:58:10,219 - indicators.technical - INFO - Análise técnica concluída para HBAR: RSI=0 sinais, MACD=0 sinais
2025-07-14 03:58:10,219 - core.analyzer - INFO - [SUCCESS] HBAR: 0 sinais gerados, 0 salvos em 0.31s
2025-07-14 03:58:10,223 - core.data_reader - INFO - Carregados 337 pontos para NEAR 5m
2025-07-14 03:58:10,234 - core.data_reader - INFO - Carregados 336 pontos para OMNI 5m
2025-07-14 03:58:10,297 - indicators.technical - INFO - Análise técnica concluída para NEAR: RSI=0 sinais, MACD=0 sinais
2025-07-14 03:58:10,357 - core.analyzer - INFO - [SUCCESS] NEAR: 0 sinais gerados, 0 salvos em 0.37s
2025-07-14 03:58:10,370 - indicators.technical - INFO - Análise técnica concluída para OMNI: RSI=0 sinais, MACD=0 sinais
2025-07-14 03:58:10,370 - core.analyzer - INFO - [SUCCESS] OMNI: 0 sinais gerados, 0 salvos em 0.31s
2025-07-14 03:58:10,373 - core.data_reader - INFO - Carregados 339 pontos para SOL 5m
2025-07-14 03:58:10,437 - indicators.technical - INFO - Análise técnica concluída para SOL: RSI=0 sinais, MACD=0 sinais
2025-07-14 03:58:10,437 - core.analyzer - INFO - [SUCCESS] SOL: 0 sinais gerados, 0 salvos em 0.30s
2025-07-14 03:58:10,438 - core.analyzer - INFO - [COMPLETE] Análise concluída: 8/8 symbols, 0 sinais em 0.65s
2025-07-14 03:58:10,438 - core.analyzer - INFO - [CYCLE] Ciclo concluído: 8 symbols analisados em 0.7s
2025-07-14 04:03:09,785 - core.analyzer - INFO - [START] Iniciando análise de 8 symbols
2025-07-14 04:03:09,794 - core.analyzer - INFO - [DEBUG] Symbols disponíveis no banco: ['BNB', 'BTC', 'ENA', 'ETH', 'HBAR', 'NEAR', 'OMNI', 'SOL']
2025-07-14 04:03:09,795 - core.analyzer - INFO - [DEBUG] Symbols configurados para análise: ['BNB', 'BTC', 'ENA', 'ETH', 'HBAR', 'NEAR', 'OMNI', 'SOL']
2025-07-14 04:03:09,796 - core.analyzer - INFO - [INFO] Symbols que serão analisados: ['BNB', 'BTC', 'ENA', 'ETH', 'HBAR', 'NEAR', 'OMNI', 'SOL']
2025-07-14 04:03:09,831 - core.data_reader - INFO - Carregados 338 pontos para BNB 5m
2025-07-14 04:03:09,906 - indicators.technical - INFO - Análise técnica concluída para BNB: RSI=0 sinais, MACD=0 sinais
2025-07-14 04:03:09,907 - core.analyzer - INFO - [SUCCESS] BNB: 0 sinais gerados, 0 salvos em 0.11s
2025-07-14 04:03:09,909 - core.data_reader - INFO - Carregados 339 pontos para BTC 5m
2025-07-14 04:03:09,912 - core.data_reader - INFO - Carregados 339 pontos para ENA 5m
2025-07-14 04:03:09,985 - indicators.technical - INFO - Análise técnica concluída para BTC: RSI=0 sinais, MACD=0 sinais
2025-07-14 04:03:10,042 - core.analyzer - INFO - [SUCCESS] BTC: 0 sinais gerados, 0 salvos em 0.24s
2025-07-14 04:03:10,058 - indicators.technical - INFO - Análise técnica concluída para ENA: RSI=0 sinais, MACD=0 sinais
2025-07-14 04:03:10,059 - core.analyzer - INFO - [SUCCESS] ENA: 0 sinais gerados, 0 salvos em 0.26s
2025-07-14 04:03:10,062 - core.data_reader - INFO - Carregados 338 pontos para ETH 5m
2025-07-14 04:03:10,135 - indicators.technical - INFO - Análise técnica concluída para ETH: RSI=0 sinais, MACD=0 sinais
2025-07-14 04:03:10,135 - core.analyzer - INFO - [SUCCESS] ETH: 0 sinais gerados, 0 salvos em 0.33s
2025-07-14 04:03:10,143 - core.data_reader - INFO - Carregados 338 pontos para HBAR 5m
2025-07-14 04:03:10,215 - indicators.technical - INFO - Análise técnica concluída para HBAR: RSI=0 sinais, MACD=0 sinais
2025-07-14 04:03:10,216 - core.analyzer - INFO - [SUCCESS] HBAR: 0 sinais gerados, 0 salvos em 0.31s
2025-07-14 04:03:10,219 - core.data_reader - INFO - Carregados 339 pontos para NEAR 5m
2025-07-14 04:03:10,291 - indicators.technical - INFO - Análise técnica concluída para NEAR: RSI=0 sinais, MACD=0 sinais
2025-07-14 04:03:10,294 - core.data_reader - INFO - Carregados 338 pontos para OMNI 5m
2025-07-14 04:03:10,294 - core.analyzer - INFO - [SUCCESS] NEAR: 0 sinais gerados, 0 salvos em 0.24s
2025-07-14 04:03:10,365 - indicators.technical - INFO - Análise técnica concluída para OMNI: RSI=0 sinais, MACD=0 sinais
2025-07-14 04:03:10,369 - core.data_reader - INFO - Carregados 341 pontos para SOL 5m
2025-07-14 04:03:10,369 - core.analyzer - INFO - [SUCCESS] OMNI: 0 sinais gerados, 0 salvos em 0.31s
2025-07-14 04:03:10,435 - indicators.technical - INFO - Análise técnica concluída para SOL: RSI=0 sinais, MACD=0 sinais
2025-07-14 04:03:10,435 - core.analyzer - INFO - [SUCCESS] SOL: 0 sinais gerados, 0 salvos em 0.30s
2025-07-14 04:03:10,436 - core.analyzer - INFO - [COMPLETE] Análise concluída: 8/8 symbols, 0 sinais em 0.65s
2025-07-14 04:03:10,436 - core.analyzer - INFO - [CYCLE] Ciclo concluído: 8 symbols analisados em 0.7s
2025-07-14 04:08:09,786 - core.analyzer - INFO - [START] Iniciando análise de 8 symbols
2025-07-14 04:08:09,795 - core.analyzer - INFO - [DEBUG] Symbols disponíveis no banco: ['BNB', 'BTC', 'ENA', 'ETH', 'HBAR', 'NEAR', 'OMNI', 'SOL']
2025-07-14 04:08:09,796 - core.analyzer - INFO - [DEBUG] Symbols configurados para análise: ['BNB', 'BTC', 'ENA', 'ETH', 'HBAR', 'NEAR', 'OMNI', 'SOL']
2025-07-14 04:08:09,797 - core.analyzer - INFO - [INFO] Symbols que serão analisados: ['BNB', 'BTC', 'ENA', 'ETH', 'HBAR', 'NEAR', 'OMNI', 'SOL']
2025-07-14 04:08:09,848 - core.data_reader - INFO - Carregados 341 pontos para BNB 5m
2025-07-14 04:08:09,920 - core.data_reader - INFO - Carregados 342 pontos para ENA 5m
2025-07-14 04:08:10,148 - indicators.technical - INFO - Análise técnica concluída para ENA: RSI=0 sinais, MACD=0 sinais
2025-07-14 04:08:10,190 - core.analyzer - INFO - [SUCCESS] ENA: 0 sinais gerados, 0 salvos em 0.39s
2025-07-14 04:08:10,215 - indicators.technical - INFO - Análise técnica concluída para BNB: RSI=0 sinais, MACD=0 sinais
2025-07-14 04:08:10,217 - core.data_reader - INFO - Carregados 342 pontos para BTC 5m
2025-07-14 04:08:10,218 - core.analyzer - INFO - [SUCCESS] BNB: 0 sinais gerados, 0 salvos em 0.42s
2025-07-14 04:08:10,320 - indicators.technical - INFO - Análise técnica concluída para BTC: RSI=0 sinais, MACD=0 sinais
2025-07-14 04:08:10,320 - core.analyzer - INFO - [SUCCESS] BTC: 0 sinais gerados, 0 salvos em 0.52s
2025-07-14 04:08:10,326 - core.data_reader - INFO - Carregados 338 pontos para ETH 5m
2025-07-14 04:08:10,426 - indicators.technical - INFO - Análise técnica concluída para ETH: RSI=0 sinais, MACD=0 sinais
2025-07-14 04:08:10,426 - core.analyzer - INFO - [SUCCESS] ETH: 0 sinais gerados, 0 salvos em 0.62s
2025-07-14 04:08:10,435 - core.data_reader - INFO - Carregados 338 pontos para HBAR 5m
2025-07-14 04:08:10,538 - indicators.technical - INFO - Análise técnica concluída para HBAR: RSI=0 sinais, MACD=0 sinais
2025-07-14 04:08:10,538 - core.analyzer - INFO - [SUCCESS] HBAR: 0 sinais gerados, 0 salvos em 0.32s
2025-07-14 04:08:10,542 - core.data_reader - INFO - Carregados 342 pontos para NEAR 5m
2025-07-14 04:08:10,632 - indicators.technical - INFO - Análise técnica concluída para NEAR: RSI=0 sinais, MACD=0 sinais
2025-07-14 04:08:10,632 - core.analyzer - INFO - [SUCCESS] NEAR: 0 sinais gerados, 0 salvos em 0.35s
2025-07-14 04:08:10,636 - core.data_reader - INFO - Carregados 344 pontos para SOL 5m
2025-07-14 04:08:10,666 - core.data_reader - INFO - Carregados 338 pontos para OMNI 5m
2025-07-14 04:08:10,769 - indicators.technical - INFO - Análise técnica concluída para SOL: RSI=0 sinais, MACD=0 sinais
2025-07-14 04:08:10,791 - indicators.technical - INFO - Análise técnica concluída para OMNI: RSI=0 sinais, MACD=0 sinais
2025-07-14 04:08:10,791 - core.analyzer - INFO - [SUCCESS] SOL: 0 sinais gerados, 0 salvos em 0.36s
2025-07-14 04:08:10,791 - core.analyzer - INFO - [SUCCESS] OMNI: 0 sinais gerados, 0 salvos em 0.47s
2025-07-14 04:08:10,792 - core.analyzer - INFO - [COMPLETE] Análise concluída: 8/8 symbols, 0 sinais em 1.01s
2025-07-14 04:08:10,793 - core.analyzer - INFO - [CYCLE] Ciclo concluído: 8 symbols analisados em 1.0s
2025-07-14 04:13:09,786 - core.analyzer - INFO - [START] Iniciando análise de 8 symbols
2025-07-14 04:13:09,792 - core.analyzer - INFO - [DEBUG] Symbols disponíveis no banco: ['BNB', 'BTC', 'ENA', 'ETH', 'HBAR', 'NEAR', 'OMNI', 'SOL']
2025-07-14 04:13:09,793 - core.analyzer - INFO - [DEBUG] Symbols configurados para análise: ['BNB', 'BTC', 'ENA', 'ETH', 'HBAR', 'NEAR', 'OMNI', 'SOL']
2025-07-14 04:13:09,794 - core.analyzer - INFO - [INFO] Symbols que serão analisados: ['BNB', 'BTC', 'ENA', 'ETH', 'HBAR', 'NEAR', 'OMNI', 'SOL']
2025-07-14 04:13:09,833 - core.data_reader - INFO - Carregados 342 pontos para BTC 5m
2025-07-14 04:13:09,837 - core.data_reader - INFO - Carregados 342 pontos para ENA 5m
2025-07-14 04:13:09,897 - core.data_reader - INFO - Carregados 341 pontos para BNB 5m
2025-07-14 04:13:09,918 - indicators.technical - INFO - Análise técnica concluída para BTC: RSI=0 sinais, MACD=0 sinais
2025-07-14 04:13:09,985 - core.analyzer - INFO - [SUCCESS] BTC: 0 sinais gerados, 0 salvos em 0.19s
2025-07-14 04:13:10,001 - indicators.technical - INFO - Análise técnica concluída para ENA: RSI=0 sinais, MACD=0 sinais
2025-07-14 04:13:10,002 - core.analyzer - INFO - [SUCCESS] ENA: 0 sinais gerados, 0 salvos em 0.20s
2025-07-14 04:13:10,006 - core.data_reader - INFO - Carregados 341 pontos para ETH 5m
2025-07-14 04:13:10,078 - indicators.technical - INFO - Análise técnica concluída para ETH: RSI=0 sinais, MACD=0 sinais
2025-07-14 04:13:10,078 - core.analyzer - INFO - [SUCCESS] ETH: 0 sinais gerados, 0 salvos em 0.28s
2025-07-14 04:13:10,144 - indicators.technical - INFO - Análise técnica concluída para BNB: RSI=0 sinais, MACD=0 sinais
2025-07-14 04:13:10,144 - core.analyzer - INFO - [SUCCESS] BNB: 0 sinais gerados, 0 salvos em 0.35s
2025-07-14 04:13:10,149 - core.data_reader - INFO - Carregados 342 pontos para NEAR 5m
2025-07-14 04:13:10,221 - indicators.technical - INFO - Análise técnica concluída para NEAR: RSI=0 sinais, MACD=0 sinais
2025-07-14 04:13:10,224 - core.analyzer - INFO - [SUCCESS] NEAR: 0 sinais gerados, 0 salvos em 0.22s
2025-07-14 04:13:10,224 - core.data_reader - INFO - Carregados 341 pontos para HBAR 5m
2025-07-14 04:13:10,296 - indicators.technical - INFO - Análise técnica concluída para HBAR: RSI=0 sinais, MACD=0 sinais
2025-07-14 04:13:10,297 - core.analyzer - INFO - [SUCCESS] HBAR: 0 sinais gerados, 0 salvos em 0.30s
2025-07-14 04:13:10,301 - core.data_reader - INFO - Carregados 341 pontos para OMNI 5m
2025-07-14 04:13:10,373 - indicators.technical - INFO - Análise técnica concluída para OMNI: RSI=0 sinais, MACD=0 sinais
2025-07-14 04:13:10,374 - core.analyzer - INFO - [SUCCESS] OMNI: 0 sinais gerados, 0 salvos em 0.29s
2025-07-14 04:13:10,376 - core.data_reader - INFO - Carregados 344 pontos para SOL 5m
2025-07-14 04:13:10,441 - indicators.technical - INFO - Análise técnica concluída para SOL: RSI=0 sinais, MACD=0 sinais
2025-07-14 04:13:10,441 - core.analyzer - INFO - [SUCCESS] SOL: 0 sinais gerados, 0 salvos em 0.30s
2025-07-14 04:13:10,442 - core.analyzer - INFO - [COMPLETE] Análise concluída: 8/8 symbols, 0 sinais em 0.66s
2025-07-14 04:13:10,442 - core.analyzer - INFO - [CYCLE] Ciclo concluído: 8 symbols analisados em 0.7s
2025-07-14 04:18:09,787 - core.analyzer - INFO - [START] Iniciando análise de 8 symbols
2025-07-14 04:18:09,796 - core.analyzer - INFO - [DEBUG] Symbols disponíveis no banco: ['BNB', 'BTC', 'ENA', 'ETH', 'HBAR', 'NEAR', 'OMNI', 'SOL']
2025-07-14 04:18:09,797 - core.analyzer - INFO - [DEBUG] Symbols configurados para análise: ['BNB', 'BTC', 'ENA', 'ETH', 'HBAR', 'NEAR', 'OMNI', 'SOL']
2025-07-14 04:18:09,798 - core.analyzer - INFO - [INFO] Symbols que serão analisados: ['BNB', 'BTC', 'ENA', 'ETH', 'HBAR', 'NEAR', 'OMNI', 'SOL']
2025-07-14 04:18:09,825 - core.data_reader - INFO - Carregados 344 pontos para BNB 5m
2025-07-14 04:18:09,904 - indicators.technical - INFO - Análise técnica concluída para BNB: RSI=0 sinais, MACD=0 sinais
2025-07-14 04:18:09,904 - core.analyzer - INFO - [SUCCESS] BNB: 0 sinais gerados, 0 salvos em 0.10s
2025-07-14 04:18:09,909 - core.data_reader - INFO - Carregados 345 pontos para BTC 5m
2025-07-14 04:18:09,983 - indicators.technical - INFO - Análise técnica concluída para BTC: RSI=0 sinais, MACD=0 sinais
2025-07-14 04:18:09,983 - core.analyzer - INFO - [SUCCESS] BTC: 0 sinais gerados, 0 salvos em 0.18s
2025-07-14 04:18:09,988 - core.data_reader - INFO - Carregados 345 pontos para ENA 5m
2025-07-14 04:18:10,061 - indicators.technical - INFO - Análise técnica concluída para ENA: RSI=0 sinais, MACD=0 sinais
2025-07-14 04:18:10,061 - core.analyzer - INFO - [SUCCESS] ENA: 0 sinais gerados, 0 salvos em 0.26s
2025-07-14 04:18:10,065 - core.data_reader - INFO - Carregados 344 pontos para ETH 5m
2025-07-14 04:18:10,137 - indicators.technical - INFO - Análise técnica concluída para ETH: RSI=0 sinais, MACD=0 sinais
2025-07-14 04:18:10,138 - core.analyzer - INFO - [SUCCESS] ETH: 0 sinais gerados, 0 salvos em 0.33s
2025-07-14 04:18:10,143 - core.data_reader - INFO - Carregados 344 pontos para HBAR 5m
2025-07-14 04:18:10,216 - indicators.technical - INFO - Análise técnica concluída para HBAR: RSI=0 sinais, MACD=0 sinais
2025-07-14 04:18:10,216 - core.analyzer - INFO - [SUCCESS] HBAR: 0 sinais gerados, 0 salvos em 0.31s
2025-07-14 04:18:10,221 - core.data_reader - INFO - Carregados 345 pontos para NEAR 5m
2025-07-14 04:18:10,293 - indicators.technical - INFO - Análise técnica concluída para NEAR: RSI=0 sinais, MACD=0 sinais
2025-07-14 04:18:10,293 - core.analyzer - INFO - [SUCCESS] NEAR: 0 sinais gerados, 0 salvos em 0.31s
2025-07-14 04:18:10,297 - core.data_reader - INFO - Carregados 344 pontos para OMNI 5m
2025-07-14 04:18:10,316 - core.data_reader - INFO - Carregados 347 pontos para SOL 5m
2025-07-14 04:18:10,406 - indicators.technical - INFO - Análise técnica concluída para SOL: RSI=0 sinais, MACD=0 sinais
2025-07-14 04:18:10,410 - core.analyzer - INFO - [SUCCESS] SOL: 0 sinais gerados, 0 salvos em 0.27s
2025-07-14 04:18:10,450 - indicators.technical - INFO - Análise técnica concluída para OMNI: RSI=0 sinais, MACD=0 sinais
2025-07-14 04:18:10,451 - core.analyzer - INFO - [SUCCESS] OMNI: 0 sinais gerados, 0 salvos em 0.39s
2025-07-14 04:18:10,451 - core.analyzer - INFO - [COMPLETE] Análise concluída: 8/8 symbols, 0 sinais em 0.66s
2025-07-14 04:18:10,452 - core.analyzer - INFO - [CYCLE] Ciclo concluído: 8 symbols analisados em 0.7s
2025-07-14 04:23:09,788 - core.analyzer - INFO - [START] Iniciando análise de 8 symbols
2025-07-14 04:23:09,796 - core.analyzer - INFO - [DEBUG] Symbols disponíveis no banco: ['BNB', 'BTC', 'ENA', 'ETH', 'HBAR', 'NEAR', 'OMNI', 'SOL']
2025-07-14 04:23:09,797 - core.analyzer - INFO - [DEBUG] Symbols configurados para análise: ['BNB', 'BTC', 'ENA', 'ETH', 'HBAR', 'NEAR', 'OMNI', 'SOL']
2025-07-14 04:23:09,798 - core.analyzer - INFO - [INFO] Symbols que serão analisados: ['BNB', 'BTC', 'ENA', 'ETH', 'HBAR', 'NEAR', 'OMNI', 'SOL']
2025-07-14 04:23:09,825 - core.data_reader - INFO - Carregados 348 pontos para BNB 5m
2025-07-14 04:23:09,904 - indicators.technical - INFO - Análise técnica concluída para BNB: RSI=0 sinais, MACD=0 sinais
2025-07-14 04:23:09,904 - core.analyzer - INFO - [SUCCESS] BNB: 0 sinais gerados, 0 salvos em 0.10s
2025-07-14 04:23:09,908 - core.data_reader - INFO - Carregados 348 pontos para ETH 5m
2025-07-14 04:23:09,982 - indicators.technical - INFO - Análise técnica concluída para ETH: RSI=0 sinais, MACD=0 sinais
2025-07-14 04:23:09,983 - core.analyzer - INFO - [SUCCESS] ETH: 0 sinais gerados, 0 salvos em 0.18s
2025-07-14 04:23:09,986 - core.data_reader - INFO - Carregados 349 pontos para BTC 5m
2025-07-14 04:23:10,060 - indicators.technical - INFO - Análise técnica concluída para BTC: RSI=0 sinais, MACD=0 sinais
2025-07-14 04:23:10,060 - core.analyzer - INFO - [SUCCESS] BTC: 0 sinais gerados, 0 salvos em 0.26s
2025-07-14 04:23:10,064 - core.data_reader - INFO - Carregados 349 pontos para ENA 5m
2025-07-14 04:23:10,137 - indicators.technical - INFO - Análise técnica concluída para ENA: RSI=0 sinais, MACD=0 sinais
2025-07-14 04:23:10,138 - core.analyzer - INFO - [SUCCESS] ENA: 0 sinais gerados, 0 salvos em 0.34s
2025-07-14 04:23:10,146 - core.data_reader - INFO - Carregados 349 pontos para NEAR 5m
2025-07-14 04:23:10,219 - indicators.technical - INFO - Análise técnica concluída para NEAR: RSI=0 sinais, MACD=0 sinais
2025-07-14 04:23:10,220 - core.analyzer - INFO - [SUCCESS] NEAR: 0 sinais gerados, 0 salvos em 0.24s
2025-07-14 04:23:10,223 - core.data_reader - INFO - Carregados 348 pontos para HBAR 5m
2025-07-14 04:23:10,297 - indicators.technical - INFO - Análise técnica concluída para HBAR: RSI=0 sinais, MACD=0 sinais
2025-07-14 04:23:10,297 - core.analyzer - INFO - [SUCCESS] HBAR: 0 sinais gerados, 0 salvos em 0.39s
2025-07-14 04:23:10,300 - core.data_reader - INFO - Carregados 348 pontos para OMNI 5m
2025-07-14 04:23:10,373 - indicators.technical - INFO - Análise técnica concluída para OMNI: RSI=0 sinais, MACD=0 sinais
2025-07-14 04:23:10,374 - core.analyzer - INFO - [SUCCESS] OMNI: 0 sinais gerados, 0 salvos em 0.31s
2025-07-14 04:23:10,376 - core.data_reader - INFO - Carregados 350 pontos para SOL 5m
2025-07-14 04:23:10,443 - indicators.technical - INFO - Análise técnica concluída para SOL: RSI=0 sinais, MACD=0 sinais
2025-07-14 04:23:10,443 - core.analyzer - INFO - [SUCCESS] SOL: 0 sinais gerados, 0 salvos em 0.31s
2025-07-14 04:23:10,444 - core.analyzer - INFO - [COMPLETE] Análise concluída: 8/8 symbols, 0 sinais em 0.66s
2025-07-14 04:23:10,444 - core.analyzer - INFO - [CYCLE] Ciclo concluído: 8 symbols analisados em 0.7s
2025-07-14 04:28:09,789 - core.analyzer - INFO - [START] Iniciando análise de 8 symbols
2025-07-14 04:28:09,801 - core.analyzer - INFO - [DEBUG] Symbols disponíveis no banco: ['BNB', 'BTC', 'ENA', 'ETH', 'HBAR', 'NEAR', 'OMNI', 'SOL']
2025-07-14 04:28:09,802 - core.analyzer - INFO - [DEBUG] Symbols configurados para análise: ['BNB', 'BTC', 'ENA', 'ETH', 'HBAR', 'NEAR', 'OMNI', 'SOL']
2025-07-14 04:28:09,803 - core.analyzer - INFO - [INFO] Symbols que serão analisados: ['BNB', 'BTC', 'ENA', 'ETH', 'HBAR', 'NEAR', 'OMNI', 'SOL']
2025-07-14 04:28:09,837 - core.data_reader - INFO - Carregados 352 pontos para BNB 5m
2025-07-14 04:28:09,916 - indicators.technical - INFO - Análise técnica concluída para BNB: RSI=0 sinais, MACD=0 sinais
2025-07-14 04:28:09,917 - core.analyzer - INFO - [SUCCESS] BNB: 0 sinais gerados, 0 salvos em 0.11s
2025-07-14 04:28:09,920 - core.data_reader - INFO - Carregados 352 pontos para ETH 5m
2025-07-14 04:28:09,923 - core.data_reader - INFO - Carregados 353 pontos para ENA 5m
2025-07-14 04:28:09,999 - indicators.technical - INFO - Análise técnica concluída para ETH: RSI=0 sinais, MACD=0 sinais
2025-07-14 04:28:10,018 - core.data_reader - INFO - Carregados 353 pontos para BTC 5m
2025-07-14 04:28:10,018 - core.analyzer - INFO - [SUCCESS] ETH: 0 sinais gerados, 0 salvos em 0.21s
2025-07-14 04:28:10,076 - indicators.technical - INFO - Análise técnica concluída para ENA: RSI=0 sinais, MACD=0 sinais
2025-07-14 04:28:10,102 - core.analyzer - INFO - [SUCCESS] ENA: 0 sinais gerados, 0 salvos em 0.29s
2025-07-14 04:28:10,156 - indicators.technical - INFO - Análise técnica concluída para BTC: RSI=0 sinais, MACD=0 sinais
2025-07-14 04:28:10,156 - core.analyzer - INFO - [SUCCESS] BTC: 0 sinais gerados, 0 salvos em 0.35s
2025-07-14 04:28:10,161 - core.data_reader - INFO - Carregados 352 pontos para HBAR 5m
2025-07-14 04:28:10,235 - indicators.technical - INFO - Análise técnica concluída para HBAR: RSI=0 sinais, MACD=0 sinais
2025-07-14 04:28:10,235 - core.analyzer - INFO - [SUCCESS] HBAR: 0 sinais gerados, 0 salvos em 0.31s
2025-07-14 04:28:10,239 - core.data_reader - INFO - Carregados 353 pontos para NEAR 5m
2025-07-14 04:28:10,316 - indicators.technical - INFO - Análise técnica concluída para NEAR: RSI=0 sinais, MACD=0 sinais
2025-07-14 04:28:10,318 - core.data_reader - INFO - Carregados 352 pontos para OMNI 5m
2025-07-14 04:28:10,318 - core.analyzer - INFO - [SUCCESS] NEAR: 0 sinais gerados, 0 salvos em 0.22s
2025-07-14 04:28:10,395 - indicators.technical - INFO - Análise técnica concluída para OMNI: RSI=0 sinais, MACD=0 sinais
2025-07-14 04:28:10,395 - core.analyzer - INFO - [SUCCESS] OMNI: 0 sinais gerados, 0 salvos em 0.29s
2025-07-14 04:28:10,398 - core.data_reader - INFO - Carregados 354 pontos para SOL 5m
2025-07-14 04:28:10,465 - indicators.technical - INFO - Análise técnica concluída para SOL: RSI=0 sinais, MACD=0 sinais
2025-07-14 04:28:10,466 - core.analyzer - INFO - [SUCCESS] SOL: 0 sinais gerados, 0 salvos em 0.31s
2025-07-14 04:28:10,466 - core.analyzer - INFO - [COMPLETE] Análise concluída: 8/8 symbols, 0 sinais em 0.68s
2025-07-14 04:28:10,467 - core.analyzer - INFO - [CYCLE] Ciclo concluído: 8 symbols analisados em 0.7s
2025-07-14 04:33:09,789 - core.analyzer - INFO - [START] Iniciando análise de 8 symbols
2025-07-14 04:33:09,800 - core.analyzer - INFO - [DEBUG] Symbols disponíveis no banco: ['BNB', 'BTC', 'ENA', 'ETH', 'HBAR', 'NEAR', 'OMNI', 'SOL']
2025-07-14 04:33:09,800 - core.analyzer - INFO - [DEBUG] Symbols configurados para análise: ['BNB', 'BTC', 'ENA', 'ETH', 'HBAR', 'NEAR', 'OMNI', 'SOL']
2025-07-14 04:33:09,801 - core.analyzer - INFO - [INFO] Symbols que serão analisados: ['BNB', 'BTC', 'ENA', 'ETH', 'HBAR', 'NEAR', 'OMNI', 'SOL']
2025-07-14 04:33:09,837 - core.data_reader - INFO - Carregados 355 pontos para BNB 5m
2025-07-14 04:33:09,918 - indicators.technical - INFO - Análise técnica concluída para BNB: RSI=0 sinais, MACD=0 sinais
2025-07-14 04:33:09,919 - core.analyzer - INFO - [SUCCESS] BNB: 0 sinais gerados, 0 salvos em 0.12s
2025-07-14 04:33:09,923 - core.data_reader - INFO - Carregados 356 pontos para BTC 5m
2025-07-14 04:33:09,925 - core.data_reader - INFO - Carregados 355 pontos para ETH 5m
2025-07-14 04:33:10,002 - indicators.technical - INFO - Análise técnica concluída para BTC: RSI=0 sinais, MACD=0 sinais
2025-07-14 04:33:10,028 - core.analyzer - INFO - [SUCCESS] BTC: 0 sinais gerados, 0 salvos em 0.22s
2025-07-14 04:33:10,077 - indicators.technical - INFO - Análise técnica concluída para ETH: RSI=0 sinais, MACD=0 sinais
2025-07-14 04:33:10,077 - core.analyzer - INFO - [SUCCESS] ETH: 0 sinais gerados, 0 salvos em 0.27s
2025-07-14 04:33:10,081 - core.data_reader - INFO - Carregados 356 pontos para ENA 5m
2025-07-14 04:33:10,156 - indicators.technical - INFO - Análise técnica concluída para ENA: RSI=0 sinais, MACD=0 sinais
2025-07-14 04:33:10,156 - core.analyzer - INFO - [SUCCESS] ENA: 0 sinais gerados, 0 salvos em 0.35s
2025-07-14 04:33:10,166 - core.data_reader - INFO - Carregados 355 pontos para HBAR 5m
2025-07-14 04:33:10,241 - indicators.technical - INFO - Análise técnica concluída para HBAR: RSI=0 sinais, MACD=0 sinais
2025-07-14 04:33:10,241 - core.analyzer - INFO - [SUCCESS] HBAR: 0 sinais gerados, 0 salvos em 0.32s
2025-07-14 04:33:10,244 - core.data_reader - INFO - Carregados 355 pontos para OMNI 5m
2025-07-14 04:33:10,319 - indicators.technical - INFO - Análise técnica concluída para OMNI: RSI=0 sinais, MACD=0 sinais
2025-07-14 04:33:10,320 - core.analyzer - INFO - [SUCCESS] OMNI: 0 sinais gerados, 0 salvos em 0.24s
2025-07-14 04:33:10,323 - core.data_reader - INFO - Carregados 356 pontos para NEAR 5m
2025-07-14 04:33:10,399 - indicators.technical - INFO - Análise técnica concluída para NEAR: RSI=0 sinais, MACD=0 sinais
2025-07-14 04:33:10,399 - core.analyzer - INFO - [SUCCESS] NEAR: 0 sinais gerados, 0 salvos em 0.35s
2025-07-14 04:33:10,402 - core.data_reader - INFO - Carregados 357 pontos para SOL 5m
2025-07-14 04:33:10,471 - indicators.technical - INFO - Análise técnica concluída para SOL: RSI=0 sinais, MACD=0 sinais
2025-07-14 04:33:10,472 - core.analyzer - INFO - [SUCCESS] SOL: 0 sinais gerados, 0 salvos em 0.31s
2025-07-14 04:33:10,472 - core.analyzer - INFO - [COMPLETE] Análise concluída: 8/8 symbols, 0 sinais em 0.68s
2025-07-14 04:33:10,473 - core.analyzer - INFO - [CYCLE] Ciclo concluído: 8 symbols analisados em 0.7s
2025-07-14 04:38:09,790 - core.analyzer - INFO - [START] Iniciando análise de 8 symbols
2025-07-14 04:38:09,792 - core.analyzer - INFO - [DEBUG] Symbols disponíveis no banco: ['BNB', 'BTC', 'ENA', 'ETH', 'HBAR', 'NEAR', 'OMNI', 'SOL']
2025-07-14 04:38:09,792 - core.analyzer - INFO - [DEBUG] Symbols configurados para análise: ['BNB', 'BTC', 'ENA', 'ETH', 'HBAR', 'NEAR', 'OMNI', 'SOL']
2025-07-14 04:38:09,793 - core.analyzer - INFO - [INFO] Symbols que serão analisados: ['BNB', 'BTC', 'ENA', 'ETH', 'HBAR', 'NEAR', 'OMNI', 'SOL']
2025-07-14 04:38:09,803 - core.data_reader - INFO - Carregados 355 pontos para BNB 5m
2025-07-14 04:38:09,879 - indicators.technical - INFO - Análise técnica concluída para BNB: RSI=0 sinais, MACD=0 sinais
2025-07-14 04:38:09,879 - core.analyzer - INFO - [SUCCESS] BNB: 0 sinais gerados, 0 salvos em 0.09s
2025-07-14 04:38:09,884 - core.data_reader - INFO - Carregados 356 pontos para BTC 5m
2025-07-14 04:38:09,961 - indicators.technical - INFO - Análise técnica concluída para BTC: RSI=0 sinais, MACD=0 sinais
2025-07-14 04:38:09,961 - core.analyzer - INFO - [SUCCESS] BTC: 0 sinais gerados, 0 salvos em 0.17s
2025-07-14 04:38:09,965 - core.data_reader - INFO - Carregados 356 pontos para ENA 5m
2025-07-14 04:38:10,040 - indicators.technical - INFO - Análise técnica concluída para ENA: RSI=0 sinais, MACD=0 sinais
2025-07-14 04:38:10,041 - core.analyzer - INFO - [SUCCESS] ENA: 0 sinais gerados, 0 salvos em 0.25s
2025-07-14 04:38:10,044 - core.data_reader - INFO - Carregados 355 pontos para ETH 5m
2025-07-14 04:38:10,120 - indicators.technical - INFO - Análise técnica concluída para ETH: RSI=0 sinais, MACD=0 sinais
2025-07-14 04:38:10,120 - core.analyzer - INFO - [SUCCESS] ETH: 0 sinais gerados, 0 salvos em 0.33s
2025-07-14 04:38:10,128 - core.data_reader - INFO - Carregados 355 pontos para HBAR 5m
2025-07-14 04:38:10,204 - indicators.technical - INFO - Análise técnica concluída para HBAR: RSI=0 sinais, MACD=0 sinais
2025-07-14 04:38:10,204 - core.analyzer - INFO - [SUCCESS] HBAR: 0 sinais gerados, 0 salvos em 0.32s
2025-07-14 04:38:10,208 - core.data_reader - INFO - Carregados 355 pontos para OMNI 5m
2025-07-14 04:38:10,283 - indicators.technical - INFO - Análise técnica concluída para OMNI: RSI=0 sinais, MACD=0 sinais
2025-07-14 04:38:10,284 - core.analyzer - INFO - [SUCCESS] OMNI: 0 sinais gerados, 0 salvos em 0.24s
2025-07-14 04:38:10,287 - core.data_reader - INFO - Carregados 356 pontos para NEAR 5m
2025-07-14 04:38:10,297 - core.data_reader - INFO - Carregados 357 pontos para SOL 5m
2025-07-14 04:38:10,463 - indicators.technical - INFO - Análise técnica concluída para SOL: RSI=0 sinais, MACD=0 sinais
2025-07-14 04:38:10,465 - indicators.technical - INFO - Análise técnica concluída para NEAR: RSI=0 sinais, MACD=0 sinais
2025-07-14 04:38:10,465 - core.analyzer - INFO - [SUCCESS] SOL: 0 sinais gerados, 0 salvos em 0.34s
2025-07-14 04:38:10,465 - core.analyzer - INFO - [SUCCESS] NEAR: 0 sinais gerados, 0 salvos em 0.50s
2025-07-14 04:38:10,466 - core.analyzer - INFO - [COMPLETE] Análise concluída: 8/8 symbols, 0 sinais em 0.68s
2025-07-14 04:38:10,466 - core.analyzer - INFO - [CYCLE] Ciclo concluído: 8 symbols analisados em 0.7s
2025-07-14 04:43:09,790 - core.analyzer - INFO - [START] Iniciando análise de 8 symbols
2025-07-14 04:43:09,796 - core.analyzer - INFO - [DEBUG] Symbols disponíveis no banco: ['BNB', 'BTC', 'ENA', 'ETH', 'HBAR', 'NEAR', 'OMNI', 'SOL']
2025-07-14 04:43:09,797 - core.analyzer - INFO - [DEBUG] Symbols configurados para análise: ['BNB', 'BTC', 'ENA', 'ETH', 'HBAR', 'NEAR', 'OMNI', 'SOL']
2025-07-14 04:43:09,798 - core.analyzer - INFO - [INFO] Symbols que serão analisados: ['BNB', 'BTC', 'ENA', 'ETH', 'HBAR', 'NEAR', 'OMNI', 'SOL']
2025-07-14 04:43:09,831 - core.data_reader - INFO - Carregados 359 pontos para BNB 5m
2025-07-14 04:43:09,912 - indicators.technical - INFO - Análise técnica concluída para BNB: RSI=0 sinais, MACD=0 sinais
2025-07-14 04:43:09,912 - core.analyzer - INFO - [SUCCESS] BNB: 0 sinais gerados, 0 salvos em 0.11s
2025-07-14 04:43:09,916 - core.data_reader - INFO - Carregados 359 pontos para ETH 5m
2025-07-14 04:43:09,992 - indicators.technical - INFO - Análise técnica concluída para ETH: RSI=0 sinais, MACD=0 sinais
2025-07-14 04:43:09,992 - core.analyzer - INFO - [SUCCESS] ETH: 0 sinais gerados, 0 salvos em 0.19s
2025-07-14 04:43:09,996 - core.data_reader - INFO - Carregados 360 pontos para ENA 5m
2025-07-14 04:43:10,073 - indicators.technical - INFO - Análise técnica concluída para ENA: RSI=0 sinais, MACD=0 sinais
2025-07-14 04:43:10,075 - core.data_reader - INFO - Carregados 360 pontos para BTC 5m
2025-07-14 04:43:10,075 - core.analyzer - INFO - [SUCCESS] ENA: 0 sinais gerados, 0 salvos em 0.27s
2025-07-14 04:43:10,154 - indicators.technical - INFO - Análise técnica concluída para BTC: RSI=0 sinais, MACD=0 sinais
2025-07-14 04:43:10,155 - core.analyzer - INFO - [SUCCESS] BTC: 0 sinais gerados, 0 salvos em 0.35s
2025-07-14 04:43:10,163 - core.data_reader - INFO - Carregados 359 pontos para HBAR 5m
2025-07-14 04:43:10,239 - indicators.technical - INFO - Análise técnica concluída para HBAR: RSI=0 sinais, MACD=0 sinais
2025-07-14 04:43:10,239 - core.analyzer - INFO - [SUCCESS] HBAR: 0 sinais gerados, 0 salvos em 0.33s
2025-07-14 04:43:10,243 - core.data_reader - INFO - Carregados 360 pontos para NEAR 5m
2025-07-14 04:43:10,319 - indicators.technical - INFO - Análise técnica concluída para NEAR: RSI=0 sinais, MACD=0 sinais
2025-07-14 04:43:10,320 - core.analyzer - INFO - [SUCCESS] NEAR: 0 sinais gerados, 0 salvos em 0.33s
2025-07-14 04:43:10,323 - core.data_reader - INFO - Carregados 359 pontos para OMNI 5m
2025-07-14 04:43:10,400 - indicators.technical - INFO - Análise técnica concluída para OMNI: RSI=0 sinais, MACD=0 sinais
2025-07-14 04:43:10,401 - core.analyzer - INFO - [SUCCESS] OMNI: 0 sinais gerados, 0 salvos em 0.30s
2025-07-14 04:43:10,403 - core.data_reader - INFO - Carregados 361 pontos para SOL 5m
2025-07-14 04:43:10,473 - indicators.technical - INFO - Análise técnica concluída para SOL: RSI=0 sinais, MACD=0 sinais
2025-07-14 04:43:10,473 - core.analyzer - INFO - [SUCCESS] SOL: 0 sinais gerados, 0 salvos em 0.32s
2025-07-14 04:43:10,474 - core.analyzer - INFO - [COMPLETE] Análise concluída: 8/8 symbols, 0 sinais em 0.68s
2025-07-14 04:43:10,474 - core.analyzer - INFO - [CYCLE] Ciclo concluído: 8 symbols analisados em 0.7s
2025-07-14 04:48:09,791 - core.analyzer - INFO - [START] Iniciando análise de 8 symbols
2025-07-14 04:48:09,800 - core.analyzer - INFO - [DEBUG] Symbols disponíveis no banco: ['BNB', 'BTC', 'ENA', 'ETH', 'HBAR', 'NEAR', 'OMNI', 'SOL']
2025-07-14 04:48:09,801 - core.analyzer - INFO - [DEBUG] Symbols configurados para análise: ['BNB', 'BTC', 'ENA', 'ETH', 'HBAR', 'NEAR', 'OMNI', 'SOL']
2025-07-14 04:48:09,802 - core.analyzer - INFO - [INFO] Symbols que serão analisados: ['BNB', 'BTC', 'ENA', 'ETH', 'HBAR', 'NEAR', 'OMNI', 'SOL']
2025-07-14 04:48:09,834 - core.data_reader - INFO - Carregados 364 pontos para BTC 5m
2025-07-14 04:48:09,919 - indicators.technical - INFO - Análise técnica concluída para BTC: RSI=0 sinais, MACD=0 sinais
2025-07-14 04:48:09,919 - core.analyzer - INFO - [SUCCESS] BTC: 0 sinais gerados, 0 salvos em 0.11s
2025-07-14 04:48:09,923 - core.data_reader - INFO - Carregados 363 pontos para BNB 5m
2025-07-14 04:48:10,001 - indicators.technical - INFO - Análise técnica concluída para BNB: RSI=0 sinais, MACD=0 sinais
2025-07-14 04:48:10,001 - core.analyzer - INFO - [SUCCESS] BNB: 0 sinais gerados, 0 salvos em 0.20s
2025-07-14 04:48:10,004 - core.data_reader - INFO - Carregados 364 pontos para ENA 5m
2025-07-14 04:48:10,082 - indicators.technical - INFO - Análise técnica concluída para ENA: RSI=0 sinais, MACD=0 sinais
2025-07-14 04:48:10,082 - core.analyzer - INFO - [SUCCESS] ENA: 0 sinais gerados, 0 salvos em 0.28s
2025-07-14 04:48:10,086 - core.data_reader - INFO - Carregados 362 pontos para ETH 5m
2025-07-14 04:48:10,162 - indicators.technical - INFO - Análise técnica concluída para ETH: RSI=0 sinais, MACD=0 sinais
2025-07-14 04:48:10,163 - core.analyzer - INFO - [SUCCESS] ETH: 0 sinais gerados, 0 salvos em 0.35s
2025-07-14 04:48:10,171 - core.data_reader - INFO - Carregados 362 pontos para HBAR 5m
2025-07-14 04:48:10,246 - indicators.technical - INFO - Análise técnica concluída para HBAR: RSI=0 sinais, MACD=0 sinais
2025-07-14 04:48:10,247 - core.analyzer - INFO - [SUCCESS] HBAR: 0 sinais gerados, 0 salvos em 0.33s
2025-07-14 04:48:10,250 - core.data_reader - INFO - Carregados 364 pontos para NEAR 5m
2025-07-14 04:48:10,328 - indicators.technical - INFO - Análise técnica concluída para NEAR: RSI=0 sinais, MACD=0 sinais
2025-07-14 04:48:10,328 - core.analyzer - INFO - [SUCCESS] NEAR: 0 sinais gerados, 0 salvos em 0.33s
2025-07-14 04:48:10,331 - core.data_reader - INFO - Carregados 362 pontos para OMNI 5m
2025-07-14 04:48:10,407 - indicators.technical - INFO - Análise técnica concluída para OMNI: RSI=0 sinais, MACD=0 sinais
2025-07-14 04:48:10,408 - core.analyzer - INFO - [SUCCESS] OMNI: 0 sinais gerados, 0 salvos em 0.33s
2025-07-14 04:48:10,410 - core.data_reader - INFO - Carregados 365 pontos para SOL 5m
2025-07-14 04:48:10,480 - indicators.technical - INFO - Análise técnica concluída para SOL: RSI=0 sinais, MACD=0 sinais
2025-07-14 04:48:10,480 - core.analyzer - INFO - [SUCCESS] SOL: 0 sinais gerados, 0 salvos em 0.32s
2025-07-14 04:48:10,480 - core.analyzer - INFO - [COMPLETE] Análise concluída: 8/8 symbols, 0 sinais em 0.69s
2025-07-14 04:48:10,481 - core.analyzer - INFO - [CYCLE] Ciclo concluído: 8 symbols analisados em 0.7s
2025-07-14 04:53:09,792 - core.analyzer - INFO - [START] Iniciando análise de 8 symbols
2025-07-14 04:53:09,802 - core.analyzer - INFO - [DEBUG] Symbols disponíveis no banco: ['BNB', 'BTC', 'ENA', 'ETH', 'HBAR', 'NEAR', 'OMNI', 'SOL']
2025-07-14 04:53:09,803 - core.analyzer - INFO - [DEBUG] Symbols configurados para análise: ['BNB', 'BTC', 'ENA', 'ETH', 'HBAR', 'NEAR', 'OMNI', 'SOL']
2025-07-14 04:53:09,803 - core.analyzer - INFO - [INFO] Symbols que serão analisados: ['BNB', 'BTC', 'ENA', 'ETH', 'HBAR', 'NEAR', 'OMNI', 'SOL']
2025-07-14 04:53:09,842 - core.data_reader - INFO - Carregados 367 pontos para BNB 5m
2025-07-14 04:53:09,925 - indicators.technical - INFO - Análise técnica concluída para BNB: RSI=0 sinais, MACD=0 sinais
2025-07-14 04:53:09,925 - core.analyzer - INFO - [SUCCESS] BNB: 0 sinais gerados, 0 salvos em 0.12s
2025-07-14 04:53:09,929 - core.data_reader - INFO - Carregados 368 pontos para BTC 5m
2025-07-14 04:53:09,932 - core.data_reader - INFO - Carregados 368 pontos para ENA 5m
2025-07-14 04:53:10,010 - indicators.technical - INFO - Análise técnica concluída para BTC: RSI=0 sinais, MACD=0 sinais
2025-07-14 04:53:10,065 - core.analyzer - INFO - [SUCCESS] BTC: 0 sinais gerados, 0 salvos em 0.26s
2025-07-14 04:53:10,077 - core.data_reader - INFO - Carregados 366 pontos para ETH 5m
2025-07-14 04:53:10,154 - indicators.technical - INFO - Análise técnica concluída para ETH: RSI=0 sinais, MACD=0 sinais
2025-07-14 04:53:10,155 - core.analyzer - INFO - [SUCCESS] ETH: 0 sinais gerados, 0 salvos em 0.35s
2025-07-14 04:53:10,162 - core.data_reader - INFO - Carregados 366 pontos para HBAR 5m
2025-07-14 04:53:10,240 - indicators.technical - INFO - Análise técnica concluída para HBAR: RSI=0 sinais, MACD=0 sinais
2025-07-14 04:53:10,243 - core.analyzer - INFO - [SUCCESS] HBAR: 0 sinais gerados, 0 salvos em 0.32s
2025-07-14 04:53:10,244 - core.data_reader - INFO - Carregados 368 pontos para NEAR 5m
2025-07-14 04:53:10,323 - indicators.technical - INFO - Análise técnica concluída para NEAR: RSI=0 sinais, MACD=0 sinais
2025-07-14 04:53:10,323 - core.analyzer - INFO - [SUCCESS] NEAR: 0 sinais gerados, 0 salvos em 0.25s
2025-07-14 04:53:10,340 - indicators.technical - INFO - Análise técnica concluída para ENA: RSI=0 sinais, MACD=0 sinais
2025-07-14 04:53:10,340 - core.analyzer - INFO - [SUCCESS] ENA: 0 sinais gerados, 0 salvos em 0.53s
2025-07-14 04:53:10,344 - core.data_reader - INFO - Carregados 366 pontos para OMNI 5m
2025-07-14 04:53:10,421 - indicators.technical - INFO - Análise técnica concluída para OMNI: RSI=0 sinais, MACD=0 sinais
2025-07-14 04:53:10,421 - core.analyzer - INFO - [SUCCESS] OMNI: 0 sinais gerados, 0 salvos em 0.27s
2025-07-14 04:53:10,424 - core.data_reader - INFO - Carregados 369 pontos para SOL 5m
2025-07-14 04:53:10,495 - indicators.technical - INFO - Análise técnica concluída para SOL: RSI=0 sinais, MACD=0 sinais
2025-07-14 04:53:10,495 - core.analyzer - INFO - [SUCCESS] SOL: 0 sinais gerados, 0 salvos em 0.25s
2025-07-14 04:53:10,496 - core.analyzer - INFO - [COMPLETE] Análise concluída: 8/8 symbols, 0 sinais em 0.70s
2025-07-14 04:53:10,496 - core.analyzer - INFO - [CYCLE] Ciclo concluído: 8 symbols analisados em 0.7s
2025-07-14 04:58:09,792 - core.analyzer - INFO - [START] Iniciando análise de 8 symbols
2025-07-14 04:58:09,807 - core.analyzer - INFO - [DEBUG] Symbols disponíveis no banco: ['BNB', 'BTC', 'ENA', 'ETH', 'HBAR', 'NEAR', 'OMNI', 'SOL']
2025-07-14 04:58:09,808 - core.analyzer - INFO - [DEBUG] Symbols configurados para análise: ['BNB', 'BTC', 'ENA', 'ETH', 'HBAR', 'NEAR', 'OMNI', 'SOL']
2025-07-14 04:58:09,809 - core.analyzer - INFO - [INFO] Symbols que serão analisados: ['BNB', 'BTC', 'ENA', 'ETH', 'HBAR', 'NEAR', 'OMNI', 'SOL']
2025-07-14 04:58:09,841 - core.data_reader - INFO - Carregados 372 pontos para ENA 5m
2025-07-14 04:58:09,925 - indicators.technical - INFO - Análise técnica concluída para ENA: RSI=0 sinais, MACD=0 sinais
2025-07-14 04:58:09,925 - core.analyzer - INFO - [SUCCESS] ENA: 0 sinais gerados, 0 salvos em 0.11s
2025-07-14 04:58:09,928 - core.data_reader - INFO - Carregados 371 pontos para BNB 5m
2025-07-14 04:58:10,007 - indicators.technical - INFO - Análise técnica concluída para BNB: RSI=0 sinais, MACD=0 sinais
2025-07-14 04:58:10,008 - core.analyzer - INFO - [SUCCESS] BNB: 0 sinais gerados, 0 salvos em 0.20s
2025-07-14 04:58:10,011 - core.data_reader - INFO - Carregados 372 pontos para BTC 5m
2025-07-14 04:58:10,089 - indicators.technical - INFO - Análise técnica concluída para BTC: RSI=0 sinais, MACD=0 sinais
2025-07-14 04:58:10,090 - core.analyzer - INFO - [SUCCESS] BTC: 0 sinais gerados, 0 salvos em 0.28s
2025-07-14 04:58:10,094 - core.data_reader - INFO - Carregados 370 pontos para ETH 5m
2025-07-14 04:58:10,173 - indicators.technical - INFO - Análise técnica concluída para ETH: RSI=0 sinais, MACD=0 sinais
2025-07-14 04:58:10,173 - core.analyzer - INFO - [SUCCESS] ETH: 0 sinais gerados, 0 salvos em 0.36s
2025-07-14 04:58:10,180 - core.data_reader - INFO - Carregados 370 pontos para HBAR 5m
2025-07-14 04:58:10,260 - indicators.technical - INFO - Análise técnica concluída para HBAR: RSI=0 sinais, MACD=0 sinais
2025-07-14 04:58:10,260 - core.analyzer - INFO - [SUCCESS] HBAR: 0 sinais gerados, 0 salvos em 0.33s
2025-07-14 04:58:10,264 - core.data_reader - INFO - Carregados 372 pontos para NEAR 5m
2025-07-14 04:58:10,344 - indicators.technical - INFO - Análise técnica concluída para NEAR: RSI=0 sinais, MACD=0 sinais
2025-07-14 04:58:10,344 - core.analyzer - INFO - [SUCCESS] NEAR: 0 sinais gerados, 0 salvos em 0.33s
2025-07-14 04:58:10,347 - core.data_reader - INFO - Carregados 370 pontos para OMNI 5m
2025-07-14 04:58:10,381 - core.data_reader - INFO - Carregados 373 pontos para SOL 5m
2025-07-14 04:58:10,500 - indicators.technical - INFO - Análise técnica concluída para OMNI: RSI=0 sinais, MACD=0 sinais
2025-07-14 04:58:10,517 - indicators.technical - INFO - Análise técnica concluída para SOL: RSI=0 sinais, MACD=0 sinais
2025-07-14 04:58:10,517 - core.analyzer - INFO - [SUCCESS] OMNI: 0 sinais gerados, 0 salvos em 0.43s
2025-07-14 04:58:10,517 - core.analyzer - INFO - [SUCCESS] SOL: 0 sinais gerados, 0 salvos em 0.34s
2025-07-14 04:58:10,518 - core.analyzer - INFO - [COMPLETE] Análise concluída: 8/8 symbols, 0 sinais em 0.73s
2025-07-14 04:58:10,519 - core.analyzer - INFO - [CYCLE] Ciclo concluído: 8 symbols analisados em 0.7s
2025-07-14 05:03:09,793 - core.analyzer - INFO - [START] Iniciando análise de 8 symbols
2025-07-14 05:03:09,802 - core.analyzer - INFO - [DEBUG] Symbols disponíveis no banco: ['BNB', 'BTC', 'ENA', 'ETH', 'HBAR', 'NEAR', 'OMNI', 'SOL']
2025-07-14 05:03:09,803 - core.analyzer - INFO - [DEBUG] Symbols configurados para análise: ['BNB', 'BTC', 'ENA', 'ETH', 'HBAR', 'NEAR', 'OMNI', 'SOL']
2025-07-14 05:03:09,805 - core.analyzer - INFO - [INFO] Symbols que serão analisados: ['BNB', 'BTC', 'ENA', 'ETH', 'HBAR', 'NEAR', 'OMNI', 'SOL']
2025-07-14 05:03:09,838 - core.data_reader - INFO - Carregados 372 pontos para BTC 5m
2025-07-14 05:03:09,921 - indicators.technical - INFO - Análise técnica concluída para BTC: RSI=0 sinais, MACD=0 sinais
2025-07-14 05:03:09,922 - core.analyzer - INFO - [SUCCESS] BTC: 0 sinais gerados, 0 salvos em 0.11s
2025-07-14 05:03:09,925 - core.data_reader - INFO - Carregados 371 pontos para BNB 5m
2025-07-14 05:03:10,006 - indicators.technical - INFO - Análise técnica concluída para BNB: RSI=0 sinais, MACD=0 sinais
2025-07-14 05:03:10,006 - core.analyzer - INFO - [SUCCESS] BNB: 0 sinais gerados, 0 salvos em 0.20s
2025-07-14 05:03:10,010 - core.data_reader - INFO - Carregados 372 pontos para ENA 5m
2025-07-14 05:03:10,013 - core.data_reader - INFO - Carregados 370 pontos para ETH 5m
2025-07-14 05:03:10,099 - indicators.technical - INFO - Análise técnica concluída para ENA: RSI=0 sinais, MACD=0 sinais
2025-07-14 05:03:10,113 - core.analyzer - INFO - [SUCCESS] ENA: 0 sinais gerados, 0 salvos em 0.30s
2025-07-14 05:03:10,173 - indicators.technical - INFO - Análise técnica concluída para ETH: RSI=0 sinais, MACD=0 sinais
2025-07-14 05:03:10,173 - core.analyzer - INFO - [SUCCESS] ETH: 0 sinais gerados, 0 salvos em 0.36s
2025-07-14 05:03:10,181 - core.data_reader - INFO - Carregados 370 pontos para HBAR 5m
2025-07-14 05:03:10,261 - indicators.technical - INFO - Análise técnica concluída para HBAR: RSI=0 sinais, MACD=0 sinais
2025-07-14 05:03:10,261 - core.analyzer - INFO - [SUCCESS] HBAR: 0 sinais gerados, 0 salvos em 0.34s
2025-07-14 05:03:10,264 - core.data_reader - INFO - Carregados 372 pontos para NEAR 5m
2025-07-14 05:03:10,344 - indicators.technical - INFO - Análise técnica concluída para NEAR: RSI=0 sinais, MACD=0 sinais
2025-07-14 05:03:10,344 - core.analyzer - INFO - [SUCCESS] NEAR: 0 sinais gerados, 0 salvos em 0.34s
2025-07-14 05:03:10,348 - core.data_reader - INFO - Carregados 370 pontos para OMNI 5m
2025-07-14 05:03:10,354 - core.data_reader - INFO - Carregados 375 pontos para SOL 5m
2025-07-14 05:03:10,449 - indicators.technical - INFO - Análise técnica concluída para SOL: RSI=0 sinais, MACD=0 sinais
2025-07-14 05:03:10,504 - core.analyzer - INFO - [SUCCESS] SOL: 0 sinais gerados, 0 salvos em 0.33s
2025-07-14 05:03:10,514 - indicators.technical - INFO - Análise técnica concluída para OMNI: RSI=0 sinais, MACD=0 sinais
2025-07-14 05:03:10,515 - core.analyzer - INFO - [SUCCESS] OMNI: 0 sinais gerados, 0 salvos em 0.40s
2025-07-14 05:03:10,515 - core.analyzer - INFO - [COMPLETE] Análise concluída: 8/8 symbols, 0 sinais em 0.72s
2025-07-14 05:03:10,515 - core.analyzer - INFO - [CYCLE] Ciclo concluído: 8 symbols analisados em 0.7s
2025-07-14 05:08:09,794 - core.analyzer - INFO - [START] Iniciando análise de 8 symbols
2025-07-14 05:08:09,808 - core.analyzer - INFO - [DEBUG] Symbols disponíveis no banco: ['BNB', 'BTC', 'ENA', 'ETH', 'HBAR', 'NEAR', 'OMNI', 'SOL']
2025-07-14 05:08:09,809 - core.analyzer - INFO - [DEBUG] Symbols configurados para análise: ['BNB', 'BTC', 'ENA', 'ETH', 'HBAR', 'NEAR', 'OMNI', 'SOL']
2025-07-14 05:08:09,810 - core.analyzer - INFO - [INFO] Symbols que serão analisados: ['BNB', 'BTC', 'ENA', 'ETH', 'HBAR', 'NEAR', 'OMNI', 'SOL']
2025-07-14 05:08:09,847 - core.data_reader - INFO - Carregados 374 pontos para BTC 5m
2025-07-14 05:08:09,934 - indicators.technical - INFO - Análise técnica concluída para BTC: RSI=0 sinais, MACD=0 sinais
2025-07-14 05:08:09,935 - core.analyzer - INFO - [SUCCESS] BTC: 0 sinais gerados, 0 salvos em 0.12s
2025-07-14 05:08:09,938 - core.data_reader - INFO - Carregados 372 pontos para ETH 5m
2025-07-14 05:08:10,017 - indicators.technical - INFO - Análise técnica concluída para ETH: RSI=0 sinais, MACD=0 sinais
2025-07-14 05:08:10,020 - core.analyzer - INFO - [SUCCESS] ETH: 0 sinais gerados, 0 salvos em 0.20s
2025-07-14 05:08:10,020 - core.data_reader - INFO - Carregados 374 pontos para ENA 5m
2025-07-14 05:08:10,102 - indicators.technical - INFO - Análise técnica concluída para ENA: RSI=0 sinais, MACD=0 sinais
2025-07-14 05:08:10,102 - core.analyzer - INFO - [SUCCESS] ENA: 0 sinais gerados, 0 salvos em 0.29s
2025-07-14 05:08:10,106 - core.data_reader - INFO - Carregados 373 pontos para BNB 5m
2025-07-14 05:08:10,185 - indicators.technical - INFO - Análise técnica concluída para BNB: RSI=0 sinais, MACD=0 sinais
2025-07-14 05:08:10,185 - core.analyzer - INFO - [SUCCESS] BNB: 0 sinais gerados, 0 salvos em 0.37s
2025-07-14 05:08:10,194 - core.data_reader - INFO - Carregados 372 pontos para HBAR 5m
2025-07-14 05:08:10,272 - indicators.technical - INFO - Análise técnica concluída para HBAR: RSI=0 sinais, MACD=0 sinais
2025-07-14 05:08:10,273 - core.analyzer - INFO - [SUCCESS] HBAR: 0 sinais gerados, 0 salvos em 0.34s
2025-07-14 05:08:10,276 - core.data_reader - INFO - Carregados 374 pontos para NEAR 5m
2025-07-14 05:08:10,355 - indicators.technical - INFO - Análise técnica concluída para NEAR: RSI=0 sinais, MACD=0 sinais
2025-07-14 05:08:10,358 - core.data_reader - INFO - Carregados 372 pontos para OMNI 5m
2025-07-14 05:08:10,358 - core.analyzer - INFO - [SUCCESS] NEAR: 0 sinais gerados, 0 salvos em 0.34s
2025-07-14 05:08:10,438 - indicators.technical - INFO - Análise técnica concluída para OMNI: RSI=0 sinais, MACD=0 sinais
2025-07-14 05:08:10,438 - core.analyzer - INFO - [SUCCESS] OMNI: 0 sinais gerados, 0 salvos em 0.34s
2025-07-14 05:08:10,442 - core.data_reader - INFO - Carregados 375 pontos para SOL 5m
2025-07-14 05:08:10,513 - indicators.technical - INFO - Análise técnica concluída para SOL: RSI=0 sinais, MACD=0 sinais
2025-07-14 05:08:10,513 - core.analyzer - INFO - [SUCCESS] SOL: 0 sinais gerados, 0 salvos em 0.33s
2025-07-14 05:08:10,514 - core.analyzer - INFO - [COMPLETE] Análise concluída: 8/8 symbols, 0 sinais em 0.72s
2025-07-14 05:08:10,514 - core.analyzer - INFO - [CYCLE] Ciclo concluído: 8 symbols analisados em 0.7s
2025-07-14 05:13:09,794 - core.analyzer - INFO - [START] Iniciando análise de 8 symbols
2025-07-14 05:13:09,801 - core.analyzer - INFO - [DEBUG] Symbols disponíveis no banco: ['BNB', 'BTC', 'ENA', 'ETH', 'HBAR', 'NEAR', 'OMNI', 'SOL']
2025-07-14 05:13:09,802 - core.analyzer - INFO - [DEBUG] Symbols configurados para análise: ['BNB', 'BTC', 'ENA', 'ETH', 'HBAR', 'NEAR', 'OMNI', 'SOL']
2025-07-14 05:13:09,803 - core.analyzer - INFO - [INFO] Symbols que serão analisados: ['BNB', 'BTC', 'ENA', 'ETH', 'HBAR', 'NEAR', 'OMNI', 'SOL']
2025-07-14 05:13:09,840 - core.data_reader - INFO - Carregados 376 pontos para BNB 5m
2025-07-14 05:13:09,924 - indicators.technical - INFO - Análise técnica concluída para BNB: RSI=0 sinais, MACD=0 sinais
2025-07-14 05:13:09,925 - core.analyzer - INFO - [SUCCESS] BNB: 0 sinais gerados, 0 salvos em 0.12s
2025-07-14 05:13:09,928 - core.data_reader - INFO - Carregados 377 pontos para BTC 5m
2025-07-14 05:13:10,009 - indicators.technical - INFO - Análise técnica concluída para BTC: RSI=0 sinais, MACD=0 sinais
2025-07-14 05:13:10,010 - core.analyzer - INFO - [SUCCESS] BTC: 0 sinais gerados, 0 salvos em 0.20s
2025-07-14 05:13:10,014 - core.data_reader - INFO - Carregados 375 pontos para ETH 5m
2025-07-14 05:13:10,093 - indicators.technical - INFO - Análise técnica concluída para ETH: RSI=0 sinais, MACD=0 sinais
2025-07-14 05:13:10,094 - core.analyzer - INFO - [SUCCESS] ETH: 0 sinais gerados, 0 salvos em 0.29s
2025-07-14 05:13:10,098 - core.data_reader - INFO - Carregados 377 pontos para ENA 5m
2025-07-14 05:13:10,177 - indicators.technical - INFO - Análise técnica concluída para ENA: RSI=0 sinais, MACD=0 sinais
2025-07-14 05:13:10,178 - core.analyzer - INFO - [SUCCESS] ENA: 0 sinais gerados, 0 salvos em 0.37s
2025-07-14 05:13:10,184 - core.data_reader - INFO - Carregados 375 pontos para HBAR 5m
2025-07-14 05:13:10,264 - indicators.technical - INFO - Análise técnica concluída para HBAR: RSI=0 sinais, MACD=0 sinais
2025-07-14 05:13:10,264 - core.analyzer - INFO - [SUCCESS] HBAR: 0 sinais gerados, 0 salvos em 0.34s
2025-07-14 05:13:10,268 - core.data_reader - INFO - Carregados 377 pontos para NEAR 5m
2025-07-14 05:13:10,350 - indicators.technical - INFO - Análise técnica concluída para NEAR: RSI=0 sinais, MACD=0 sinais
2025-07-14 05:13:10,351 - core.analyzer - INFO - [SUCCESS] NEAR: 0 sinais gerados, 0 salvos em 0.34s
2025-07-14 05:13:10,354 - core.data_reader - INFO - Carregados 375 pontos para OMNI 5m
2025-07-14 05:13:10,436 - indicators.technical - INFO - Análise técnica concluída para OMNI: RSI=0 sinais, MACD=0 sinais
2025-07-14 05:13:10,437 - core.analyzer - INFO - [SUCCESS] OMNI: 0 sinais gerados, 0 salvos em 0.34s
2025-07-14 05:13:10,441 - core.data_reader - INFO - Carregados 378 pontos para SOL 5m
2025-07-14 05:13:10,524 - indicators.technical - INFO - Análise técnica concluída para SOL: RSI=0 sinais, MACD=0 sinais
2025-07-14 05:13:10,524 - core.analyzer - INFO - [SUCCESS] SOL: 0 sinais gerados, 0 salvos em 0.35s
2025-07-14 05:13:10,525 - core.analyzer - INFO - [COMPLETE] Análise concluída: 8/8 symbols, 0 sinais em 0.73s
2025-07-14 05:13:10,525 - core.analyzer - INFO - [CYCLE] Ciclo concluído: 8 symbols analisados em 0.7s
2025-07-14 05:18:09,795 - core.analyzer - INFO - [START] Iniciando análise de 8 symbols
2025-07-14 05:18:09,810 - core.analyzer - INFO - [DEBUG] Symbols disponíveis no banco: ['BNB', 'BTC', 'ENA', 'ETH', 'HBAR', 'NEAR', 'OMNI', 'SOL']
2025-07-14 05:18:09,811 - core.analyzer - INFO - [DEBUG] Symbols configurados para análise: ['BNB', 'BTC', 'ENA', 'ETH', 'HBAR', 'NEAR', 'OMNI', 'SOL']
2025-07-14 05:18:09,812 - core.analyzer - INFO - [INFO] Symbols que serão analisados: ['BNB', 'BTC', 'ENA', 'ETH', 'HBAR', 'NEAR', 'OMNI', 'SOL']
2025-07-14 05:18:09,839 - core.data_reader - INFO - Carregados 379 pontos para BNB 5m
2025-07-14 05:18:09,925 - indicators.technical - INFO - Análise técnica concluída para BNB: RSI=0 sinais, MACD=0 sinais
2025-07-14 05:18:09,925 - core.analyzer - INFO - [SUCCESS] BNB: 0 sinais gerados, 0 salvos em 0.11s
2025-07-14 05:18:09,928 - core.data_reader - INFO - Carregados 380 pontos para BTC 5m
2025-07-14 05:18:10,009 - indicators.technical - INFO - Análise técnica concluída para BTC: RSI=0 sinais, MACD=0 sinais
2025-07-14 05:18:10,009 - core.analyzer - INFO - [SUCCESS] BTC: 0 sinais gerados, 0 salvos em 0.19s
2025-07-14 05:18:10,013 - core.data_reader - INFO - Carregados 380 pontos para ENA 5m
2025-07-14 05:18:10,094 - indicators.technical - INFO - Análise técnica concluída para ENA: RSI=0 sinais, MACD=0 sinais
2025-07-14 05:18:10,094 - core.analyzer - INFO - [SUCCESS] ENA: 0 sinais gerados, 0 salvos em 0.28s
2025-07-14 05:18:10,102 - core.data_reader - INFO - Carregados 378 pontos para ETH 5m
2025-07-14 05:18:10,182 - indicators.technical - INFO - Análise técnica concluída para ETH: RSI=0 sinais, MACD=0 sinais
2025-07-14 05:18:10,183 - core.analyzer - INFO - [SUCCESS] ETH: 0 sinais gerados, 0 salvos em 0.37s
2025-07-14 05:18:10,185 - core.data_reader - INFO - Carregados 378 pontos para HBAR 5m
2025-07-14 05:18:10,266 - indicators.technical - INFO - Análise técnica concluída para HBAR: RSI=0 sinais, MACD=0 sinais
2025-07-14 05:18:10,266 - core.analyzer - INFO - [SUCCESS] HBAR: 0 sinais gerados, 0 salvos em 0.34s
2025-07-14 05:18:10,270 - core.data_reader - INFO - Carregados 380 pontos para NEAR 5m
2025-07-14 05:18:10,350 - indicators.technical - INFO - Análise técnica concluída para NEAR: RSI=0 sinais, MACD=0 sinais
2025-07-14 05:18:10,351 - core.analyzer - INFO - [SUCCESS] NEAR: 0 sinais gerados, 0 salvos em 0.34s
2025-07-14 05:18:10,354 - core.data_reader - INFO - Carregados 378 pontos para OMNI 5m
2025-07-14 05:18:10,434 - indicators.technical - INFO - Análise técnica concluída para OMNI: RSI=0 sinais, MACD=0 sinais
2025-07-14 05:18:10,434 - core.analyzer - INFO - [SUCCESS] OMNI: 0 sinais gerados, 0 salvos em 0.34s
2025-07-14 05:18:10,438 - core.data_reader - INFO - Carregados 381 pontos para SOL 5m
2025-07-14 05:18:10,512 - indicators.technical - INFO - Análise técnica concluída para SOL: RSI=0 sinais, MACD=0 sinais
2025-07-14 05:18:10,512 - core.analyzer - INFO - [SUCCESS] SOL: 0 sinais gerados, 0 salvos em 0.33s
2025-07-14 05:18:10,513 - core.analyzer - INFO - [COMPLETE] Análise concluída: 8/8 symbols, 0 sinais em 0.72s
2025-07-14 05:18:10,513 - core.analyzer - INFO - [CYCLE] Ciclo concluído: 8 symbols analisados em 0.7s
2025-07-14 05:23:09,796 - core.analyzer - INFO - [START] Iniciando análise de 8 symbols
2025-07-14 05:23:09,801 - core.analyzer - INFO - [DEBUG] Symbols disponíveis no banco: ['BNB', 'BTC', 'ENA', 'ETH', 'HBAR', 'NEAR', 'OMNI', 'SOL']
2025-07-14 05:23:09,802 - core.analyzer - INFO - [DEBUG] Symbols configurados para análise: ['BNB', 'BTC', 'ENA', 'ETH', 'HBAR', 'NEAR', 'OMNI', 'SOL']
2025-07-14 05:23:09,803 - core.analyzer - INFO - [INFO] Symbols que serão analisados: ['BNB', 'BTC', 'ENA', 'ETH', 'HBAR', 'NEAR', 'OMNI', 'SOL']
2025-07-14 05:23:09,838 - core.data_reader - INFO - Carregados 382 pontos para ETH 5m
2025-07-14 05:23:09,922 - indicators.technical - INFO - Análise técnica concluída para ETH: RSI=0 sinais, MACD=0 sinais
2025-07-14 05:23:09,924 - core.analyzer - INFO - [SUCCESS] ETH: 0 sinais gerados, 0 salvos em 0.12s
2025-07-14 05:23:09,926 - core.data_reader - INFO - Carregados 383 pontos para BNB 5m
2025-07-14 05:23:10,007 - indicators.technical - INFO - Análise técnica concluída para BNB: RSI=0 sinais, MACD=0 sinais
2025-07-14 05:23:10,008 - core.analyzer - INFO - [SUCCESS] BNB: 0 sinais gerados, 0 salvos em 0.20s
2025-07-14 05:23:10,012 - core.data_reader - INFO - Carregados 384 pontos para BTC 5m
2025-07-14 05:23:10,094 - indicators.technical - INFO - Análise técnica concluída para BTC: RSI=0 sinais, MACD=0 sinais
2025-07-14 05:23:10,095 - core.analyzer - INFO - [SUCCESS] BTC: 0 sinais gerados, 0 salvos em 0.29s
2025-07-14 05:23:10,100 - core.data_reader - INFO - Carregados 384 pontos para ENA 5m
2025-07-14 05:23:10,181 - indicators.technical - INFO - Análise técnica concluída para ENA: RSI=0 sinais, MACD=0 sinais
2025-07-14 05:23:10,181 - core.analyzer - INFO - [SUCCESS] ENA: 0 sinais gerados, 0 salvos em 0.37s
2025-07-14 05:23:10,188 - core.data_reader - INFO - Carregados 382 pontos para HBAR 5m
2025-07-14 05:23:10,269 - indicators.technical - INFO - Análise técnica concluída para HBAR: RSI=0 sinais, MACD=0 sinais
2025-07-14 05:23:10,269 - core.analyzer - INFO - [SUCCESS] HBAR: 0 sinais gerados, 0 salvos em 0.34s
2025-07-14 05:23:10,272 - core.data_reader - INFO - Carregados 384 pontos para NEAR 5m
2025-07-14 05:23:10,353 - indicators.technical - INFO - Análise técnica concluída para NEAR: RSI=0 sinais, MACD=0 sinais
2025-07-14 05:23:10,354 - core.analyzer - INFO - [SUCCESS] NEAR: 0 sinais gerados, 0 salvos em 0.35s
2025-07-14 05:23:10,357 - core.data_reader - INFO - Carregados 382 pontos para OMNI 5m
2025-07-14 05:23:10,438 - indicators.technical - INFO - Análise técnica concluída para OMNI: RSI=0 sinais, MACD=0 sinais
2025-07-14 05:23:10,439 - core.analyzer - INFO - [SUCCESS] OMNI: 0 sinais gerados, 0 salvos em 0.34s
2025-07-14 05:23:10,442 - core.data_reader - INFO - Carregados 385 pontos para SOL 5m
2025-07-14 05:23:10,516 - indicators.technical - INFO - Análise técnica concluída para SOL: RSI=0 sinais, MACD=0 sinais
2025-07-14 05:23:10,516 - core.analyzer - INFO - [SUCCESS] SOL: 0 sinais gerados, 0 salvos em 0.33s
2025-07-14 05:23:10,517 - core.analyzer - INFO - [COMPLETE] Análise concluída: 8/8 symbols, 0 sinais em 0.72s
2025-07-14 05:23:10,517 - core.analyzer - INFO - [CYCLE] Ciclo concluído: 8 symbols analisados em 0.7s
2025-07-14 05:28:09,796 - core.analyzer - INFO - [START] Iniciando análise de 8 symbols
2025-07-14 05:28:09,819 - core.analyzer - INFO - [DEBUG] Symbols disponíveis no banco: ['BNB', 'BTC', 'ENA', 'ETH', 'HBAR', 'NEAR', 'OMNI', 'SOL']
2025-07-14 05:28:09,820 - core.analyzer - INFO - [DEBUG] Symbols configurados para análise: ['BNB', 'BTC', 'ENA', 'ETH', 'HBAR', 'NEAR', 'OMNI', 'SOL']
2025-07-14 05:28:09,821 - core.analyzer - INFO - [INFO] Symbols que serão analisados: ['BNB', 'BTC', 'ENA', 'ETH', 'HBAR', 'NEAR', 'OMNI', 'SOL']
2025-07-14 05:28:09,882 - core.data_reader - INFO - Carregados 383 pontos para BNB 5m
2025-07-14 05:28:10,032 - indicators.technical - INFO - Análise técnica concluída para BNB: RSI=0 sinais, MACD=0 sinais
2025-07-14 05:28:10,033 - core.analyzer - INFO - [SUCCESS] BNB: 0 sinais gerados, 0 salvos em 0.21s
2025-07-14 05:28:10,037 - core.data_reader - INFO - Carregados 382 pontos para ETH 5m
2025-07-14 05:28:10,163 - indicators.technical - INFO - Análise técnica concluída para ETH: RSI=0 sinais, MACD=0 sinais
2025-07-14 05:28:10,163 - core.analyzer - INFO - [SUCCESS] ETH: 0 sinais gerados, 0 salvos em 0.33s
2025-07-14 05:28:10,168 - core.data_reader - INFO - Carregados 384 pontos para ENA 5m
2025-07-14 05:28:10,301 - indicators.technical - INFO - Análise técnica concluída para ENA: RSI=0 sinais, MACD=0 sinais
2025-07-14 05:28:10,302 - core.analyzer - INFO - [SUCCESS] ENA: 0 sinais gerados, 0 salvos em 0.48s
2025-07-14 05:28:10,306 - core.data_reader - INFO - Carregados 384 pontos para BTC 5m
2025-07-14 05:28:10,445 - indicators.technical - INFO - Análise técnica concluída para BTC: RSI=0 sinais, MACD=0 sinais
2025-07-14 05:28:10,445 - core.analyzer - INFO - [SUCCESS] BTC: 0 sinais gerados, 0 salvos em 0.62s
2025-07-14 05:28:10,457 - core.data_reader - INFO - Carregados 382 pontos para HBAR 5m
2025-07-14 05:28:10,569 - indicators.technical - INFO - Análise técnica concluída para HBAR: RSI=0 sinais, MACD=0 sinais
2025-07-14 05:28:10,569 - core.analyzer - INFO - [SUCCESS] HBAR: 0 sinais gerados, 0 salvos em 0.54s
2025-07-14 05:28:10,573 - core.data_reader - INFO - Carregados 384 pontos para NEAR 5m
2025-07-14 05:28:10,655 - indicators.technical - INFO - Análise técnica concluída para NEAR: RSI=0 sinais, MACD=0 sinais
2025-07-14 05:28:10,655 - core.analyzer - INFO - [SUCCESS] NEAR: 0 sinais gerados, 0 salvos em 0.49s
2025-07-14 05:28:10,659 - core.data_reader - INFO - Carregados 382 pontos para OMNI 5m
2025-07-14 05:28:10,740 - indicators.technical - INFO - Análise técnica concluída para OMNI: RSI=0 sinais, MACD=0 sinais
2025-07-14 05:28:10,740 - core.analyzer - INFO - [SUCCESS] OMNI: 0 sinais gerados, 0 salvos em 0.44s
2025-07-14 05:28:10,743 - core.data_reader - INFO - Carregados 389 pontos para SOL 5m
2025-07-14 05:28:10,820 - indicators.technical - INFO - Análise técnica concluída para SOL: RSI=0 sinais, MACD=0 sinais
2025-07-14 05:28:10,820 - core.analyzer - INFO - [SUCCESS] SOL: 0 sinais gerados, 0 salvos em 0.37s
2025-07-14 05:28:10,821 - core.analyzer - INFO - [COMPLETE] Análise concluída: 8/8 symbols, 0 sinais em 1.02s
2025-07-14 05:28:10,821 - core.analyzer - INFO - [CYCLE] Ciclo concluído: 8 symbols analisados em 1.0s
2025-07-14 05:33:09,797 - core.analyzer - INFO - [START] Iniciando análise de 8 symbols
2025-07-14 05:33:09,804 - core.analyzer - INFO - [DEBUG] Symbols disponíveis no banco: ['BNB', 'BTC', 'ENA', 'ETH', 'HBAR', 'NEAR', 'OMNI', 'SOL']
2025-07-14 05:33:09,805 - core.analyzer - INFO - [DEBUG] Symbols configurados para análise: ['BNB', 'BTC', 'ENA', 'ETH', 'HBAR', 'NEAR', 'OMNI', 'SOL']
2025-07-14 05:33:09,805 - core.analyzer - INFO - [INFO] Symbols que serão analisados: ['BNB', 'BTC', 'ENA', 'ETH', 'HBAR', 'NEAR', 'OMNI', 'SOL']
2025-07-14 05:33:09,844 - core.data_reader - INFO - Carregados 388 pontos para BTC 5m
2025-07-14 05:33:09,917 - core.data_reader - INFO - Carregados 387 pontos para BNB 5m
2025-07-14 05:33:10,000 - indicators.technical - INFO - Análise técnica concluída para BNB: RSI=0 sinais, MACD=0 sinais
2025-07-14 05:33:10,001 - core.analyzer - INFO - [SUCCESS] BNB: 0 sinais gerados, 0 salvos em 0.19s
2025-07-14 05:33:10,004 - core.data_reader - INFO - Carregados 386 pontos para ETH 5m
2025-07-14 05:33:10,090 - indicators.technical - INFO - Análise técnica concluída para ETH: RSI=0 sinais, MACD=0 sinais
2025-07-14 05:33:10,091 - core.analyzer - INFO - [SUCCESS] ETH: 0 sinais gerados, 0 salvos em 0.28s
2025-07-14 05:33:10,093 - core.data_reader - INFO - Carregados 388 pontos para ENA 5m
2025-07-14 05:33:10,177 - indicators.technical - INFO - Análise técnica concluída para ENA: RSI=0 sinais, MACD=0 sinais
2025-07-14 05:33:10,177 - core.analyzer - INFO - [SUCCESS] ENA: 0 sinais gerados, 0 salvos em 0.37s
2025-07-14 05:33:10,201 - indicators.technical - INFO - Análise técnica concluída para BTC: RSI=0 sinais, MACD=0 sinais
2025-07-14 05:33:10,201 - core.analyzer - INFO - [SUCCESS] BTC: 0 sinais gerados, 0 salvos em 0.39s
2025-07-14 05:33:10,204 - core.data_reader - INFO - Carregados 386 pontos para HBAR 5m
2025-07-14 05:33:10,286 - indicators.technical - INFO - Análise técnica concluída para HBAR: RSI=0 sinais, MACD=0 sinais
2025-07-14 05:33:10,287 - core.analyzer - INFO - [SUCCESS] HBAR: 0 sinais gerados, 0 salvos em 0.28s
2025-07-14 05:33:10,290 - core.data_reader - INFO - Carregados 388 pontos para NEAR 5m
2025-07-14 05:33:10,373 - indicators.technical - INFO - Análise técnica concluída para NEAR: RSI=0 sinais, MACD=0 sinais
2025-07-14 05:33:10,374 - core.analyzer - INFO - [SUCCESS] NEAR: 0 sinais gerados, 0 salvos em 0.28s
2025-07-14 05:33:10,378 - core.data_reader - INFO - Carregados 386 pontos para OMNI 5m
2025-07-14 05:33:10,460 - indicators.technical - INFO - Análise técnica concluída para OMNI: RSI=0 sinais, MACD=0 sinais
2025-07-14 05:33:10,460 - core.analyzer - INFO - [SUCCESS] OMNI: 0 sinais gerados, 0 salvos em 0.28s
2025-07-14 05:33:10,466 - core.data_reader - INFO - Carregados 389 pontos para SOL 5m
2025-07-14 05:33:10,539 - indicators.technical - INFO - Análise técnica concluída para SOL: RSI=0 sinais, MACD=0 sinais
2025-07-14 05:33:10,540 - core.analyzer - INFO - [SUCCESS] SOL: 0 sinais gerados, 0 salvos em 0.34s
2025-07-14 05:33:10,541 - core.analyzer - INFO - [COMPLETE] Análise concluída: 8/8 symbols, 0 sinais em 0.74s
2025-07-14 05:33:10,541 - core.analyzer - INFO - [CYCLE] Ciclo concluído: 8 symbols analisados em 0.7s
2025-07-14 05:38:09,798 - core.analyzer - INFO - [START] Iniciando análise de 8 symbols
2025-07-14 05:38:09,807 - core.analyzer - INFO - [DEBUG] Symbols disponíveis no banco: ['BNB', 'BTC', 'ENA', 'ETH', 'HBAR', 'NEAR', 'OMNI', 'SOL']
2025-07-14 05:38:09,808 - core.analyzer - INFO - [DEBUG] Symbols configurados para análise: ['BNB', 'BTC', 'ENA', 'ETH', 'HBAR', 'NEAR', 'OMNI', 'SOL']
2025-07-14 05:38:09,809 - core.analyzer - INFO - [INFO] Symbols que serão analisados: ['BNB', 'BTC', 'ENA', 'ETH', 'HBAR', 'NEAR', 'OMNI', 'SOL']
2025-07-14 05:38:09,833 - core.data_reader - INFO - Carregados 390 pontos para BNB 5m
2025-07-14 05:38:09,922 - indicators.technical - INFO - Análise técnica concluída para BNB: RSI=0 sinais, MACD=0 sinais
2025-07-14 05:38:09,922 - core.analyzer - INFO - [SUCCESS] BNB: 0 sinais gerados, 0 salvos em 0.11s
2025-07-14 05:38:09,926 - core.data_reader - INFO - Carregados 389 pontos para ETH 5m
2025-07-14 05:38:10,008 - indicators.technical - INFO - Análise técnica concluída para ETH: RSI=0 sinais, MACD=0 sinais
2025-07-14 05:38:10,008 - core.analyzer - INFO - [SUCCESS] ETH: 0 sinais gerados, 0 salvos em 0.19s
2025-07-14 05:38:10,011 - core.data_reader - INFO - Carregados 391 pontos para BTC 5m
2025-07-14 05:38:10,095 - indicators.technical - INFO - Análise técnica concluída para BTC: RSI=0 sinais, MACD=0 sinais
2025-07-14 05:38:10,095 - core.analyzer - INFO - [SUCCESS] BTC: 0 sinais gerados, 0 salvos em 0.28s
2025-07-14 05:38:10,103 - core.data_reader - INFO - Carregados 391 pontos para ENA 5m
2025-07-14 05:38:10,186 - indicators.technical - INFO - Análise técnica concluída para ENA: RSI=0 sinais, MACD=0 sinais
2025-07-14 05:38:10,186 - core.analyzer - INFO - [SUCCESS] ENA: 0 sinais gerados, 0 salvos em 0.37s
2025-07-14 05:38:10,190 - core.data_reader - INFO - Carregados 389 pontos para HBAR 5m
2025-07-14 05:38:10,273 - indicators.technical - INFO - Análise técnica concluída para HBAR: RSI=0 sinais, MACD=0 sinais
2025-07-14 05:38:10,273 - core.analyzer - INFO - [SUCCESS] HBAR: 0 sinais gerados, 0 salvos em 0.35s
2025-07-14 05:38:10,276 - core.data_reader - INFO - Carregados 389 pontos para OMNI 5m
2025-07-14 05:38:10,359 - indicators.technical - INFO - Análise técnica concluída para OMNI: RSI=0 sinais, MACD=0 sinais
2025-07-14 05:38:10,362 - core.data_reader - INFO - Carregados 391 pontos para NEAR 5m
2025-07-14 05:38:10,362 - core.analyzer - INFO - [SUCCESS] OMNI: 0 sinais gerados, 0 salvos em 0.27s
2025-07-14 05:38:10,447 - indicators.technical - INFO - Análise técnica concluída para NEAR: RSI=0 sinais, MACD=0 sinais
2025-07-14 05:38:10,447 - core.analyzer - INFO - [SUCCESS] NEAR: 0 sinais gerados, 0 salvos em 0.44s
2025-07-14 05:38:10,451 - core.data_reader - INFO - Carregados 392 pontos para SOL 5m
2025-07-14 05:38:10,524 - indicators.technical - INFO - Análise técnica concluída para SOL: RSI=0 sinais, MACD=0 sinais
2025-07-14 05:38:10,525 - core.analyzer - INFO - [SUCCESS] SOL: 0 sinais gerados, 0 salvos em 0.34s
2025-07-14 05:38:10,525 - core.analyzer - INFO - [COMPLETE] Análise concluída: 8/8 symbols, 0 sinais em 0.73s
2025-07-14 05:38:10,526 - core.analyzer - INFO - [CYCLE] Ciclo concluído: 8 symbols analisados em 0.7s
2025-07-14 05:43:09,798 - core.analyzer - INFO - [START] Iniciando análise de 8 symbols
2025-07-14 05:43:09,808 - core.analyzer - INFO - [DEBUG] Symbols disponíveis no banco: ['BNB', 'BTC', 'ENA', 'ETH', 'HBAR', 'NEAR', 'OMNI', 'SOL']
2025-07-14 05:43:09,809 - core.analyzer - INFO - [DEBUG] Symbols configurados para análise: ['BNB', 'BTC', 'ENA', 'ETH', 'HBAR', 'NEAR', 'OMNI', 'SOL']
2025-07-14 05:43:09,810 - core.analyzer - INFO - [INFO] Symbols que serão analisados: ['BNB', 'BTC', 'ENA', 'ETH', 'HBAR', 'NEAR', 'OMNI', 'SOL']
2025-07-14 05:43:09,847 - core.data_reader - INFO - Carregados 395 pontos para BTC 5m
2025-07-14 05:43:09,934 - indicators.technical - INFO - Análise técnica concluída para BTC: RSI=0 sinais, MACD=0 sinais
2025-07-14 05:43:09,934 - core.analyzer - INFO - [SUCCESS] BTC: 0 sinais gerados, 0 salvos em 0.12s
2025-07-14 05:43:09,938 - core.data_reader - INFO - Carregados 394 pontos para BNB 5m
2025-07-14 05:43:10,022 - indicators.technical - INFO - Análise técnica concluída para BNB: RSI=0 sinais, MACD=0 sinais
2025-07-14 05:43:10,025 - core.data_reader - INFO - Carregados 395 pontos para ENA 5m
2025-07-14 05:43:10,025 - core.analyzer - INFO - [SUCCESS] BNB: 0 sinais gerados, 0 salvos em 0.21s
2025-07-14 05:43:10,112 - indicators.technical - INFO - Análise técnica concluída para ENA: RSI=0 sinais, MACD=0 sinais
2025-07-14 05:43:10,112 - core.analyzer - INFO - [SUCCESS] ENA: 0 sinais gerados, 0 salvos em 0.30s
2025-07-14 05:43:10,116 - core.data_reader - INFO - Carregados 393 pontos para ETH 5m
2025-07-14 05:43:10,199 - indicators.technical - INFO - Análise técnica concluída para ETH: RSI=0 sinais, MACD=0 sinais
2025-07-14 05:43:10,199 - core.analyzer - INFO - [SUCCESS] ETH: 0 sinais gerados, 0 salvos em 0.38s
2025-07-14 05:43:10,208 - core.data_reader - INFO - Carregados 393 pontos para OMNI 5m
2025-07-14 05:43:10,292 - indicators.technical - INFO - Análise técnica concluída para OMNI: RSI=0 sinais, MACD=0 sinais
2025-07-14 05:43:10,292 - core.analyzer - INFO - [SUCCESS] OMNI: 0 sinais gerados, 0 salvos em 0.18s
2025-07-14 05:43:10,296 - core.data_reader - INFO - Carregados 393 pontos para HBAR 5m
2025-07-14 05:43:10,311 - core.data_reader - INFO - Carregados 395 pontos para NEAR 5m
2025-07-14 05:43:10,391 - core.data_reader - INFO - Carregados 396 pontos para SOL 5m
2025-07-14 05:43:10,405 - indicators.technical - INFO - Análise técnica concluída para HBAR: RSI=0 sinais, MACD=0 sinais
2025-07-14 05:43:10,448 - core.analyzer - INFO - [SUCCESS] HBAR: 0 sinais gerados, 0 salvos em 0.51s
2025-07-14 05:43:10,489 - indicators.technical - INFO - Análise técnica concluída para NEAR: RSI=0 sinais, MACD=0 sinais
2025-07-14 05:43:10,489 - core.analyzer - INFO - [SUCCESS] NEAR: 0 sinais gerados, 0 salvos em 0.43s
2025-07-14 05:43:10,553 - indicators.technical - INFO - Análise técnica concluída para SOL: RSI=0 sinais, MACD=0 sinais
2025-07-14 05:43:10,553 - core.analyzer - INFO - [SUCCESS] SOL: 0 sinais gerados, 0 salvos em 0.35s
2025-07-14 05:43:10,554 - core.analyzer - INFO - [COMPLETE] Análise concluída: 8/8 symbols, 0 sinais em 0.76s
2025-07-14 05:43:10,554 - core.analyzer - INFO - [CYCLE] Ciclo concluído: 8 symbols analisados em 0.8s
2025-07-14 05:48:09,799 - core.analyzer - INFO - [START] Iniciando análise de 8 symbols
2025-07-14 05:48:09,808 - core.analyzer - INFO - [DEBUG] Symbols disponíveis no banco: ['BNB', 'BTC', 'ENA', 'ETH', 'HBAR', 'NEAR', 'OMNI', 'SOL']
2025-07-14 05:48:09,809 - core.analyzer - INFO - [DEBUG] Symbols configurados para análise: ['BNB', 'BTC', 'ENA', 'ETH', 'HBAR', 'NEAR', 'OMNI', 'SOL']
2025-07-14 05:48:09,810 - core.analyzer - INFO - [INFO] Symbols que serão analisados: ['BNB', 'BTC', 'ENA', 'ETH', 'HBAR', 'NEAR', 'OMNI', 'SOL']
2025-07-14 05:48:09,843 - core.data_reader - INFO - Carregados 398 pontos para BTC 5m
2025-07-14 05:48:09,859 - core.data_reader - INFO - Carregados 398 pontos para ENA 5m
2025-07-14 05:48:09,988 - indicators.technical - INFO - Análise técnica concluída para ENA: RSI=0 sinais, MACD=0 sinais
2025-07-14 05:48:10,022 - indicators.technical - INFO - Análise técnica concluída para BTC: RSI=0 sinais, MACD=0 sinais
2025-07-14 05:48:10,022 - core.analyzer - INFO - [SUCCESS] ENA: 0 sinais gerados, 0 salvos em 0.21s
2025-07-14 05:48:10,023 - core.analyzer - INFO - [SUCCESS] BTC: 0 sinais gerados, 0 salvos em 0.21s
2025-07-14 05:48:10,027 - core.data_reader - INFO - Carregados 396 pontos para ETH 5m
2025-07-14 05:48:10,112 - indicators.technical - INFO - Análise técnica concluída para ETH: RSI=0 sinais, MACD=0 sinais
2025-07-14 05:48:10,112 - core.analyzer - INFO - [SUCCESS] ETH: 0 sinais gerados, 0 salvos em 0.30s
2025-07-14 05:48:10,116 - core.data_reader - INFO - Carregados 397 pontos para BNB 5m
2025-07-14 05:48:10,199 - indicators.technical - INFO - Análise técnica concluída para BNB: RSI=0 sinais, MACD=0 sinais
2025-07-14 05:48:10,199 - core.analyzer - INFO - [SUCCESS] BNB: 0 sinais gerados, 0 salvos em 0.39s
2025-07-14 05:48:10,208 - core.data_reader - INFO - Carregados 398 pontos para NEAR 5m
2025-07-14 05:48:10,293 - indicators.technical - INFO - Análise técnica concluída para NEAR: RSI=0 sinais, MACD=0 sinais
2025-07-14 05:48:10,293 - core.analyzer - INFO - [SUCCESS] NEAR: 0 sinais gerados, 0 salvos em 0.27s
2025-07-14 05:48:10,296 - core.data_reader - INFO - Carregados 396 pontos para HBAR 5m
2025-07-14 05:48:10,381 - indicators.technical - INFO - Análise técnica concluída para HBAR: RSI=0 sinais, MACD=0 sinais
2025-07-14 05:48:10,381 - core.analyzer - INFO - [SUCCESS] HBAR: 0 sinais gerados, 0 salvos em 0.36s
2025-07-14 05:48:10,384 - core.data_reader - INFO - Carregados 396 pontos para OMNI 5m
2025-07-14 05:48:10,387 - core.data_reader - INFO - Carregados 399 pontos para SOL 5m
2025-07-14 05:48:10,534 - indicators.technical - INFO - Análise técnica concluída para SOL: RSI=0 sinais, MACD=0 sinais
2025-07-14 05:48:10,559 - indicators.technical - INFO - Análise técnica concluída para OMNI: RSI=0 sinais, MACD=0 sinais
2025-07-14 05:48:10,559 - core.analyzer - INFO - [SUCCESS] SOL: 0 sinais gerados, 0 salvos em 0.36s
2025-07-14 05:48:10,560 - core.analyzer - INFO - [SUCCESS] OMNI: 0 sinais gerados, 0 salvos em 0.45s
2025-07-14 05:48:10,561 - core.analyzer - INFO - [COMPLETE] Análise concluída: 8/8 symbols, 0 sinais em 0.76s
2025-07-14 05:48:10,561 - core.analyzer - INFO - [CYCLE] Ciclo concluído: 8 symbols analisados em 0.8s
2025-07-14 05:53:09,800 - core.analyzer - INFO - [START] Iniciando análise de 8 symbols
2025-07-14 05:53:09,804 - core.analyzer - INFO - [DEBUG] Symbols disponíveis no banco: ['BNB', 'BTC', 'ENA', 'ETH', 'HBAR', 'NEAR', 'OMNI', 'SOL']
2025-07-14 05:53:09,805 - core.analyzer - INFO - [DEBUG] Symbols configurados para análise: ['BNB', 'BTC', 'ENA', 'ETH', 'HBAR', 'NEAR', 'OMNI', 'SOL']
2025-07-14 05:53:09,805 - core.analyzer - INFO - [INFO] Symbols que serão analisados: ['BNB', 'BTC', 'ENA', 'ETH', 'HBAR', 'NEAR', 'OMNI', 'SOL']
2025-07-14 05:53:09,822 - core.data_reader - INFO - Carregados 397 pontos para BNB 5m
2025-07-14 05:53:09,989 - core.data_reader - INFO - Carregados 398 pontos para BTC 5m
2025-07-14 05:53:10,004 - indicators.technical - INFO - Análise técnica concluída para BNB: RSI=0 sinais, MACD=0 sinais
2025-07-14 05:53:10,020 - core.analyzer - INFO - [SUCCESS] BNB: 0 sinais gerados, 0 salvos em 0.21s
2025-07-14 05:53:10,081 - core.data_reader - INFO - Carregados 398 pontos para ENA 5m
2025-07-14 05:53:10,289 - indicators.technical - INFO - Análise técnica concluída para BTC: RSI=0 sinais, MACD=0 sinais
2025-07-14 05:53:10,289 - core.analyzer - INFO - [SUCCESS] BTC: 0 sinais gerados, 0 salvos em 0.48s
2025-07-14 05:53:10,316 - indicators.technical - INFO - Análise técnica concluída para ENA: RSI=0 sinais, MACD=0 sinais
2025-07-14 05:53:10,317 - core.analyzer - INFO - [SUCCESS] ENA: 0 sinais gerados, 0 salvos em 0.51s
2025-07-14 05:53:10,321 - core.data_reader - INFO - Carregados 396 pontos para ETH 5m
2025-07-14 05:53:10,445 - indicators.technical - INFO - Análise técnica concluída para ETH: RSI=0 sinais, MACD=0 sinais
2025-07-14 05:53:10,446 - core.analyzer - INFO - [SUCCESS] ETH: 0 sinais gerados, 0 salvos em 0.63s
2025-07-14 05:53:10,452 - core.data_reader - INFO - Carregados 396 pontos para HBAR 5m
2025-07-14 05:53:10,549 - indicators.technical - INFO - Análise técnica concluída para HBAR: RSI=0 sinais, MACD=0 sinais
2025-07-14 05:53:10,549 - core.analyzer - INFO - [SUCCESS] HBAR: 0 sinais gerados, 0 salvos em 0.52s
2025-07-14 05:53:10,555 - core.data_reader - INFO - Carregados 398 pontos para NEAR 5m
2025-07-14 05:53:10,640 - indicators.technical - INFO - Análise técnica concluída para NEAR: RSI=0 sinais, MACD=0 sinais
2025-07-14 05:53:10,641 - core.analyzer - INFO - [SUCCESS] NEAR: 0 sinais gerados, 0 salvos em 0.35s
2025-07-14 05:53:10,644 - core.data_reader - INFO - Carregados 396 pontos para OMNI 5m
2025-07-14 05:53:10,728 - indicators.technical - INFO - Análise técnica concluída para OMNI: RSI=0 sinais, MACD=0 sinais
2025-07-14 05:53:10,728 - core.analyzer - INFO - [SUCCESS] OMNI: 0 sinais gerados, 0 salvos em 0.41s
2025-07-14 05:53:10,731 - core.data_reader - INFO - Carregados 403 pontos para SOL 5m
2025-07-14 05:53:10,810 - indicators.technical - INFO - Análise técnica concluída para SOL: RSI=0 sinais, MACD=0 sinais
2025-07-14 05:53:10,810 - core.analyzer - INFO - [SUCCESS] SOL: 0 sinais gerados, 0 salvos em 0.36s
2025-07-14 05:53:10,811 - core.analyzer - INFO - [COMPLETE] Análise concluída: 8/8 symbols, 0 sinais em 1.01s
2025-07-14 05:53:10,812 - core.analyzer - INFO - [CYCLE] Ciclo concluído: 8 symbols analisados em 1.0s
2025-07-14 05:58:09,801 - core.analyzer - INFO - [START] Iniciando análise de 8 symbols
2025-07-14 05:58:09,807 - core.analyzer - INFO - [DEBUG] Symbols disponíveis no banco: ['BNB', 'BTC', 'ENA', 'ETH', 'HBAR', 'NEAR', 'OMNI', 'SOL']
2025-07-14 05:58:09,808 - core.analyzer - INFO - [DEBUG] Symbols configurados para análise: ['BNB', 'BTC', 'ENA', 'ETH', 'HBAR', 'NEAR', 'OMNI', 'SOL']
2025-07-14 05:58:09,809 - core.analyzer - INFO - [INFO] Symbols que serão analisados: ['BNB', 'BTC', 'ENA', 'ETH', 'HBAR', 'NEAR', 'OMNI', 'SOL']
2025-07-14 05:58:09,843 - core.data_reader - INFO - Carregados 401 pontos para BNB 5m
2025-07-14 05:58:09,936 - indicators.technical - INFO - Análise técnica concluída para BNB: RSI=0 sinais, MACD=0 sinais
2025-07-14 05:58:09,936 - core.analyzer - INFO - [SUCCESS] BNB: 0 sinais gerados, 0 salvos em 0.13s
2025-07-14 05:58:09,941 - core.data_reader - INFO - Carregados 402 pontos para BTC 5m
2025-07-14 05:58:10,028 - indicators.technical - INFO - Análise técnica concluída para BTC: RSI=0 sinais, MACD=0 sinais
2025-07-14 05:58:10,029 - core.analyzer - INFO - [SUCCESS] BTC: 0 sinais gerados, 0 salvos em 0.22s
2025-07-14 05:58:10,032 - core.data_reader - INFO - Carregados 400 pontos para ETH 5m
2025-07-14 05:58:10,119 - indicators.technical - INFO - Análise técnica concluída para ETH: RSI=0 sinais, MACD=0 sinais
2025-07-14 05:58:10,119 - core.analyzer - INFO - [SUCCESS] ETH: 0 sinais gerados, 0 salvos em 0.30s
2025-07-14 05:58:10,123 - core.data_reader - INFO - Carregados 402 pontos para ENA 5m
2025-07-14 05:58:10,212 - indicators.technical - INFO - Análise técnica concluída para ENA: RSI=0 sinais, MACD=0 sinais
2025-07-14 05:58:10,212 - core.analyzer - INFO - [SUCCESS] ENA: 0 sinais gerados, 0 salvos em 0.40s
2025-07-14 05:58:10,222 - core.data_reader - INFO - Carregados 400 pontos para HBAR 5m
2025-07-14 05:58:10,309 - indicators.technical - INFO - Análise técnica concluída para HBAR: RSI=0 sinais, MACD=0 sinais
2025-07-14 05:58:10,309 - core.analyzer - INFO - [SUCCESS] HBAR: 0 sinais gerados, 0 salvos em 0.37s
2025-07-14 05:58:10,313 - core.data_reader - INFO - Carregados 400 pontos para OMNI 5m
2025-07-14 05:58:10,398 - indicators.technical - INFO - Análise técnica concluída para OMNI: RSI=0 sinais, MACD=0 sinais
2025-07-14 05:58:10,399 - core.analyzer - INFO - [SUCCESS] OMNI: 0 sinais gerados, 0 salvos em 0.28s
2025-07-14 05:58:10,402 - core.data_reader - INFO - Carregados 403 pontos para SOL 5m
2025-07-14 05:58:10,487 - indicators.technical - INFO - Análise técnica concluída para SOL: RSI=0 sinais, MACD=0 sinais
2025-07-14 05:58:10,488 - core.analyzer - INFO - [SUCCESS] SOL: 0 sinais gerados, 0 salvos em 0.27s
2025-07-14 05:58:10,491 - core.data_reader - INFO - Carregados 402 pontos para NEAR 5m
2025-07-14 05:58:10,567 - indicators.technical - INFO - Análise técnica concluída para NEAR: RSI=0 sinais, MACD=0 sinais
2025-07-14 05:58:10,567 - core.analyzer - INFO - [SUCCESS] NEAR: 0 sinais gerados, 0 salvos em 0.54s
2025-07-14 05:58:10,568 - core.analyzer - INFO - [COMPLETE] Análise concluída: 8/8 symbols, 0 sinais em 0.77s
2025-07-14 05:58:10,568 - core.analyzer - INFO - [CYCLE] Ciclo concluído: 8 symbols analisados em 0.8s
2025-07-14 06:03:09,802 - core.analyzer - INFO - [START] Iniciando análise de 8 symbols
2025-07-14 06:03:09,811 - core.analyzer - INFO - [DEBUG] Symbols disponíveis no banco: ['BNB', 'BTC', 'ENA', 'ETH', 'HBAR', 'NEAR', 'OMNI', 'SOL']
2025-07-14 06:03:09,812 - core.analyzer - INFO - [DEBUG] Symbols configurados para análise: ['BNB', 'BTC', 'ENA', 'ETH', 'HBAR', 'NEAR', 'OMNI', 'SOL']
2025-07-14 06:03:09,813 - core.analyzer - INFO - [INFO] Symbols que serão analisados: ['BNB', 'BTC', 'ENA', 'ETH', 'HBAR', 'NEAR', 'OMNI', 'SOL']
2025-07-14 06:03:09,848 - core.data_reader - INFO - Carregados 405 pontos para BNB 5m
2025-07-14 06:03:09,938 - indicators.technical - INFO - Análise técnica concluída para BNB: RSI=0 sinais, MACD=0 sinais
2025-07-14 06:03:09,939 - core.analyzer - INFO - [SUCCESS] BNB: 0 sinais gerados, 0 salvos em 0.12s
2025-07-14 06:03:09,943 - core.data_reader - INFO - Carregados 406 pontos para ENA 5m
2025-07-14 06:03:10,029 - indicators.technical - INFO - Análise técnica concluída para ENA: RSI=0 sinais, MACD=0 sinais
2025-07-14 06:03:10,030 - core.analyzer - INFO - [SUCCESS] ENA: 0 sinais gerados, 0 salvos em 0.21s
2025-07-14 06:03:10,033 - core.data_reader - INFO - Carregados 406 pontos para BTC 5m
2025-07-14 06:03:10,120 - indicators.technical - INFO - Análise técnica concluída para BTC: RSI=0 sinais, MACD=0 sinais
2025-07-14 06:03:10,121 - core.analyzer - INFO - [SUCCESS] BTC: 0 sinais gerados, 0 salvos em 0.30s
2025-07-14 06:03:10,124 - core.data_reader - INFO - Carregados 404 pontos para ETH 5m
2025-07-14 06:03:10,210 - indicators.technical - INFO - Análise técnica concluída para ETH: RSI=0 sinais, MACD=0 sinais
2025-07-14 06:03:10,211 - core.analyzer - INFO - [SUCCESS] ETH: 0 sinais gerados, 0 salvos em 0.39s
2025-07-14 06:03:10,221 - core.data_reader - INFO - Carregados 404 pontos para HBAR 5m
2025-07-14 06:03:10,308 - indicators.technical - INFO - Análise técnica concluída para HBAR: RSI=0 sinais, MACD=0 sinais
2025-07-14 06:03:10,308 - core.analyzer - INFO - [SUCCESS] HBAR: 0 sinais gerados, 0 salvos em 0.37s
2025-07-14 06:03:10,311 - core.data_reader - INFO - Carregados 406 pontos para NEAR 5m
2025-07-14 06:03:10,411 - indicators.technical - INFO - Análise técnica concluída para NEAR: RSI=0 sinais, MACD=0 sinais
2025-07-14 06:03:10,412 - core.analyzer - INFO - [SUCCESS] NEAR: 0 sinais gerados, 0 salvos em 0.38s
2025-07-14 06:03:10,415 - core.data_reader - INFO - Carregados 404 pontos para OMNI 5m
2025-07-14 06:03:10,450 - core.data_reader - INFO - Carregados 407 pontos para SOL 5m
2025-07-14 06:03:10,531 - indicators.technical - INFO - Análise técnica concluída para OMNI: RSI=0 sinais, MACD=0 sinais
2025-07-14 06:03:10,578 - core.analyzer - INFO - [SUCCESS] OMNI: 0 sinais gerados, 0 salvos em 0.46s
2025-07-14 06:03:10,601 - indicators.technical - INFO - Análise técnica concluída para SOL: RSI=0 sinais, MACD=0 sinais
2025-07-14 06:03:10,602 - core.analyzer - INFO - [SUCCESS] SOL: 0 sinais gerados, 0 salvos em 0.39s
2025-07-14 06:03:10,603 - core.analyzer - INFO - [COMPLETE] Análise concluída: 8/8 symbols, 0 sinais em 0.80s
2025-07-14 06:03:10,603 - core.analyzer - INFO - [CYCLE] Ciclo concluído: 8 symbols analisados em 0.8s
2025-07-14 06:08:09,802 - core.analyzer - INFO - [START] Iniciando análise de 8 symbols
2025-07-14 06:08:09,817 - core.analyzer - INFO - [DEBUG] Symbols disponíveis no banco: ['BNB', 'BTC', 'ENA', 'ETH', 'HBAR', 'NEAR', 'OMNI', 'SOL']
2025-07-14 06:08:09,818 - core.analyzer - INFO - [DEBUG] Symbols configurados para análise: ['BNB', 'BTC', 'ENA', 'ETH', 'HBAR', 'NEAR', 'OMNI', 'SOL']
2025-07-14 06:08:09,819 - core.analyzer - INFO - [INFO] Symbols que serão analisados: ['BNB', 'BTC', 'ENA', 'ETH', 'HBAR', 'NEAR', 'OMNI', 'SOL']
2025-07-14 06:08:09,851 - core.data_reader - INFO - Carregados 409 pontos para BTC 5m
2025-07-14 06:08:09,942 - indicators.technical - INFO - Análise técnica concluída para BTC: RSI=0 sinais, MACD=0 sinais
2025-07-14 06:08:09,942 - core.analyzer - INFO - [SUCCESS] BTC: 0 sinais gerados, 0 salvos em 0.12s
2025-07-14 06:08:09,946 - core.data_reader - INFO - Carregados 408 pontos para BNB 5m
2025-07-14 06:08:10,035 - indicators.technical - INFO - Análise técnica concluída para BNB: RSI=0 sinais, MACD=0 sinais
2025-07-14 06:08:10,036 - core.analyzer - INFO - [SUCCESS] BNB: 0 sinais gerados, 0 salvos em 0.21s
2025-07-14 06:08:10,039 - core.data_reader - INFO - Carregados 407 pontos para ETH 5m
2025-07-14 06:08:10,127 - indicators.technical - INFO - Análise técnica concluída para ETH: RSI=0 sinais, MACD=0 sinais
2025-07-14 06:08:10,127 - core.analyzer - INFO - [SUCCESS] ETH: 0 sinais gerados, 0 salvos em 0.30s
2025-07-14 06:08:10,130 - core.data_reader - INFO - Carregados 409 pontos para ENA 5m
2025-07-14 06:08:10,217 - indicators.technical - INFO - Análise técnica concluída para ENA: RSI=0 sinais, MACD=0 sinais
2025-07-14 06:08:10,217 - core.analyzer - INFO - [SUCCESS] ENA: 0 sinais gerados, 0 salvos em 0.39s
2025-07-14 06:08:10,227 - core.data_reader - INFO - Carregados 409 pontos para NEAR 5m
2025-07-14 06:08:10,315 - indicators.technical - INFO - Análise técnica concluída para NEAR: RSI=0 sinais, MACD=0 sinais
2025-07-14 06:08:10,317 - core.data_reader - INFO - Carregados 407 pontos para OMNI 5m
2025-07-14 06:08:10,318 - core.analyzer - INFO - [SUCCESS] NEAR: 0 sinais gerados, 0 salvos em 0.28s
2025-07-14 06:08:10,405 - indicators.technical - INFO - Análise técnica concluída para OMNI: RSI=0 sinais, MACD=0 sinais
2025-07-14 06:08:10,406 - core.analyzer - INFO - [SUCCESS] OMNI: 0 sinais gerados, 0 salvos em 0.28s
2025-07-14 06:08:10,409 - core.data_reader - INFO - Carregados 407 pontos para HBAR 5m
2025-07-14 06:08:10,495 - indicators.technical - INFO - Análise técnica concluída para HBAR: RSI=0 sinais, MACD=0 sinais
2025-07-14 06:08:10,496 - core.analyzer - INFO - [SUCCESS] HBAR: 0 sinais gerados, 0 salvos em 0.55s
2025-07-14 06:08:10,499 - core.data_reader - INFO - Carregados 409 pontos para SOL 5m
2025-07-14 06:08:10,576 - indicators.technical - INFO - Análise técnica concluída para SOL: RSI=0 sinais, MACD=0 sinais
2025-07-14 06:08:10,576 - core.analyzer - INFO - [SUCCESS] SOL: 0 sinais gerados, 0 salvos em 0.36s
2025-07-14 06:08:10,577 - core.analyzer - INFO - [COMPLETE] Análise concluída: 8/8 symbols, 0 sinais em 0.77s
2025-07-14 06:08:10,577 - core.analyzer - INFO - [CYCLE] Ciclo concluído: 8 symbols analisados em 0.8s
2025-07-14 06:13:09,803 - core.analyzer - INFO - [START] Iniciando análise de 8 symbols
2025-07-14 06:13:09,812 - core.analyzer - INFO - [DEBUG] Symbols disponíveis no banco: ['BNB', 'BTC', 'ENA', 'ETH', 'HBAR', 'NEAR', 'OMNI', 'SOL']
2025-07-14 06:13:09,813 - core.analyzer - INFO - [DEBUG] Symbols configurados para análise: ['BNB', 'BTC', 'ENA', 'ETH', 'HBAR', 'NEAR', 'OMNI', 'SOL']
2025-07-14 06:13:09,814 - core.analyzer - INFO - [INFO] Symbols que serão analisados: ['BNB', 'BTC', 'ENA', 'ETH', 'HBAR', 'NEAR', 'OMNI', 'SOL']
2025-07-14 06:13:09,847 - core.data_reader - INFO - Carregados 412 pontos para BTC 5m
2025-07-14 06:13:09,939 - indicators.technical - INFO - Análise técnica concluída para BTC: RSI=0 sinais, MACD=0 sinais
2025-07-14 06:13:09,939 - core.analyzer - INFO - [SUCCESS] BTC: 0 sinais gerados, 0 salvos em 0.12s
2025-07-14 06:13:09,943 - core.data_reader - INFO - Carregados 410 pontos para ETH 5m
2025-07-14 06:13:10,031 - indicators.technical - INFO - Análise técnica concluída para ETH: RSI=0 sinais, MACD=0 sinais
2025-07-14 06:13:10,034 - core.data_reader - INFO - Carregados 412 pontos para ENA 5m
2025-07-14 06:13:10,034 - core.analyzer - INFO - [SUCCESS] ETH: 0 sinais gerados, 0 salvos em 0.21s
2025-07-14 06:13:10,125 - indicators.technical - INFO - Análise técnica concluída para ENA: RSI=0 sinais, MACD=0 sinais
2025-07-14 06:13:10,126 - core.analyzer - INFO - [SUCCESS] ENA: 0 sinais gerados, 0 salvos em 0.31s
2025-07-14 06:13:10,129 - core.data_reader - INFO - Carregados 411 pontos para BNB 5m
2025-07-14 06:13:10,216 - indicators.technical - INFO - Análise técnica concluída para BNB: RSI=0 sinais, MACD=0 sinais
2025-07-14 06:13:10,217 - core.analyzer - INFO - [SUCCESS] BNB: 0 sinais gerados, 0 salvos em 0.40s
2025-07-14 06:13:10,224 - core.data_reader - INFO - Carregados 410 pontos para HBAR 5m
2025-07-14 06:13:10,312 - indicators.technical - INFO - Análise técnica concluída para HBAR: RSI=0 sinais, MACD=0 sinais
2025-07-14 06:13:10,312 - core.analyzer - INFO - [SUCCESS] HBAR: 0 sinais gerados, 0 salvos em 0.37s
2025-07-14 06:13:10,317 - core.data_reader - INFO - Carregados 412 pontos para SOL 5m
2025-07-14 06:13:10,320 - core.data_reader - INFO - Carregados 410 pontos para OMNI 5m
2025-07-14 06:13:10,407 - indicators.technical - INFO - Análise técnica concluída para SOL: RSI=0 sinais, MACD=0 sinais
2025-07-14 06:13:10,449 - core.analyzer - INFO - [SUCCESS] SOL: 0 sinais gerados, 0 salvos em 0.23s
2025-07-14 06:13:10,496 - indicators.technical - INFO - Análise técnica concluída para OMNI: RSI=0 sinais, MACD=0 sinais
2025-07-14 06:13:10,496 - core.analyzer - INFO - [SUCCESS] OMNI: 0 sinais gerados, 0 salvos em 0.37s
2025-07-14 06:13:10,499 - core.data_reader - INFO - Carregados 412 pontos para NEAR 5m
2025-07-14 06:13:10,578 - indicators.technical - INFO - Análise técnica concluída para NEAR: RSI=0 sinais, MACD=0 sinais
2025-07-14 06:13:10,579 - core.analyzer - INFO - [SUCCESS] NEAR: 0 sinais gerados, 0 salvos em 0.48s
2025-07-14 06:13:10,579 - core.analyzer - INFO - [COMPLETE] Análise concluída: 8/8 symbols, 0 sinais em 0.78s
2025-07-14 06:13:10,580 - core.analyzer - INFO - [CYCLE] Ciclo concluído: 8 symbols analisados em 0.8s
2025-07-14 06:18:09,803 - core.analyzer - INFO - [START] Iniciando análise de 8 symbols
2025-07-14 06:18:09,817 - core.analyzer - INFO - [DEBUG] Symbols disponíveis no banco: ['BNB', 'BTC', 'ENA', 'ETH', 'HBAR', 'NEAR', 'OMNI', 'SOL']
2025-07-14 06:18:09,818 - core.analyzer - INFO - [DEBUG] Symbols configurados para análise: ['BNB', 'BTC', 'ENA', 'ETH', 'HBAR', 'NEAR', 'OMNI', 'SOL']
2025-07-14 06:18:09,819 - core.analyzer - INFO - [INFO] Symbols que serão analisados: ['BNB', 'BTC', 'ENA', 'ETH', 'HBAR', 'NEAR', 'OMNI', 'SOL']
2025-07-14 06:18:09,853 - core.data_reader - INFO - Carregados 414 pontos para BNB 5m
2025-07-14 06:18:09,947 - indicators.technical - INFO - Análise técnica concluída para BNB: RSI=0 sinais, MACD=0 sinais
2025-07-14 06:18:09,947 - core.analyzer - INFO - [SUCCESS] BNB: 0 sinais gerados, 0 salvos em 0.13s
2025-07-14 06:18:09,951 - core.data_reader - INFO - Carregados 415 pontos para BTC 5m
2025-07-14 06:18:10,041 - indicators.technical - INFO - Análise técnica concluída para BTC: RSI=0 sinais, MACD=0 sinais
2025-07-14 06:18:10,041 - core.analyzer - INFO - [SUCCESS] BTC: 0 sinais gerados, 0 salvos em 0.22s
2025-07-14 06:18:10,044 - core.data_reader - INFO - Carregados 415 pontos para ENA 5m
2025-07-14 06:18:10,133 - indicators.technical - INFO - Análise técnica concluída para ENA: RSI=0 sinais, MACD=0 sinais
2025-07-14 06:18:10,133 - core.analyzer - INFO - [SUCCESS] ENA: 0 sinais gerados, 0 salvos em 0.31s
2025-07-14 06:18:10,136 - core.data_reader - INFO - Carregados 413 pontos para ETH 5m
2025-07-14 06:18:10,223 - indicators.technical - INFO - Análise técnica concluída para ETH: RSI=0 sinais, MACD=0 sinais
2025-07-14 06:18:10,224 - core.analyzer - INFO - [SUCCESS] ETH: 0 sinais gerados, 0 salvos em 0.40s
2025-07-14 06:18:10,233 - core.data_reader - INFO - Carregados 413 pontos para HBAR 5m
2025-07-14 06:18:10,320 - indicators.technical - INFO - Análise técnica concluída para HBAR: RSI=0 sinais, MACD=0 sinais
2025-07-14 06:18:10,321 - core.analyzer - INFO - [SUCCESS] HBAR: 0 sinais gerados, 0 salvos em 0.37s
2025-07-14 06:18:10,324 - core.data_reader - INFO - Carregados 415 pontos para NEAR 5m
2025-07-14 06:18:10,327 - core.data_reader - INFO - Carregados 413 pontos para OMNI 5m
2025-07-14 06:18:10,415 - indicators.technical - INFO - Análise técnica concluída para NEAR: RSI=0 sinais, MACD=0 sinais
2025-07-14 06:18:10,453 - core.analyzer - INFO - [SUCCESS] NEAR: 0 sinais gerados, 0 salvos em 0.41s
2025-07-14 06:18:10,504 - indicators.technical - INFO - Análise técnica concluída para OMNI: RSI=0 sinais, MACD=0 sinais
2025-07-14 06:18:10,505 - core.analyzer - INFO - [SUCCESS] OMNI: 0 sinais gerados, 0 salvos em 0.37s
2025-07-14 06:18:10,508 - core.data_reader - INFO - Carregados 415 pontos para SOL 5m
2025-07-14 06:18:10,587 - indicators.technical - INFO - Análise técnica concluída para SOL: RSI=0 sinais, MACD=0 sinais
2025-07-14 06:18:10,587 - core.analyzer - INFO - [SUCCESS] SOL: 0 sinais gerados, 0 salvos em 0.36s
2025-07-14 06:18:10,588 - core.analyzer - INFO - [COMPLETE] Análise concluída: 8/8 symbols, 0 sinais em 0.78s
2025-07-14 06:18:10,588 - core.analyzer - INFO - [CYCLE] Ciclo concluído: 8 symbols analisados em 0.8s
2025-07-14 06:23:09,804 - core.analyzer - INFO - [START] Iniciando análise de 8 symbols
2025-07-14 06:23:09,813 - core.analyzer - INFO - [DEBUG] Symbols disponíveis no banco: ['BNB', 'BTC', 'ENA', 'ETH', 'HBAR', 'NEAR', 'OMNI', 'SOL']
2025-07-14 06:23:09,814 - core.analyzer - INFO - [DEBUG] Symbols configurados para análise: ['BNB', 'BTC', 'ENA', 'ETH', 'HBAR', 'NEAR', 'OMNI', 'SOL']
2025-07-14 06:23:09,815 - core.analyzer - INFO - [INFO] Symbols que serão analisados: ['BNB', 'BTC', 'ENA', 'ETH', 'HBAR', 'NEAR', 'OMNI', 'SOL']
2025-07-14 06:23:09,852 - core.data_reader - INFO - Carregados 414 pontos para BNB 5m
2025-07-14 06:23:09,944 - indicators.technical - INFO - Análise técnica concluída para BNB: RSI=0 sinais, MACD=0 sinais
2025-07-14 06:23:09,944 - core.analyzer - INFO - [SUCCESS] BNB: 0 sinais gerados, 0 salvos em 0.13s
2025-07-14 06:23:09,947 - core.data_reader - INFO - Carregados 415 pontos para BTC 5m
2025-07-14 06:23:10,036 - indicators.technical - INFO - Análise técnica concluída para BTC: RSI=0 sinais, MACD=0 sinais
2025-07-14 06:23:10,039 - core.data_reader - INFO - Carregados 413 pontos para ETH 5m
2025-07-14 06:23:10,039 - core.analyzer - INFO - [SUCCESS] BTC: 0 sinais gerados, 0 salvos em 0.22s
2025-07-14 06:23:10,072 - core.data_reader - INFO - Carregados 415 pontos para ENA 5m
2025-07-14 06:23:10,192 - indicators.technical - INFO - Análise técnica concluída para ENA: RSI=0 sinais, MACD=0 sinais
2025-07-14 06:23:10,208 - core.analyzer - INFO - [SUCCESS] ENA: 0 sinais gerados, 0 salvos em 0.39s
2025-07-14 06:23:10,231 - indicators.technical - INFO - Análise técnica concluída para ETH: RSI=0 sinais, MACD=0 sinais
2025-07-14 06:23:10,232 - core.analyzer - INFO - [SUCCESS] ETH: 0 sinais gerados, 0 salvos em 0.41s
2025-07-14 06:23:10,239 - core.data_reader - INFO - Carregados 413 pontos para HBAR 5m
2025-07-14 06:23:10,328 - indicators.technical - INFO - Análise técnica concluída para HBAR: RSI=0 sinais, MACD=0 sinais
2025-07-14 06:23:10,328 - core.analyzer - INFO - [SUCCESS] HBAR: 0 sinais gerados, 0 salvos em 0.38s
2025-07-14 06:23:10,332 - core.data_reader - INFO - Carregados 415 pontos para NEAR 5m
2025-07-14 06:23:10,419 - indicators.technical - INFO - Análise técnica concluída para NEAR: RSI=0 sinais, MACD=0 sinais
2025-07-14 06:23:10,420 - core.analyzer - INFO - [SUCCESS] NEAR: 0 sinais gerados, 0 salvos em 0.35s
2025-07-14 06:23:10,424 - core.data_reader - INFO - Carregados 413 pontos para OMNI 5m
2025-07-14 06:23:10,512 - indicators.technical - INFO - Análise técnica concluída para OMNI: RSI=0 sinais, MACD=0 sinais
2025-07-14 06:23:10,515 - core.analyzer - INFO - [SUCCESS] OMNI: 0 sinais gerados, 0 salvos em 0.31s
2025-07-14 06:23:10,515 - core.data_reader - INFO - Carregados 419 pontos para SOL 5m
2025-07-14 06:23:10,595 - indicators.technical - INFO - Análise técnica concluída para SOL: RSI=0 sinais, MACD=0 sinais
2025-07-14 06:23:10,595 - core.analyzer - INFO - [SUCCESS] SOL: 0 sinais gerados, 0 salvos em 0.36s
2025-07-14 06:23:10,596 - core.analyzer - INFO - [COMPLETE] Análise concluída: 8/8 symbols, 0 sinais em 0.79s
2025-07-14 06:23:10,596 - core.analyzer - INFO - [CYCLE] Ciclo concluído: 8 symbols analisados em 0.8s
2025-07-14 06:28:09,805 - core.analyzer - INFO - [START] Iniciando análise de 8 symbols
2025-07-14 06:28:09,811 - core.analyzer - INFO - [DEBUG] Symbols disponíveis no banco: ['BNB', 'BTC', 'ENA', 'ETH', 'HBAR', 'NEAR', 'OMNI', 'SOL']
2025-07-14 06:28:09,812 - core.analyzer - INFO - [DEBUG] Symbols configurados para análise: ['BNB', 'BTC', 'ENA', 'ETH', 'HBAR', 'NEAR', 'OMNI', 'SOL']
2025-07-14 06:28:09,813 - core.analyzer - INFO - [INFO] Symbols que serão analisados: ['BNB', 'BTC', 'ENA', 'ETH', 'HBAR', 'NEAR', 'OMNI', 'SOL']
2025-07-14 06:28:09,855 - core.data_reader - INFO - Carregados 419 pontos para ENA 5m
2025-07-14 06:28:09,859 - core.data_reader - INFO - Carregados 418 pontos para BNB 5m
2025-07-14 06:28:09,950 - indicators.technical - INFO - Análise técnica concluída para ENA: RSI=0 sinais, MACD=0 sinais
2025-07-14 06:28:10,040 - indicators.technical - INFO - Análise técnica concluída para BNB: RSI=0 sinais, MACD=0 sinais
2025-07-14 06:28:10,040 - core.analyzer - INFO - [SUCCESS] ENA: 0 sinais gerados, 0 salvos em 0.22s
2025-07-14 06:28:10,043 - core.data_reader - INFO - Carregados 417 pontos para ETH 5m
2025-07-14 06:28:10,043 - core.analyzer - INFO - [SUCCESS] BNB: 0 sinais gerados, 0 salvos em 0.23s
2025-07-14 06:28:10,072 - core.data_reader - INFO - Carregados 419 pontos para BTC 5m
2025-07-14 06:28:10,209 - indicators.technical - INFO - Análise técnica concluída para BTC: RSI=0 sinais, MACD=0 sinais
2025-07-14 06:28:10,229 - indicators.technical - INFO - Análise técnica concluída para ETH: RSI=0 sinais, MACD=0 sinais
2025-07-14 06:28:10,229 - core.analyzer - INFO - [SUCCESS] BTC: 0 sinais gerados, 0 salvos em 0.41s
2025-07-14 06:28:10,229 - core.analyzer - INFO - [SUCCESS] ETH: 0 sinais gerados, 0 salvos em 0.41s
2025-07-14 06:28:10,240 - core.data_reader - INFO - Carregados 419 pontos para NEAR 5m
2025-07-14 06:28:10,330 - indicators.technical - INFO - Análise técnica concluída para NEAR: RSI=0 sinais, MACD=0 sinais
2025-07-14 06:28:10,330 - core.analyzer - INFO - [SUCCESS] NEAR: 0 sinais gerados, 0 salvos em 0.21s
2025-07-14 06:28:10,334 - core.data_reader - INFO - Carregados 419 pontos para SOL 5m
2025-07-14 06:28:10,337 - core.data_reader - INFO - Carregados 417 pontos para HBAR 5m
2025-07-14 06:28:10,499 - indicators.technical - INFO - Análise técnica concluída para SOL: RSI=0 sinais, MACD=0 sinais
2025-07-14 06:28:10,515 - core.analyzer - INFO - [SUCCESS] SOL: 0 sinais gerados, 0 salvos em 0.29s
2025-07-14 06:28:10,518 - indicators.technical - INFO - Análise técnica concluída para HBAR: RSI=0 sinais, MACD=0 sinais
2025-07-14 06:28:10,519 - core.analyzer - INFO - [SUCCESS] HBAR: 0 sinais gerados, 0 salvos em 0.48s
2025-07-14 06:28:10,522 - core.data_reader - INFO - Carregados 417 pontos para OMNI 5m
2025-07-14 06:28:10,601 - indicators.technical - INFO - Análise técnica concluída para OMNI: RSI=0 sinais, MACD=0 sinais
2025-07-14 06:28:10,601 - core.analyzer - INFO - [SUCCESS] OMNI: 0 sinais gerados, 0 salvos em 0.37s
2025-07-14 06:28:10,602 - core.analyzer - INFO - [COMPLETE] Análise concluída: 8/8 symbols, 0 sinais em 0.80s
2025-07-14 06:28:10,602 - core.analyzer - INFO - [CYCLE] Ciclo concluído: 8 symbols analisados em 0.8s
2025-07-14 06:33:09,806 - core.analyzer - INFO - [START] Iniciando análise de 8 symbols
2025-07-14 06:33:09,815 - core.analyzer - INFO - [DEBUG] Symbols disponíveis no banco: ['BNB', 'BTC', 'ENA', 'ETH', 'HBAR', 'NEAR', 'OMNI', 'SOL']
2025-07-14 06:33:09,816 - core.analyzer - INFO - [DEBUG] Symbols configurados para análise: ['BNB', 'BTC', 'ENA', 'ETH', 'HBAR', 'NEAR', 'OMNI', 'SOL']
2025-07-14 06:33:09,817 - core.analyzer - INFO - [INFO] Symbols que serão analisados: ['BNB', 'BTC', 'ENA', 'ETH', 'HBAR', 'NEAR', 'OMNI', 'SOL']
2025-07-14 06:33:09,850 - core.data_reader - INFO - Carregados 421 pontos para BNB 5m
2025-07-14 06:33:09,945 - indicators.technical - INFO - Análise técnica concluída para BNB: RSI=0 sinais, MACD=0 sinais
2025-07-14 06:33:09,945 - core.analyzer - INFO - [SUCCESS] BNB: 0 sinais gerados, 0 salvos em 0.13s
2025-07-14 06:33:09,949 - core.data_reader - INFO - Carregados 422 pontos para BTC 5m
2025-07-14 06:33:10,040 - indicators.technical - INFO - Análise técnica concluída para BTC: RSI=0 sinais, MACD=0 sinais
2025-07-14 06:33:10,040 - core.analyzer - INFO - [SUCCESS] BTC: 0 sinais gerados, 0 salvos em 0.22s
2025-07-14 06:33:10,044 - core.data_reader - INFO - Carregados 422 pontos para ENA 5m
2025-07-14 06:33:10,133 - indicators.technical - INFO - Análise técnica concluída para ENA: RSI=0 sinais, MACD=0 sinais
2025-07-14 06:33:10,137 - core.data_reader - INFO - Carregados 420 pontos para ETH 5m
2025-07-14 06:33:10,137 - core.analyzer - INFO - [SUCCESS] ENA: 0 sinais gerados, 0 salvos em 0.31s
2025-07-14 06:33:10,227 - indicators.technical - INFO - Análise técnica concluída para ETH: RSI=0 sinais, MACD=0 sinais
2025-07-14 06:33:10,227 - core.analyzer - INFO - [SUCCESS] ETH: 0 sinais gerados, 0 salvos em 0.40s
2025-07-14 06:33:10,238 - core.data_reader - INFO - Carregados 422 pontos para NEAR 5m
2025-07-14 06:33:10,259 - core.data_reader - INFO - Carregados 420 pontos para HBAR 5m
2025-07-14 06:33:10,416 - indicators.technical - INFO - Análise técnica concluída para HBAR: RSI=0 sinais, MACD=0 sinais
2025-07-14 06:33:10,421 - indicators.technical - INFO - Análise técnica concluída para NEAR: RSI=0 sinais, MACD=0 sinais
2025-07-14 06:33:10,422 - core.analyzer - INFO - [SUCCESS] HBAR: 0 sinais gerados, 0 salvos em 0.48s
2025-07-14 06:33:10,422 - core.analyzer - INFO - [SUCCESS] NEAR: 0 sinais gerados, 0 salvos em 0.38s
2025-07-14 06:33:10,426 - core.data_reader - INFO - Carregados 423 pontos para SOL 5m
2025-07-14 06:33:10,438 - core.data_reader - INFO - Carregados 420 pontos para OMNI 5m
2025-07-14 06:33:10,566 - indicators.technical - INFO - Análise técnica concluída para SOL: RSI=0 sinais, MACD=0 sinais
2025-07-14 06:33:10,567 - core.analyzer - INFO - [SUCCESS] SOL: 0 sinais gerados, 0 salvos em 0.34s
2025-07-14 06:33:10,613 - indicators.technical - INFO - Análise técnica concluída para OMNI: RSI=0 sinais, MACD=0 sinais
2025-07-14 06:33:10,614 - core.analyzer - INFO - [SUCCESS] OMNI: 0 sinais gerados, 0 salvos em 0.39s
2025-07-14 06:33:10,614 - core.analyzer - INFO - [COMPLETE] Análise concluída: 8/8 symbols, 0 sinais em 0.81s
2025-07-14 06:33:10,614 - core.analyzer - INFO - [CYCLE] Ciclo concluído: 8 symbols analisados em 0.8s
2025-07-14 06:38:09,807 - core.analyzer - INFO - [START] Iniciando análise de 8 symbols
2025-07-14 06:38:09,816 - core.analyzer - INFO - [DEBUG] Symbols disponíveis no banco: ['BNB', 'BTC', 'ENA', 'ETH', 'HBAR', 'NEAR', 'OMNI', 'SOL']
2025-07-14 06:38:09,817 - core.analyzer - INFO - [DEBUG] Symbols configurados para análise: ['BNB', 'BTC', 'ENA', 'ETH', 'HBAR', 'NEAR', 'OMNI', 'SOL']
2025-07-14 06:38:09,818 - core.analyzer - INFO - [INFO] Symbols que serão analisados: ['BNB', 'BTC', 'ENA', 'ETH', 'HBAR', 'NEAR', 'OMNI', 'SOL']
2025-07-14 06:38:09,848 - core.data_reader - INFO - Carregados 425 pontos para BNB 5m
2025-07-14 06:38:09,948 - indicators.technical - INFO - Análise técnica concluída para BNB: RSI=0 sinais, MACD=0 sinais
2025-07-14 06:38:09,948 - core.analyzer - INFO - [SUCCESS] BNB: 0 sinais gerados, 0 salvos em 0.13s
2025-07-14 06:38:09,952 - core.data_reader - INFO - Carregados 426 pontos para ENA 5m
2025-07-14 06:38:10,042 - indicators.technical - INFO - Análise técnica concluída para ENA: RSI=0 sinais, MACD=0 sinais
2025-07-14 06:38:10,045 - core.data_reader - INFO - Carregados 426 pontos para BTC 5m
2025-07-14 06:38:10,045 - core.analyzer - INFO - [SUCCESS] ENA: 0 sinais gerados, 0 salvos em 0.22s
2025-07-14 06:38:10,118 - core.data_reader - INFO - Carregados 424 pontos para ETH 5m
2025-07-14 06:38:10,208 - indicators.technical - INFO - Análise técnica concluída para ETH: RSI=0 sinais, MACD=0 sinais
2025-07-14 06:38:10,209 - core.analyzer - INFO - [SUCCESS] ETH: 0 sinais gerados, 0 salvos em 0.39s
2025-07-14 06:38:10,233 - indicators.technical - INFO - Análise técnica concluída para BTC: RSI=0 sinais, MACD=0 sinais
2025-07-14 06:38:10,233 - core.analyzer - INFO - [SUCCESS] BTC: 0 sinais gerados, 0 salvos em 0.41s
2025-07-14 06:38:10,241 - core.data_reader - INFO - Carregados 424 pontos para HBAR 5m
2025-07-14 06:38:10,332 - indicators.technical - INFO - Análise técnica concluída para HBAR: RSI=0 sinais, MACD=0 sinais
2025-07-14 06:38:10,332 - core.analyzer - INFO - [SUCCESS] HBAR: 0 sinais gerados, 0 salvos em 0.38s
2025-07-14 06:38:10,335 - core.data_reader - INFO - Carregados 426 pontos para NEAR 5m
2025-07-14 06:38:10,427 - indicators.technical - INFO - Análise técnica concluída para NEAR: RSI=0 sinais, MACD=0 sinais
2025-07-14 06:38:10,428 - core.analyzer - INFO - [SUCCESS] NEAR: 0 sinais gerados, 0 salvos em 0.31s
2025-07-14 06:38:10,431 - core.data_reader - INFO - Carregados 424 pontos para OMNI 5m
2025-07-14 06:38:10,523 - indicators.technical - INFO - Análise técnica concluída para OMNI: RSI=0 sinais, MACD=0 sinais
2025-07-14 06:38:10,526 - core.data_reader - INFO - Carregados 426 pontos para SOL 5m
2025-07-14 06:38:10,526 - core.analyzer - INFO - [SUCCESS] OMNI: 0 sinais gerados, 0 salvos em 0.32s
2025-07-14 06:38:10,617 - indicators.technical - INFO - Análise técnica concluída para SOL: RSI=0 sinais, MACD=0 sinais
2025-07-14 06:38:10,617 - core.analyzer - INFO - [SUCCESS] SOL: 0 sinais gerados, 0 salvos em 0.38s
2025-07-14 06:38:10,618 - core.analyzer - INFO - [COMPLETE] Análise concluída: 8/8 symbols, 0 sinais em 0.81s
2025-07-14 06:38:10,618 - core.analyzer - INFO - [CYCLE] Ciclo concluído: 8 symbols analisados em 0.8s
2025-07-14 06:43:09,807 - core.analyzer - INFO - [START] Iniciando análise de 8 symbols
2025-07-14 06:43:09,816 - core.analyzer - INFO - [DEBUG] Symbols disponíveis no banco: ['BNB', 'BTC', 'ENA', 'ETH', 'HBAR', 'NEAR', 'OMNI', 'SOL']
2025-07-14 06:43:09,817 - core.analyzer - INFO - [DEBUG] Symbols configurados para análise: ['BNB', 'BTC', 'ENA', 'ETH', 'HBAR', 'NEAR', 'OMNI', 'SOL']
2025-07-14 06:43:09,818 - core.analyzer - INFO - [INFO] Symbols que serão analisados: ['BNB', 'BTC', 'ENA', 'ETH', 'HBAR', 'NEAR', 'OMNI', 'SOL']
2025-07-14 06:43:09,851 - core.data_reader - INFO - Carregados 429 pontos para BNB 5m
2025-07-14 06:43:09,947 - indicators.technical - INFO - Análise técnica concluída para BNB: RSI=0 sinais, MACD=0 sinais
2025-07-14 06:43:09,948 - core.analyzer - INFO - [SUCCESS] BNB: 0 sinais gerados, 0 salvos em 0.13s
2025-07-14 06:43:09,950 - core.data_reader - INFO - Carregados 430 pontos para ENA 5m
2025-07-14 06:43:10,042 - indicators.technical - INFO - Análise técnica concluída para ENA: RSI=0 sinais, MACD=0 sinais
2025-07-14 06:43:10,042 - core.analyzer - INFO - [SUCCESS] ENA: 0 sinais gerados, 0 salvos em 0.22s
2025-07-14 06:43:10,046 - core.data_reader - INFO - Carregados 430 pontos para BTC 5m
2025-07-14 06:43:10,138 - indicators.technical - INFO - Análise técnica concluída para BTC: RSI=0 sinais, MACD=0 sinais
2025-07-14 06:43:10,138 - core.analyzer - INFO - [SUCCESS] BTC: 0 sinais gerados, 0 salvos em 0.32s
2025-07-14 06:43:10,142 - core.data_reader - INFO - Carregados 428 pontos para ETH 5m
2025-07-14 06:43:10,232 - indicators.technical - INFO - Análise técnica concluída para ETH: RSI=0 sinais, MACD=0 sinais
2025-07-14 06:43:10,233 - core.analyzer - INFO - [SUCCESS] ETH: 0 sinais gerados, 0 salvos em 0.41s
2025-07-14 06:43:10,242 - core.data_reader - INFO - Carregados 430 pontos para NEAR 5m
2025-07-14 06:43:10,333 - indicators.technical - INFO - Análise técnica concluída para NEAR: RSI=0 sinais, MACD=0 sinais
2025-07-14 06:43:10,334 - core.analyzer - INFO - [SUCCESS] NEAR: 0 sinais gerados, 0 salvos em 0.29s
2025-07-14 06:43:10,338 - core.data_reader - INFO - Carregados 428 pontos para HBAR 5m
2025-07-14 06:43:10,429 - indicators.technical - INFO - Análise técnica concluída para HBAR: RSI=0 sinais, MACD=0 sinais
2025-07-14 06:43:10,429 - core.analyzer - INFO - [SUCCESS] HBAR: 0 sinais gerados, 0 salvos em 0.48s
2025-07-14 06:43:10,432 - core.data_reader - INFO - Carregados 430 pontos para SOL 5m
2025-07-14 06:43:10,451 - core.data_reader - INFO - Carregados 428 pontos para OMNI 5m
2025-07-14 06:43:10,530 - indicators.technical - INFO - Análise técnica concluída para SOL: RSI=0 sinais, MACD=0 sinais
2025-07-14 06:43:10,559 - core.analyzer - INFO - [SUCCESS] SOL: 0 sinais gerados, 0 salvos em 0.33s
2025-07-14 06:43:10,616 - indicators.technical - INFO - Análise técnica concluída para OMNI: RSI=0 sinais, MACD=0 sinais
2025-07-14 06:43:10,616 - core.analyzer - INFO - [SUCCESS] OMNI: 0 sinais gerados, 0 salvos em 0.48s
2025-07-14 06:43:10,617 - core.analyzer - INFO - [COMPLETE] Análise concluída: 8/8 symbols, 0 sinais em 0.81s
2025-07-14 06:43:10,617 - core.analyzer - INFO - [CYCLE] Ciclo concluído: 8 symbols analisados em 0.8s
2025-07-14 06:48:09,808 - core.analyzer - INFO - [START] Iniciando análise de 8 symbols
2025-07-14 06:48:09,823 - core.analyzer - INFO - [DEBUG] Symbols disponíveis no banco: ['BNB', 'BTC', 'ENA', 'ETH', 'HBAR', 'NEAR', 'OMNI', 'SOL']
2025-07-14 06:48:09,824 - core.analyzer - INFO - [DEBUG] Symbols configurados para análise: ['BNB', 'BTC', 'ENA', 'ETH', 'HBAR', 'NEAR', 'OMNI', 'SOL']
2025-07-14 06:48:09,825 - core.analyzer - INFO - [INFO] Symbols que serão analisados: ['BNB', 'BTC', 'ENA', 'ETH', 'HBAR', 'NEAR', 'OMNI', 'SOL']
2025-07-14 06:48:09,861 - core.data_reader - INFO - Carregados 430 pontos para ENA 5m
2025-07-14 06:48:09,935 - core.data_reader - INFO - Carregados 428 pontos para ETH 5m
2025-07-14 06:48:09,960 - indicators.technical - INFO - Análise técnica concluída para ENA: RSI=0 sinais, MACD=0 sinais
2025-07-14 06:48:10,031 - core.analyzer - INFO - [SUCCESS] ENA: 0 sinais gerados, 0 salvos em 0.20s
2025-07-14 06:48:10,034 - core.data_reader - INFO - Carregados 429 pontos para BNB 5m
2025-07-14 06:48:10,126 - indicators.technical - INFO - Análise técnica concluída para BNB: RSI=0 sinais, MACD=0 sinais
2025-07-14 06:48:10,127 - core.analyzer - INFO - [SUCCESS] BNB: 0 sinais gerados, 0 salvos em 0.30s
2025-07-14 06:48:10,148 - indicators.technical - INFO - Análise técnica concluída para ETH: RSI=0 sinais, MACD=0 sinais
2025-07-14 06:48:10,149 - core.analyzer - INFO - [SUCCESS] ETH: 0 sinais gerados, 0 salvos em 0.32s
2025-07-14 06:48:10,152 - core.data_reader - INFO - Carregados 430 pontos para BTC 5m
2025-07-14 06:48:10,245 - indicators.technical - INFO - Análise técnica concluída para BTC: RSI=0 sinais, MACD=0 sinais
2025-07-14 06:48:10,245 - core.analyzer - INFO - [SUCCESS] BTC: 0 sinais gerados, 0 salvos em 0.42s
2025-07-14 06:48:10,254 - core.data_reader - INFO - Carregados 428 pontos para HBAR 5m
2025-07-14 06:48:10,345 - indicators.technical - INFO - Análise técnica concluída para HBAR: RSI=0 sinais, MACD=0 sinais
2025-07-14 06:48:10,346 - core.analyzer - INFO - [SUCCESS] HBAR: 0 sinais gerados, 0 salvos em 0.31s
2025-07-14 06:48:10,349 - core.data_reader - INFO - Carregados 430 pontos para NEAR 5m
2025-07-14 06:48:10,440 - indicators.technical - INFO - Análise técnica concluída para NEAR: RSI=0 sinais, MACD=0 sinais
2025-07-14 06:48:10,440 - core.analyzer - INFO - [SUCCESS] NEAR: 0 sinais gerados, 0 salvos em 0.31s
2025-07-14 06:48:10,444 - core.data_reader - INFO - Carregados 433 pontos para SOL 5m
2025-07-14 06:48:10,536 - indicators.technical - INFO - Análise técnica concluída para SOL: RSI=0 sinais, MACD=0 sinais
2025-07-14 06:48:10,536 - core.analyzer - INFO - [SUCCESS] SOL: 0 sinais gerados, 0 salvos em 0.29s
2025-07-14 06:48:10,539 - core.data_reader - INFO - Carregados 428 pontos para OMNI 5m
2025-07-14 06:48:10,622 - indicators.technical - INFO - Análise técnica concluída para OMNI: RSI=0 sinais, MACD=0 sinais
2025-07-14 06:48:10,622 - core.analyzer - INFO - [SUCCESS] OMNI: 0 sinais gerados, 0 salvos em 0.47s
2025-07-14 06:48:10,623 - core.analyzer - INFO - [COMPLETE] Análise concluída: 8/8 symbols, 0 sinais em 0.81s
2025-07-14 06:48:10,623 - core.analyzer - INFO - [CYCLE] Ciclo concluído: 8 symbols analisados em 0.8s
2025-07-14 06:53:09,809 - core.analyzer - INFO - [START] Iniciando análise de 8 symbols
2025-07-14 06:53:09,818 - core.analyzer - INFO - [DEBUG] Symbols disponíveis no banco: ['BNB', 'BTC', 'ENA', 'ETH', 'HBAR', 'NEAR', 'OMNI', 'SOL']
2025-07-14 06:53:09,819 - core.analyzer - INFO - [DEBUG] Symbols configurados para análise: ['BNB', 'BTC', 'ENA', 'ETH', 'HBAR', 'NEAR', 'OMNI', 'SOL']
2025-07-14 06:53:09,820 - core.analyzer - INFO - [INFO] Symbols que serão analisados: ['BNB', 'BTC', 'ENA', 'ETH', 'HBAR', 'NEAR', 'OMNI', 'SOL']
2025-07-14 06:53:09,853 - core.data_reader - INFO - Carregados 432 pontos para BNB 5m
2025-07-14 06:53:09,950 - indicators.technical - INFO - Análise técnica concluída para BNB: RSI=0 sinais, MACD=0 sinais
2025-07-14 06:53:09,950 - core.analyzer - INFO - [SUCCESS] BNB: 0 sinais gerados, 0 salvos em 0.13s
2025-07-14 06:53:09,954 - core.data_reader - INFO - Carregados 433 pontos para BTC 5m
2025-07-14 06:53:10,047 - indicators.technical - INFO - Análise técnica concluída para BTC: RSI=0 sinais, MACD=0 sinais
2025-07-14 06:53:10,050 - core.data_reader - INFO - Carregados 433 pontos para ENA 5m
2025-07-14 06:53:10,050 - core.analyzer - INFO - [SUCCESS] BTC: 0 sinais gerados, 0 salvos em 0.23s
2025-07-14 06:53:10,145 - indicators.technical - INFO - Análise técnica concluída para ENA: RSI=0 sinais, MACD=0 sinais
2025-07-14 06:53:10,145 - core.analyzer - INFO - [SUCCESS] ENA: 0 sinais gerados, 0 salvos em 0.32s
2025-07-14 06:53:10,149 - core.data_reader - INFO - Carregados 431 pontos para ETH 5m
2025-07-14 06:53:10,240 - indicators.technical - INFO - Análise técnica concluída para ETH: RSI=0 sinais, MACD=0 sinais
2025-07-14 06:53:10,241 - core.analyzer - INFO - [SUCCESS] ETH: 0 sinais gerados, 0 salvos em 0.41s
2025-07-14 06:53:10,251 - core.data_reader - INFO - Carregados 433 pontos para NEAR 5m
2025-07-14 06:53:10,345 - indicators.technical - INFO - Análise técnica concluída para NEAR: RSI=0 sinais, MACD=0 sinais
2025-07-14 06:53:10,345 - core.analyzer - INFO - [SUCCESS] NEAR: 0 sinais gerados, 0 salvos em 0.22s
2025-07-14 06:53:10,349 - core.data_reader - INFO - Carregados 431 pontos para HBAR 5m
2025-07-14 06:53:10,440 - indicators.technical - INFO - Análise técnica concluída para HBAR: RSI=0 sinais, MACD=0 sinais
2025-07-14 06:53:10,440 - core.analyzer - INFO - [SUCCESS] HBAR: 0 sinais gerados, 0 salvos em 0.49s
2025-07-14 06:53:10,443 - core.data_reader - INFO - Carregados 431 pontos para OMNI 5m
2025-07-14 06:53:10,536 - indicators.technical - INFO - Análise técnica concluída para OMNI: RSI=0 sinais, MACD=0 sinais
2025-07-14 06:53:10,536 - core.analyzer - INFO - [SUCCESS] OMNI: 0 sinais gerados, 0 salvos em 0.39s
2025-07-14 06:53:10,539 - core.data_reader - INFO - Carregados 433 pontos para SOL 5m
2025-07-14 06:53:10,621 - indicators.technical - INFO - Análise técnica concluída para SOL: RSI=0 sinais, MACD=0 sinais
2025-07-14 06:53:10,621 - core.analyzer - INFO - [SUCCESS] SOL: 0 sinais gerados, 0 salvos em 0.38s
2025-07-14 06:53:10,622 - core.analyzer - INFO - [COMPLETE] Análise concluída: 8/8 symbols, 0 sinais em 0.81s
2025-07-14 06:53:10,622 - core.analyzer - INFO - [CYCLE] Ciclo concluído: 8 symbols analisados em 0.8s
2025-07-14 06:58:09,809 - core.analyzer - INFO - [START] Iniciando análise de 8 symbols
2025-07-14 06:58:09,816 - core.analyzer - INFO - [DEBUG] Symbols disponíveis no banco: ['BNB', 'BTC', 'ENA', 'ETH', 'HBAR', 'NEAR', 'OMNI', 'SOL']
2025-07-14 06:58:09,817 - core.analyzer - INFO - [DEBUG] Symbols configurados para análise: ['BNB', 'BTC', 'ENA', 'ETH', 'HBAR', 'NEAR', 'OMNI', 'SOL']
2025-07-14 06:58:09,818 - core.analyzer - INFO - [INFO] Symbols que serão analisados: ['BNB', 'BTC', 'ENA', 'ETH', 'HBAR', 'NEAR', 'OMNI', 'SOL']
2025-07-14 06:58:09,852 - core.data_reader - INFO - Carregados 436 pontos para BNB 5m
2025-07-14 06:58:09,949 - indicators.technical - INFO - Análise técnica concluída para BNB: RSI=0 sinais, MACD=0 sinais
2025-07-14 06:58:09,950 - core.analyzer - INFO - [SUCCESS] BNB: 0 sinais gerados, 0 salvos em 0.13s
2025-07-14 06:58:09,953 - core.data_reader - INFO - Carregados 437 pontos para BTC 5m
2025-07-14 06:58:10,047 - indicators.technical - INFO - Análise técnica concluída para BTC: RSI=0 sinais, MACD=0 sinais
2025-07-14 06:58:10,047 - core.analyzer - INFO - [SUCCESS] BTC: 0 sinais gerados, 0 salvos em 0.23s
2025-07-14 06:58:10,052 - core.data_reader - INFO - Carregados 435 pontos para ETH 5m
2025-07-14 06:58:10,144 - indicators.technical - INFO - Análise técnica concluída para ETH: RSI=0 sinais, MACD=0 sinais
2025-07-14 06:58:10,145 - core.analyzer - INFO - [SUCCESS] ETH: 0 sinais gerados, 0 salvos em 0.32s
2025-07-14 06:58:10,148 - core.data_reader - INFO - Carregados 437 pontos para ENA 5m
2025-07-14 06:58:10,241 - indicators.technical - INFO - Análise técnica concluída para ENA: RSI=0 sinais, MACD=0 sinais
2025-07-14 06:58:10,241 - core.analyzer - INFO - [SUCCESS] ENA: 0 sinais gerados, 0 salvos em 0.42s
2025-07-14 06:58:10,249 - core.data_reader - INFO - Carregados 435 pontos para HBAR 5m
2025-07-14 06:58:10,341 - indicators.technical - INFO - Análise técnica concluída para HBAR: RSI=0 sinais, MACD=0 sinais
2025-07-14 06:58:10,342 - core.analyzer - INFO - [SUCCESS] HBAR: 0 sinais gerados, 0 salvos em 0.39s
2025-07-14 06:58:10,346 - core.data_reader - INFO - Carregados 437 pontos para NEAR 5m
2025-07-14 06:58:10,440 - indicators.technical - INFO - Análise técnica concluída para NEAR: RSI=0 sinais, MACD=0 sinais
2025-07-14 06:58:10,446 - core.data_reader - INFO - Carregados 437 pontos para SOL 5m
2025-07-14 06:58:10,446 - core.data_reader - INFO - Carregados 435 pontos para OMNI 5m
2025-07-14 06:58:10,446 - core.analyzer - INFO - [SUCCESS] NEAR: 0 sinais gerados, 0 salvos em 0.40s
2025-07-14 06:58:10,561 - indicators.technical - INFO - Análise técnica concluída para SOL: RSI=0 sinais, MACD=0 sinais
2025-07-14 06:58:10,562 - core.analyzer - INFO - [SUCCESS] SOL: 0 sinais gerados, 0 salvos em 0.32s
2025-07-14 06:58:10,630 - indicators.technical - INFO - Análise técnica concluída para OMNI: RSI=0 sinais, MACD=0 sinais
2025-07-14 06:58:10,630 - core.analyzer - INFO - [SUCCESS] OMNI: 0 sinais gerados, 0 salvos em 0.48s
2025-07-14 06:58:10,631 - core.analyzer - INFO - [COMPLETE] Análise concluída: 8/8 symbols, 0 sinais em 0.82s
2025-07-14 06:58:10,631 - core.analyzer - INFO - [CYCLE] Ciclo concluído: 8 symbols analisados em 0.8s
2025-07-14 07:03:09,810 - core.analyzer - INFO - [START] Iniciando análise de 8 symbols
2025-07-14 07:03:09,820 - core.analyzer - INFO - [DEBUG] Symbols disponíveis no banco: ['BNB', 'BTC', 'ENA', 'ETH', 'HBAR', 'NEAR', 'OMNI', 'SOL']
2025-07-14 07:03:09,821 - core.analyzer - INFO - [DEBUG] Symbols configurados para análise: ['BNB', 'BTC', 'ENA', 'ETH', 'HBAR', 'NEAR', 'OMNI', 'SOL']
2025-07-14 07:03:09,822 - core.analyzer - INFO - [INFO] Symbols que serão analisados: ['BNB', 'BTC', 'ENA', 'ETH', 'HBAR', 'NEAR', 'OMNI', 'SOL']
2025-07-14 07:03:09,859 - core.data_reader - INFO - Carregados 438 pontos para BNB 5m
2025-07-14 07:03:09,956 - indicators.technical - INFO - Análise técnica concluída para BNB: RSI=0 sinais, MACD=0 sinais
2025-07-14 07:03:09,956 - core.analyzer - INFO - [SUCCESS] BNB: 0 sinais gerados, 0 salvos em 0.13s
2025-07-14 07:03:09,960 - core.data_reader - INFO - Carregados 437 pontos para ETH 5m
2025-07-14 07:03:10,053 - indicators.technical - INFO - Análise técnica concluída para ETH: RSI=0 sinais, MACD=0 sinais
2025-07-14 07:03:10,054 - core.analyzer - INFO - [SUCCESS] ETH: 0 sinais gerados, 0 salvos em 0.23s
2025-07-14 07:03:10,058 - core.data_reader - INFO - Carregados 439 pontos para BTC 5m
2025-07-14 07:03:10,108 - core.data_reader - INFO - Carregados 439 pontos para ENA 5m
2025-07-14 07:03:10,156 - indicators.technical - INFO - Análise técnica concluída para BTC: RSI=0 sinais, MACD=0 sinais
2025-07-14 07:03:10,228 - core.analyzer - INFO - [SUCCESS] BTC: 0 sinais gerados, 0 salvos em 0.40s
2025-07-14 07:03:10,252 - indicators.technical - INFO - Análise técnica concluída para ENA: RSI=0 sinais, MACD=0 sinais
2025-07-14 07:03:10,252 - core.analyzer - INFO - [SUCCESS] ENA: 0 sinais gerados, 0 salvos em 0.43s
2025-07-14 07:03:10,262 - core.data_reader - INFO - Carregados 437 pontos para HBAR 5m
2025-07-14 07:03:10,356 - indicators.technical - INFO - Análise técnica concluída para HBAR: RSI=0 sinais, MACD=0 sinais
2025-07-14 07:03:10,356 - core.analyzer - INFO - [SUCCESS] HBAR: 0 sinais gerados, 0 salvos em 0.40s
2025-07-14 07:03:10,360 - core.data_reader - INFO - Carregados 439 pontos para NEAR 5m
2025-07-14 07:03:10,404 - core.data_reader - INFO - Carregados 441 pontos para SOL 5m
2025-07-14 07:03:10,540 - indicators.technical - INFO - Análise técnica concluída para NEAR: RSI=0 sinais, MACD=0 sinais
2025-07-14 07:03:10,556 - indicators.technical - INFO - Análise técnica concluída para SOL: RSI=0 sinais, MACD=0 sinais
2025-07-14 07:03:10,557 - core.analyzer - INFO - [SUCCESS] NEAR: 0 sinais gerados, 0 salvos em 0.50s
2025-07-14 07:03:10,557 - core.analyzer - INFO - [SUCCESS] SOL: 0 sinais gerados, 0 salvos em 0.30s
2025-07-14 07:03:10,560 - core.data_reader - INFO - Carregados 437 pontos para OMNI 5m
2025-07-14 07:03:10,645 - indicators.technical - INFO - Análise técnica concluída para OMNI: RSI=0 sinais, MACD=0 sinais
2025-07-14 07:03:10,645 - core.analyzer - INFO - [SUCCESS] OMNI: 0 sinais gerados, 0 salvos em 0.42s
2025-07-14 07:03:10,646 - core.analyzer - INFO - [COMPLETE] Análise concluída: 8/8 symbols, 0 sinais em 0.84s
2025-07-14 07:03:10,646 - core.analyzer - INFO - [CYCLE] Ciclo concluído: 8 symbols analisados em 0.8s
2025-07-14 07:08:09,811 - core.analyzer - INFO - [START] Iniciando análise de 8 symbols
2025-07-14 07:08:09,825 - core.analyzer - INFO - [DEBUG] Symbols disponíveis no banco: ['BNB', 'BTC', 'ENA', 'ETH', 'HBAR', 'NEAR', 'OMNI', 'SOL']
2025-07-14 07:08:09,827 - core.analyzer - INFO - [DEBUG] Symbols configurados para análise: ['BNB', 'BTC', 'ENA', 'ETH', 'HBAR', 'NEAR', 'OMNI', 'SOL']
2025-07-14 07:08:09,828 - core.analyzer - INFO - [INFO] Symbols que serão analisados: ['BNB', 'BTC', 'ENA', 'ETH', 'HBAR', 'NEAR', 'OMNI', 'SOL']
2025-07-14 07:08:09,864 - core.data_reader - INFO - Carregados 442 pontos para BTC 5m
2025-07-14 07:08:09,965 - indicators.technical - INFO - Análise técnica concluída para BTC: RSI=0 sinais, MACD=0 sinais
2025-07-14 07:08:09,965 - core.analyzer - INFO - [SUCCESS] BTC: 0 sinais gerados, 0 salvos em 0.13s
2025-07-14 07:08:09,968 - core.data_reader - INFO - Carregados 441 pontos para BNB 5m
2025-07-14 07:08:10,063 - indicators.technical - INFO - Análise técnica concluída para BNB: RSI=0 sinais, MACD=0 sinais
2025-07-14 07:08:10,064 - core.analyzer - INFO - [SUCCESS] BNB: 0 sinais gerados, 0 salvos em 0.23s
2025-07-14 07:08:10,068 - core.data_reader - INFO - Carregados 442 pontos para ENA 5m
2025-07-14 07:08:10,163 - indicators.technical - INFO - Análise técnica concluída para ENA: RSI=0 sinais, MACD=0 sinais
2025-07-14 07:08:10,164 - core.analyzer - INFO - [SUCCESS] ENA: 0 sinais gerados, 0 salvos em 0.33s
2025-07-14 07:08:10,166 - core.data_reader - INFO - Carregados 440 pontos para ETH 5m
2025-07-14 07:08:10,260 - indicators.technical - INFO - Análise técnica concluída para ETH: RSI=0 sinais, MACD=0 sinais
2025-07-14 07:08:10,260 - core.analyzer - INFO - [SUCCESS] ETH: 0 sinais gerados, 0 salvos em 0.43s
2025-07-14 07:08:10,270 - core.data_reader - INFO - Carregados 440 pontos para HBAR 5m
2025-07-14 07:08:10,365 - indicators.technical - INFO - Análise técnica concluída para HBAR: RSI=0 sinais, MACD=0 sinais
2025-07-14 07:08:10,365 - core.analyzer - INFO - [SUCCESS] HBAR: 0 sinais gerados, 0 salvos em 0.40s
2025-07-14 07:08:10,369 - core.data_reader - INFO - Carregados 442 pontos para NEAR 5m
2025-07-14 07:08:10,373 - core.data_reader - INFO - Carregados 440 pontos para OMNI 5m
2025-07-14 07:08:10,468 - indicators.technical - INFO - Análise técnica concluída para NEAR: RSI=0 sinais, MACD=0 sinais
2025-07-14 07:08:10,529 - core.analyzer - INFO - [SUCCESS] NEAR: 0 sinais gerados, 0 salvos em 0.46s
2025-07-14 07:08:10,543 - core.data_reader - INFO - Carregados 444 pontos para SOL 5m
2025-07-14 07:08:10,638 - indicators.technical - INFO - Análise técnica concluída para SOL: RSI=0 sinais, MACD=0 sinais
2025-07-14 07:08:10,638 - core.analyzer - INFO - [SUCCESS] SOL: 0 sinais gerados, 0 salvos em 0.38s
2025-07-14 07:08:10,662 - indicators.technical - INFO - Análise técnica concluída para OMNI: RSI=0 sinais, MACD=0 sinais
2025-07-14 07:08:10,662 - core.analyzer - INFO - [SUCCESS] OMNI: 0 sinais gerados, 0 salvos em 0.50s
2025-07-14 07:08:10,663 - core.analyzer - INFO - [COMPLETE] Análise concluída: 8/8 symbols, 0 sinais em 0.85s
2025-07-14 07:08:10,663 - core.analyzer - INFO - [CYCLE] Ciclo concluído: 8 symbols analisados em 0.9s
2025-07-14 07:13:09,811 - core.analyzer - INFO - [START] Iniciando análise de 8 symbols
2025-07-14 07:13:09,821 - core.analyzer - INFO - [DEBUG] Symbols disponíveis no banco: ['BNB', 'BTC', 'ENA', 'ETH', 'HBAR', 'NEAR', 'OMNI', 'SOL']
2025-07-14 07:13:09,822 - core.analyzer - INFO - [DEBUG] Symbols configurados para análise: ['BNB', 'BTC', 'ENA', 'ETH', 'HBAR', 'NEAR', 'OMNI', 'SOL']
2025-07-14 07:13:09,823 - core.analyzer - INFO - [INFO] Symbols que serão analisados: ['BNB', 'BTC', 'ENA', 'ETH', 'HBAR', 'NEAR', 'OMNI', 'SOL']
2025-07-14 07:13:09,862 - core.data_reader - INFO - Carregados 442 pontos para BTC 5m
2025-07-14 07:13:09,960 - indicators.technical - INFO - Análise técnica concluída para BTC: RSI=0 sinais, MACD=0 sinais
2025-07-14 07:13:09,960 - core.analyzer - INFO - [SUCCESS] BTC: 0 sinais gerados, 0 salvos em 0.13s
2025-07-14 07:13:09,964 - core.data_reader - INFO - Carregados 441 pontos para BNB 5m
2025-07-14 07:13:10,057 - indicators.technical - INFO - Análise técnica concluída para BNB: RSI=0 sinais, MACD=0 sinais
2025-07-14 07:13:10,057 - core.analyzer - INFO - [SUCCESS] BNB: 0 sinais gerados, 0 salvos em 0.23s
2025-07-14 07:13:10,061 - core.data_reader - INFO - Carregados 442 pontos para ENA 5m
2025-07-14 07:13:10,155 - indicators.technical - INFO - Análise técnica concluída para ENA: RSI=0 sinais, MACD=0 sinais
2025-07-14 07:13:10,155 - core.analyzer - INFO - [SUCCESS] ENA: 0 sinais gerados, 0 salvos em 0.33s
2025-07-14 07:13:10,159 - core.data_reader - INFO - Carregados 440 pontos para ETH 5m
2025-07-14 07:13:10,252 - indicators.technical - INFO - Análise técnica concluída para ETH: RSI=0 sinais, MACD=0 sinais
2025-07-14 07:13:10,253 - core.analyzer - INFO - [SUCCESS] ETH: 0 sinais gerados, 0 salvos em 0.42s
2025-07-14 07:13:10,263 - core.data_reader - INFO - Carregados 440 pontos para HBAR 5m
2025-07-14 07:13:10,357 - indicators.technical - INFO - Análise técnica concluída para HBAR: RSI=0 sinais, MACD=0 sinais
2025-07-14 07:13:10,358 - core.analyzer - INFO - [SUCCESS] HBAR: 0 sinais gerados, 0 salvos em 0.40s
2025-07-14 07:13:10,361 - core.data_reader - INFO - Carregados 442 pontos para NEAR 5m
2025-07-14 07:13:10,461 - indicators.technical - INFO - Análise técnica concluída para NEAR: RSI=0 sinais, MACD=0 sinais
2025-07-14 07:13:10,462 - core.analyzer - INFO - [SUCCESS] NEAR: 0 sinais gerados, 0 salvos em 0.40s
2025-07-14 07:13:10,465 - core.data_reader - INFO - Carregados 440 pontos para OMNI 5m
2025-07-14 07:13:10,488 - core.data_reader - INFO - Carregados 447 pontos para SOL 5m
2025-07-14 07:13:10,585 - indicators.technical - INFO - Análise técnica concluída para OMNI: RSI=0 sinais, MACD=0 sinais
2025-07-14 07:13:10,587 - core.analyzer - INFO - [SUCCESS] OMNI: 0 sinais gerados, 0 salvos em 0.43s
2025-07-14 07:13:10,655 - indicators.technical - INFO - Análise técnica concluída para SOL: RSI=0 sinais, MACD=0 sinais
2025-07-14 07:13:10,655 - core.analyzer - INFO - [SUCCESS] SOL: 0 sinais gerados, 0 salvos em 0.40s
2025-07-14 07:13:10,656 - core.analyzer - INFO - [COMPLETE] Análise concluída: 8/8 symbols, 0 sinais em 0.84s
2025-07-14 07:13:10,656 - core.analyzer - INFO - [CYCLE] Ciclo concluído: 8 symbols analisados em 0.8s
2025-07-14 07:18:09,812 - core.analyzer - INFO - [START] Iniciando análise de 8 symbols
2025-07-14 07:18:09,819 - core.analyzer - INFO - [DEBUG] Symbols disponíveis no banco: ['BNB', 'BTC', 'ENA', 'ETH', 'HBAR', 'NEAR', 'OMNI', 'SOL']
2025-07-14 07:18:09,820 - core.analyzer - INFO - [DEBUG] Symbols configurados para análise: ['BNB', 'BTC', 'ENA', 'ETH', 'HBAR', 'NEAR', 'OMNI', 'SOL']
2025-07-14 07:18:09,821 - core.analyzer - INFO - [INFO] Symbols que serão analisados: ['BNB', 'BTC', 'ENA', 'ETH', 'HBAR', 'NEAR', 'OMNI', 'SOL']
2025-07-14 07:18:09,860 - core.data_reader - INFO - Carregados 445 pontos para ENA 5m
2025-07-14 07:18:09,967 - indicators.technical - INFO - Análise técnica concluída para ENA: RSI=0 sinais, MACD=0 sinais
2025-07-14 07:18:09,967 - core.data_reader - INFO - Carregados 443 pontos para ETH 5m
2025-07-14 07:18:09,967 - core.analyzer - INFO - [SUCCESS] ENA: 0 sinais gerados, 0 salvos em 0.14s
2025-07-14 07:18:10,039 - core.data_reader - INFO - Carregados 445 pontos para BTC 5m
2025-07-14 07:18:10,134 - indicators.technical - INFO - Análise técnica concluída para BTC: RSI=0 sinais, MACD=0 sinais
2025-07-14 07:18:10,134 - core.analyzer - INFO - [SUCCESS] BTC: 0 sinais gerados, 0 salvos em 0.31s
2025-07-14 07:18:10,137 - core.data_reader - INFO - Carregados 444 pontos para BNB 5m
2025-07-14 07:18:10,234 - indicators.technical - INFO - Análise técnica concluída para BNB: RSI=0 sinais, MACD=0 sinais
2025-07-14 07:18:10,265 - indicators.technical - INFO - Análise técnica concluída para ETH: RSI=0 sinais, MACD=0 sinais
2025-07-14 07:18:10,265 - core.analyzer - INFO - [SUCCESS] BNB: 0 sinais gerados, 0 salvos em 0.44s
2025-07-14 07:18:10,265 - core.analyzer - INFO - [SUCCESS] ETH: 0 sinais gerados, 0 salvos em 0.44s
2025-07-14 07:18:10,275 - core.data_reader - INFO - Carregados 443 pontos para HBAR 5m
2025-07-14 07:18:10,371 - indicators.technical - INFO - Análise técnica concluída para HBAR: RSI=0 sinais, MACD=0 sinais
2025-07-14 07:18:10,371 - core.analyzer - INFO - [SUCCESS] HBAR: 0 sinais gerados, 0 salvos em 0.34s
2025-07-14 07:18:10,375 - core.data_reader - INFO - Carregados 445 pontos para NEAR 5m
2025-07-14 07:18:10,471 - indicators.technical - INFO - Análise técnica concluída para NEAR: RSI=0 sinais, MACD=0 sinais
2025-07-14 07:18:10,471 - core.analyzer - INFO - [SUCCESS] NEAR: 0 sinais gerados, 0 salvos em 0.33s
2025-07-14 07:18:10,474 - core.data_reader - INFO - Carregados 443 pontos para OMNI 5m
2025-07-14 07:18:10,570 - indicators.technical - INFO - Análise técnica concluída para OMNI: RSI=0 sinais, MACD=0 sinais
2025-07-14 07:18:10,570 - core.analyzer - INFO - [SUCCESS] OMNI: 0 sinais gerados, 0 salvos em 0.30s
2025-07-14 07:18:10,573 - core.data_reader - INFO - Carregados 450 pontos para SOL 5m
2025-07-14 07:18:10,661 - indicators.technical - INFO - Análise técnica concluída para SOL: RSI=0 sinais, MACD=0 sinais
2025-07-14 07:18:10,661 - core.analyzer - INFO - [SUCCESS] SOL: 0 sinais gerados, 0 salvos em 0.40s
2025-07-14 07:18:10,662 - core.analyzer - INFO - [COMPLETE] Análise concluída: 8/8 symbols, 0 sinais em 0.85s
2025-07-14 07:18:10,662 - core.analyzer - INFO - [CYCLE] Ciclo concluído: 8 symbols analisados em 0.8s
2025-07-14 07:23:09,813 - core.analyzer - INFO - [START] Iniciando análise de 8 symbols
2025-07-14 07:23:09,823 - core.analyzer - INFO - [DEBUG] Symbols disponíveis no banco: ['BNB', 'BTC', 'ENA', 'ETH', 'HBAR', 'NEAR', 'OMNI', 'SOL']
2025-07-14 07:23:09,824 - core.analyzer - INFO - [DEBUG] Symbols configurados para análise: ['BNB', 'BTC', 'ENA', 'ETH', 'HBAR', 'NEAR', 'OMNI', 'SOL']
2025-07-14 07:23:09,825 - core.analyzer - INFO - [INFO] Symbols que serão analisados: ['BNB', 'BTC', 'ENA', 'ETH', 'HBAR', 'NEAR', 'OMNI', 'SOL']
2025-07-14 07:23:09,863 - core.data_reader - INFO - Carregados 447 pontos para BNB 5m
2025-07-14 07:23:09,868 - core.data_reader - INFO - Carregados 446 pontos para ETH 5m
2025-07-14 07:23:09,965 - indicators.technical - INFO - Análise técnica concluída para BNB: RSI=0 sinais, MACD=0 sinais
2025-07-14 07:23:09,968 - core.data_reader - INFO - Carregados 448 pontos para BTC 5m
2025-07-14 07:23:10,040 - core.analyzer - INFO - [SUCCESS] BNB: 0 sinais gerados, 0 salvos em 0.21s
2025-07-14 07:23:10,136 - indicators.technical - INFO - Análise técnica concluída para BTC: RSI=0 sinais, MACD=0 sinais
2025-07-14 07:23:10,137 - core.analyzer - INFO - [SUCCESS] BTC: 0 sinais gerados, 0 salvos em 0.31s
2025-07-14 07:23:10,163 - indicators.technical - INFO - Análise técnica concluída para ETH: RSI=0 sinais, MACD=0 sinais
2025-07-14 07:23:10,164 - core.analyzer - INFO - [SUCCESS] ETH: 0 sinais gerados, 0 salvos em 0.33s
2025-07-14 07:23:10,168 - core.data_reader - INFO - Carregados 448 pontos para ENA 5m
2025-07-14 07:23:10,266 - indicators.technical - INFO - Análise técnica concluída para ENA: RSI=0 sinais, MACD=0 sinais
2025-07-14 07:23:10,266 - core.analyzer - INFO - [SUCCESS] ENA: 0 sinais gerados, 0 salvos em 0.44s
2025-07-14 07:23:10,275 - core.data_reader - INFO - Carregados 446 pontos para HBAR 5m
2025-07-14 07:23:10,370 - indicators.technical - INFO - Análise técnica concluída para HBAR: RSI=0 sinais, MACD=0 sinais
2025-07-14 07:23:10,370 - core.analyzer - INFO - [SUCCESS] HBAR: 0 sinais gerados, 0 salvos em 0.23s
2025-07-14 07:23:10,377 - core.data_reader - INFO - Carregados 446 pontos para OMNI 5m
2025-07-14 07:23:10,397 - core.data_reader - INFO - Carregados 448 pontos para NEAR 5m
2025-07-14 07:23:10,504 - indicators.technical - INFO - Análise técnica concluída para OMNI: RSI=0 sinais, MACD=0 sinais
2025-07-14 07:23:10,573 - indicators.technical - INFO - Análise técnica concluída para NEAR: RSI=0 sinais, MACD=0 sinais
2025-07-14 07:23:10,573 - core.analyzer - INFO - [SUCCESS] OMNI: 0 sinais gerados, 0 salvos em 0.41s
2025-07-14 07:23:10,574 - core.analyzer - INFO - [SUCCESS] NEAR: 0 sinais gerados, 0 salvos em 0.41s
2025-07-14 07:23:10,577 - core.data_reader - INFO - Carregados 450 pontos para SOL 5m
2025-07-14 07:23:10,662 - indicators.technical - INFO - Análise técnica concluída para SOL: RSI=0 sinais, MACD=0 sinais
2025-07-14 07:23:10,663 - core.analyzer - INFO - [SUCCESS] SOL: 0 sinais gerados, 0 salvos em 0.40s
2025-07-14 07:23:10,663 - core.analyzer - INFO - [COMPLETE] Análise concluída: 8/8 symbols, 0 sinais em 0.85s
2025-07-14 07:23:10,664 - core.analyzer - INFO - [CYCLE] Ciclo concluído: 8 symbols analisados em 0.9s
2025-07-14 07:28:09,814 - core.analyzer - INFO - [START] Iniciando análise de 8 symbols
2025-07-14 07:28:09,830 - core.analyzer - INFO - [DEBUG] Symbols disponíveis no banco: ['BNB', 'BTC', 'ENA', 'ETH', 'HBAR', 'NEAR', 'OMNI', 'SOL']
2025-07-14 07:28:09,830 - core.analyzer - INFO - [DEBUG] Symbols configurados para análise: ['BNB', 'BTC', 'ENA', 'ETH', 'HBAR', 'NEAR', 'OMNI', 'SOL']
2025-07-14 07:28:09,831 - core.analyzer - INFO - [INFO] Symbols que serão analisados: ['BNB', 'BTC', 'ENA', 'ETH', 'HBAR', 'NEAR', 'OMNI', 'SOL']
2025-07-14 07:28:09,869 - core.data_reader - INFO - Carregados 451 pontos para BNB 5m
2025-07-14 07:28:09,969 - indicators.technical - INFO - Análise técnica concluída para BNB: RSI=0 sinais, MACD=0 sinais
2025-07-14 07:28:09,970 - core.analyzer - INFO - [SUCCESS] BNB: 0 sinais gerados, 0 salvos em 0.14s
2025-07-14 07:28:09,974 - core.data_reader - INFO - Carregados 452 pontos para BTC 5m
2025-07-14 07:28:10,076 - indicators.technical - INFO - Análise técnica concluída para BTC: RSI=0 sinais, MACD=0 sinais
2025-07-14 07:28:10,076 - core.analyzer - INFO - [SUCCESS] BTC: 0 sinais gerados, 0 salvos em 0.24s
2025-07-14 07:28:10,080 - core.data_reader - INFO - Carregados 452 pontos para ENA 5m
2025-07-14 07:28:10,179 - indicators.technical - INFO - Análise técnica concluída para ENA: RSI=0 sinais, MACD=0 sinais
2025-07-14 07:28:10,182 - core.data_reader - INFO - Carregados 450 pontos para ETH 5m
2025-07-14 07:28:10,182 - core.analyzer - INFO - [SUCCESS] ENA: 0 sinais gerados, 0 salvos em 0.35s
2025-07-14 07:28:10,281 - indicators.technical - INFO - Análise técnica concluída para ETH: RSI=0 sinais, MACD=0 sinais
2025-07-14 07:28:10,282 - core.analyzer - INFO - [SUCCESS] ETH: 0 sinais gerados, 0 salvos em 0.44s
2025-07-14 07:28:10,290 - core.data_reader - INFO - Carregados 450 pontos para HBAR 5m
2025-07-14 07:28:10,386 - indicators.technical - INFO - Análise técnica concluída para HBAR: RSI=0 sinais, MACD=0 sinais
2025-07-14 07:28:10,386 - core.analyzer - INFO - [SUCCESS] HBAR: 0 sinais gerados, 0 salvos em 0.42s
2025-07-14 07:28:10,390 - core.data_reader - INFO - Carregados 452 pontos para NEAR 5m
2025-07-14 07:28:10,487 - indicators.technical - INFO - Análise técnica concluída para NEAR: RSI=0 sinais, MACD=0 sinais
2025-07-14 07:28:10,488 - core.analyzer - INFO - [SUCCESS] NEAR: 0 sinais gerados, 0 salvos em 0.41s
2025-07-14 07:28:10,491 - core.data_reader - INFO - Carregados 450 pontos para OMNI 5m
2025-07-14 07:28:10,586 - indicators.technical - INFO - Análise técnica concluída para OMNI: RSI=0 sinais, MACD=0 sinais
2025-07-14 07:28:10,587 - core.analyzer - INFO - [SUCCESS] OMNI: 0 sinais gerados, 0 salvos em 0.33s
2025-07-14 07:28:10,590 - core.data_reader - INFO - Carregados 454 pontos para SOL 5m
2025-07-14 07:28:10,678 - indicators.technical - INFO - Análise técnica concluída para SOL: RSI=0 sinais, MACD=0 sinais
2025-07-14 07:28:10,678 - core.analyzer - INFO - [SUCCESS] SOL: 0 sinais gerados, 0 salvos em 0.40s
2025-07-14 07:28:10,679 - core.analyzer - INFO - [COMPLETE] Análise concluída: 8/8 symbols, 0 sinais em 0.87s
2025-07-14 07:28:10,679 - core.analyzer - INFO - [CYCLE] Ciclo concluído: 8 symbols analisados em 0.9s
2025-07-14 07:33:09,814 - core.analyzer - INFO - [START] Iniciando análise de 8 symbols
2025-07-14 07:33:09,824 - core.analyzer - INFO - [DEBUG] Symbols disponíveis no banco: ['BNB', 'BTC', 'ENA', 'ETH', 'HBAR', 'NEAR', 'OMNI', 'SOL']
2025-07-14 07:33:09,824 - core.analyzer - INFO - [DEBUG] Symbols configurados para análise: ['BNB', 'BTC', 'ENA', 'ETH', 'HBAR', 'NEAR', 'OMNI', 'SOL']
2025-07-14 07:33:09,825 - core.analyzer - INFO - [INFO] Symbols que serão analisados: ['BNB', 'BTC', 'ENA', 'ETH', 'HBAR', 'NEAR', 'OMNI', 'SOL']
2025-07-14 07:33:09,866 - core.data_reader - INFO - Carregados 454 pontos para BNB 5m
2025-07-14 07:33:09,967 - indicators.technical - INFO - Análise técnica concluída para BNB: RSI=0 sinais, MACD=0 sinais
2025-07-14 07:33:09,967 - core.analyzer - INFO - [SUCCESS] BNB: 0 sinais gerados, 0 salvos em 0.14s
2025-07-14 07:33:09,971 - core.data_reader - INFO - Carregados 455 pontos para BTC 5m
2025-07-14 07:33:10,070 - indicators.technical - INFO - Análise técnica concluída para BTC: RSI=0 sinais, MACD=0 sinais
2025-07-14 07:33:10,070 - core.analyzer - INFO - [SUCCESS] BTC: 0 sinais gerados, 0 salvos em 0.24s
2025-07-14 07:33:10,074 - core.data_reader - INFO - Carregados 453 pontos para ETH 5m
2025-07-14 07:33:10,171 - indicators.technical - INFO - Análise técnica concluída para ETH: RSI=0 sinais, MACD=0 sinais
2025-07-14 07:33:10,171 - core.analyzer - INFO - [SUCCESS] ETH: 0 sinais gerados, 0 salvos em 0.34s
2025-07-14 07:33:10,176 - core.data_reader - INFO - Carregados 455 pontos para ENA 5m
2025-07-14 07:33:10,273 - indicators.technical - INFO - Análise técnica concluída para ENA: RSI=0 sinais, MACD=0 sinais
2025-07-14 07:33:10,273 - core.analyzer - INFO - [SUCCESS] ENA: 0 sinais gerados, 0 salvos em 0.44s
2025-07-14 07:33:10,283 - core.data_reader - INFO - Carregados 453 pontos para HBAR 5m
2025-07-14 07:33:10,381 - indicators.technical - INFO - Análise técnica concluída para HBAR: RSI=0 sinais, MACD=0 sinais
2025-07-14 07:33:10,382 - core.analyzer - INFO - [SUCCESS] HBAR: 0 sinais gerados, 0 salvos em 0.41s
2025-07-14 07:33:10,385 - core.data_reader - INFO - Carregados 455 pontos para NEAR 5m
2025-07-14 07:33:10,482 - indicators.technical - INFO - Análise técnica concluída para NEAR: RSI=0 sinais, MACD=0 sinais
2025-07-14 07:33:10,483 - core.analyzer - INFO - [SUCCESS] NEAR: 0 sinais gerados, 0 salvos em 0.41s
2025-07-14 07:33:10,486 - core.data_reader - INFO - Carregados 453 pontos para OMNI 5m
2025-07-14 07:33:10,512 - core.data_reader - INFO - Carregados 457 pontos para SOL 5m
2025-07-14 07:33:10,653 - indicators.technical - INFO - Análise técnica concluída para OMNI: RSI=0 sinais, MACD=0 sinais
2025-07-14 07:33:10,658 - core.analyzer - INFO - [SUCCESS] OMNI: 0 sinais gerados, 0 salvos em 0.49s
2025-07-14 07:33:10,687 - indicators.technical - INFO - Análise técnica concluída para SOL: RSI=0 sinais, MACD=0 sinais
2025-07-14 07:33:10,688 - core.analyzer - INFO - [SUCCESS] SOL: 0 sinais gerados, 0 salvos em 0.41s
2025-07-14 07:33:10,689 - core.analyzer - INFO - [COMPLETE] Análise concluída: 8/8 symbols, 0 sinais em 0.87s
2025-07-14 07:33:10,689 - core.analyzer - INFO - [CYCLE] Ciclo concluído: 8 symbols analisados em 0.9s
2025-07-14 07:38:09,815 - core.analyzer - INFO - [START] Iniciando análise de 8 symbols
2025-07-14 07:38:09,834 - core.analyzer - INFO - [DEBUG] Symbols disponíveis no banco: ['BNB', 'BTC', 'ENA', 'ETH', 'HBAR', 'NEAR', 'OMNI', 'SOL']
2025-07-14 07:38:09,835 - core.analyzer - INFO - [DEBUG] Symbols configurados para análise: ['BNB', 'BTC', 'ENA', 'ETH', 'HBAR', 'NEAR', 'OMNI', 'SOL']
2025-07-14 07:38:09,836 - core.analyzer - INFO - [INFO] Symbols que serão analisados: ['BNB', 'BTC', 'ENA', 'ETH', 'HBAR', 'NEAR', 'OMNI', 'SOL']
2025-07-14 07:38:09,867 - core.data_reader - INFO - Carregados 455 pontos para BTC 5m
2025-07-14 07:38:09,970 - indicators.technical - INFO - Análise técnica concluída para BTC: RSI=0 sinais, MACD=0 sinais
2025-07-14 07:38:09,971 - core.data_reader - INFO - Carregados 454 pontos para BNB 5m
2025-07-14 07:38:09,971 - core.analyzer - INFO - [SUCCESS] BTC: 0 sinais gerados, 0 salvos em 0.13s
2025-07-14 07:38:10,042 - core.data_reader - INFO - Carregados 455 pontos para ENA 5m
2025-07-14 07:38:10,074 - indicators.technical - INFO - Análise técnica concluída para BNB: RSI=0 sinais, MACD=0 sinais
2025-07-14 07:38:10,171 - indicators.technical - INFO - Análise técnica concluída para ENA: RSI=0 sinais, MACD=0 sinais
2025-07-14 07:38:10,172 - core.analyzer - INFO - [SUCCESS] BNB: 0 sinais gerados, 0 salvos em 0.33s
2025-07-14 07:38:10,174 - core.data_reader - INFO - Carregados 453 pontos para ETH 5m
2025-07-14 07:38:10,174 - core.analyzer - INFO - [SUCCESS] ENA: 0 sinais gerados, 0 salvos em 0.33s
2025-07-14 07:38:10,274 - indicators.technical - INFO - Análise técnica concluída para ETH: RSI=0 sinais, MACD=0 sinais
2025-07-14 07:38:10,274 - core.analyzer - INFO - [SUCCESS] ETH: 0 sinais gerados, 0 salvos em 0.43s
2025-07-14 07:38:10,285 - core.data_reader - INFO - Carregados 455 pontos para NEAR 5m
2025-07-14 07:38:10,384 - indicators.technical - INFO - Análise técnica concluída para NEAR: RSI=0 sinais, MACD=0 sinais
2025-07-14 07:38:10,384 - core.analyzer - INFO - [SUCCESS] NEAR: 0 sinais gerados, 0 salvos em 0.21s
2025-07-14 07:38:10,388 - core.data_reader - INFO - Carregados 453 pontos para HBAR 5m
2025-07-14 07:38:10,391 - core.data_reader - INFO - Carregados 461 pontos para SOL 5m
2025-07-14 07:38:10,489 - indicators.technical - INFO - Análise técnica concluída para HBAR: RSI=0 sinais, MACD=0 sinais
2025-07-14 07:38:10,531 - core.analyzer - INFO - [SUCCESS] HBAR: 0 sinais gerados, 0 salvos em 0.49s
2025-07-14 07:38:10,590 - indicators.technical - INFO - Análise técnica concluída para SOL: RSI=0 sinais, MACD=0 sinais
2025-07-14 07:38:10,591 - core.analyzer - INFO - [SUCCESS] SOL: 0 sinais gerados, 0 salvos em 0.32s
2025-07-14 07:38:10,594 - core.data_reader - INFO - Carregados 453 pontos para OMNI 5m
2025-07-14 07:38:10,681 - indicators.technical - INFO - Análise técnica concluída para OMNI: RSI=0 sinais, MACD=0 sinais
2025-07-14 07:38:10,682 - core.analyzer - INFO - [SUCCESS] OMNI: 0 sinais gerados, 0 salvos em 0.44s
2025-07-14 07:38:10,682 - core.analyzer - INFO - [COMPLETE] Análise concluída: 8/8 symbols, 0 sinais em 0.87s
2025-07-14 07:38:10,683 - core.analyzer - INFO - [CYCLE] Ciclo concluído: 8 symbols analisados em 0.9s
2025-07-14 07:43:09,816 - core.analyzer - INFO - [START] Iniciando análise de 8 symbols
2025-07-14 07:43:09,825 - core.analyzer - INFO - [DEBUG] Symbols disponíveis no banco: ['BNB', 'BTC', 'ENA', 'ETH', 'HBAR', 'NEAR', 'OMNI', 'SOL']
2025-07-14 07:43:09,826 - core.analyzer - INFO - [DEBUG] Symbols configurados para análise: ['BNB', 'BTC', 'ENA', 'ETH', 'HBAR', 'NEAR', 'OMNI', 'SOL']
2025-07-14 07:43:09,827 - core.analyzer - INFO - [INFO] Symbols que serão analisados: ['BNB', 'BTC', 'ENA', 'ETH', 'HBAR', 'NEAR', 'OMNI', 'SOL']
2025-07-14 07:43:09,868 - core.data_reader - INFO - Carregados 459 pontos para BTC 5m
2025-07-14 07:43:09,910 - core.data_reader - INFO - Carregados 458 pontos para BNB 5m
2025-07-14 07:43:10,022 - indicators.technical - INFO - Análise técnica concluída para BTC: RSI=0 sinais, MACD=0 sinais
2025-07-14 07:43:10,045 - core.analyzer - INFO - [SUCCESS] BTC: 0 sinais gerados, 0 salvos em 0.21s
2025-07-14 07:43:10,074 - indicators.technical - INFO - Análise técnica concluída para BNB: RSI=0 sinais, MACD=0 sinais
2025-07-14 07:43:10,076 - core.analyzer - INFO - [SUCCESS] BNB: 0 sinais gerados, 0 salvos em 0.25s
2025-07-14 07:43:10,078 - core.data_reader - INFO - Carregados 459 pontos para ENA 5m
2025-07-14 07:43:10,177 - indicators.technical - INFO - Análise técnica concluída para ENA: RSI=0 sinais, MACD=0 sinais
2025-07-14 07:43:10,180 - core.analyzer - INFO - [SUCCESS] ENA: 0 sinais gerados, 0 salvos em 0.35s
2025-07-14 07:43:10,180 - core.data_reader - INFO - Carregados 457 pontos para ETH 5m
2025-07-14 07:43:10,281 - indicators.technical - INFO - Análise técnica concluída para ETH: RSI=0 sinais, MACD=0 sinais
2025-07-14 07:43:10,281 - core.analyzer - INFO - [SUCCESS] ETH: 0 sinais gerados, 0 salvos em 0.45s
2025-07-14 07:43:10,292 - core.data_reader - INFO - Carregados 457 pontos para HBAR 5m
2025-07-14 07:43:10,389 - indicators.technical - INFO - Análise técnica concluída para HBAR: RSI=0 sinais, MACD=0 sinais
2025-07-14 07:43:10,389 - core.analyzer - INFO - [SUCCESS] HBAR: 0 sinais gerados, 0 salvos em 0.34s
2025-07-14 07:43:10,392 - core.data_reader - INFO - Carregados 459 pontos para NEAR 5m
2025-07-14 07:43:10,490 - indicators.technical - INFO - Análise técnica concluída para NEAR: RSI=0 sinais, MACD=0 sinais
2025-07-14 07:43:10,490 - core.analyzer - INFO - [SUCCESS] NEAR: 0 sinais gerados, 0 salvos em 0.41s
2025-07-14 07:43:10,493 - core.data_reader - INFO - Carregados 465 pontos para SOL 5m
2025-07-14 07:43:10,593 - indicators.technical - INFO - Análise técnica concluída para SOL: RSI=0 sinais, MACD=0 sinais
2025-07-14 07:43:10,593 - core.analyzer - INFO - [SUCCESS] SOL: 0 sinais gerados, 0 salvos em 0.31s
2025-07-14 07:43:10,597 - core.data_reader - INFO - Carregados 457 pontos para OMNI 5m
2025-07-14 07:43:10,685 - indicators.technical - INFO - Análise técnica concluída para OMNI: RSI=0 sinais, MACD=0 sinais
2025-07-14 07:43:10,685 - core.analyzer - INFO - [SUCCESS] OMNI: 0 sinais gerados, 0 salvos em 0.50s
2025-07-14 07:43:10,686 - core.analyzer - INFO - [COMPLETE] Análise concluída: 8/8 symbols, 0 sinais em 0.87s
2025-07-14 07:43:10,686 - core.analyzer - INFO - [CYCLE] Ciclo concluído: 8 symbols analisados em 0.9s
2025-07-14 07:48:09,816 - core.analyzer - INFO - [START] Iniciando análise de 8 symbols
2025-07-14 07:48:09,831 - core.analyzer - INFO - [DEBUG] Symbols disponíveis no banco: ['BNB', 'BTC', 'ENA', 'ETH', 'HBAR', 'NEAR', 'OMNI', 'SOL']
2025-07-14 07:48:09,832 - core.analyzer - INFO - [DEBUG] Symbols configurados para análise: ['BNB', 'BTC', 'ENA', 'ETH', 'HBAR', 'NEAR', 'OMNI', 'SOL']
2025-07-14 07:48:09,833 - core.analyzer - INFO - [INFO] Symbols que serão analisados: ['BNB', 'BTC', 'ENA', 'ETH', 'HBAR', 'NEAR', 'OMNI', 'SOL']
2025-07-14 07:48:09,864 - core.data_reader - INFO - Carregados 462 pontos para BNB 5m
2025-07-14 07:48:09,969 - indicators.technical - INFO - Análise técnica concluída para BNB: RSI=0 sinais, MACD=0 sinais
2025-07-14 07:48:09,969 - core.analyzer - INFO - [SUCCESS] BNB: 0 sinais gerados, 0 salvos em 0.13s
2025-07-14 07:48:09,974 - core.data_reader - INFO - Carregados 461 pontos para ETH 5m
2025-07-14 07:48:10,073 - indicators.technical - INFO - Análise técnica concluída para ETH: RSI=0 sinais, MACD=0 sinais
2025-07-14 07:48:10,074 - core.analyzer - INFO - [SUCCESS] ETH: 0 sinais gerados, 0 salvos em 0.23s
2025-07-14 07:48:10,081 - core.data_reader - INFO - Carregados 463 pontos para ENA 5m
2025-07-14 07:48:10,184 - indicators.technical - INFO - Análise técnica concluída para ENA: RSI=0 sinais, MACD=0 sinais
2025-07-14 07:48:10,185 - core.analyzer - INFO - [SUCCESS] ENA: 0 sinais gerados, 0 salvos em 0.35s
2025-07-14 07:48:10,188 - core.data_reader - INFO - Carregados 463 pontos para BTC 5m
2025-07-14 07:48:10,288 - indicators.technical - INFO - Análise técnica concluída para BTC: RSI=0 sinais, MACD=0 sinais
2025-07-14 07:48:10,288 - core.analyzer - INFO - [SUCCESS] BTC: 0 sinais gerados, 0 salvos em 0.45s
2025-07-14 07:48:10,294 - core.data_reader - INFO - Carregados 461 pontos para HBAR 5m
2025-07-14 07:48:10,392 - indicators.technical - INFO - Análise técnica concluída para HBAR: RSI=0 sinais, MACD=0 sinais
2025-07-14 07:48:10,392 - core.analyzer - INFO - [SUCCESS] HBAR: 0 sinais gerados, 0 salvos em 0.42s
2025-07-14 07:48:10,397 - core.data_reader - INFO - Carregados 463 pontos para NEAR 5m
2025-07-14 07:48:10,495 - indicators.technical - INFO - Análise técnica concluída para NEAR: RSI=0 sinais, MACD=0 sinais
2025-07-14 07:48:10,496 - core.analyzer - INFO - [SUCCESS] NEAR: 0 sinais gerados, 0 salvos em 0.42s
2025-07-14 07:48:10,500 - core.data_reader - INFO - Carregados 461 pontos para OMNI 5m
2025-07-14 07:48:10,599 - indicators.technical - INFO - Análise técnica concluída para OMNI: RSI=0 sinais, MACD=0 sinais
2025-07-14 07:48:10,599 - core.analyzer - INFO - [SUCCESS] OMNI: 0 sinais gerados, 0 salvos em 0.41s
2025-07-14 07:48:10,602 - core.data_reader - INFO - Carregados 465 pontos para SOL 5m
2025-07-14 07:48:10,694 - indicators.technical - INFO - Análise técnica concluída para SOL: RSI=0 sinais, MACD=0 sinais
2025-07-14 07:48:10,695 - core.analyzer - INFO - [SUCCESS] SOL: 0 sinais gerados, 0 salvos em 0.41s
2025-07-14 07:48:10,696 - core.analyzer - INFO - [COMPLETE] Análise concluída: 8/8 symbols, 0 sinais em 0.88s
2025-07-14 07:48:10,696 - core.analyzer - INFO - [CYCLE] Ciclo concluído: 8 symbols analisados em 0.9s
2025-07-14 07:53:09,817 - core.analyzer - INFO - [START] Iniciando análise de 8 symbols
2025-07-14 07:53:09,826 - core.analyzer - INFO - [DEBUG] Symbols disponíveis no banco: ['BNB', 'BTC', 'ENA', 'ETH', 'HBAR', 'NEAR', 'OMNI', 'SOL']
2025-07-14 07:53:09,827 - core.analyzer - INFO - [DEBUG] Symbols configurados para análise: ['BNB', 'BTC', 'ENA', 'ETH', 'HBAR', 'NEAR', 'OMNI', 'SOL']
2025-07-14 07:53:09,827 - core.analyzer - INFO - [INFO] Symbols que serão analisados: ['BNB', 'BTC', 'ENA', 'ETH', 'HBAR', 'NEAR', 'OMNI', 'SOL']
2025-07-14 07:53:09,863 - core.data_reader - INFO - Carregados 466 pontos para BNB 5m
2025-07-14 07:53:09,968 - indicators.technical - INFO - Análise técnica concluída para BNB: RSI=0 sinais, MACD=0 sinais
2025-07-14 07:53:09,968 - core.analyzer - INFO - [SUCCESS] BNB: 0 sinais gerados, 0 salvos em 0.14s
2025-07-14 07:53:09,972 - core.data_reader - INFO - Carregados 467 pontos para BTC 5m
2025-07-14 07:53:10,077 - indicators.technical - INFO - Análise técnica concluída para BTC: RSI=0 sinais, MACD=0 sinais
2025-07-14 07:53:10,078 - core.data_reader - INFO - Carregados 465 pontos para ETH 5m
2025-07-14 07:53:10,078 - core.analyzer - INFO - [SUCCESS] BTC: 0 sinais gerados, 0 salvos em 0.25s
2025-07-14 07:53:10,143 - core.data_reader - INFO - Carregados 467 pontos para ENA 5m
2025-07-14 07:53:10,244 - indicators.technical - INFO - Análise técnica concluída para ENA: RSI=0 sinais, MACD=0 sinais
2025-07-14 07:53:10,245 - core.analyzer - INFO - [SUCCESS] ENA: 0 sinais gerados, 0 salvos em 0.41s
2025-07-14 07:53:10,285 - indicators.technical - INFO - Análise técnica concluída para ETH: RSI=0 sinais, MACD=0 sinais
2025-07-14 07:53:10,286 - core.analyzer - INFO - [SUCCESS] ETH: 0 sinais gerados, 0 salvos em 0.45s
2025-07-14 07:53:10,293 - core.data_reader - INFO - Carregados 465 pontos para HBAR 5m
2025-07-14 07:53:10,393 - indicators.technical - INFO - Análise técnica concluída para HBAR: RSI=0 sinais, MACD=0 sinais
2025-07-14 07:53:10,393 - core.analyzer - INFO - [SUCCESS] HBAR: 0 sinais gerados, 0 salvos em 0.42s
2025-07-14 07:53:10,398 - core.data_reader - INFO - Carregados 467 pontos para NEAR 5m
2025-07-14 07:53:10,499 - indicators.technical - INFO - Análise técnica concluída para NEAR: RSI=0 sinais, MACD=0 sinais
2025-07-14 07:53:10,499 - core.analyzer - INFO - [SUCCESS] NEAR: 0 sinais gerados, 0 salvos em 0.36s
2025-07-14 07:53:10,503 - core.data_reader - INFO - Carregados 465 pontos para OMNI 5m
2025-07-14 07:53:10,528 - core.data_reader - INFO - Carregados 468 pontos para SOL 5m
2025-07-14 07:53:10,612 - indicators.technical - INFO - Análise técnica concluída para OMNI: RSI=0 sinais, MACD=0 sinais
2025-07-14 07:53:10,628 - core.analyzer - INFO - [SUCCESS] OMNI: 0 sinais gerados, 0 salvos em 0.38s
2025-07-14 07:53:10,702 - indicators.technical - INFO - Análise técnica concluída para SOL: RSI=0 sinais, MACD=0 sinais
2025-07-14 07:53:10,702 - core.analyzer - INFO - [SUCCESS] SOL: 0 sinais gerados, 0 salvos em 0.42s
2025-07-14 07:53:10,703 - core.analyzer - INFO - [COMPLETE] Análise concluída: 8/8 symbols, 0 sinais em 0.89s
2025-07-14 07:53:10,703 - core.analyzer - INFO - [CYCLE] Ciclo concluído: 8 symbols analisados em 0.9s
2025-07-14 07:58:09,817 - core.analyzer - INFO - [START] Iniciando análise de 8 symbols
2025-07-14 07:58:09,832 - core.analyzer - INFO - [DEBUG] Symbols disponíveis no banco: ['BNB', 'BTC', 'ENA', 'ETH', 'HBAR', 'NEAR', 'OMNI', 'SOL']
2025-07-14 07:58:09,833 - core.analyzer - INFO - [DEBUG] Symbols configurados para análise: ['BNB', 'BTC', 'ENA', 'ETH', 'HBAR', 'NEAR', 'OMNI', 'SOL']
2025-07-14 07:58:09,834 - core.analyzer - INFO - [INFO] Symbols que serão analisados: ['BNB', 'BTC', 'ENA', 'ETH', 'HBAR', 'NEAR', 'OMNI', 'SOL']
2025-07-14 07:58:09,869 - core.data_reader - INFO - Carregados 469 pontos para ETH 5m
2025-07-14 07:58:09,973 - indicators.technical - INFO - Análise técnica concluída para ETH: RSI=0 sinais, MACD=0 sinais
2025-07-14 07:58:09,973 - core.analyzer - INFO - [SUCCESS] ETH: 0 sinais gerados, 0 salvos em 0.13s
2025-07-14 07:58:09,977 - core.data_reader - INFO - Carregados 471 pontos para BTC 5m
2025-07-14 07:58:10,079 - indicators.technical - INFO - Análise técnica concluída para BTC: RSI=0 sinais, MACD=0 sinais
2025-07-14 07:58:10,079 - core.analyzer - INFO - [SUCCESS] BTC: 0 sinais gerados, 0 salvos em 0.24s
2025-07-14 07:58:10,083 - core.data_reader - INFO - Carregados 471 pontos para ENA 5m
2025-07-14 07:58:10,184 - indicators.technical - INFO - Análise técnica concluída para ENA: RSI=0 sinais, MACD=0 sinais
2025-07-14 07:58:10,185 - core.analyzer - INFO - [SUCCESS] ENA: 0 sinais gerados, 0 salvos em 0.35s
2025-07-14 07:58:10,190 - core.data_reader - INFO - Carregados 470 pontos para BNB 5m
2025-07-14 07:58:10,291 - indicators.technical - INFO - Análise técnica concluída para BNB: RSI=0 sinais, MACD=0 sinais
2025-07-14 07:58:10,291 - core.analyzer - INFO - [SUCCESS] BNB: 0 sinais gerados, 0 salvos em 0.45s
2025-07-14 07:58:10,301 - core.data_reader - INFO - Carregados 471 pontos para NEAR 5m
2025-07-14 07:58:10,404 - indicators.technical - INFO - Análise técnica concluída para NEAR: RSI=0 sinais, MACD=0 sinais
2025-07-14 07:58:10,407 - core.data_reader - INFO - Carregados 469 pontos para HBAR 5m
2025-07-14 07:58:10,407 - core.analyzer - INFO - [SUCCESS] NEAR: 0 sinais gerados, 0 salvos em 0.33s
2025-07-14 07:58:10,473 - core.data_reader - INFO - Carregados 469 pontos para OMNI 5m
2025-07-14 07:58:10,575 - indicators.technical - INFO - Análise técnica concluída para OMNI: RSI=0 sinais, MACD=0 sinais
2025-07-14 07:58:10,575 - core.analyzer - INFO - [SUCCESS] OMNI: 0 sinais gerados, 0 salvos em 0.39s
2025-07-14 07:58:10,615 - indicators.technical - INFO - Análise técnica concluída para HBAR: RSI=0 sinais, MACD=0 sinais
2025-07-14 07:58:10,615 - core.analyzer - INFO - [SUCCESS] HBAR: 0 sinais gerados, 0 salvos em 0.64s
2025-07-14 07:58:10,619 - core.data_reader - INFO - Carregados 472 pontos para SOL 5m
2025-07-14 07:58:10,710 - indicators.technical - INFO - Análise técnica concluída para SOL: RSI=0 sinais, MACD=0 sinais
2025-07-14 07:58:10,710 - core.analyzer - INFO - [SUCCESS] SOL: 0 sinais gerados, 0 salvos em 0.42s
2025-07-14 07:58:10,711 - core.analyzer - INFO - [COMPLETE] Análise concluída: 8/8 symbols, 0 sinais em 0.89s
2025-07-14 07:58:10,711 - core.analyzer - INFO - [CYCLE] Ciclo concluído: 8 symbols analisados em 0.9s
2025-07-14 08:03:09,818 - core.analyzer - INFO - [START] Iniciando análise de 8 symbols
2025-07-14 08:03:09,823 - core.analyzer - INFO - [DEBUG] Symbols disponíveis no banco: ['BNB', 'BTC', 'ENA', 'ETH', 'HBAR', 'NEAR', 'OMNI', 'SOL']
2025-07-14 08:03:09,823 - core.analyzer - INFO - [DEBUG] Symbols configurados para análise: ['BNB', 'BTC', 'ENA', 'ETH', 'HBAR', 'NEAR', 'OMNI', 'SOL']
2025-07-14 08:03:09,823 - core.analyzer - INFO - [INFO] Symbols que serão analisados: ['BNB', 'BTC', 'ENA', 'ETH', 'HBAR', 'NEAR', 'OMNI', 'SOL']
2025-07-14 08:03:09,843 - core.data_reader - INFO - Carregados 470 pontos para BNB 5m
2025-07-14 08:03:09,879 - core.data_reader - INFO - Carregados 469 pontos para ETH 5m
2025-07-14 08:03:10,190 - indicators.technical - INFO - Análise técnica concluída para BNB: RSI=0 sinais, MACD=0 sinais
2025-07-14 08:03:10,211 - core.analyzer - INFO - [SUCCESS] BNB: 0 sinais gerados, 0 salvos em 0.39s
2025-07-14 08:03:10,268 - core.data_reader - INFO - Carregados 471 pontos para ENA 5m
2025-07-14 08:03:10,294 - indicators.technical - INFO - Análise técnica concluída para ETH: RSI=0 sinais, MACD=0 sinais
2025-07-14 08:03:10,297 - core.analyzer - INFO - [SUCCESS] ETH: 0 sinais gerados, 0 salvos em 0.47s
2025-07-14 08:03:10,473 - core.data_reader - INFO - Carregados 471 pontos para BTC 5m
2025-07-14 08:03:10,481 - indicators.technical - INFO - Análise técnica concluída para ENA: RSI=0 sinais, MACD=0 sinais
2025-07-14 08:03:10,510 - core.analyzer - INFO - [SUCCESS] ENA: 0 sinais gerados, 0 salvos em 0.69s
2025-07-14 08:03:10,623 - indicators.technical - INFO - Análise técnica concluída para BTC: RSI=0 sinais, MACD=0 sinais
2025-07-14 08:03:10,624 - core.analyzer - INFO - [SUCCESS] BTC: 0 sinais gerados, 0 salvos em 0.80s
2025-07-14 08:03:10,635 - core.data_reader - INFO - Carregados 469 pontos para HBAR 5m
2025-07-14 08:03:10,748 - indicators.technical - INFO - Análise técnica concluída para HBAR: RSI=0 sinais, MACD=0 sinais
2025-07-14 08:03:10,748 - core.analyzer - INFO - [SUCCESS] HBAR: 0 sinais gerados, 0 salvos em 0.53s
2025-07-14 08:03:10,752 - core.data_reader - INFO - Carregados 471 pontos para NEAR 5m
2025-07-14 08:03:10,932 - indicators.technical - INFO - Análise técnica concluída para NEAR: RSI=0 sinais, MACD=0 sinais
2025-07-14 08:03:10,932 - core.analyzer - INFO - [SUCCESS] NEAR: 0 sinais gerados, 0 salvos em 0.63s
2025-07-14 08:03:10,941 - core.data_reader - INFO - Carregados 469 pontos para OMNI 5m
2025-07-14 08:03:11,000 - core.data_reader - INFO - Carregados 474 pontos para SOL 5m
2025-07-14 08:03:11,270 - indicators.technical - INFO - Análise técnica concluída para OMNI: RSI=0 sinais, MACD=0 sinais
2025-07-14 08:03:11,283 - core.analyzer - INFO - [SUCCESS] OMNI: 0 sinais gerados, 0 salvos em 0.75s
2025-07-14 08:03:11,337 - indicators.technical - INFO - Análise técnica concluída para SOL: RSI=0 sinais, MACD=0 sinais
2025-07-14 08:03:11,337 - core.analyzer - INFO - [SUCCESS] SOL: 0 sinais gerados, 0 salvos em 0.71s
2025-07-14 08:03:11,338 - core.analyzer - INFO - [COMPLETE] Análise concluída: 8/8 symbols, 0 sinais em 1.52s
2025-07-14 08:03:11,338 - core.analyzer - INFO - [CYCLE] Ciclo concluído: 8 symbols analisados em 1.5s
2025-07-14 08:08:09,819 - core.analyzer - INFO - [START] Iniciando análise de 8 symbols
2025-07-14 08:08:09,834 - core.analyzer - INFO - [DEBUG] Symbols disponíveis no banco: ['BNB', 'BTC', 'ENA', 'ETH', 'HBAR', 'NEAR', 'OMNI', 'SOL']
2025-07-14 08:08:09,835 - core.analyzer - INFO - [DEBUG] Symbols configurados para análise: ['BNB', 'BTC', 'ENA', 'ETH', 'HBAR', 'NEAR', 'OMNI', 'SOL']
2025-07-14 08:08:09,836 - core.analyzer - INFO - [INFO] Symbols que serão analisados: ['BNB', 'BTC', 'ENA', 'ETH', 'HBAR', 'NEAR', 'OMNI', 'SOL']
2025-07-14 08:08:09,874 - core.data_reader - INFO - Carregados 471 pontos para ETH 5m
2025-07-14 08:08:09,980 - indicators.technical - INFO - Análise técnica concluída para ETH: RSI=0 sinais, MACD=0 sinais
2025-07-14 08:08:09,980 - core.analyzer - INFO - [SUCCESS] ETH: 0 sinais gerados, 0 salvos em 0.14s
2025-07-14 08:08:09,984 - core.data_reader - INFO - Carregados 472 pontos para BNB 5m
2025-07-14 08:08:10,084 - indicators.technical - INFO - Análise técnica concluída para BNB: RSI=0 sinais, MACD=0 sinais
2025-07-14 08:08:10,088 - core.data_reader - INFO - Carregados 473 pontos para BTC 5m
2025-07-14 08:08:10,088 - core.analyzer - INFO - [SUCCESS] BNB: 0 sinais gerados, 0 salvos em 0.25s
2025-07-14 08:08:10,190 - indicators.technical - INFO - Análise técnica concluída para BTC: RSI=0 sinais, MACD=0 sinais
2025-07-14 08:08:10,190 - core.analyzer - INFO - [SUCCESS] BTC: 0 sinais gerados, 0 salvos em 0.35s
2025-07-14 08:08:10,195 - core.data_reader - INFO - Carregados 473 pontos para ENA 5m
2025-07-14 08:08:10,296 - indicators.technical - INFO - Análise técnica concluída para ENA: RSI=0 sinais, MACD=0 sinais
2025-07-14 08:08:10,296 - core.analyzer - INFO - [SUCCESS] ENA: 0 sinais gerados, 0 salvos em 0.46s
2025-07-14 08:08:10,307 - core.data_reader - INFO - Carregados 471 pontos para HBAR 5m
2025-07-14 08:08:10,340 - core.data_reader - INFO - Carregados 473 pontos para NEAR 5m
2025-07-14 08:08:10,411 - indicators.technical - INFO - Análise técnica concluída para HBAR: RSI=0 sinais, MACD=0 sinais
2025-07-14 08:08:10,473 - core.analyzer - INFO - [SUCCESS] HBAR: 0 sinais gerados, 0 salvos em 0.49s
2025-07-14 08:08:10,478 - core.data_reader - INFO - Carregados 471 pontos para OMNI 5m
2025-07-14 08:08:10,517 - indicators.technical - INFO - Análise técnica concluída para NEAR: RSI=0 sinais, MACD=0 sinais
2025-07-14 08:08:10,524 - core.analyzer - INFO - [SUCCESS] NEAR: 0 sinais gerados, 0 salvos em 0.37s
2025-07-14 08:08:10,618 - indicators.technical - INFO - Análise técnica concluída para OMNI: RSI=0 sinais, MACD=0 sinais
2025-07-14 08:08:10,619 - core.analyzer - INFO - [SUCCESS] OMNI: 0 sinais gerados, 0 salvos em 0.43s
2025-07-14 08:08:10,622 - core.data_reader - INFO - Carregados 477 pontos para SOL 5m
2025-07-14 08:08:10,713 - indicators.technical - INFO - Análise técnica concluída para SOL: RSI=0 sinais, MACD=0 sinais
2025-07-14 08:08:10,714 - core.analyzer - INFO - [SUCCESS] SOL: 0 sinais gerados, 0 salvos em 0.42s
2025-07-14 08:08:10,714 - core.analyzer - INFO - [COMPLETE] Análise concluída: 8/8 symbols, 0 sinais em 0.90s
2025-07-14 08:08:10,715 - core.analyzer - INFO - [CYCLE] Ciclo concluído: 8 symbols analisados em 0.9s
2025-07-14 08:13:09,819 - core.analyzer - INFO - [START] Iniciando análise de 8 symbols
2025-07-14 08:13:09,821 - core.analyzer - INFO - [DEBUG] Symbols disponíveis no banco: ['BNB', 'BTC', 'ENA', 'ETH', 'HBAR', 'NEAR', 'OMNI', 'SOL']
2025-07-14 08:13:09,821 - core.analyzer - INFO - [DEBUG] Symbols configurados para análise: ['BNB', 'BTC', 'ENA', 'ETH', 'HBAR', 'NEAR', 'OMNI', 'SOL']
2025-07-14 08:13:09,821 - core.analyzer - INFO - [INFO] Symbols que serão analisados: ['BNB', 'BTC', 'ENA', 'ETH', 'HBAR', 'NEAR', 'OMNI', 'SOL']
2025-07-14 08:13:09,836 - core.data_reader - INFO - Carregados 475 pontos para BNB 5m
2025-07-14 08:13:09,938 - indicators.technical - INFO - Análise técnica concluída para BNB: RSI=0 sinais, MACD=0 sinais
2025-07-14 08:13:09,941 - core.analyzer - INFO - [SUCCESS] BNB: 0 sinais gerados, 0 salvos em 0.12s
2025-07-14 08:13:09,941 - core.data_reader - INFO - Carregados 474 pontos para ETH 5m
2025-07-14 08:13:09,944 - core.data_reader - INFO - Carregados 476 pontos para BTC 5m
2025-07-14 08:13:10,123 - indicators.technical - INFO - Análise técnica concluída para ETH: RSI=0 sinais, MACD=0 sinais
2025-07-14 08:13:10,124 - core.analyzer - INFO - [SUCCESS] ETH: 0 sinais gerados, 0 salvos em 0.30s
2025-07-14 08:13:10,164 - indicators.technical - INFO - Análise técnica concluída para BTC: RSI=0 sinais, MACD=0 sinais
2025-07-14 08:13:10,164 - core.analyzer - INFO - [SUCCESS] BTC: 0 sinais gerados, 0 salvos em 0.34s
2025-07-14 08:13:10,168 - core.data_reader - INFO - Carregados 476 pontos para ENA 5m
2025-07-14 08:13:10,270 - indicators.technical - INFO - Análise técnica concluída para ENA: RSI=0 sinais, MACD=0 sinais
2025-07-14 08:13:10,270 - core.analyzer - INFO - [SUCCESS] ENA: 0 sinais gerados, 0 salvos em 0.45s
2025-07-14 08:13:10,280 - core.data_reader - INFO - Carregados 474 pontos para HBAR 5m
2025-07-14 08:13:10,382 - indicators.technical - INFO - Análise técnica concluída para HBAR: RSI=0 sinais, MACD=0 sinais
2025-07-14 08:13:10,382 - core.analyzer - INFO - [SUCCESS] HBAR: 0 sinais gerados, 0 salvos em 0.44s
2025-07-14 08:13:10,386 - core.data_reader - INFO - Carregados 476 pontos para NEAR 5m
2025-07-14 08:13:10,488 - indicators.technical - INFO - Análise técnica concluída para NEAR: RSI=0 sinais, MACD=0 sinais
2025-07-14 08:13:10,489 - core.analyzer - INFO - [SUCCESS] NEAR: 0 sinais gerados, 0 salvos em 0.36s
2025-07-14 08:13:10,492 - core.data_reader - INFO - Carregados 474 pontos para OMNI 5m
2025-07-14 08:13:10,594 - indicators.technical - INFO - Análise técnica concluída para OMNI: RSI=0 sinais, MACD=0 sinais
2025-07-14 08:13:10,595 - core.analyzer - INFO - [SUCCESS] OMNI: 0 sinais gerados, 0 salvos em 0.43s
2025-07-14 08:13:10,598 - core.data_reader - INFO - Carregados 477 pontos para SOL 5m
2025-07-14 08:13:10,693 - indicators.technical - INFO - Análise técnica concluída para SOL: RSI=0 sinais, MACD=0 sinais
2025-07-14 08:13:10,694 - core.analyzer - INFO - [SUCCESS] SOL: 0 sinais gerados, 0 salvos em 0.42s
2025-07-14 08:13:10,694 - core.analyzer - INFO - [COMPLETE] Análise concluída: 8/8 symbols, 0 sinais em 0.88s
2025-07-14 08:13:10,695 - core.analyzer - INFO - [CYCLE] Ciclo concluído: 8 symbols analisados em 0.9s
2025-07-14 08:18:09,820 - core.analyzer - INFO - [START] Iniciando análise de 8 symbols
2025-07-14 08:18:09,839 - core.analyzer - INFO - [DEBUG] Symbols disponíveis no banco: ['BNB', 'BTC', 'ENA', 'ETH', 'HBAR', 'NEAR', 'OMNI', 'SOL']
2025-07-14 08:18:09,840 - core.analyzer - INFO - [DEBUG] Symbols configurados para análise: ['BNB', 'BTC', 'ENA', 'ETH', 'HBAR', 'NEAR', 'OMNI', 'SOL']
2025-07-14 08:18:09,841 - core.analyzer - INFO - [INFO] Symbols que serão analisados: ['BNB', 'BTC', 'ENA', 'ETH', 'HBAR', 'NEAR', 'OMNI', 'SOL']
2025-07-14 08:18:09,874 - core.data_reader - INFO - Carregados 478 pontos para BNB 5m
2025-07-14 08:18:09,980 - indicators.technical - INFO - Análise técnica concluída para BNB: RSI=0 sinais, MACD=0 sinais
2025-07-14 08:18:09,980 - core.analyzer - INFO - [SUCCESS] BNB: 0 sinais gerados, 0 salvos em 0.14s
2025-07-14 08:18:09,985 - core.data_reader - INFO - Carregados 477 pontos para ETH 5m
2025-07-14 08:18:09,989 - core.data_reader - INFO - Carregados 479 pontos para BTC 5m
2025-07-14 08:18:10,090 - indicators.technical - INFO - Análise técnica concluída para ETH: RSI=0 sinais, MACD=0 sinais
2025-07-14 08:18:10,156 - core.analyzer - INFO - [SUCCESS] ETH: 0 sinais gerados, 0 salvos em 0.31s
2025-07-14 08:18:10,160 - core.data_reader - INFO - Carregados 479 pontos para ENA 5m
2025-07-14 08:18:10,264 - indicators.technical - INFO - Análise técnica concluída para ENA: RSI=0 sinais, MACD=0 sinais
2025-07-14 08:18:10,264 - core.analyzer - INFO - [SUCCESS] ENA: 0 sinais gerados, 0 salvos em 0.42s
2025-07-14 08:18:10,305 - indicators.technical - INFO - Análise técnica concluída para BTC: RSI=0 sinais, MACD=0 sinais
2025-07-14 08:18:10,305 - core.analyzer - INFO - [SUCCESS] BTC: 0 sinais gerados, 0 salvos em 0.46s
2025-07-14 08:18:10,311 - core.data_reader - INFO - Carregados 477 pontos para HBAR 5m
2025-07-14 08:18:10,413 - indicators.technical - INFO - Análise técnica concluída para HBAR: RSI=0 sinais, MACD=0 sinais
2025-07-14 08:18:10,413 - core.analyzer - INFO - [SUCCESS] HBAR: 0 sinais gerados, 0 salvos em 0.43s
2025-07-14 08:18:10,417 - core.data_reader - INFO - Carregados 479 pontos para NEAR 5m
2025-07-14 08:18:10,520 - indicators.technical - INFO - Análise técnica concluída para NEAR: RSI=0 sinais, MACD=0 sinais
2025-07-14 08:18:10,520 - core.analyzer - INFO - [SUCCESS] NEAR: 0 sinais gerados, 0 salvos em 0.36s
2025-07-14 08:18:10,524 - core.data_reader - INFO - Carregados 477 pontos para OMNI 5m
2025-07-14 08:18:10,626 - indicators.technical - INFO - Análise técnica concluída para OMNI: RSI=0 sinais, MACD=0 sinais
2025-07-14 08:18:10,626 - core.analyzer - INFO - [SUCCESS] OMNI: 0 sinais gerados, 0 salvos em 0.36s
2025-07-14 08:18:10,629 - core.data_reader - INFO - Carregados 480 pontos para SOL 5m
2025-07-14 08:18:10,721 - indicators.technical - INFO - Análise técnica concluída para SOL: RSI=0 sinais, MACD=0 sinais
2025-07-14 08:18:10,722 - core.analyzer - INFO - [SUCCESS] SOL: 0 sinais gerados, 0 salvos em 0.42s
2025-07-14 08:18:10,722 - core.analyzer - INFO - [COMPLETE] Análise concluída: 8/8 symbols, 0 sinais em 0.90s
2025-07-14 08:18:10,723 - core.analyzer - INFO - [CYCLE] Ciclo concluído: 8 symbols analisados em 0.9s
2025-07-14 08:23:09,821 - core.analyzer - INFO - [START] Iniciando análise de 8 symbols
2025-07-14 08:23:09,830 - core.analyzer - INFO - [DEBUG] Symbols disponíveis no banco: ['BNB', 'BTC', 'ENA', 'ETH', 'HBAR', 'NEAR', 'OMNI', 'SOL']
2025-07-14 08:23:09,831 - core.analyzer - INFO - [DEBUG] Symbols configurados para análise: ['BNB', 'BTC', 'ENA', 'ETH', 'HBAR', 'NEAR', 'OMNI', 'SOL']
2025-07-14 08:23:09,832 - core.analyzer - INFO - [INFO] Symbols que serão analisados: ['BNB', 'BTC', 'ENA', 'ETH', 'HBAR', 'NEAR', 'OMNI', 'SOL']
2025-07-14 08:23:09,871 - core.data_reader - INFO - Carregados 483 pontos para BTC 5m
2025-07-14 08:23:09,979 - indicators.technical - INFO - Análise técnica concluída para BTC: RSI=0 sinais, MACD=0 sinais
2025-07-14 08:23:09,982 - core.data_reader - INFO - Carregados 482 pontos para BNB 5m
2025-07-14 08:23:09,983 - core.analyzer - INFO - [SUCCESS] BTC: 0 sinais gerados, 0 salvos em 0.15s
2025-07-14 08:23:10,087 - indicators.technical - INFO - Análise técnica concluída para BNB: RSI=0 sinais, MACD=0 sinais
2025-07-14 08:23:10,088 - core.analyzer - INFO - [SUCCESS] BNB: 0 sinais gerados, 0 salvos em 0.25s
2025-07-14 08:23:10,092 - core.data_reader - INFO - Carregados 483 pontos para ENA 5m
2025-07-14 08:23:10,095 - core.data_reader - INFO - Carregados 481 pontos para ETH 5m
2025-07-14 08:23:10,200 - indicators.technical - INFO - Análise técnica concluída para ENA: RSI=0 sinais, MACD=0 sinais
2025-07-14 08:23:10,264 - core.analyzer - INFO - [SUCCESS] ENA: 0 sinais gerados, 0 salvos em 0.43s
2025-07-14 08:23:10,306 - indicators.technical - INFO - Análise técnica concluída para ETH: RSI=0 sinais, MACD=0 sinais
2025-07-14 08:23:10,306 - core.analyzer - INFO - [SUCCESS] ETH: 0 sinais gerados, 0 salvos em 0.47s
2025-07-14 08:23:10,315 - core.data_reader - INFO - Carregados 483 pontos para NEAR 5m
2025-07-14 08:23:10,427 - indicators.technical - INFO - Análise técnica concluída para NEAR: RSI=0 sinais, MACD=0 sinais
2025-07-14 08:23:10,427 - core.analyzer - INFO - [SUCCESS] NEAR: 0 sinais gerados, 0 salvos em 0.34s
2025-07-14 08:23:10,431 - core.data_reader - INFO - Carregados 481 pontos para HBAR 5m
2025-07-14 08:23:10,538 - indicators.technical - INFO - Análise técnica concluída para HBAR: RSI=0 sinais, MACD=0 sinais
2025-07-14 08:23:10,539 - core.analyzer - INFO - [SUCCESS] HBAR: 0 sinais gerados, 0 salvos em 0.52s
2025-07-14 08:23:10,542 - core.data_reader - INFO - Carregados 481 pontos para OMNI 5m
2025-07-14 08:23:10,648 - indicators.technical - INFO - Análise técnica concluída para OMNI: RSI=0 sinais, MACD=0 sinais
2025-07-14 08:23:10,648 - core.analyzer - INFO - [SUCCESS] OMNI: 0 sinais gerados, 0 salvos em 0.38s
2025-07-14 08:23:10,652 - core.data_reader - INFO - Carregados 483 pontos para SOL 5m
2025-07-14 08:23:10,745 - indicators.technical - INFO - Análise técnica concluída para SOL: RSI=0 sinais, MACD=0 sinais
2025-07-14 08:23:10,745 - core.analyzer - INFO - [SUCCESS] SOL: 0 sinais gerados, 0 salvos em 0.44s
2025-07-14 08:23:10,746 - core.analyzer - INFO - [COMPLETE] Análise concluída: 8/8 symbols, 0 sinais em 0.93s
2025-07-14 08:23:10,746 - core.analyzer - INFO - [CYCLE] Ciclo concluído: 8 symbols analisados em 0.9s
2025-07-14 08:28:09,822 - core.analyzer - INFO - [START] Iniciando análise de 8 symbols
2025-07-14 08:28:09,831 - core.analyzer - INFO - [DEBUG] Symbols disponíveis no banco: ['BNB', 'BTC', 'ENA', 'ETH', 'HBAR', 'NEAR', 'OMNI', 'SOL']
2025-07-14 08:28:09,831 - core.analyzer - INFO - [DEBUG] Symbols configurados para análise: ['BNB', 'BTC', 'ENA', 'ETH', 'HBAR', 'NEAR', 'OMNI', 'SOL']
2025-07-14 08:28:09,832 - core.analyzer - INFO - [INFO] Symbols que serão analisados: ['BNB', 'BTC', 'ENA', 'ETH', 'HBAR', 'NEAR', 'OMNI', 'SOL']
2025-07-14 08:28:09,868 - core.data_reader - INFO - Carregados 486 pontos para BNB 5m
2025-07-14 08:28:09,982 - indicators.technical - INFO - Análise técnica concluída para BNB: RSI=0 sinais, MACD=0 sinais
2025-07-14 08:28:09,982 - core.analyzer - INFO - [SUCCESS] BNB: 0 sinais gerados, 0 salvos em 0.15s
2025-07-14 08:28:09,986 - core.data_reader - INFO - Carregados 487 pontos para BTC 5m
2025-07-14 08:28:10,091 - indicators.technical - INFO - Análise técnica concluída para BTC: RSI=0 sinais, MACD=0 sinais
2025-07-14 08:28:10,091 - core.analyzer - INFO - [SUCCESS] BTC: 0 sinais gerados, 0 salvos em 0.26s
2025-07-14 08:28:10,096 - core.data_reader - INFO - Carregados 485 pontos para ETH 5m
2025-07-14 08:28:10,098 - core.data_reader - INFO - Carregados 487 pontos para ENA 5m
2025-07-14 08:28:10,201 - indicators.technical - INFO - Análise técnica concluída para ETH: RSI=0 sinais, MACD=0 sinais
2025-07-14 08:28:10,228 - core.analyzer - INFO - [SUCCESS] ETH: 0 sinais gerados, 0 salvos em 0.39s
2025-07-14 08:28:10,312 - indicators.technical - INFO - Análise técnica concluída para ENA: RSI=0 sinais, MACD=0 sinais
2025-07-14 08:28:10,312 - core.analyzer - INFO - [SUCCESS] ENA: 0 sinais gerados, 0 salvos em 0.48s
2025-07-14 08:28:10,321 - core.data_reader - INFO - Carregados 485 pontos para HBAR 5m
2025-07-14 08:28:10,425 - indicators.technical - INFO - Análise técnica concluída para HBAR: RSI=0 sinais, MACD=0 sinais
2025-07-14 08:28:10,426 - core.analyzer - INFO - [SUCCESS] HBAR: 0 sinais gerados, 0 salvos em 0.44s
2025-07-14 08:28:10,430 - core.data_reader - INFO - Carregados 487 pontos para NEAR 5m
2025-07-14 08:28:10,533 - indicators.technical - INFO - Análise técnica concluída para NEAR: RSI=0 sinais, MACD=0 sinais
2025-07-14 08:28:10,534 - core.analyzer - INFO - [SUCCESS] NEAR: 0 sinais gerados, 0 salvos em 0.44s
2025-07-14 08:28:10,537 - core.data_reader - INFO - Carregados 485 pontos para OMNI 5m
2025-07-14 08:28:10,641 - indicators.technical - INFO - Análise técnica concluída para OMNI: RSI=0 sinais, MACD=0 sinais
2025-07-14 08:28:10,644 - core.analyzer - INFO - [SUCCESS] OMNI: 0 sinais gerados, 0 salvos em 0.38s
2025-07-14 08:28:10,644 - core.data_reader - INFO - Carregados 487 pontos para SOL 5m
2025-07-14 08:28:10,738 - indicators.technical - INFO - Análise técnica concluída para SOL: RSI=0 sinais, MACD=0 sinais
2025-07-14 08:28:10,738 - core.analyzer - INFO - [SUCCESS] SOL: 0 sinais gerados, 0 salvos em 0.43s
2025-07-14 08:28:10,739 - core.analyzer - INFO - [COMPLETE] Análise concluída: 8/8 symbols, 0 sinais em 0.92s
2025-07-14 08:28:10,739 - core.analyzer - INFO - [CYCLE] Ciclo concluído: 8 symbols analisados em 0.9s
2025-07-14 08:33:09,822 - core.analyzer - INFO - [START] Iniciando análise de 8 symbols
2025-07-14 08:33:09,832 - core.analyzer - INFO - [DEBUG] Symbols disponíveis no banco: ['BNB', 'BTC', 'ENA', 'ETH', 'HBAR', 'NEAR', 'OMNI', 'SOL']
2025-07-14 08:33:09,833 - core.analyzer - INFO - [DEBUG] Symbols configurados para análise: ['BNB', 'BTC', 'ENA', 'ETH', 'HBAR', 'NEAR', 'OMNI', 'SOL']
2025-07-14 08:33:09,834 - core.analyzer - INFO - [INFO] Symbols que serão analisados: ['BNB', 'BTC', 'ENA', 'ETH', 'HBAR', 'NEAR', 'OMNI', 'SOL']
2025-07-14 08:33:09,869 - core.data_reader - INFO - Carregados 486 pontos para BNB 5m
2025-07-14 08:33:09,977 - indicators.technical - INFO - Análise técnica concluída para BNB: RSI=0 sinais, MACD=0 sinais
2025-07-14 08:33:09,977 - core.analyzer - INFO - [SUCCESS] BNB: 0 sinais gerados, 0 salvos em 0.14s
2025-07-14 08:33:09,981 - core.data_reader - INFO - Carregados 487 pontos para BTC 5m
2025-07-14 08:33:10,087 - indicators.technical - INFO - Análise técnica concluída para BTC: RSI=0 sinais, MACD=0 sinais
2025-07-14 08:33:10,087 - core.analyzer - INFO - [SUCCESS] BTC: 0 sinais gerados, 0 salvos em 0.25s
2025-07-14 08:33:10,091 - core.data_reader - INFO - Carregados 487 pontos para ENA 5m
2025-07-14 08:33:10,195 - indicators.technical - INFO - Análise técnica concluída para ENA: RSI=0 sinais, MACD=0 sinais
2025-07-14 08:33:10,195 - core.analyzer - INFO - [SUCCESS] ENA: 0 sinais gerados, 0 salvos em 0.36s
2025-07-14 08:33:10,198 - core.data_reader - INFO - Carregados 485 pontos para ETH 5m
2025-07-14 08:33:10,305 - indicators.technical - INFO - Análise técnica concluída para ETH: RSI=0 sinais, MACD=0 sinais
2025-07-14 08:33:10,306 - core.analyzer - INFO - [SUCCESS] ETH: 0 sinais gerados, 0 salvos em 0.47s
2025-07-14 08:33:10,316 - core.data_reader - INFO - Carregados 485 pontos para OMNI 5m
2025-07-14 08:33:10,420 - indicators.technical - INFO - Análise técnica concluída para OMNI: RSI=0 sinais, MACD=0 sinais
2025-07-14 08:33:10,420 - core.analyzer - INFO - [SUCCESS] OMNI: 0 sinais gerados, 0 salvos em 0.22s
2025-07-14 08:33:10,423 - core.data_reader - INFO - Carregados 487 pontos para NEAR 5m
2025-07-14 08:33:10,528 - indicators.technical - INFO - Análise técnica concluída para NEAR: RSI=0 sinais, MACD=0 sinais
2025-07-14 08:33:10,528 - core.analyzer - INFO - [SUCCESS] NEAR: 0 sinais gerados, 0 salvos em 0.44s
2025-07-14 08:33:10,532 - core.data_reader - INFO - Carregados 485 pontos para HBAR 5m
2025-07-14 08:33:10,635 - indicators.technical - INFO - Análise técnica concluída para HBAR: RSI=0 sinais, MACD=0 sinais
2025-07-14 08:33:10,636 - core.analyzer - INFO - [SUCCESS] HBAR: 0 sinais gerados, 0 salvos em 0.66s
2025-07-14 08:33:10,639 - core.data_reader - INFO - Carregados 490 pontos para SOL 5m
2025-07-14 08:33:10,734 - indicators.technical - INFO - Análise técnica concluída para SOL: RSI=0 sinais, MACD=0 sinais
2025-07-14 08:33:10,734 - core.analyzer - INFO - [SUCCESS] SOL: 0 sinais gerados, 0 salvos em 0.43s
2025-07-14 08:33:10,735 - core.analyzer - INFO - [COMPLETE] Análise concluída: 8/8 symbols, 0 sinais em 0.91s
2025-07-14 08:33:10,736 - core.analyzer - INFO - [CYCLE] Ciclo concluído: 8 symbols analisados em 0.9s
2025-07-14 08:38:09,823 - core.analyzer - INFO - [START] Iniciando análise de 8 symbols
2025-07-14 08:38:09,833 - core.analyzer - INFO - [DEBUG] Symbols disponíveis no banco: ['BNB', 'BTC', 'ENA', 'ETH', 'HBAR', 'NEAR', 'OMNI', 'SOL']
2025-07-14 08:38:09,834 - core.analyzer - INFO - [DEBUG] Symbols configurados para análise: ['BNB', 'BTC', 'ENA', 'ETH', 'HBAR', 'NEAR', 'OMNI', 'SOL']
2025-07-14 08:38:09,834 - core.analyzer - INFO - [INFO] Symbols que serão analisados: ['BNB', 'BTC', 'ENA', 'ETH', 'HBAR', 'NEAR', 'OMNI', 'SOL']
2025-07-14 08:38:09,867 - core.data_reader - INFO - Carregados 490 pontos para BTC 5m
2025-07-14 08:38:09,976 - indicators.technical - INFO - Análise técnica concluída para BTC: RSI=0 sinais, MACD=0 sinais
2025-07-14 08:38:09,979 - core.data_reader - INFO - Carregados 489 pontos para BNB 5m
2025-07-14 08:38:09,979 - core.analyzer - INFO - [SUCCESS] BTC: 0 sinais gerados, 0 salvos em 0.14s
2025-07-14 08:38:10,087 - indicators.technical - INFO - Análise técnica concluída para BNB: RSI=0 sinais, MACD=0 sinais
2025-07-14 08:38:10,087 - core.analyzer - INFO - [SUCCESS] BNB: 0 sinais gerados, 0 salvos em 0.25s
2025-07-14 08:38:10,091 - core.data_reader - INFO - Carregados 490 pontos para ENA 5m
2025-07-14 08:38:10,196 - indicators.technical - INFO - Análise técnica concluída para ENA: RSI=0 sinais, MACD=0 sinais
2025-07-14 08:38:10,197 - core.analyzer - INFO - [SUCCESS] ENA: 0 sinais gerados, 0 salvos em 0.36s
2025-07-14 08:38:10,200 - core.data_reader - INFO - Carregados 488 pontos para ETH 5m
2025-07-14 08:38:10,305 - indicators.technical - INFO - Análise técnica concluída para ETH: RSI=0 sinais, MACD=0 sinais
2025-07-14 08:38:10,306 - core.analyzer - INFO - [SUCCESS] ETH: 0 sinais gerados, 0 salvos em 0.47s
2025-07-14 08:38:10,317 - core.data_reader - INFO - Carregados 488 pontos para HBAR 5m
2025-07-14 08:38:10,421 - indicators.technical - INFO - Análise técnica concluída para HBAR: RSI=0 sinais, MACD=0 sinais
2025-07-14 08:38:10,422 - core.analyzer - INFO - [SUCCESS] HBAR: 0 sinais gerados, 0 salvos em 0.42s
2025-07-14 08:38:10,426 - core.data_reader - INFO - Carregados 490 pontos para NEAR 5m
2025-07-14 08:38:10,531 - indicators.technical - INFO - Análise técnica concluída para NEAR: RSI=0 sinais, MACD=0 sinais
2025-07-14 08:38:10,532 - core.analyzer - INFO - [SUCCESS] NEAR: 0 sinais gerados, 0 salvos em 0.44s
2025-07-14 08:38:10,535 - core.data_reader - INFO - Carregados 488 pontos para OMNI 5m
2025-07-14 08:38:10,640 - indicators.technical - INFO - Análise técnica concluída para OMNI: RSI=0 sinais, MACD=0 sinais
2025-07-14 08:38:10,640 - core.analyzer - INFO - [SUCCESS] OMNI: 0 sinais gerados, 0 salvos em 0.44s
2025-07-14 08:38:10,643 - core.data_reader - INFO - Carregados 494 pontos para SOL 5m
2025-07-14 08:38:10,738 - indicators.technical - INFO - Análise técnica concluída para SOL: RSI=0 sinais, MACD=0 sinais
2025-07-14 08:38:10,739 - core.analyzer - INFO - [SUCCESS] SOL: 0 sinais gerados, 0 salvos em 0.43s
2025-07-14 08:38:10,739 - core.analyzer - INFO - [COMPLETE] Análise concluída: 8/8 symbols, 0 sinais em 0.92s
2025-07-14 08:38:10,740 - core.analyzer - INFO - [CYCLE] Ciclo concluído: 8 symbols analisados em 0.9s
2025-07-14 08:43:09,823 - core.analyzer - INFO - [START] Iniciando análise de 8 symbols
2025-07-14 08:43:09,825 - core.analyzer - INFO - [DEBUG] Symbols disponíveis no banco: ['BNB', 'BTC', 'ENA', 'ETH', 'HBAR', 'NEAR', 'OMNI', 'SOL']
2025-07-14 08:43:09,826 - core.analyzer - INFO - [DEBUG] Symbols configurados para análise: ['BNB', 'BTC', 'ENA', 'ETH', 'HBAR', 'NEAR', 'OMNI', 'SOL']
2025-07-14 08:43:09,826 - core.analyzer - INFO - [INFO] Symbols que serão analisados: ['BNB', 'BTC', 'ENA', 'ETH', 'HBAR', 'NEAR', 'OMNI', 'SOL']
2025-07-14 08:43:09,844 - core.data_reader - INFO - Carregados 494 pontos para BTC 5m
2025-07-14 08:43:09,953 - indicators.technical - INFO - Análise técnica concluída para BTC: RSI=0 sinais, MACD=0 sinais
2025-07-14 08:43:09,953 - core.analyzer - INFO - [SUCCESS] BTC: 0 sinais gerados, 0 salvos em 0.13s
2025-07-14 08:43:09,957 - core.data_reader - INFO - Carregados 493 pontos para BNB 5m
2025-07-14 08:43:09,973 - core.data_reader - INFO - Carregados 492 pontos para ETH 5m
2025-07-14 08:43:10,083 - indicators.technical - INFO - Análise técnica concluída para BNB: RSI=0 sinais, MACD=0 sinais
2025-07-14 08:43:10,084 - core.analyzer - INFO - [SUCCESS] BNB: 0 sinais gerados, 0 salvos em 0.26s
2025-07-14 08:43:10,087 - core.data_reader - INFO - Carregados 494 pontos para ENA 5m
2025-07-14 08:43:10,193 - indicators.technical - INFO - Análise técnica concluída para ENA: RSI=0 sinais, MACD=0 sinais
2025-07-14 08:43:10,194 - core.analyzer - INFO - [SUCCESS] ENA: 0 sinais gerados, 0 salvos em 0.37s
2025-07-14 08:43:10,285 - indicators.technical - INFO - Análise técnica concluída para ETH: RSI=0 sinais, MACD=0 sinais
2025-07-14 08:43:10,285 - core.analyzer - INFO - [SUCCESS] ETH: 0 sinais gerados, 0 salvos em 0.46s
2025-07-14 08:43:10,293 - core.data_reader - INFO - Carregados 492 pontos para HBAR 5m
2025-07-14 08:43:10,399 - indicators.technical - INFO - Análise técnica concluída para HBAR: RSI=0 sinais, MACD=0 sinais
2025-07-14 08:43:10,400 - core.analyzer - INFO - [SUCCESS] HBAR: 0 sinais gerados, 0 salvos em 0.45s
2025-07-14 08:43:10,404 - core.data_reader - INFO - Carregados 494 pontos para NEAR 5m
2025-07-14 08:43:10,510 - indicators.technical - INFO - Análise técnica concluída para NEAR: RSI=0 sinais, MACD=0 sinais
2025-07-14 08:43:10,510 - core.analyzer - INFO - [SUCCESS] NEAR: 0 sinais gerados, 0 salvos em 0.43s
2025-07-14 08:43:10,514 - core.data_reader - INFO - Carregados 492 pontos para OMNI 5m
2025-07-14 08:43:10,620 - indicators.technical - INFO - Análise técnica concluída para OMNI: RSI=0 sinais, MACD=0 sinais
2025-07-14 08:43:10,621 - core.analyzer - INFO - [SUCCESS] OMNI: 0 sinais gerados, 0 salvos em 0.43s
2025-07-14 08:43:10,623 - core.data_reader - INFO - Carregados 494 pontos para SOL 5m
2025-07-14 08:43:10,719 - indicators.technical - INFO - Análise técnica concluída para SOL: RSI=0 sinais, MACD=0 sinais
2025-07-14 08:43:10,719 - core.analyzer - INFO - [SUCCESS] SOL: 0 sinais gerados, 0 salvos em 0.43s
2025-07-14 08:43:10,720 - core.analyzer - INFO - [COMPLETE] Análise concluída: 8/8 symbols, 0 sinais em 0.90s
2025-07-14 08:43:10,720 - core.analyzer - INFO - [CYCLE] Ciclo concluído: 8 symbols analisados em 0.9s
2025-07-14 08:48:09,836 - core.analyzer - INFO - [START] Iniciando análise de 8 symbols
2025-07-14 08:48:09,848 - core.analyzer - INFO - [DEBUG] Symbols disponíveis no banco: ['BNB', 'BTC', 'ENA', 'ETH', 'HBAR', 'NEAR', 'OMNI', 'SOL']
2025-07-14 08:48:09,848 - core.analyzer - INFO - [DEBUG] Symbols configurados para análise: ['BNB', 'BTC', 'ENA', 'ETH', 'HBAR', 'NEAR', 'OMNI', 'SOL']
2025-07-14 08:48:09,849 - core.analyzer - INFO - [INFO] Symbols que serão analisados: ['BNB', 'BTC', 'ENA', 'ETH', 'HBAR', 'NEAR', 'OMNI', 'SOL']
2025-07-14 08:48:09,874 - core.data_reader - INFO - Carregados 496 pontos para BNB 5m
2025-07-14 08:48:09,984 - indicators.technical - INFO - Análise técnica concluída para BNB: RSI=0 sinais, MACD=0 sinais
2025-07-14 08:48:09,985 - core.analyzer - INFO - [SUCCESS] BNB: 0 sinais gerados, 0 salvos em 0.13s
2025-07-14 08:48:09,989 - core.data_reader - INFO - Carregados 497 pontos para BTC 5m
2025-07-14 08:48:10,095 - indicators.technical - INFO - Análise técnica concluída para BTC: RSI=0 sinais, MACD=0 sinais
2025-07-14 08:48:10,095 - core.analyzer - INFO - [SUCCESS] BTC: 0 sinais gerados, 0 salvos em 0.24s
2025-07-14 08:48:10,099 - core.data_reader - INFO - Carregados 495 pontos para ETH 5m
2025-07-14 08:48:10,207 - indicators.technical - INFO - Análise técnica concluída para ETH: RSI=0 sinais, MACD=0 sinais
2025-07-14 08:48:10,207 - core.analyzer - INFO - [SUCCESS] ETH: 0 sinais gerados, 0 salvos em 0.35s
2025-07-14 08:48:10,211 - core.data_reader - INFO - Carregados 497 pontos para ENA 5m
2025-07-14 08:48:10,318 - indicators.technical - INFO - Análise técnica concluída para ENA: RSI=0 sinais, MACD=0 sinais
2025-07-14 08:48:10,319 - core.analyzer - INFO - [SUCCESS] ENA: 0 sinais gerados, 0 salvos em 0.47s
2025-07-14 08:48:10,328 - core.data_reader - INFO - Carregados 495 pontos para HBAR 5m
2025-07-14 08:48:10,434 - indicators.technical - INFO - Análise técnica concluída para HBAR: RSI=0 sinais, MACD=0 sinais
2025-07-14 08:48:10,434 - core.analyzer - INFO - [SUCCESS] HBAR: 0 sinais gerados, 0 salvos em 0.45s
2025-07-14 08:48:10,437 - core.data_reader - INFO - Carregados 497 pontos para NEAR 5m
2025-07-14 08:48:10,545 - indicators.technical - INFO - Análise técnica concluída para NEAR: RSI=0 sinais, MACD=0 sinais
2025-07-14 08:48:10,545 - core.analyzer - INFO - [SUCCESS] NEAR: 0 sinais gerados, 0 salvos em 0.45s
2025-07-14 08:48:10,549 - core.data_reader - INFO - Carregados 495 pontos para OMNI 5m
2025-07-14 08:48:10,655 - indicators.technical - INFO - Análise técnica concluída para OMNI: RSI=0 sinais, MACD=0 sinais
2025-07-14 08:48:10,655 - core.analyzer - INFO - [SUCCESS] OMNI: 0 sinais gerados, 0 salvos em 0.45s
2025-07-14 08:48:10,658 - core.data_reader - INFO - Carregados 498 pontos para SOL 5m
2025-07-14 08:48:10,754 - indicators.technical - INFO - Análise técnica concluída para SOL: RSI=0 sinais, MACD=0 sinais
2025-07-14 08:48:10,754 - core.analyzer - INFO - [SUCCESS] SOL: 0 sinais gerados, 0 salvos em 0.44s
2025-07-14 08:48:10,755 - core.analyzer - INFO - [COMPLETE] Análise concluída: 8/8 symbols, 0 sinais em 0.92s
2025-07-14 08:48:10,755 - core.analyzer - INFO - [CYCLE] Ciclo concluído: 8 symbols analisados em 0.9s
2025-07-14 08:53:09,836 - core.analyzer - INFO - [START] Iniciando análise de 8 symbols
2025-07-14 08:53:09,846 - core.analyzer - INFO - [DEBUG] Symbols disponíveis no banco: ['BNB', 'BTC', 'ENA', 'ETH', 'HBAR', 'NEAR', 'OMNI', 'SOL']
2025-07-14 08:53:09,846 - core.analyzer - INFO - [DEBUG] Symbols configurados para análise: ['BNB', 'BTC', 'ENA', 'ETH', 'HBAR', 'NEAR', 'OMNI', 'SOL']
2025-07-14 08:53:09,848 - core.analyzer - INFO - [INFO] Symbols que serão analisados: ['BNB', 'BTC', 'ENA', 'ETH', 'HBAR', 'NEAR', 'OMNI', 'SOL']
2025-07-14 08:53:09,884 - core.data_reader - INFO - Carregados 501 pontos para ENA 5m
2025-07-14 08:53:09,994 - indicators.technical - INFO - Análise técnica concluída para ENA: RSI=0 sinais, MACD=0 sinais
2025-07-14 08:53:09,997 - core.analyzer - INFO - [SUCCESS] ENA: 0 sinais gerados, 0 salvos em 0.14s
2025-07-14 08:53:09,998 - core.data_reader - INFO - Carregados 501 pontos para BTC 5m
2025-07-14 08:53:10,105 - indicators.technical - INFO - Análise técnica concluída para BTC: RSI=0 sinais, MACD=0 sinais
2025-07-14 08:53:10,105 - core.analyzer - INFO - [SUCCESS] BTC: 0 sinais gerados, 0 salvos em 0.25s
2025-07-14 08:53:10,108 - core.data_reader - INFO - Carregados 500 pontos para BNB 5m
2025-07-14 08:53:10,215 - indicators.technical - INFO - Análise técnica concluída para BNB: RSI=0 sinais, MACD=0 sinais
2025-07-14 08:53:10,219 - core.data_reader - INFO - Carregados 499 pontos para ETH 5m
2025-07-14 08:53:10,219 - core.analyzer - INFO - [SUCCESS] BNB: 0 sinais gerados, 0 salvos em 0.37s
2025-07-14 08:53:10,330 - indicators.technical - INFO - Análise técnica concluída para ETH: RSI=0 sinais, MACD=0 sinais
2025-07-14 08:53:10,330 - core.analyzer - INFO - [SUCCESS] ETH: 0 sinais gerados, 0 salvos em 0.48s
2025-07-14 08:53:10,339 - core.data_reader - INFO - Carregados 501 pontos para NEAR 5m
2025-07-14 08:53:10,447 - indicators.technical - INFO - Análise técnica concluída para NEAR: RSI=0 sinais, MACD=0 sinais
2025-07-14 08:53:10,447 - core.analyzer - INFO - [SUCCESS] NEAR: 0 sinais gerados, 0 salvos em 0.34s
2025-07-14 08:53:10,451 - core.data_reader - INFO - Carregados 499 pontos para HBAR 5m
2025-07-14 08:53:10,560 - indicators.technical - INFO - Análise técnica concluída para HBAR: RSI=0 sinais, MACD=0 sinais
2025-07-14 08:53:10,561 - core.analyzer - INFO - [SUCCESS] HBAR: 0 sinais gerados, 0 salvos em 0.56s
2025-07-14 08:53:10,563 - core.data_reader - INFO - Carregados 499 pontos para OMNI 5m
2025-07-14 08:53:10,676 - indicators.technical - INFO - Análise técnica concluída para OMNI: RSI=0 sinais, MACD=0 sinais
2025-07-14 08:53:10,677 - core.analyzer - INFO - [SUCCESS] OMNI: 0 sinais gerados, 0 salvos em 0.44s
2025-07-14 08:53:10,680 - core.data_reader - INFO - Carregados 502 pontos para SOL 5m
2025-07-14 08:53:10,777 - indicators.technical - INFO - Análise técnica concluída para SOL: RSI=0 sinais, MACD=0 sinais
2025-07-14 08:53:10,777 - core.analyzer - INFO - [SUCCESS] SOL: 0 sinais gerados, 0 salvos em 0.45s
2025-07-14 08:53:10,778 - core.analyzer - INFO - [COMPLETE] Análise concluída: 8/8 symbols, 0 sinais em 0.94s
2025-07-14 08:53:10,778 - core.analyzer - INFO - [CYCLE] Ciclo concluído: 8 symbols analisados em 0.9s
2025-07-14 08:58:09,837 - core.analyzer - INFO - [START] Iniciando análise de 8 symbols
2025-07-14 08:58:09,846 - core.analyzer - INFO - [DEBUG] Symbols disponíveis no banco: ['BNB', 'BTC', 'ENA', 'ETH', 'HBAR', 'NEAR', 'OMNI', 'SOL']
2025-07-14 08:58:09,847 - core.analyzer - INFO - [DEBUG] Symbols configurados para análise: ['BNB', 'BTC', 'ENA', 'ETH', 'HBAR', 'NEAR', 'OMNI', 'SOL']
2025-07-14 08:58:09,848 - core.analyzer - INFO - [INFO] Symbols que serão analisados: ['BNB', 'BTC', 'ENA', 'ETH', 'HBAR', 'NEAR', 'OMNI', 'SOL']
2025-07-14 08:58:09,882 - core.data_reader - INFO - Carregados 501 pontos para BTC 5m
2025-07-14 08:58:09,995 - indicators.technical - INFO - Análise técnica concluída para BTC: RSI=0 sinais, MACD=0 sinais
2025-07-14 08:58:09,995 - core.analyzer - INFO - [SUCCESS] BTC: 0 sinais gerados, 0 salvos em 0.14s
2025-07-14 08:58:09,999 - core.data_reader - INFO - Carregados 499 pontos para ETH 5m
2025-07-14 08:58:10,106 - indicators.technical - INFO - Análise técnica concluída para ETH: RSI=0 sinais, MACD=0 sinais
2025-07-14 08:58:10,106 - core.analyzer - INFO - [SUCCESS] ETH: 0 sinais gerados, 0 salvos em 0.25s
2025-07-14 08:58:10,110 - core.data_reader - INFO - Carregados 501 pontos para ENA 5m
2025-07-14 08:58:10,217 - indicators.technical - INFO - Análise técnica concluída para ENA: RSI=0 sinais, MACD=0 sinais
2025-07-14 08:58:10,217 - core.analyzer - INFO - [SUCCESS] ENA: 0 sinais gerados, 0 salvos em 0.37s
2025-07-14 08:58:10,223 - core.data_reader - INFO - Carregados 500 pontos para BNB 5m
2025-07-14 08:58:10,330 - indicators.technical - INFO - Análise técnica concluída para BNB: RSI=0 sinais, MACD=0 sinais
2025-07-14 08:58:10,330 - core.analyzer - INFO - [SUCCESS] BNB: 0 sinais gerados, 0 salvos em 0.48s
2025-07-14 08:58:10,341 - core.data_reader - INFO - Carregados 501 pontos para NEAR 5m
2025-07-14 08:58:10,384 - core.data_reader - INFO - Carregados 499 pontos para OMNI 5m
2025-07-14 08:58:10,453 - indicators.technical - INFO - Análise técnica concluída para NEAR: RSI=0 sinais, MACD=0 sinais
2025-07-14 08:58:10,496 - core.analyzer - INFO - [SUCCESS] NEAR: 0 sinais gerados, 0 salvos em 0.39s
2025-07-14 08:58:10,512 - core.data_reader - INFO - Carregados 499 pontos para HBAR 5m
2025-07-14 08:58:10,619 - indicators.technical - INFO - Análise técnica concluída para HBAR: RSI=0 sinais, MACD=0 sinais
2025-07-14 08:58:10,619 - core.analyzer - INFO - [SUCCESS] HBAR: 0 sinais gerados, 0 salvos em 0.62s
2025-07-14 08:58:10,673 - indicators.technical - INFO - Análise técnica concluída para OMNI: RSI=0 sinais, MACD=0 sinais
2025-07-14 08:58:10,673 - core.analyzer - INFO - [SUCCESS] OMNI: 0 sinais gerados, 0 salvos em 0.46s
2025-07-14 08:58:10,676 - core.data_reader - INFO - Carregados 506 pontos para SOL 5m
2025-07-14 08:58:10,774 - indicators.technical - INFO - Análise técnica concluída para SOL: RSI=0 sinais, MACD=0 sinais
2025-07-14 08:58:10,774 - core.analyzer - INFO - [SUCCESS] SOL: 0 sinais gerados, 0 salvos em 0.44s
2025-07-14 08:58:10,775 - core.analyzer - INFO - [COMPLETE] Análise concluída: 8/8 symbols, 0 sinais em 0.94s
2025-07-14 08:58:10,775 - core.analyzer - INFO - [CYCLE] Ciclo concluído: 8 symbols analisados em 0.9s
2025-07-14 09:03:09,838 - core.analyzer - INFO - [START] Iniciando análise de 8 symbols
2025-07-14 09:03:09,843 - core.analyzer - INFO - [DEBUG] Symbols disponíveis no banco: ['BNB', 'BTC', 'ENA', 'ETH', 'HBAR', 'NEAR', 'OMNI', 'SOL']
2025-07-14 09:03:09,844 - core.analyzer - INFO - [DEBUG] Symbols configurados para análise: ['BNB', 'BTC', 'ENA', 'ETH', 'HBAR', 'NEAR', 'OMNI', 'SOL']
2025-07-14 09:03:09,845 - core.analyzer - INFO - [INFO] Symbols que serão analisados: ['BNB', 'BTC', 'ENA', 'ETH', 'HBAR', 'NEAR', 'OMNI', 'SOL']
2025-07-14 09:03:09,884 - core.data_reader - INFO - Carregados 505 pontos para BTC 5m
2025-07-14 09:03:09,995 - indicators.technical - INFO - Análise técnica concluída para BTC: RSI=0 sinais, MACD=0 sinais
2025-07-14 09:03:09,996 - core.analyzer - INFO - [SUCCESS] BTC: 0 sinais gerados, 0 salvos em 0.15s
2025-07-14 09:03:09,999 - core.data_reader - INFO - Carregados 504 pontos para BNB 5m
2025-07-14 09:03:10,108 - indicators.technical - INFO - Análise técnica concluída para BNB: RSI=0 sinais, MACD=0 sinais
2025-07-14 09:03:10,108 - core.analyzer - INFO - [SUCCESS] BNB: 0 sinais gerados, 0 salvos em 0.26s
2025-07-14 09:03:10,112 - core.data_reader - INFO - Carregados 503 pontos para ETH 5m
2025-07-14 09:03:10,221 - indicators.technical - INFO - Análise técnica concluída para ETH: RSI=0 sinais, MACD=0 sinais
2025-07-14 09:03:10,221 - core.analyzer - INFO - [SUCCESS] ETH: 0 sinais gerados, 0 salvos em 0.37s
2025-07-14 09:03:10,225 - core.data_reader - INFO - Carregados 505 pontos para ENA 5m
2025-07-14 09:03:10,335 - indicators.technical - INFO - Análise técnica concluída para ENA: RSI=0 sinais, MACD=0 sinais
2025-07-14 09:03:10,335 - core.analyzer - INFO - [SUCCESS] ENA: 0 sinais gerados, 0 salvos em 0.49s
2025-07-14 09:03:10,347 - core.data_reader - INFO - Carregados 505 pontos para NEAR 5m
2025-07-14 09:03:10,460 - indicators.technical - INFO - Análise técnica concluída para NEAR: RSI=0 sinais, MACD=0 sinais
2025-07-14 09:03:10,460 - core.analyzer - INFO - [SUCCESS] NEAR: 0 sinais gerados, 0 salvos em 0.35s
2025-07-14 09:03:10,461 - core.data_reader - INFO - Carregados 503 pontos para OMNI 5m
2025-07-14 09:03:10,568 - indicators.technical - INFO - Análise técnica concluída para OMNI: RSI=0 sinais, MACD=0 sinais
2025-07-14 09:03:10,568 - core.analyzer - INFO - [SUCCESS] OMNI: 0 sinais gerados, 0 salvos em 0.35s
2025-07-14 09:03:10,572 - core.data_reader - INFO - Carregados 503 pontos para HBAR 5m
2025-07-14 09:03:10,679 - indicators.technical - INFO - Análise técnica concluída para HBAR: RSI=0 sinais, MACD=0 sinais
2025-07-14 09:03:10,679 - core.analyzer - INFO - [SUCCESS] HBAR: 0 sinais gerados, 0 salvos em 0.68s
2025-07-14 09:03:10,683 - core.data_reader - INFO - Carregados 508 pontos para SOL 5m
2025-07-14 09:03:10,779 - indicators.technical - INFO - Análise técnica concluída para SOL: RSI=0 sinais, MACD=0 sinais
2025-07-14 09:03:10,779 - core.analyzer - INFO - [SUCCESS] SOL: 0 sinais gerados, 0 salvos em 0.44s
2025-07-14 09:03:10,780 - core.analyzer - INFO - [COMPLETE] Análise concluída: 8/8 symbols, 0 sinais em 0.94s
2025-07-14 09:03:10,780 - core.analyzer - INFO - [CYCLE] Ciclo concluído: 8 symbols analisados em 0.9s
2025-07-14 09:08:09,838 - core.analyzer - INFO - [START] Iniciando análise de 8 symbols
2025-07-14 09:08:09,848 - core.analyzer - INFO - [DEBUG] Symbols disponíveis no banco: ['BNB', 'BTC', 'ENA', 'ETH', 'HBAR', 'NEAR', 'OMNI', 'SOL']
2025-07-14 09:08:09,848 - core.analyzer - INFO - [DEBUG] Symbols configurados para análise: ['BNB', 'BTC', 'ENA', 'ETH', 'HBAR', 'NEAR', 'OMNI', 'SOL']
2025-07-14 09:08:09,849 - core.analyzer - INFO - [INFO] Symbols que serão analisados: ['BNB', 'BTC', 'ENA', 'ETH', 'HBAR', 'NEAR', 'OMNI', 'SOL']
2025-07-14 09:08:09,888 - core.data_reader - INFO - Carregados 507 pontos para BTC 5m
2025-07-14 09:08:10,002 - indicators.technical - INFO - Análise técnica concluída para BTC: RSI=0 sinais, MACD=0 sinais
2025-07-14 09:08:10,002 - core.analyzer - INFO - [SUCCESS] BTC: 0 sinais gerados, 0 salvos em 0.15s
2025-07-14 09:08:10,003 - core.data_reader - INFO - Carregados 507 pontos para ENA 5m
2025-07-14 09:08:10,111 - indicators.technical - INFO - Análise técnica concluída para ENA: RSI=0 sinais, MACD=0 sinais
2025-07-14 09:08:10,112 - core.analyzer - INFO - [SUCCESS] ENA: 0 sinais gerados, 0 salvos em 0.26s
2025-07-14 09:08:10,119 - core.data_reader - INFO - Carregados 506 pontos para BNB 5m
2025-07-14 09:08:10,227 - indicators.technical - INFO - Análise técnica concluída para BNB: RSI=0 sinais, MACD=0 sinais
2025-07-14 09:08:10,228 - core.data_reader - INFO - Carregados 505 pontos para ETH 5m
2025-07-14 09:08:10,228 - core.analyzer - INFO - [SUCCESS] BNB: 0 sinais gerados, 0 salvos em 0.38s
2025-07-14 09:08:10,337 - indicators.technical - INFO - Análise técnica concluída para ETH: RSI=0 sinais, MACD=0 sinais
2025-07-14 09:08:10,338 - core.analyzer - INFO - [SUCCESS] ETH: 0 sinais gerados, 0 salvos em 0.48s
2025-07-14 09:08:10,347 - core.data_reader - INFO - Carregados 505 pontos para HBAR 5m
2025-07-14 09:08:10,455 - indicators.technical - INFO - Análise técnica concluída para HBAR: RSI=0 sinais, MACD=0 sinais
2025-07-14 09:08:10,456 - core.analyzer - INFO - [SUCCESS] HBAR: 0 sinais gerados, 0 salvos em 0.45s
2025-07-14 09:08:10,459 - core.data_reader - INFO - Carregados 507 pontos para NEAR 5m
2025-07-14 09:08:10,567 - indicators.technical - INFO - Análise técnica concluída para NEAR: RSI=0 sinais, MACD=0 sinais
2025-07-14 09:08:10,567 - core.analyzer - INFO - [SUCCESS] NEAR: 0 sinais gerados, 0 salvos em 0.46s
2025-07-14 09:08:10,571 - core.data_reader - INFO - Carregados 505 pontos para OMNI 5m
2025-07-14 09:08:10,684 - indicators.technical - INFO - Análise técnica concluída para OMNI: RSI=0 sinais, MACD=0 sinais
2025-07-14 09:08:10,684 - core.analyzer - INFO - [SUCCESS] OMNI: 0 sinais gerados, 0 salvos em 0.44s
2025-07-14 09:08:10,687 - core.data_reader - INFO - Carregados 508 pontos para SOL 5m
2025-07-14 09:08:10,789 - indicators.technical - INFO - Análise técnica concluída para SOL: RSI=0 sinais, MACD=0 sinais
2025-07-14 09:08:10,789 - core.analyzer - INFO - [SUCCESS] SOL: 0 sinais gerados, 0 salvos em 0.45s
2025-07-14 09:08:10,790 - core.analyzer - INFO - [COMPLETE] Análise concluída: 8/8 symbols, 0 sinais em 0.95s
2025-07-14 09:08:10,790 - core.analyzer - INFO - [CYCLE] Ciclo concluído: 8 symbols analisados em 1.0s
2025-07-14 09:13:09,839 - core.analyzer - INFO - [START] Iniciando análise de 8 symbols
2025-07-14 09:13:09,843 - core.analyzer - INFO - [DEBUG] Symbols disponíveis no banco: ['BNB', 'BTC', 'ENA', 'ETH', 'HBAR', 'NEAR', 'OMNI', 'SOL']
2025-07-14 09:13:09,844 - core.analyzer - INFO - [DEBUG] Symbols configurados para análise: ['BNB', 'BTC', 'ENA', 'ETH', 'HBAR', 'NEAR', 'OMNI', 'SOL']
2025-07-14 09:13:09,844 - core.analyzer - INFO - [INFO] Symbols que serão analisados: ['BNB', 'BTC', 'ENA', 'ETH', 'HBAR', 'NEAR', 'OMNI', 'SOL']
2025-07-14 09:13:09,878 - core.data_reader - INFO - Carregados 510 pontos para BTC 5m
2025-07-14 09:13:09,990 - indicators.technical - INFO - Análise técnica concluída para BTC: RSI=0 sinais, MACD=0 sinais
2025-07-14 09:13:09,991 - core.analyzer - INFO - [SUCCESS] BTC: 0 sinais gerados, 0 salvos em 0.14s
2025-07-14 09:13:09,994 - core.data_reader - INFO - Carregados 509 pontos para BNB 5m
2025-07-14 09:13:10,103 - indicators.technical - INFO - Análise técnica concluída para BNB: RSI=0 sinais, MACD=0 sinais
2025-07-14 09:13:10,103 - core.analyzer - INFO - [SUCCESS] BNB: 0 sinais gerados, 0 salvos em 0.26s
2025-07-14 09:13:10,106 - core.data_reader - INFO - Carregados 508 pontos para ETH 5m
2025-07-14 09:13:10,217 - indicators.technical - INFO - Análise técnica concluída para ETH: RSI=0 sinais, MACD=0 sinais
2025-07-14 09:13:10,217 - core.analyzer - INFO - [SUCCESS] ETH: 0 sinais gerados, 0 salvos em 0.37s
2025-07-14 09:13:10,221 - core.data_reader - INFO - Carregados 510 pontos para ENA 5m
2025-07-14 09:13:10,329 - indicators.technical - INFO - Análise técnica concluída para ENA: RSI=0 sinais, MACD=0 sinais
2025-07-14 09:13:10,329 - core.analyzer - INFO - [SUCCESS] ENA: 0 sinais gerados, 0 salvos em 0.48s
2025-07-14 09:13:10,341 - core.data_reader - INFO - Carregados 511 pontos para SOL 5m
2025-07-14 09:13:10,452 - indicators.technical - INFO - Análise técnica concluída para SOL: RSI=0 sinais, MACD=0 sinais
2025-07-14 09:13:10,452 - core.analyzer - INFO - [SUCCESS] SOL: 0 sinais gerados, 0 salvos em 0.12s
2025-07-14 09:13:10,457 - core.data_reader - INFO - Carregados 510 pontos para NEAR 5m
2025-07-14 09:13:10,566 - indicators.technical - INFO - Análise técnica concluída para NEAR: RSI=0 sinais, MACD=0 sinais
2025-07-14 09:13:10,566 - core.analyzer - INFO - [SUCCESS] NEAR: 0 sinais gerados, 0 salvos em 0.46s
2025-07-14 09:13:10,571 - core.data_reader - INFO - Carregados 508 pontos para OMNI 5m
2025-07-14 09:13:10,574 - core.data_reader - INFO - Carregados 508 pontos para HBAR 5m
2025-07-14 09:13:10,745 - indicators.technical - INFO - Análise técnica concluída para OMNI: RSI=0 sinais, MACD=0 sinais
2025-07-14 09:13:10,745 - core.analyzer - INFO - [SUCCESS] OMNI: 0 sinais gerados, 0 salvos em 0.53s
2025-07-14 09:13:10,794 - indicators.technical - INFO - Análise técnica concluída para HBAR: RSI=0 sinais, MACD=0 sinais
2025-07-14 09:13:10,794 - core.analyzer - INFO - [SUCCESS] HBAR: 0 sinais gerados, 0 salvos em 0.80s
2025-07-14 09:13:10,795 - core.analyzer - INFO - [COMPLETE] Análise concluída: 8/8 symbols, 0 sinais em 0.96s
2025-07-14 09:13:10,795 - core.analyzer - INFO - [CYCLE] Ciclo concluído: 8 symbols analisados em 1.0s
2025-07-14 09:18:09,840 - core.analyzer - INFO - [START] Iniciando análise de 8 symbols
2025-07-14 09:18:09,848 - core.analyzer - INFO - [DEBUG] Symbols disponíveis no banco: ['BNB', 'BTC', 'ENA', 'ETH', 'HBAR', 'NEAR', 'OMNI', 'SOL']
2025-07-14 09:18:09,849 - core.analyzer - INFO - [DEBUG] Symbols configurados para análise: ['BNB', 'BTC', 'ENA', 'ETH', 'HBAR', 'NEAR', 'OMNI', 'SOL']
2025-07-14 09:18:09,850 - core.analyzer - INFO - [INFO] Symbols que serão analisados: ['BNB', 'BTC', 'ENA', 'ETH', 'HBAR', 'NEAR', 'OMNI', 'SOL']
2025-07-14 09:18:09,887 - core.data_reader - INFO - Carregados 512 pontos para BNB 5m
2025-07-14 09:18:09,999 - indicators.technical - INFO - Análise técnica concluída para BNB: RSI=0 sinais, MACD=0 sinais
2025-07-14 09:18:09,999 - core.analyzer - INFO - [SUCCESS] BNB: 0 sinais gerados, 0 salvos em 0.15s
2025-07-14 09:18:10,003 - core.data_reader - INFO - Carregados 511 pontos para ETH 5m
2025-07-14 09:18:10,111 - indicators.technical - INFO - Análise técnica concluída para ETH: RSI=0 sinais, MACD=0 sinais
2025-07-14 09:18:10,112 - core.analyzer - INFO - [SUCCESS] ETH: 0 sinais gerados, 0 salvos em 0.26s
2025-07-14 09:18:10,116 - core.data_reader - INFO - Carregados 513 pontos para ENA 5m
2025-07-14 09:18:10,229 - indicators.technical - INFO - Análise técnica concluída para ENA: RSI=0 sinais, MACD=0 sinais
2025-07-14 09:18:10,229 - core.analyzer - INFO - [SUCCESS] ENA: 0 sinais gerados, 0 salvos em 0.38s
2025-07-14 09:18:10,229 - core.data_reader - INFO - Carregados 513 pontos para BTC 5m
2025-07-14 09:18:10,339 - indicators.technical - INFO - Análise técnica concluída para BTC: RSI=0 sinais, MACD=0 sinais
2025-07-14 09:18:10,340 - core.analyzer - INFO - [SUCCESS] BTC: 0 sinais gerados, 0 salvos em 0.49s
2025-07-14 09:18:10,351 - core.data_reader - INFO - Carregados 511 pontos para OMNI 5m
2025-07-14 09:18:10,461 - indicators.technical - INFO - Análise técnica concluída para OMNI: RSI=0 sinais, MACD=0 sinais
2025-07-14 09:18:10,463 - core.analyzer - INFO - [SUCCESS] OMNI: 0 sinais gerados, 0 salvos em 0.23s
2025-07-14 09:18:10,464 - core.data_reader - INFO - Carregados 511 pontos para HBAR 5m
2025-07-14 09:18:10,573 - indicators.technical - INFO - Análise técnica concluída para HBAR: RSI=0 sinais, MACD=0 sinais
2025-07-14 09:18:10,574 - core.analyzer - INFO - [SUCCESS] HBAR: 0 sinais gerados, 0 salvos em 0.57s
2025-07-14 09:18:10,578 - core.data_reader - INFO - Carregados 514 pontos para SOL 5m
2025-07-14 09:18:10,633 - core.data_reader - INFO - Carregados 513 pontos para NEAR 5m
2025-07-14 09:18:10,723 - indicators.technical - INFO - Análise técnica concluída para SOL: RSI=0 sinais, MACD=0 sinais
2025-07-14 09:18:10,724 - core.analyzer - INFO - [SUCCESS] SOL: 0 sinais gerados, 0 salvos em 0.38s
2025-07-14 09:18:10,797 - indicators.technical - INFO - Análise técnica concluída para NEAR: RSI=0 sinais, MACD=0 sinais
2025-07-14 09:18:10,798 - core.analyzer - INFO - [SUCCESS] NEAR: 0 sinais gerados, 0 salvos em 0.69s
2025-07-14 09:18:10,799 - core.analyzer - INFO - [COMPLETE] Análise concluída: 8/8 symbols, 0 sinais em 0.96s
2025-07-14 09:18:10,799 - core.analyzer - INFO - [CYCLE] Ciclo concluído: 8 symbols analisados em 1.0s
2025-07-14 09:23:09,840 - core.analyzer - INFO - [START] Iniciando análise de 8 symbols
2025-07-14 09:23:09,850 - core.analyzer - INFO - [DEBUG] Symbols disponíveis no banco: ['BNB', 'BTC', 'ENA', 'ETH', 'HBAR', 'NEAR', 'OMNI', 'SOL']
2025-07-14 09:23:09,850 - core.analyzer - INFO - [DEBUG] Symbols configurados para análise: ['BNB', 'BTC', 'ENA', 'ETH', 'HBAR', 'NEAR', 'OMNI', 'SOL']
2025-07-14 09:23:09,851 - core.analyzer - INFO - [INFO] Symbols que serão analisados: ['BNB', 'BTC', 'ENA', 'ETH', 'HBAR', 'NEAR', 'OMNI', 'SOL']
2025-07-14 09:23:09,891 - core.data_reader - INFO - Carregados 513 pontos para ENA 5m
2025-07-14 09:23:10,006 - indicators.technical - INFO - Análise técnica concluída para ENA: RSI=0 sinais, MACD=0 sinais
2025-07-14 09:23:10,007 - core.analyzer - INFO - [SUCCESS] ENA: 0 sinais gerados, 0 salvos em 0.15s
2025-07-14 09:23:10,007 - core.data_reader - INFO - Carregados 511 pontos para ETH 5m
2025-07-14 09:23:10,116 - indicators.technical - INFO - Análise técnica concluída para ETH: RSI=0 sinais, MACD=0 sinais
2025-07-14 09:23:10,117 - core.analyzer - INFO - [SUCCESS] ETH: 0 sinais gerados, 0 salvos em 0.26s
2025-07-14 09:23:10,123 - core.data_reader - INFO - Carregados 517 pontos para BTC 5m
2025-07-14 09:23:10,199 - core.data_reader - INFO - Carregados 512 pontos para BNB 5m
2025-07-14 09:23:10,253 - indicators.technical - INFO - Análise técnica concluída para BTC: RSI=0 sinais, MACD=0 sinais
2025-07-14 09:23:10,260 - core.analyzer - INFO - [SUCCESS] BTC: 0 sinais gerados, 0 salvos em 0.41s
2025-07-14 09:23:10,344 - indicators.technical - INFO - Análise técnica concluída para BNB: RSI=0 sinais, MACD=0 sinais
2025-07-14 09:23:10,345 - core.analyzer - INFO - [SUCCESS] BNB: 0 sinais gerados, 0 salvos em 0.49s
2025-07-14 09:23:10,356 - core.data_reader - INFO - Carregados 513 pontos para NEAR 5m
2025-07-14 09:23:10,465 - indicators.technical - INFO - Análise técnica concluída para NEAR: RSI=0 sinais, MACD=0 sinais
2025-07-14 09:23:10,465 - core.analyzer - INFO - [SUCCESS] NEAR: 0 sinais gerados, 0 salvos em 0.35s
2025-07-14 09:23:10,469 - core.data_reader - INFO - Carregados 511 pontos para HBAR 5m
2025-07-14 09:23:10,584 - indicators.technical - INFO - Análise técnica concluída para HBAR: RSI=0 sinais, MACD=0 sinais
2025-07-14 09:23:10,584 - core.data_reader - INFO - Carregados 511 pontos para OMNI 5m
2025-07-14 09:23:10,585 - core.analyzer - INFO - [SUCCESS] HBAR: 0 sinais gerados, 0 salvos em 0.58s
2025-07-14 09:23:10,697 - indicators.technical - INFO - Análise técnica concluída para OMNI: RSI=0 sinais, MACD=0 sinais
2025-07-14 09:23:10,698 - core.analyzer - INFO - [SUCCESS] OMNI: 0 sinais gerados, 0 salvos em 0.44s
2025-07-14 09:23:10,698 - core.data_reader - INFO - Carregados 518 pontos para SOL 5m
2025-07-14 09:23:10,797 - indicators.technical - INFO - Análise técnica concluída para SOL: RSI=0 sinais, MACD=0 sinais
2025-07-14 09:23:10,797 - core.analyzer - INFO - [SUCCESS] SOL: 0 sinais gerados, 0 salvos em 0.45s
2025-07-14 09:23:10,798 - core.analyzer - INFO - [COMPLETE] Análise concluída: 8/8 symbols, 0 sinais em 0.96s
2025-07-14 09:23:10,798 - core.analyzer - INFO - [CYCLE] Ciclo concluído: 8 symbols analisados em 1.0s
2025-07-14 09:28:09,841 - core.analyzer - INFO - [START] Iniciando análise de 8 symbols
2025-07-14 09:28:09,844 - core.analyzer - INFO - [DEBUG] Symbols disponíveis no banco: ['BNB', 'BTC', 'ENA', 'ETH', 'HBAR', 'NEAR', 'OMNI', 'SOL']
2025-07-14 09:28:09,844 - core.analyzer - INFO - [DEBUG] Symbols configurados para análise: ['BNB', 'BTC', 'ENA', 'ETH', 'HBAR', 'NEAR', 'OMNI', 'SOL']
2025-07-14 09:28:09,844 - core.analyzer - INFO - [INFO] Symbols que serão analisados: ['BNB', 'BTC', 'ENA', 'ETH', 'HBAR', 'NEAR', 'OMNI', 'SOL']
2025-07-14 09:28:09,860 - core.data_reader - INFO - Carregados 515 pontos para ETH 5m
2025-07-14 09:28:09,961 - core.data_reader - INFO - Carregados 517 pontos para BTC 5m
2025-07-14 09:28:10,123 - indicators.technical - INFO - Análise técnica concluída para ETH: RSI=0 sinais, MACD=0 sinais
2025-07-14 09:28:10,146 - core.analyzer - INFO - [SUCCESS] ETH: 0 sinais gerados, 0 salvos em 0.30s
2025-07-14 09:28:10,265 - indicators.technical - INFO - Análise técnica concluída para BTC: RSI=0 sinais, MACD=0 sinais
2025-07-14 09:28:10,265 - core.analyzer - INFO - [SUCCESS] BTC: 0 sinais gerados, 0 salvos em 0.42s
2025-07-14 09:28:10,276 - core.data_reader - INFO - Carregados 517 pontos para ENA 5m
2025-07-14 09:28:10,418 - core.data_reader - INFO - Carregados 515 pontos para HBAR 5m
2025-07-14 09:28:10,434 - indicators.technical - INFO - Análise técnica concluída para ENA: RSI=0 sinais, MACD=0 sinais
2025-07-14 09:28:10,473 - core.analyzer - INFO - [SUCCESS] ENA: 0 sinais gerados, 0 salvos em 0.63s
2025-07-14 09:28:10,531 - core.data_reader - INFO - Carregados 516 pontos para BNB 5m
2025-07-14 09:28:10,708 - indicators.technical - INFO - Análise técnica concluída para HBAR: RSI=0 sinais, MACD=0 sinais
2025-07-14 09:28:10,727 - core.analyzer - INFO - [SUCCESS] HBAR: 0 sinais gerados, 0 salvos em 0.58s
2025-07-14 09:28:10,808 - indicators.technical - INFO - Análise técnica concluída para BNB: RSI=0 sinais, MACD=0 sinais
2025-07-14 09:28:10,808 - core.analyzer - INFO - [SUCCESS] BNB: 0 sinais gerados, 0 salvos em 0.96s
2025-07-14 09:28:10,818 - core.data_reader - INFO - Carregados 517 pontos para NEAR 5m
2025-07-14 09:28:10,965 - indicators.technical - INFO - Análise técnica concluída para NEAR: RSI=0 sinais, MACD=0 sinais
2025-07-14 09:28:10,965 - core.analyzer - INFO - [SUCCESS] NEAR: 0 sinais gerados, 0 salvos em 0.70s
2025-07-14 09:28:10,971 - core.data_reader - INFO - Carregados 515 pontos para OMNI 5m
2025-07-14 09:28:11,088 - indicators.technical - INFO - Análise técnica concluída para OMNI: RSI=0 sinais, MACD=0 sinais
2025-07-14 09:28:11,088 - core.analyzer - INFO - [SUCCESS] OMNI: 0 sinais gerados, 0 salvos em 0.60s
2025-07-14 09:28:11,092 - core.data_reader - INFO - Carregados 522 pontos para SOL 5m
2025-07-14 09:28:11,194 - indicators.technical - INFO - Análise técnica concluída para SOL: RSI=0 sinais, MACD=0 sinais
2025-07-14 09:28:11,194 - core.analyzer - INFO - [SUCCESS] SOL: 0 sinais gerados, 0 salvos em 0.44s
2025-07-14 09:28:11,195 - core.analyzer - INFO - [COMPLETE] Análise concluída: 8/8 symbols, 0 sinais em 1.35s
2025-07-14 09:28:11,195 - core.analyzer - INFO - [CYCLE] Ciclo concluído: 8 symbols analisados em 1.4s
2025-07-14 09:33:09,841 - core.analyzer - INFO - [START] Iniciando análise de 8 symbols
2025-07-14 09:33:09,845 - core.analyzer - INFO - [DEBUG] Symbols disponíveis no banco: ['BNB', 'BTC', 'ENA', 'ETH', 'HBAR', 'NEAR', 'OMNI', 'SOL']
2025-07-14 09:33:09,845 - core.analyzer - INFO - [DEBUG] Symbols configurados para análise: ['BNB', 'BTC', 'ENA', 'ETH', 'HBAR', 'NEAR', 'OMNI', 'SOL']
2025-07-14 09:33:09,846 - core.analyzer - INFO - [INFO] Symbols que serão analisados: ['BNB', 'BTC', 'ENA', 'ETH', 'HBAR', 'NEAR', 'OMNI', 'SOL']
2025-07-14 09:33:09,870 - core.data_reader - INFO - Carregados 521 pontos para BTC 5m
2025-07-14 09:33:10,049 - indicators.technical - INFO - Análise técnica concluída para BTC: RSI=0 sinais, MACD=0 sinais
2025-07-14 09:33:10,050 - core.analyzer - INFO - [SUCCESS] BTC: 0 sinais gerados, 0 salvos em 0.20s
2025-07-14 09:33:10,051 - core.data_reader - INFO - Carregados 520 pontos para BNB 5m
2025-07-14 09:33:10,220 - indicators.technical - INFO - Análise técnica concluída para BNB: RSI=0 sinais, MACD=0 sinais
2025-07-14 09:33:10,220 - core.analyzer - INFO - [SUCCESS] BNB: 0 sinais gerados, 0 salvos em 0.37s
2025-07-14 09:33:10,225 - core.data_reader - INFO - Carregados 519 pontos para ETH 5m
2025-07-14 09:33:10,394 - indicators.technical - INFO - Análise técnica concluída para ETH: RSI=0 sinais, MACD=0 sinais
2025-07-14 09:33:10,395 - core.analyzer - INFO - [SUCCESS] ETH: 0 sinais gerados, 0 salvos em 0.55s
2025-07-14 09:33:10,399 - core.data_reader - INFO - Carregados 521 pontos para ENA 5m
2025-07-14 09:33:10,559 - indicators.technical - INFO - Análise técnica concluída para ENA: RSI=0 sinais, MACD=0 sinais
2025-07-14 09:33:10,559 - core.analyzer - INFO - [SUCCESS] ENA: 0 sinais gerados, 0 salvos em 0.71s
2025-07-14 09:33:10,575 - core.data_reader - INFO - Carregados 519 pontos para HBAR 5m
2025-07-14 09:33:10,739 - indicators.technical - INFO - Análise técnica concluída para HBAR: RSI=0 sinais, MACD=0 sinais
2025-07-14 09:33:10,739 - core.analyzer - INFO - [SUCCESS] HBAR: 0 sinais gerados, 0 salvos em 0.69s
2025-07-14 09:33:10,744 - core.data_reader - INFO - Carregados 521 pontos para NEAR 5m
2025-07-14 09:33:10,910 - core.data_reader - INFO - Carregados 519 pontos para OMNI 5m
2025-07-14 09:33:10,927 - indicators.technical - INFO - Análise técnica concluída para NEAR: RSI=0 sinais, MACD=0 sinais
2025-07-14 09:33:10,994 - core.analyzer - INFO - [SUCCESS] NEAR: 0 sinais gerados, 0 salvos em 0.77s
2025-07-14 09:33:11,055 - core.data_reader - INFO - Carregados 525 pontos para SOL 5m
2025-07-14 09:33:11,109 - indicators.technical - INFO - Análise técnica concluída para OMNI: RSI=0 sinais, MACD=0 sinais
2025-07-14 09:33:11,147 - core.analyzer - INFO - [SUCCESS] OMNI: 0 sinais gerados, 0 salvos em 0.75s
2025-07-14 09:33:11,271 - indicators.technical - INFO - Análise técnica concluída para SOL: RSI=0 sinais, MACD=0 sinais
2025-07-14 09:33:11,272 - core.analyzer - INFO - [SUCCESS] SOL: 0 sinais gerados, 0 salvos em 0.71s
2025-07-14 09:33:11,273 - core.analyzer - INFO - [COMPLETE] Análise concluída: 8/8 symbols, 0 sinais em 1.43s
2025-07-14 09:33:11,273 - core.analyzer - INFO - [CYCLE] Ciclo concluído: 8 symbols analisados em 1.4s
2025-07-14 09:38:09,843 - core.analyzer - INFO - [START] Iniciando análise de 8 symbols
2025-07-14 09:38:09,854 - core.analyzer - INFO - [DEBUG] Symbols disponíveis no banco: ['BNB', 'BTC', 'ENA', 'ETH', 'HBAR', 'NEAR', 'OMNI', 'SOL']
2025-07-14 09:38:09,855 - core.analyzer - INFO - [DEBUG] Symbols configurados para análise: ['BNB', 'BTC', 'ENA', 'ETH', 'HBAR', 'NEAR', 'OMNI', 'SOL']
2025-07-14 09:38:09,856 - core.analyzer - INFO - [INFO] Symbols que serão analisados: ['BNB', 'BTC', 'ENA', 'ETH', 'HBAR', 'NEAR', 'OMNI', 'SOL']
2025-07-14 09:38:09,895 - core.data_reader - INFO - Carregados 525 pontos para BTC 5m
2025-07-14 09:38:10,015 - indicators.technical - INFO - Análise técnica concluída para BTC: RSI=0 sinais, MACD=0 sinais
2025-07-14 09:38:10,016 - core.analyzer - INFO - [SUCCESS] BTC: 0 sinais gerados, 0 salvos em 0.16s
2025-07-14 09:38:10,020 - core.data_reader - INFO - Carregados 524 pontos para BNB 5m
2025-07-14 09:38:10,134 - indicators.technical - INFO - Análise técnica concluída para BNB: RSI=0 sinais, MACD=0 sinais
2025-07-14 09:38:10,137 - core.analyzer - INFO - [SUCCESS] BNB: 0 sinais gerados, 0 salvos em 0.28s
2025-07-14 09:38:10,138 - core.data_reader - INFO - Carregados 523 pontos para ETH 5m
2025-07-14 09:38:10,253 - indicators.technical - INFO - Análise técnica concluída para ETH: RSI=0 sinais, MACD=0 sinais
2025-07-14 09:38:10,254 - core.analyzer - INFO - [SUCCESS] ETH: 0 sinais gerados, 0 salvos em 0.39s
2025-07-14 09:38:10,258 - core.data_reader - INFO - Carregados 525 pontos para ENA 5m
2025-07-14 09:38:10,372 - indicators.technical - INFO - Análise técnica concluída para ENA: RSI=0 sinais, MACD=0 sinais
2025-07-14 09:38:10,372 - core.analyzer - INFO - [SUCCESS] ENA: 0 sinais gerados, 0 salvos em 0.51s
2025-07-14 09:38:10,385 - core.data_reader - INFO - Carregados 523 pontos para HBAR 5m
2025-07-14 09:38:10,499 - indicators.technical - INFO - Análise técnica concluída para HBAR: RSI=0 sinais, MACD=0 sinais
2025-07-14 09:38:10,499 - core.analyzer - INFO - [SUCCESS] HBAR: 0 sinais gerados, 0 salvos em 0.48s
2025-07-14 09:38:10,503 - core.data_reader - INFO - Carregados 525 pontos para NEAR 5m
2025-07-14 09:38:10,618 - indicators.technical - INFO - Análise técnica concluída para NEAR: RSI=0 sinais, MACD=0 sinais
2025-07-14 09:38:10,619 - core.analyzer - INFO - [SUCCESS] NEAR: 0 sinais gerados, 0 salvos em 0.48s
2025-07-14 09:38:10,622 - core.data_reader - INFO - Carregados 525 pontos para SOL 5m
2025-07-14 09:38:10,724 - core.data_reader - INFO - Carregados 523 pontos para OMNI 5m
2025-07-14 09:38:10,743 - indicators.technical - INFO - Análise técnica concluída para SOL: RSI=0 sinais, MACD=0 sinais
2025-07-14 09:38:10,772 - core.analyzer - INFO - [SUCCESS] SOL: 0 sinais gerados, 0 salvos em 0.40s
2025-07-14 09:38:10,853 - indicators.technical - INFO - Análise técnica concluída para OMNI: RSI=0 sinais, MACD=0 sinais
2025-07-14 09:38:10,853 - core.analyzer - INFO - [SUCCESS] OMNI: 0 sinais gerados, 0 salvos em 0.60s
2025-07-14 09:38:10,853 - core.analyzer - INFO - [COMPLETE] Análise concluída: 8/8 symbols, 0 sinais em 1.01s
2025-07-14 09:38:10,854 - core.analyzer - INFO - [CYCLE] Ciclo concluído: 8 symbols analisados em 1.0s
2025-07-14 09:43:09,843 - core.analyzer - INFO - [START] Iniciando análise de 8 symbols
2025-07-14 09:43:09,849 - core.analyzer - INFO - [DEBUG] Symbols disponíveis no banco: ['BNB', 'BTC', 'ENA', 'ETH', 'HBAR', 'NEAR', 'OMNI', 'SOL']
2025-07-14 09:43:09,850 - core.analyzer - INFO - [DEBUG] Symbols configurados para análise: ['BNB', 'BTC', 'ENA', 'ETH', 'HBAR', 'NEAR', 'OMNI', 'SOL']
2025-07-14 09:43:09,850 - core.analyzer - INFO - [INFO] Symbols que serão analisados: ['BNB', 'BTC', 'ENA', 'ETH', 'HBAR', 'NEAR', 'OMNI', 'SOL']
2025-07-14 09:43:09,879 - core.data_reader - INFO - Carregados 529 pontos para BTC 5m
2025-07-14 09:43:10,023 - indicators.technical - INFO - Análise técnica concluída para BTC: RSI=0 sinais, MACD=0 sinais
2025-07-14 09:43:10,023 - core.analyzer - INFO - [SUCCESS] BTC: 0 sinais gerados, 0 salvos em 0.17s
2025-07-14 09:43:10,027 - core.data_reader - INFO - Carregados 529 pontos para ENA 5m
2025-07-14 09:43:10,144 - indicators.technical - INFO - Análise técnica concluída para ENA: RSI=0 sinais, MACD=0 sinais
2025-07-14 09:43:10,144 - core.analyzer - INFO - [SUCCESS] ENA: 0 sinais gerados, 0 salvos em 0.29s
2025-07-14 09:43:10,148 - core.data_reader - INFO - Carregados 528 pontos para BNB 5m
2025-07-14 09:43:10,266 - indicators.technical - INFO - Análise técnica concluída para BNB: RSI=0 sinais, MACD=0 sinais
2025-07-14 09:43:10,267 - core.analyzer - INFO - [SUCCESS] BNB: 0 sinais gerados, 0 salvos em 0.42s
2025-07-14 09:43:10,271 - core.data_reader - INFO - Carregados 527 pontos para ETH 5m
2025-07-14 09:43:10,386 - indicators.technical - INFO - Análise técnica concluída para ETH: RSI=0 sinais, MACD=0 sinais
2025-07-14 09:43:10,386 - core.analyzer - INFO - [SUCCESS] ETH: 0 sinais gerados, 0 salvos em 0.53s
2025-07-14 09:43:10,397 - core.data_reader - INFO - Carregados 527 pontos para HBAR 5m
2025-07-14 09:43:10,512 - indicators.technical - INFO - Análise técnica concluída para HBAR: RSI=0 sinais, MACD=0 sinais
2025-07-14 09:43:10,512 - core.analyzer - INFO - [SUCCESS] HBAR: 0 sinais gerados, 0 salvos em 0.49s
2025-07-14 09:43:10,517 - core.data_reader - INFO - Carregados 529 pontos para NEAR 5m
2025-07-14 09:43:10,634 - indicators.technical - INFO - Análise técnica concluída para NEAR: RSI=0 sinais, MACD=0 sinais
2025-07-14 09:43:10,634 - core.analyzer - INFO - [SUCCESS] NEAR: 0 sinais gerados, 0 salvos em 0.49s
2025-07-14 09:43:10,637 - core.data_reader - INFO - Carregados 527 pontos para OMNI 5m
2025-07-14 09:43:10,758 - indicators.technical - INFO - Análise técnica concluída para OMNI: RSI=0 sinais, MACD=0 sinais
2025-07-14 09:43:10,758 - core.analyzer - INFO - [SUCCESS] OMNI: 0 sinais gerados, 0 salvos em 0.49s
2025-07-14 09:43:10,761 - core.data_reader - INFO - Carregados 529 pontos para SOL 5m
2025-07-14 09:43:10,870 - indicators.technical - INFO - Análise técnica concluída para SOL: RSI=0 sinais, MACD=0 sinais
2025-07-14 09:43:10,871 - core.analyzer - INFO - [SUCCESS] SOL: 0 sinais gerados, 0 salvos em 0.48s
2025-07-14 09:43:10,871 - core.analyzer - INFO - [COMPLETE] Análise concluída: 8/8 symbols, 0 sinais em 1.03s
2025-07-14 09:43:10,872 - core.analyzer - INFO - [CYCLE] Ciclo concluído: 8 symbols analisados em 1.0s
2025-07-14 09:48:09,843 - core.analyzer - INFO - [START] Iniciando análise de 8 symbols
2025-07-14 09:48:09,847 - core.analyzer - INFO - [DEBUG] Symbols disponíveis no banco: ['BNB', 'BTC', 'ENA', 'ETH', 'HBAR', 'NEAR', 'OMNI', 'SOL']
2025-07-14 09:48:09,847 - core.analyzer - INFO - [DEBUG] Symbols configurados para análise: ['BNB', 'BTC', 'ENA', 'ETH', 'HBAR', 'NEAR', 'OMNI', 'SOL']
2025-07-14 09:48:09,847 - core.analyzer - INFO - [INFO] Symbols que serão analisados: ['BNB', 'BTC', 'ENA', 'ETH', 'HBAR', 'NEAR', 'OMNI', 'SOL']
2025-07-14 09:48:09,881 - core.data_reader - INFO - Carregados 532 pontos para ENA 5m
2025-07-14 09:48:10,008 - indicators.technical - INFO - Análise técnica concluída para ENA: RSI=0 sinais, MACD=0 sinais
2025-07-14 09:48:10,009 - core.analyzer - INFO - [SUCCESS] ENA: 0 sinais gerados, 0 salvos em 0.16s
2025-07-14 09:48:10,012 - core.data_reader - INFO - Carregados 530 pontos para ETH 5m
2025-07-14 09:48:10,146 - indicators.technical - INFO - Análise técnica concluída para ETH: RSI=0 sinais, MACD=0 sinais
2025-07-14 09:48:10,147 - core.analyzer - INFO - [SUCCESS] ETH: 0 sinais gerados, 0 salvos em 0.30s
2025-07-14 09:48:10,152 - core.data_reader - INFO - Carregados 530 pontos para HBAR 5m
2025-07-14 09:48:10,280 - indicators.technical - INFO - Análise técnica concluída para HBAR: RSI=0 sinais, MACD=0 sinais
2025-07-14 09:48:10,281 - core.analyzer - INFO - [SUCCESS] HBAR: 0 sinais gerados, 0 salvos em 0.27s
2025-07-14 09:48:10,288 - core.data_reader - INFO - Carregados 531 pontos para BNB 5m
2025-07-14 09:48:10,413 - indicators.technical - INFO - Análise técnica concluída para BNB: RSI=0 sinais, MACD=0 sinais
2025-07-14 09:48:10,413 - core.analyzer - INFO - [SUCCESS] BNB: 0 sinais gerados, 0 salvos em 0.57s
2025-07-14 09:48:10,419 - core.data_reader - INFO - Carregados 532 pontos para NEAR 5m
2025-07-14 09:48:10,570 - indicators.technical - INFO - Análise técnica concluída para NEAR: RSI=0 sinais, MACD=0 sinais
2025-07-14 09:48:10,571 - core.analyzer - INFO - [SUCCESS] NEAR: 0 sinais gerados, 0 salvos em 0.42s
2025-07-14 09:48:10,581 - core.data_reader - INFO - Carregados 532 pontos para SOL 5m
2025-07-14 09:48:10,708 - indicators.technical - INFO - Análise técnica concluída para SOL: RSI=0 sinais, MACD=0 sinais
2025-07-14 09:48:10,708 - core.analyzer - INFO - [SUCCESS] SOL: 0 sinais gerados, 0 salvos em 0.29s
2025-07-14 09:48:10,712 - core.data_reader - INFO - Carregados 532 pontos para BTC 5m
2025-07-14 09:48:10,826 - core.data_reader - INFO - Carregados 530 pontos para OMNI 5m
2025-07-14 09:48:10,890 - indicators.technical - INFO - Análise técnica concluída para BTC: RSI=0 sinais, MACD=0 sinais
2025-07-14 09:48:10,907 - core.analyzer - INFO - [SUCCESS] BTC: 0 sinais gerados, 0 salvos em 1.06s
2025-07-14 09:48:10,992 - indicators.technical - INFO - Análise técnica concluída para OMNI: RSI=0 sinais, MACD=0 sinais
2025-07-14 09:48:10,993 - core.analyzer - INFO - [SUCCESS] OMNI: 0 sinais gerados, 0 salvos em 0.71s
2025-07-14 09:48:10,994 - core.analyzer - INFO - [COMPLETE] Análise concluída: 8/8 symbols, 0 sinais em 1.15s
2025-07-14 09:48:10,994 - core.analyzer - INFO - [CYCLE] Ciclo concluído: 8 symbols analisados em 1.2s
2025-07-14 09:53:09,844 - core.analyzer - INFO - [START] Iniciando análise de 8 symbols
2025-07-14 09:53:09,861 - core.analyzer - INFO - [DEBUG] Symbols disponíveis no banco: ['BNB', 'BTC', 'ENA', 'ETH', 'HBAR', 'NEAR', 'OMNI', 'SOL']
2025-07-14 09:53:09,862 - core.analyzer - INFO - [DEBUG] Symbols configurados para análise: ['BNB', 'BTC', 'ENA', 'ETH', 'HBAR', 'NEAR', 'OMNI', 'SOL']
2025-07-14 09:53:09,862 - core.analyzer - INFO - [INFO] Symbols que serão analisados: ['BNB', 'BTC', 'ENA', 'ETH', 'HBAR', 'NEAR', 'OMNI', 'SOL']
2025-07-14 09:53:09,888 - core.data_reader - INFO - Carregados 531 pontos para BNB 5m
2025-07-14 09:53:10,019 - indicators.technical - INFO - Análise técnica concluída para BNB: RSI=0 sinais, MACD=0 sinais
2025-07-14 09:53:10,019 - core.analyzer - INFO - [SUCCESS] BNB: 0 sinais gerados, 0 salvos em 0.16s
2025-07-14 09:53:10,024 - core.data_reader - INFO - Carregados 530 pontos para ETH 5m
2025-07-14 09:53:10,144 - indicators.technical - INFO - Análise técnica concluída para ETH: RSI=0 sinais, MACD=0 sinais
2025-07-14 09:53:10,145 - core.analyzer - INFO - [SUCCESS] ETH: 0 sinais gerados, 0 salvos em 0.28s
2025-07-14 09:53:10,145 - core.data_reader - INFO - Carregados 532 pontos para BTC 5m
2025-07-14 09:53:10,261 - indicators.technical - INFO - Análise técnica concluída para BTC: RSI=0 sinais, MACD=0 sinais
2025-07-14 09:53:10,261 - core.analyzer - INFO - [SUCCESS] BTC: 0 sinais gerados, 0 salvos em 0.40s
2025-07-14 09:53:10,265 - core.data_reader - INFO - Carregados 532 pontos para ENA 5m
2025-07-14 09:53:10,388 - indicators.technical - INFO - Análise técnica concluída para ENA: RSI=0 sinais, MACD=0 sinais
2025-07-14 09:53:10,389 - core.analyzer - INFO - [SUCCESS] ENA: 0 sinais gerados, 0 salvos em 0.52s
2025-07-14 09:53:10,402 - core.data_reader - INFO - Carregados 530 pontos para HBAR 5m
2025-07-14 09:53:10,529 - indicators.technical - INFO - Análise técnica concluída para HBAR: RSI=0 sinais, MACD=0 sinais
2025-07-14 09:53:10,530 - core.analyzer - INFO - [SUCCESS] HBAR: 0 sinais gerados, 0 salvos em 0.51s
2025-07-14 09:53:10,533 - core.data_reader - INFO - Carregados 530 pontos para OMNI 5m
2025-07-14 09:53:10,653 - indicators.technical - INFO - Análise técnica concluída para OMNI: RSI=0 sinais, MACD=0 sinais
2025-07-14 09:53:10,653 - core.analyzer - INFO - [SUCCESS] OMNI: 0 sinais gerados, 0 salvos em 0.39s
2025-07-14 09:53:10,657 - core.data_reader - INFO - Carregados 532 pontos para NEAR 5m
2025-07-14 09:53:10,774 - indicators.technical - INFO - Análise técnica concluída para NEAR: RSI=0 sinais, MACD=0 sinais
2025-07-14 09:53:10,775 - core.analyzer - INFO - [SUCCESS] NEAR: 0 sinais gerados, 0 salvos em 0.63s
2025-07-14 09:53:10,778 - core.data_reader - INFO - Carregados 536 pontos para SOL 5m
2025-07-14 09:53:10,887 - indicators.technical - INFO - Análise técnica concluída para SOL: RSI=0 sinais, MACD=0 sinais
2025-07-14 09:53:10,887 - core.analyzer - INFO - [SUCCESS] SOL: 0 sinais gerados, 0 salvos em 0.50s
2025-07-14 09:53:10,888 - core.analyzer - INFO - [COMPLETE] Análise concluída: 8/8 symbols, 0 sinais em 1.04s
2025-07-14 09:53:10,888 - core.analyzer - INFO - [CYCLE] Ciclo concluído: 8 symbols analisados em 1.0s
2025-07-14 09:58:09,845 - core.analyzer - INFO - [START] Iniciando análise de 8 symbols
2025-07-14 09:58:09,856 - core.analyzer - INFO - [DEBUG] Symbols disponíveis no banco: ['BNB', 'BTC', 'ENA', 'ETH', 'HBAR', 'NEAR', 'OMNI', 'SOL']
2025-07-14 09:58:09,857 - core.analyzer - INFO - [DEBUG] Symbols configurados para análise: ['BNB', 'BTC', 'ENA', 'ETH', 'HBAR', 'NEAR', 'OMNI', 'SOL']
2025-07-14 09:58:09,858 - core.analyzer - INFO - [INFO] Symbols que serão analisados: ['BNB', 'BTC', 'ENA', 'ETH', 'HBAR', 'NEAR', 'OMNI', 'SOL']
2025-07-14 09:58:09,898 - core.data_reader - INFO - Carregados 535 pontos para BNB 5m
2025-07-14 09:58:10,023 - indicators.technical - INFO - Análise técnica concluída para BNB: RSI=0 sinais, MACD=0 sinais
2025-07-14 09:58:10,023 - core.analyzer - INFO - [SUCCESS] BNB: 0 sinais gerados, 0 salvos em 0.16s
2025-07-14 09:58:10,027 - core.data_reader - INFO - Carregados 536 pontos para ENA 5m
2025-07-14 09:58:10,145 - indicators.technical - INFO - Análise técnica concluída para ENA: RSI=0 sinais, MACD=0 sinais
2025-07-14 09:58:10,146 - core.analyzer - INFO - [SUCCESS] ENA: 0 sinais gerados, 0 salvos em 0.28s
2025-07-14 09:58:10,150 - core.data_reader - INFO - Carregados 534 pontos para ETH 5m
2025-07-14 09:58:10,265 - indicators.technical - INFO - Análise técnica concluída para ETH: RSI=0 sinais, MACD=0 sinais
2025-07-14 09:58:10,266 - core.analyzer - INFO - [SUCCESS] ETH: 0 sinais gerados, 0 salvos em 0.40s
2025-07-14 09:58:10,270 - core.data_reader - INFO - Carregados 536 pontos para BTC 5m
2025-07-14 09:58:10,387 - indicators.technical - INFO - Análise técnica concluída para BTC: RSI=0 sinais, MACD=0 sinais
2025-07-14 09:58:10,387 - core.analyzer - INFO - [SUCCESS] BTC: 0 sinais gerados, 0 salvos em 0.53s
2025-07-14 09:58:10,400 - core.data_reader - INFO - Carregados 534 pontos para HBAR 5m
2025-07-14 09:58:10,517 - indicators.technical - INFO - Análise técnica concluída para HBAR: RSI=0 sinais, MACD=0 sinais
2025-07-14 09:58:10,517 - core.analyzer - INFO - [SUCCESS] HBAR: 0 sinais gerados, 0 salvos em 0.49s
2025-07-14 09:58:10,522 - core.data_reader - INFO - Carregados 536 pontos para NEAR 5m
2025-07-14 09:58:10,637 - indicators.technical - INFO - Análise técnica concluída para NEAR: RSI=0 sinais, MACD=0 sinais
2025-07-14 09:58:10,638 - core.analyzer - INFO - [SUCCESS] NEAR: 0 sinais gerados, 0 salvos em 0.49s
2025-07-14 09:58:10,641 - core.data_reader - INFO - Carregados 534 pontos para OMNI 5m
2025-07-14 09:58:10,758 - indicators.technical - INFO - Análise técnica concluída para OMNI: RSI=0 sinais, MACD=0 sinais
2025-07-14 09:58:10,758 - core.analyzer - INFO - [SUCCESS] OMNI: 0 sinais gerados, 0 salvos em 0.49s
2025-07-14 09:58:10,761 - core.data_reader - INFO - Carregados 540 pontos para SOL 5m
2025-07-14 09:58:10,870 - indicators.technical - INFO - Análise técnica concluída para SOL: RSI=0 sinais, MACD=0 sinais
2025-07-14 09:58:10,870 - core.analyzer - INFO - [SUCCESS] SOL: 0 sinais gerados, 0 salvos em 0.48s
2025-07-14 09:58:10,871 - core.analyzer - INFO - [COMPLETE] Análise concluída: 8/8 symbols, 0 sinais em 1.03s
2025-07-14 09:58:10,871 - core.analyzer - INFO - [CYCLE] Ciclo concluído: 8 symbols analisados em 1.0s
2025-07-14 10:03:09,846 - core.analyzer - INFO - [START] Iniciando análise de 8 symbols
2025-07-14 10:03:09,853 - core.analyzer - INFO - [DEBUG] Symbols disponíveis no banco: ['BNB', 'BTC', 'ENA', 'ETH', 'HBAR', 'NEAR', 'OMNI', 'SOL']
2025-07-14 10:03:09,854 - core.analyzer - INFO - [DEBUG] Symbols configurados para análise: ['BNB', 'BTC', 'ENA', 'ETH', 'HBAR', 'NEAR', 'OMNI', 'SOL']
2025-07-14 10:03:09,854 - core.analyzer - INFO - [INFO] Symbols que serão analisados: ['BNB', 'BTC', 'ENA', 'ETH', 'HBAR', 'NEAR', 'OMNI', 'SOL']
2025-07-14 10:03:09,896 - core.data_reader - INFO - Carregados 537 pontos para BNB 5m
2025-07-14 10:03:10,020 - indicators.technical - INFO - Análise técnica concluída para BNB: RSI=0 sinais, MACD=0 sinais
2025-07-14 10:03:10,020 - core.analyzer - INFO - [SUCCESS] BNB: 0 sinais gerados, 0 salvos em 0.16s
2025-07-14 10:03:10,024 - core.data_reader - INFO - Carregados 540 pontos para BTC 5m
2025-07-14 10:03:10,165 - indicators.technical - INFO - Análise técnica concluída para BTC: RSI=0 sinais, MACD=0 sinais
2025-07-14 10:03:10,165 - core.analyzer - INFO - [SUCCESS] BTC: 0 sinais gerados, 0 salvos em 0.31s
2025-07-14 10:03:10,169 - core.data_reader - INFO - Carregados 536 pontos para ETH 5m
2025-07-14 10:03:10,294 - indicators.technical - INFO - Análise técnica concluída para ETH: RSI=0 sinais, MACD=0 sinais
2025-07-14 10:03:10,295 - core.analyzer - INFO - [SUCCESS] ETH: 0 sinais gerados, 0 salvos em 0.44s
2025-07-14 10:03:10,299 - core.data_reader - INFO - Carregados 538 pontos para ENA 5m
2025-07-14 10:03:10,423 - indicators.technical - INFO - Análise técnica concluída para ENA: RSI=0 sinais, MACD=0 sinais
2025-07-14 10:03:10,423 - core.analyzer - INFO - [SUCCESS] ENA: 0 sinais gerados, 0 salvos em 0.57s
2025-07-14 10:03:10,435 - core.data_reader - INFO - Carregados 538 pontos para NEAR 5m
2025-07-14 10:03:10,552 - indicators.technical - INFO - Análise técnica concluída para NEAR: RSI=0 sinais, MACD=0 sinais
2025-07-14 10:03:10,552 - core.analyzer - INFO - [SUCCESS] NEAR: 0 sinais gerados, 0 salvos em 0.39s
2025-07-14 10:03:10,556 - core.data_reader - INFO - Carregados 536 pontos para OMNI 5m
2025-07-14 10:03:10,674 - indicators.technical - INFO - Análise técnica concluída para OMNI: RSI=0 sinais, MACD=0 sinais
2025-07-14 10:03:10,674 - core.analyzer - INFO - [SUCCESS] OMNI: 0 sinais gerados, 0 salvos em 0.38s
2025-07-14 10:03:10,678 - core.data_reader - INFO - Carregados 536 pontos para HBAR 5m
2025-07-14 10:03:10,797 - indicators.technical - INFO - Análise técnica concluída para HBAR: RSI=0 sinais, MACD=0 sinais
2025-07-14 10:03:10,798 - core.analyzer - INFO - [SUCCESS] HBAR: 0 sinais gerados, 0 salvos em 0.78s
2025-07-14 10:03:10,802 - core.data_reader - INFO - Carregados 540 pontos para SOL 5m
2025-07-14 10:03:10,913 - indicators.technical - INFO - Análise técnica concluída para SOL: RSI=0 sinais, MACD=0 sinais
2025-07-14 10:03:10,913 - core.analyzer - INFO - [SUCCESS] SOL: 0 sinais gerados, 0 salvos em 0.49s
2025-07-14 10:03:10,914 - core.analyzer - INFO - [COMPLETE] Análise concluída: 8/8 symbols, 0 sinais em 1.07s
2025-07-14 10:03:10,914 - core.analyzer - INFO - [CYCLE] Ciclo concluído: 8 symbols analisados em 1.1s
2025-07-14 10:08:09,847 - core.analyzer - INFO - [START] Iniciando análise de 8 symbols
2025-07-14 10:08:09,863 - core.analyzer - INFO - [DEBUG] Symbols disponíveis no banco: ['BNB', 'BTC', 'ENA', 'ETH', 'HBAR', 'NEAR', 'OMNI', 'SOL']
2025-07-14 10:08:09,864 - core.analyzer - INFO - [DEBUG] Symbols configurados para análise: ['BNB', 'BTC', 'ENA', 'ETH', 'HBAR', 'NEAR', 'OMNI', 'SOL']
2025-07-14 10:08:09,864 - core.analyzer - INFO - [INFO] Symbols que serão analisados: ['BNB', 'BTC', 'ENA', 'ETH', 'HBAR', 'NEAR', 'OMNI', 'SOL']
2025-07-14 10:08:09,899 - core.data_reader - INFO - Carregados 540 pontos para BNB 5m
2025-07-14 10:08:10,026 - indicators.technical - INFO - Análise técnica concluída para BNB: RSI=0 sinais, MACD=0 sinais
2025-07-14 10:08:10,026 - core.analyzer - INFO - [SUCCESS] BNB: 0 sinais gerados, 0 salvos em 0.16s
2025-07-14 10:08:10,030 - core.data_reader - INFO - Carregados 545 pontos para BTC 5m
2025-07-14 10:08:10,150 - indicators.technical - INFO - Análise técnica concluída para BTC: RSI=0 sinais, MACD=0 sinais
2025-07-14 10:08:10,150 - core.analyzer - INFO - [SUCCESS] BTC: 0 sinais gerados, 0 salvos em 0.28s
2025-07-14 10:08:10,154 - core.data_reader - INFO - Carregados 539 pontos para ETH 5m
2025-07-14 10:08:10,273 - indicators.technical - INFO - Análise técnica concluída para ETH: RSI=0 sinais, MACD=0 sinais
2025-07-14 10:08:10,273 - core.analyzer - INFO - [SUCCESS] ETH: 0 sinais gerados, 0 salvos em 0.40s
2025-07-14 10:08:10,281 - core.data_reader - INFO - Carregados 541 pontos para ENA 5m
2025-07-14 10:08:10,400 - indicators.technical - INFO - Análise técnica concluída para ENA: RSI=0 sinais, MACD=0 sinais
2025-07-14 10:08:10,401 - core.analyzer - INFO - [SUCCESS] ENA: 0 sinais gerados, 0 salvos em 0.53s
2025-07-14 10:08:10,408 - core.data_reader - INFO - Carregados 539 pontos para HBAR 5m
2025-07-14 10:08:10,525 - indicators.technical - INFO - Análise técnica concluída para HBAR: RSI=0 sinais, MACD=0 sinais
2025-07-14 10:08:10,525 - core.analyzer - INFO - [SUCCESS] HBAR: 0 sinais gerados, 0 salvos em 0.50s
2025-07-14 10:08:10,529 - core.data_reader - INFO - Carregados 541 pontos para NEAR 5m
2025-07-14 10:08:10,646 - indicators.technical - INFO - Análise técnica concluída para NEAR: RSI=0 sinais, MACD=0 sinais
2025-07-14 10:08:10,646 - core.analyzer - INFO - [SUCCESS] NEAR: 0 sinais gerados, 0 salvos em 0.50s
2025-07-14 10:08:10,650 - core.data_reader - INFO - Carregados 539 pontos para OMNI 5m
2025-07-14 10:08:10,769 - indicators.technical - INFO - Análise técnica concluída para OMNI: RSI=0 sinais, MACD=0 sinais
2025-07-14 10:08:10,770 - core.analyzer - INFO - [SUCCESS] OMNI: 0 sinais gerados, 0 salvos em 0.50s
2025-07-14 10:08:10,773 - core.data_reader - INFO - Carregados 545 pontos para SOL 5m
2025-07-14 10:08:10,886 - indicators.technical - INFO - Análise técnica concluída para SOL: RSI=0 sinais, MACD=0 sinais
2025-07-14 10:08:10,887 - core.analyzer - INFO - [SUCCESS] SOL: 0 sinais gerados, 0 salvos em 0.49s
2025-07-14 10:08:10,887 - core.analyzer - INFO - [COMPLETE] Análise concluída: 8/8 symbols, 0 sinais em 1.04s
2025-07-14 10:08:10,887 - core.analyzer - INFO - [CYCLE] Ciclo concluído: 8 symbols analisados em 1.0s
2025-07-14 10:13:09,847 - core.analyzer - INFO - [START] Iniciando análise de 8 symbols
2025-07-14 10:13:09,873 - core.analyzer - INFO - [DEBUG] Symbols disponíveis no banco: ['BNB', 'BTC', 'ENA', 'ETH', 'HBAR', 'NEAR', 'OMNI', 'SOL']
2025-07-14 10:13:09,874 - core.analyzer - INFO - [DEBUG] Symbols configurados para análise: ['BNB', 'BTC', 'ENA', 'ETH', 'HBAR', 'NEAR', 'OMNI', 'SOL']
2025-07-14 10:13:09,876 - core.analyzer - INFO - [INFO] Symbols que serão analisados: ['BNB', 'BTC', 'ENA', 'ETH', 'HBAR', 'NEAR', 'OMNI', 'SOL']
2025-07-14 10:13:09,902 - core.data_reader - INFO - Carregados 543 pontos para BNB 5m
2025-07-14 10:13:10,033 - indicators.technical - INFO - Análise técnica concluída para BNB: RSI=0 sinais, MACD=0 sinais
2025-07-14 10:13:10,033 - core.analyzer - INFO - [SUCCESS] BNB: 0 sinais gerados, 0 salvos em 0.16s
2025-07-14 10:13:10,039 - core.data_reader - INFO - Carregados 544 pontos para ENA 5m
2025-07-14 10:13:10,163 - indicators.technical - INFO - Análise técnica concluída para ENA: RSI=0 sinais, MACD=0 sinais
2025-07-14 10:13:10,164 - core.analyzer - INFO - [SUCCESS] ENA: 0 sinais gerados, 0 salvos em 0.28s
2025-07-14 10:13:10,169 - core.data_reader - INFO - Carregados 542 pontos para ETH 5m
2025-07-14 10:13:10,170 - core.data_reader - INFO - Carregados 548 pontos para BTC 5m
2025-07-14 10:13:10,316 - indicators.technical - INFO - Análise técnica concluída para ETH: RSI=0 sinais, MACD=0 sinais
2025-07-14 10:13:10,317 - core.analyzer - INFO - [SUCCESS] ETH: 0 sinais gerados, 0 salvos em 0.44s
2025-07-14 10:13:10,327 - core.data_reader - INFO - Carregados 542 pontos para HBAR 5m
2025-07-14 10:13:10,451 - indicators.technical - INFO - Análise técnica concluída para HBAR: RSI=0 sinais, MACD=0 sinais
2025-07-14 10:13:10,451 - core.analyzer - INFO - [SUCCESS] HBAR: 0 sinais gerados, 0 salvos em 0.42s
2025-07-14 10:13:10,456 - core.data_reader - INFO - Carregados 544 pontos para NEAR 5m
2025-07-14 10:13:10,583 - indicators.technical - INFO - Análise técnica concluída para NEAR: RSI=0 sinais, MACD=0 sinais
2025-07-14 10:13:10,584 - core.data_reader - INFO - Carregados 542 pontos para OMNI 5m
2025-07-14 10:13:10,584 - core.analyzer - INFO - [SUCCESS] NEAR: 0 sinais gerados, 0 salvos em 0.42s
2025-07-14 10:13:10,707 - indicators.technical - INFO - Análise técnica concluída para OMNI: RSI=0 sinais, MACD=0 sinais
2025-07-14 10:13:10,714 - core.analyzer - INFO - [SUCCESS] OMNI: 0 sinais gerados, 0 salvos em 0.40s
2025-07-14 10:13:10,814 - indicators.technical - INFO - Análise técnica concluída para BTC: RSI=0 sinais, MACD=0 sinais
2025-07-14 10:13:10,814 - core.analyzer - INFO - [SUCCESS] BTC: 0 sinais gerados, 0 salvos em 0.94s
2025-07-14 10:13:10,819 - core.data_reader - INFO - Carregados 548 pontos para SOL 5m
2025-07-14 10:13:10,938 - indicators.technical - INFO - Análise técnica concluída para SOL: RSI=0 sinais, MACD=0 sinais
2025-07-14 10:13:10,939 - core.analyzer - INFO - [SUCCESS] SOL: 0 sinais gerados, 0 salvos em 0.49s
2025-07-14 10:13:10,940 - core.analyzer - INFO - [COMPLETE] Análise concluída: 8/8 symbols, 0 sinais em 1.09s
2025-07-14 10:13:10,940 - core.analyzer - INFO - [CYCLE] Ciclo concluído: 8 symbols analisados em 1.1s
2025-07-14 10:18:09,848 - core.analyzer - INFO - [START] Iniciando análise de 8 symbols
2025-07-14 10:18:09,859 - core.analyzer - INFO - [DEBUG] Symbols disponíveis no banco: ['BNB', 'BTC', 'ENA', 'ETH', 'HBAR', 'NEAR', 'OMNI', 'SOL']
2025-07-14 10:18:09,860 - core.analyzer - INFO - [DEBUG] Symbols configurados para análise: ['BNB', 'BTC', 'ENA', 'ETH', 'HBAR', 'NEAR', 'OMNI', 'SOL']
2025-07-14 10:18:09,861 - core.analyzer - INFO - [INFO] Symbols que serão analisados: ['BNB', 'BTC', 'ENA', 'ETH', 'HBAR', 'NEAR', 'OMNI', 'SOL']
2025-07-14 10:18:09,899 - core.data_reader - INFO - Carregados 548 pontos para BNB 5m
2025-07-14 10:18:10,025 - indicators.technical - INFO - Análise técnica concluída para BNB: RSI=0 sinais, MACD=0 sinais
2025-07-14 10:18:10,025 - core.analyzer - INFO - [SUCCESS] BNB: 0 sinais gerados, 0 salvos em 0.16s
2025-07-14 10:18:10,029 - core.data_reader - INFO - Carregados 553 pontos para BTC 5m
2025-07-14 10:18:10,151 - indicators.technical - INFO - Análise técnica concluída para BTC: RSI=0 sinais, MACD=0 sinais
2025-07-14 10:18:10,151 - core.analyzer - INFO - [SUCCESS] BTC: 0 sinais gerados, 0 salvos em 0.29s
2025-07-14 10:18:10,155 - core.data_reader - INFO - Carregados 547 pontos para ETH 5m
2025-07-14 10:18:10,277 - indicators.technical - INFO - Análise técnica concluída para ETH: RSI=0 sinais, MACD=0 sinais
2025-07-14 10:18:10,281 - core.analyzer - INFO - [SUCCESS] ETH: 0 sinais gerados, 0 salvos em 0.41s
2025-07-14 10:18:10,281 - core.data_reader - INFO - Carregados 549 pontos para ENA 5m
2025-07-14 10:18:10,403 - indicators.technical - INFO - Análise técnica concluída para ENA: RSI=0 sinais, MACD=0 sinais
2025-07-14 10:18:10,403 - core.analyzer - INFO - [SUCCESS] ENA: 0 sinais gerados, 0 salvos em 0.54s
2025-07-14 10:18:10,415 - core.data_reader - INFO - Carregados 547 pontos para HBAR 5m
2025-07-14 10:18:10,535 - indicators.technical - INFO - Análise técnica concluída para HBAR: RSI=0 sinais, MACD=0 sinais
2025-07-14 10:18:10,535 - core.analyzer - INFO - [SUCCESS] HBAR: 0 sinais gerados, 0 salvos em 0.51s
2025-07-14 10:18:10,540 - core.data_reader - INFO - Carregados 549 pontos para NEAR 5m
2025-07-14 10:18:10,675 - indicators.technical - INFO - Análise técnica concluída para NEAR: RSI=0 sinais, MACD=0 sinais
2025-07-14 10:18:10,675 - core.analyzer - INFO - [SUCCESS] NEAR: 0 sinais gerados, 0 salvos em 0.52s
2025-07-14 10:18:10,679 - core.data_reader - INFO - Carregados 547 pontos para OMNI 5m
2025-07-14 10:18:10,803 - indicators.technical - INFO - Análise técnica concluída para OMNI: RSI=0 sinais, MACD=0 sinais
2025-07-14 10:18:10,803 - core.analyzer - INFO - [SUCCESS] OMNI: 0 sinais gerados, 0 salvos em 0.52s
2025-07-14 10:18:10,806 - core.data_reader - INFO - Carregados 553 pontos para SOL 5m
2025-07-14 10:18:10,925 - indicators.technical - INFO - Análise técnica concluída para SOL: RSI=0 sinais, MACD=0 sinais
2025-07-14 10:18:10,925 - core.analyzer - INFO - [SUCCESS] SOL: 0 sinais gerados, 0 salvos em 0.52s
2025-07-14 10:18:10,926 - core.analyzer - INFO - [COMPLETE] Análise concluída: 8/8 symbols, 0 sinais em 1.08s
2025-07-14 10:18:10,927 - core.analyzer - INFO - [CYCLE] Ciclo concluído: 8 symbols analisados em 1.1s
2025-07-14 10:23:09,849 - core.analyzer - INFO - [START] Iniciando análise de 8 symbols
2025-07-14 10:23:09,856 - core.analyzer - INFO - [DEBUG] Symbols disponíveis no banco: ['BNB', 'BTC', 'ENA', 'ETH', 'HBAR', 'NEAR', 'OMNI', 'SOL']
2025-07-14 10:23:09,857 - core.analyzer - INFO - [DEBUG] Symbols configurados para análise: ['BNB', 'BTC', 'ENA', 'ETH', 'HBAR', 'NEAR', 'OMNI', 'SOL']
2025-07-14 10:23:09,858 - core.analyzer - INFO - [INFO] Symbols que serão analisados: ['BNB', 'BTC', 'ENA', 'ETH', 'HBAR', 'NEAR', 'OMNI', 'SOL']
2025-07-14 10:23:09,900 - core.data_reader - INFO - Carregados 555 pontos para BTC 5m
2025-07-14 10:23:10,028 - indicators.technical - INFO - Análise técnica concluída para BTC: RSI=0 sinais, MACD=0 sinais
2025-07-14 10:23:10,028 - core.analyzer - INFO - [SUCCESS] BTC: 0 sinais gerados, 0 salvos em 0.17s
2025-07-14 10:23:10,035 - core.data_reader - INFO - Carregados 551 pontos para ENA 5m
2025-07-14 10:23:10,037 - core.data_reader - INFO - Carregados 550 pontos para BNB 5m
2025-07-14 10:23:10,240 - indicators.technical - INFO - Análise técnica concluída para BNB: RSI=0 sinais, MACD=0 sinais
2025-07-14 10:23:10,275 - indicators.technical - INFO - Análise técnica concluída para ENA: RSI=0 sinais, MACD=0 sinais
2025-07-14 10:23:10,275 - core.analyzer - INFO - [SUCCESS] BNB: 0 sinais gerados, 0 salvos em 0.41s
2025-07-14 10:23:10,276 - core.analyzer - INFO - [SUCCESS] ENA: 0 sinais gerados, 0 salvos em 0.41s
2025-07-14 10:23:10,280 - core.data_reader - INFO - Carregados 549 pontos para ETH 5m
2025-07-14 10:23:10,401 - indicators.technical - INFO - Análise técnica concluída para ETH: RSI=0 sinais, MACD=0 sinais
2025-07-14 10:23:10,401 - core.analyzer - INFO - [SUCCESS] ETH: 0 sinais gerados, 0 salvos em 0.54s
2025-07-14 10:23:10,415 - core.data_reader - INFO - Carregados 549 pontos para HBAR 5m
2025-07-14 10:23:10,534 - indicators.technical - INFO - Análise técnica concluída para HBAR: RSI=0 sinais, MACD=0 sinais
2025-07-14 10:23:10,534 - core.analyzer - INFO - [SUCCESS] HBAR: 0 sinais gerados, 0 salvos em 0.51s
2025-07-14 10:23:10,538 - core.data_reader - INFO - Carregados 555 pontos para SOL 5m
2025-07-14 10:23:10,663 - indicators.technical - INFO - Análise técnica concluída para SOL: RSI=0 sinais, MACD=0 sinais
2025-07-14 10:23:10,663 - core.data_reader - INFO - Carregados 549 pontos para OMNI 5m
2025-07-14 10:23:10,663 - core.analyzer - INFO - [SUCCESS] SOL: 0 sinais gerados, 0 salvos em 0.26s
2025-07-14 10:23:10,778 - core.data_reader - INFO - Carregados 551 pontos para NEAR 5m
2025-07-14 10:23:10,792 - indicators.technical - INFO - Análise técnica concluída para OMNI: RSI=0 sinais, MACD=0 sinais
2025-07-14 10:23:10,801 - core.analyzer - INFO - [SUCCESS] OMNI: 0 sinais gerados, 0 salvos em 0.52s
2025-07-14 10:23:10,908 - indicators.technical - INFO - Análise técnica concluída para NEAR: RSI=0 sinais, MACD=0 sinais
2025-07-14 10:23:10,908 - core.analyzer - INFO - [SUCCESS] NEAR: 0 sinais gerados, 0 salvos em 0.63s
2025-07-14 10:23:10,908 - core.analyzer - INFO - [COMPLETE] Análise concluída: 8/8 symbols, 0 sinais em 1.06s
2025-07-14 10:23:10,909 - core.analyzer - INFO - [CYCLE] Ciclo concluído: 8 symbols analisados em 1.1s
2025-07-14 10:28:09,849 - core.analyzer - INFO - [START] Iniciando análise de 8 symbols
2025-07-14 10:28:09,857 - core.analyzer - INFO - [DEBUG] Symbols disponíveis no banco: ['BNB', 'BTC', 'ENA', 'ETH', 'HBAR', 'NEAR', 'OMNI', 'SOL']
2025-07-14 10:28:09,857 - core.analyzer - INFO - [DEBUG] Symbols configurados para análise: ['BNB', 'BTC', 'ENA', 'ETH', 'HBAR', 'NEAR', 'OMNI', 'SOL']
2025-07-14 10:28:09,858 - core.analyzer - INFO - [INFO] Symbols que serão analisados: ['BNB', 'BTC', 'ENA', 'ETH', 'HBAR', 'NEAR', 'OMNI', 'SOL']
2025-07-14 10:28:09,893 - core.data_reader - INFO - Carregados 559 pontos para BTC 5m
2025-07-14 10:28:10,031 - indicators.technical - INFO - Análise técnica concluída para BTC: RSI=0 sinais, MACD=0 sinais
2025-07-14 10:28:10,032 - core.analyzer - INFO - [SUCCESS] BTC: 0 sinais gerados, 0 salvos em 0.17s
2025-07-14 10:28:10,035 - core.data_reader - INFO - Carregados 554 pontos para BNB 5m
2025-07-14 10:28:10,178 - indicators.technical - INFO - Análise técnica concluída para BNB: RSI=0 sinais, MACD=0 sinais
2025-07-14 10:28:10,179 - core.analyzer - INFO - [SUCCESS] BNB: 0 sinais gerados, 0 salvos em 0.32s
2025-07-14 10:28:10,184 - core.data_reader - INFO - Carregados 555 pontos para ENA 5m
2025-07-14 10:28:10,358 - indicators.technical - INFO - Análise técnica concluída para ENA: RSI=0 sinais, MACD=0 sinais
2025-07-14 10:28:10,360 - core.analyzer - INFO - [SUCCESS] ENA: 0 sinais gerados, 0 salvos em 0.50s
2025-07-14 10:28:10,365 - core.data_reader - INFO - Carregados 553 pontos para ETH 5m
2025-07-14 10:28:10,530 - indicators.technical - INFO - Análise técnica concluída para ETH: RSI=0 sinais, MACD=0 sinais
2025-07-14 10:28:10,530 - core.analyzer - INFO - [SUCCESS] ETH: 0 sinais gerados, 0 salvos em 0.67s
2025-07-14 10:28:10,546 - core.data_reader - INFO - Carregados 553 pontos para OMNI 5m
2025-07-14 10:28:10,677 - indicators.technical - INFO - Análise técnica concluída para OMNI: RSI=0 sinais, MACD=0 sinais
2025-07-14 10:28:10,677 - core.analyzer - INFO - [SUCCESS] OMNI: 0 sinais gerados, 0 salvos em 0.32s
2025-07-14 10:28:10,684 - core.data_reader - INFO - Carregados 553 pontos para HBAR 5m
2025-07-14 10:28:10,685 - core.data_reader - INFO - Carregados 555 pontos para NEAR 5m
2025-07-14 10:28:10,821 - indicators.technical - INFO - Análise técnica concluída para HBAR: RSI=0 sinais, MACD=0 sinais
2025-07-14 10:28:10,877 - core.analyzer - INFO - [SUCCESS] HBAR: 0 sinais gerados, 0 salvos em 0.85s
2025-07-14 10:28:10,942 - indicators.technical - INFO - Análise técnica concluída para NEAR: RSI=0 sinais, MACD=0 sinais
2025-07-14 10:28:10,942 - core.analyzer - INFO - [SUCCESS] NEAR: 0 sinais gerados, 0 salvos em 0.76s
2025-07-14 10:28:10,946 - core.data_reader - INFO - Carregados 559 pontos para SOL 5m
2025-07-14 10:28:11,067 - indicators.technical - INFO - Análise técnica concluída para SOL: RSI=0 sinais, MACD=0 sinais
2025-07-14 10:28:11,068 - core.analyzer - INFO - [SUCCESS] SOL: 0 sinais gerados, 0 salvos em 0.54s
2025-07-14 10:28:11,068 - core.analyzer - INFO - [COMPLETE] Análise concluída: 8/8 symbols, 0 sinais em 1.22s
2025-07-14 10:28:11,069 - core.analyzer - INFO - [CYCLE] Ciclo concluído: 8 symbols analisados em 1.2s
2025-07-14 10:33:09,850 - core.analyzer - INFO - [START] Iniciando análise de 8 symbols
2025-07-14 10:33:09,857 - core.analyzer - INFO - [DEBUG] Symbols disponíveis no banco: ['BNB', 'BTC', 'ENA', 'ETH', 'HBAR', 'NEAR', 'OMNI', 'SOL']
2025-07-14 10:33:09,858 - core.analyzer - INFO - [DEBUG] Symbols configurados para análise: ['BNB', 'BTC', 'ENA', 'ETH', 'HBAR', 'NEAR', 'OMNI', 'SOL']
2025-07-14 10:33:09,859 - core.analyzer - INFO - [INFO] Symbols que serão analisados: ['BNB', 'BTC', 'ENA', 'ETH', 'HBAR', 'NEAR', 'OMNI', 'SOL']
2025-07-14 10:33:09,903 - core.data_reader - INFO - Carregados 557 pontos para ETH 5m
2025-07-14 10:33:10,031 - indicators.technical - INFO - Análise técnica concluída para ETH: RSI=0 sinais, MACD=0 sinais
2025-07-14 10:33:10,031 - core.analyzer - INFO - [SUCCESS] ETH: 0 sinais gerados, 0 salvos em 0.17s
2025-07-14 10:33:10,035 - core.data_reader - INFO - Carregados 563 pontos para BTC 5m
2025-07-14 10:33:10,157 - indicators.technical - INFO - Análise técnica concluída para BTC: RSI=0 sinais, MACD=0 sinais
2025-07-14 10:33:10,158 - core.analyzer - INFO - [SUCCESS] BTC: 0 sinais gerados, 0 salvos em 0.30s
2025-07-14 10:33:10,161 - core.data_reader - INFO - Carregados 558 pontos para BNB 5m
2025-07-14 10:33:10,281 - indicators.technical - INFO - Análise técnica concluída para BNB: RSI=0 sinais, MACD=0 sinais
2025-07-14 10:33:10,281 - core.analyzer - INFO - [SUCCESS] BNB: 0 sinais gerados, 0 salvos em 0.42s
2025-07-14 10:33:10,285 - core.data_reader - INFO - Carregados 559 pontos para ENA 5m
2025-07-14 10:33:10,405 - indicators.technical - INFO - Análise técnica concluída para ENA: RSI=0 sinais, MACD=0 sinais
2025-07-14 10:33:10,406 - core.analyzer - INFO - [SUCCESS] ENA: 0 sinais gerados, 0 salvos em 0.54s
2025-07-14 10:33:10,418 - core.data_reader - INFO - Carregados 557 pontos para OMNI 5m
2025-07-14 10:33:10,539 - indicators.technical - INFO - Análise técnica concluída para OMNI: RSI=0 sinais, MACD=0 sinais
2025-07-14 10:33:10,540 - core.analyzer - INFO - [SUCCESS] OMNI: 0 sinais gerados, 0 salvos em 0.26s
2025-07-14 10:33:10,545 - core.data_reader - INFO - Carregados 557 pontos para HBAR 5m
2025-07-14 10:33:10,666 - indicators.technical - INFO - Análise técnica concluída para HBAR: RSI=0 sinais, MACD=0 sinais
2025-07-14 10:33:10,667 - core.data_reader - INFO - Carregados 559 pontos para NEAR 5m
2025-07-14 10:33:10,667 - core.analyzer - INFO - [SUCCESS] HBAR: 0 sinais gerados, 0 salvos em 0.64s
2025-07-14 10:33:10,752 - core.data_reader - INFO - Carregados 563 pontos para SOL 5m
2025-07-14 10:33:10,813 - indicators.technical - INFO - Análise técnica concluída para NEAR: RSI=0 sinais, MACD=0 sinais
2025-07-14 10:33:10,828 - core.analyzer - INFO - [SUCCESS] NEAR: 0 sinais gerados, 0 salvos em 0.67s
2025-07-14 10:33:10,914 - indicators.technical - INFO - Análise técnica concluída para SOL: RSI=0 sinais, MACD=0 sinais
2025-07-14 10:33:10,914 - core.analyzer - INFO - [SUCCESS] SOL: 0 sinais gerados, 0 salvos em 0.51s
2025-07-14 10:33:10,915 - core.analyzer - INFO - [COMPLETE] Análise concluída: 8/8 symbols, 0 sinais em 1.06s
2025-07-14 10:33:10,915 - core.analyzer - INFO - [CYCLE] Ciclo concluído: 8 symbols analisados em 1.1s
2025-07-14 10:38:09,850 - core.analyzer - INFO - [START] Iniciando análise de 8 symbols
2025-07-14 10:38:09,857 - core.analyzer - INFO - [DEBUG] Symbols disponíveis no banco: ['BNB', 'BTC', 'ENA', 'ETH', 'HBAR', 'NEAR', 'OMNI', 'SOL']
2025-07-14 10:38:09,858 - core.analyzer - INFO - [DEBUG] Symbols configurados para análise: ['BNB', 'BTC', 'ENA', 'ETH', 'HBAR', 'NEAR', 'OMNI', 'SOL']
2025-07-14 10:38:09,859 - core.analyzer - INFO - [INFO] Symbols que serão analisados: ['BNB', 'BTC', 'ENA', 'ETH', 'HBAR', 'NEAR', 'OMNI', 'SOL']
2025-07-14 10:38:09,902 - core.data_reader - INFO - Carregados 567 pontos para BTC 5m
2025-07-14 10:38:10,031 - indicators.technical - INFO - Análise técnica concluída para BTC: RSI=0 sinais, MACD=0 sinais
2025-07-14 10:38:10,031 - core.analyzer - INFO - [SUCCESS] BTC: 0 sinais gerados, 0 salvos em 0.17s
2025-07-14 10:38:10,035 - core.data_reader - INFO - Carregados 563 pontos para ENA 5m
2025-07-14 10:38:10,159 - indicators.technical - INFO - Análise técnica concluída para ENA: RSI=0 sinais, MACD=0 sinais
2025-07-14 10:38:10,161 - core.data_reader - INFO - Carregados 562 pontos para BNB 5m
2025-07-14 10:38:10,162 - core.analyzer - INFO - [SUCCESS] ENA: 0 sinais gerados, 0 salvos em 0.30s
2025-07-14 10:38:10,284 - indicators.technical - INFO - Análise técnica concluída para BNB: RSI=0 sinais, MACD=0 sinais
2025-07-14 10:38:10,285 - core.analyzer - INFO - [SUCCESS] BNB: 0 sinais gerados, 0 salvos em 0.42s
2025-07-14 10:38:10,290 - core.data_reader - INFO - Carregados 561 pontos para ETH 5m
2025-07-14 10:38:10,414 - indicators.technical - INFO - Análise técnica concluída para ETH: RSI=0 sinais, MACD=0 sinais
2025-07-14 10:38:10,414 - core.analyzer - INFO - [SUCCESS] ETH: 0 sinais gerados, 0 salvos em 0.55s
2025-07-14 10:38:10,426 - core.data_reader - INFO - Carregados 563 pontos para NEAR 5m
2025-07-14 10:38:10,549 - indicators.technical - INFO - Análise técnica concluída para NEAR: RSI=0 sinais, MACD=0 sinais
2025-07-14 10:38:10,549 - core.analyzer - INFO - [SUCCESS] NEAR: 0 sinais gerados, 0 salvos em 0.34s
2025-07-14 10:38:10,552 - core.data_reader - INFO - Carregados 561 pontos para HBAR 5m
2025-07-14 10:38:10,674 - indicators.technical - INFO - Análise técnica concluída para HBAR: RSI=0 sinais, MACD=0 sinais
2025-07-14 10:38:10,675 - core.analyzer - INFO - [SUCCESS] HBAR: 0 sinais gerados, 0 salvos em 0.64s
2025-07-14 10:38:10,679 - core.data_reader - INFO - Carregados 561 pontos para OMNI 5m
2025-07-14 10:38:10,684 - core.data_reader - INFO - Carregados 567 pontos para SOL 5m
2025-07-14 10:38:10,868 - indicators.technical - INFO - Análise técnica concluída para OMNI: RSI=0 sinais, MACD=0 sinais
2025-07-14 10:38:10,876 - core.analyzer - INFO - [SUCCESS] OMNI: 0 sinais gerados, 0 salvos em 0.59s
2025-07-14 10:38:10,931 - indicators.technical - INFO - Análise técnica concluída para SOL: RSI=0 sinais, MACD=0 sinais
2025-07-14 10:38:10,932 - core.analyzer - INFO - [SUCCESS] SOL: 0 sinais gerados, 0 salvos em 0.52s
2025-07-14 10:38:10,933 - core.analyzer - INFO - [COMPLETE] Análise concluída: 8/8 symbols, 0 sinais em 1.08s
2025-07-14 10:38:10,933 - core.analyzer - INFO - [CYCLE] Ciclo concluído: 8 symbols analisados em 1.1s
2025-07-14 10:43:09,851 - core.analyzer - INFO - [START] Iniciando análise de 8 symbols
2025-07-14 10:43:09,856 - core.analyzer - INFO - [DEBUG] Symbols disponíveis no banco: ['BNB', 'BTC', 'ENA', 'ETH', 'HBAR', 'NEAR', 'OMNI', 'SOL']
2025-07-14 10:43:09,857 - core.analyzer - INFO - [DEBUG] Symbols configurados para análise: ['BNB', 'BTC', 'ENA', 'ETH', 'HBAR', 'NEAR', 'OMNI', 'SOL']
2025-07-14 10:43:09,858 - core.analyzer - INFO - [INFO] Symbols que serão analisados: ['BNB', 'BTC', 'ENA', 'ETH', 'HBAR', 'NEAR', 'OMNI', 'SOL']
2025-07-14 10:43:09,896 - core.data_reader - INFO - Carregados 571 pontos para BTC 5m
2025-07-14 10:43:10,025 - indicators.technical - INFO - Análise técnica concluída para BTC: RSI=0 sinais, MACD=0 sinais
2025-07-14 10:43:10,025 - core.analyzer - INFO - [SUCCESS] BTC: 0 sinais gerados, 0 salvos em 0.16s
2025-07-14 10:43:10,029 - core.data_reader - INFO - Carregados 565 pontos para ETH 5m
2025-07-14 10:43:10,151 - indicators.technical - INFO - Análise técnica concluída para ETH: RSI=0 sinais, MACD=0 sinais
2025-07-14 10:43:10,151 - core.analyzer - INFO - [SUCCESS] ETH: 0 sinais gerados, 0 salvos em 0.29s
2025-07-14 10:43:10,156 - core.data_reader - INFO - Carregados 567 pontos para ENA 5m
2025-07-14 10:43:10,279 - indicators.technical - INFO - Análise técnica concluída para ENA: RSI=0 sinais, MACD=0 sinais
2025-07-14 10:43:10,280 - core.analyzer - INFO - [SUCCESS] ENA: 0 sinais gerados, 0 salvos em 0.42s
2025-07-14 10:43:10,284 - core.data_reader - INFO - Carregados 566 pontos para BNB 5m
2025-07-14 10:43:10,405 - indicators.technical - INFO - Análise técnica concluída para BNB: RSI=0 sinais, MACD=0 sinais
2025-07-14 10:43:10,405 - core.analyzer - INFO - [SUCCESS] BNB: 0 sinais gerados, 0 salvos em 0.55s
2025-07-14 10:43:10,416 - core.data_reader - INFO - Carregados 565 pontos para HBAR 5m
2025-07-14 10:43:10,538 - indicators.technical - INFO - Análise técnica concluída para HBAR: RSI=0 sinais, MACD=0 sinais
2025-07-14 10:43:10,538 - core.analyzer - INFO - [SUCCESS] HBAR: 0 sinais gerados, 0 salvos em 0.51s
2025-07-14 10:43:10,546 - core.data_reader - INFO - Carregados 567 pontos para NEAR 5m
2025-07-14 10:43:10,546 - core.data_reader - INFO - Carregados 565 pontos para OMNI 5m
2025-07-14 10:43:10,668 - indicators.technical - INFO - Análise técnica concluída para NEAR: RSI=0 sinais, MACD=0 sinais
2025-07-14 10:43:10,705 - core.analyzer - INFO - [SUCCESS] NEAR: 0 sinais gerados, 0 salvos em 0.55s
2025-07-14 10:43:10,792 - indicators.technical - INFO - Análise técnica concluída para OMNI: RSI=0 sinais, MACD=0 sinais
2025-07-14 10:43:10,793 - core.analyzer - INFO - [SUCCESS] OMNI: 0 sinais gerados, 0 salvos em 0.51s
2025-07-14 10:43:10,796 - core.data_reader - INFO - Carregados 571 pontos para SOL 5m
2025-07-14 10:43:10,907 - indicators.technical - INFO - Análise técnica concluída para SOL: RSI=0 sinais, MACD=0 sinais
2025-07-14 10:43:10,907 - core.analyzer - INFO - [SUCCESS] SOL: 0 sinais gerados, 0 salvos em 0.50s
2025-07-14 10:43:10,908 - core.analyzer - INFO - [COMPLETE] Análise concluída: 8/8 symbols, 0 sinais em 1.06s
2025-07-14 10:43:10,908 - core.analyzer - INFO - [CYCLE] Ciclo concluído: 8 symbols analisados em 1.1s
2025-07-14 10:48:09,852 - core.analyzer - INFO - [START] Iniciando análise de 8 symbols
2025-07-14 10:48:09,861 - core.analyzer - INFO - [DEBUG] Symbols disponíveis no banco: ['BNB', 'BTC', 'ENA', 'ETH', 'HBAR', 'NEAR', 'OMNI', 'SOL']
2025-07-14 10:48:09,862 - core.analyzer - INFO - [DEBUG] Symbols configurados para análise: ['BNB', 'BTC', 'ENA', 'ETH', 'HBAR', 'NEAR', 'OMNI', 'SOL']
2025-07-14 10:48:09,863 - core.analyzer - INFO - [INFO] Symbols que serão analisados: ['BNB', 'BTC', 'ENA', 'ETH', 'HBAR', 'NEAR', 'OMNI', 'SOL']
2025-07-14 10:48:09,901 - core.data_reader - INFO - Carregados 574 pontos para BTC 5m
2025-07-14 10:48:10,032 - indicators.technical - INFO - Análise técnica concluída para BTC: RSI=0 sinais, MACD=0 sinais
2025-07-14 10:48:10,032 - core.analyzer - INFO - [SUCCESS] BTC: 0 sinais gerados, 0 salvos em 0.17s
2025-07-14 10:48:10,036 - core.data_reader - INFO - Carregados 569 pontos para BNB 5m
2025-07-14 10:48:10,163 - indicators.technical - INFO - Análise técnica concluída para BNB: RSI=0 sinais, MACD=0 sinais
2025-07-14 10:48:10,163 - core.analyzer - INFO - [SUCCESS] BNB: 0 sinais gerados, 0 salvos em 0.30s
2025-07-14 10:48:10,164 - core.data_reader - INFO - Carregados 570 pontos para ENA 5m
2025-07-14 10:48:10,287 - indicators.technical - INFO - Análise técnica concluída para ENA: RSI=0 sinais, MACD=0 sinais
2025-07-14 10:48:10,288 - core.analyzer - INFO - [SUCCESS] ENA: 0 sinais gerados, 0 salvos em 0.42s
2025-07-14 10:48:10,292 - core.data_reader - INFO - Carregados 568 pontos para ETH 5m
2025-07-14 10:48:10,415 - indicators.technical - INFO - Análise técnica concluída para ETH: RSI=0 sinais, MACD=0 sinais
2025-07-14 10:48:10,416 - core.analyzer - INFO - [SUCCESS] ETH: 0 sinais gerados, 0 salvos em 0.55s
2025-07-14 10:48:10,427 - core.data_reader - INFO - Carregados 568 pontos para HBAR 5m
2025-07-14 10:48:10,553 - indicators.technical - INFO - Análise técnica concluída para HBAR: RSI=0 sinais, MACD=0 sinais
2025-07-14 10:48:10,553 - core.analyzer - INFO - [SUCCESS] HBAR: 0 sinais gerados, 0 salvos em 0.52s
2025-07-14 10:48:10,558 - core.data_reader - INFO - Carregados 570 pontos para NEAR 5m
2025-07-14 10:48:10,681 - indicators.technical - INFO - Análise técnica concluída para NEAR: RSI=0 sinais, MACD=0 sinais
2025-07-14 10:48:10,682 - core.analyzer - INFO - [SUCCESS] NEAR: 0 sinais gerados, 0 salvos em 0.52s
2025-07-14 10:48:10,686 - core.data_reader - INFO - Carregados 574 pontos para SOL 5m
2025-07-14 10:48:10,738 - core.data_reader - INFO - Carregados 568 pontos para OMNI 5m
2025-07-14 10:48:10,955 - indicators.technical - INFO - Análise técnica concluída para OMNI: RSI=0 sinais, MACD=0 sinais
2025-07-14 10:48:10,955 - core.analyzer - INFO - [SUCCESS] OMNI: 0 sinais gerados, 0 salvos em 0.67s
2025-07-14 10:48:10,969 - indicators.technical - INFO - Análise técnica concluída para SOL: RSI=0 sinais, MACD=0 sinais
2025-07-14 10:48:10,970 - core.analyzer - INFO - [SUCCESS] SOL: 0 sinais gerados, 0 salvos em 0.55s
2025-07-14 10:48:10,970 - core.analyzer - INFO - [COMPLETE] Análise concluída: 8/8 symbols, 0 sinais em 1.12s
2025-07-14 10:48:10,971 - core.analyzer - INFO - [CYCLE] Ciclo concluído: 8 symbols analisados em 1.1s
2025-07-14 10:53:09,853 - core.analyzer - INFO - [START] Iniciando análise de 8 symbols
2025-07-14 10:53:09,858 - core.analyzer - INFO - [DEBUG] Symbols disponíveis no banco: ['BNB', 'BTC', 'ENA', 'ETH', 'HBAR', 'NEAR', 'OMNI', 'SOL']
2025-07-14 10:53:09,859 - core.analyzer - INFO - [DEBUG] Symbols configurados para análise: ['BNB', 'BTC', 'ENA', 'ETH', 'HBAR', 'NEAR', 'OMNI', 'SOL']
2025-07-14 10:53:09,860 - core.analyzer - INFO - [INFO] Symbols que serão analisados: ['BNB', 'BTC', 'ENA', 'ETH', 'HBAR', 'NEAR', 'OMNI', 'SOL']
2025-07-14 10:53:09,900 - core.data_reader - INFO - Carregados 574 pontos para BTC 5m
2025-07-14 10:53:10,032 - indicators.technical - INFO - Análise técnica concluída para BTC: RSI=0 sinais, MACD=0 sinais
2025-07-14 10:53:10,032 - core.analyzer - INFO - [SUCCESS] BTC: 0 sinais gerados, 0 salvos em 0.17s
2025-07-14 10:53:10,037 - core.data_reader - INFO - Carregados 570 pontos para ENA 5m
2025-07-14 10:53:10,160 - indicators.technical - INFO - Análise técnica concluída para ENA: RSI=0 sinais, MACD=0 sinais
2025-07-14 10:53:10,160 - core.analyzer - INFO - [SUCCESS] ENA: 0 sinais gerados, 0 salvos em 0.30s
2025-07-14 10:53:10,165 - core.data_reader - INFO - Carregados 568 pontos para ETH 5m
2025-07-14 10:53:10,288 - indicators.technical - INFO - Análise técnica concluída para ETH: RSI=0 sinais, MACD=0 sinais
2025-07-14 10:53:10,288 - core.analyzer - INFO - [SUCCESS] ETH: 0 sinais gerados, 0 salvos em 0.42s
2025-07-14 10:53:10,293 - core.data_reader - INFO - Carregados 569 pontos para BNB 5m
2025-07-14 10:53:10,415 - indicators.technical - INFO - Análise técnica concluída para BNB: RSI=0 sinais, MACD=0 sinais
2025-07-14 10:53:10,415 - core.analyzer - INFO - [SUCCESS] BNB: 0 sinais gerados, 0 salvos em 0.55s
2025-07-14 10:53:10,424 - core.data_reader - INFO - Carregados 568 pontos para HBAR 5m
2025-07-14 10:53:10,546 - indicators.technical - INFO - Análise técnica concluída para HBAR: RSI=0 sinais, MACD=0 sinais
2025-07-14 10:53:10,547 - core.analyzer - INFO - [SUCCESS] HBAR: 0 sinais gerados, 0 salvos em 0.51s
2025-07-14 10:53:10,551 - core.data_reader - INFO - Carregados 570 pontos para NEAR 5m
2025-07-14 10:53:10,677 - indicators.technical - INFO - Análise técnica concluída para NEAR: RSI=0 sinais, MACD=0 sinais
2025-07-14 10:53:10,678 - core.analyzer - INFO - [SUCCESS] NEAR: 0 sinais gerados, 0 salvos em 0.52s
2025-07-14 10:53:10,682 - core.data_reader - INFO - Carregados 568 pontos para OMNI 5m
2025-07-14 10:53:10,732 - core.data_reader - INFO - Carregados 574 pontos para SOL 5m
2025-07-14 10:53:10,900 - indicators.technical - INFO - Análise técnica concluída para OMNI: RSI=0 sinais, MACD=0 sinais
2025-07-14 10:53:10,908 - core.analyzer - INFO - [SUCCESS] OMNI: 0 sinais gerados, 0 salvos em 0.62s
2025-07-14 10:53:10,941 - indicators.technical - INFO - Análise técnica concluída para SOL: RSI=0 sinais, MACD=0 sinais
2025-07-14 10:53:10,941 - core.analyzer - INFO - [SUCCESS] SOL: 0 sinais gerados, 0 salvos em 0.53s
2025-07-14 10:53:10,942 - core.analyzer - INFO - [COMPLETE] Análise concluída: 8/8 symbols, 0 sinais em 1.09s
2025-07-14 10:53:10,942 - core.analyzer - INFO - [CYCLE] Ciclo concluído: 8 symbols analisados em 1.1s
2025-07-14 10:58:09,853 - core.analyzer - INFO - [START] Iniciando análise de 8 symbols
2025-07-14 10:58:09,859 - core.analyzer - INFO - [DEBUG] Symbols disponíveis no banco: ['BNB', 'BTC', 'ENA', 'ETH', 'HBAR', 'NEAR', 'OMNI', 'SOL']
2025-07-14 10:58:09,860 - core.analyzer - INFO - [DEBUG] Symbols configurados para análise: ['BNB', 'BTC', 'ENA', 'ETH', 'HBAR', 'NEAR', 'OMNI', 'SOL']
2025-07-14 10:58:09,861 - core.analyzer - INFO - [INFO] Symbols que serão analisados: ['BNB', 'BTC', 'ENA', 'ETH', 'HBAR', 'NEAR', 'OMNI', 'SOL']
2025-07-14 10:58:09,903 - core.data_reader - INFO - Carregados 578 pontos para BTC 5m
2025-07-14 10:58:10,031 - indicators.technical - INFO - Análise técnica concluída para BTC: RSI=0 sinais, MACD=0 sinais
2025-07-14 10:58:10,032 - core.analyzer - INFO - [SUCCESS] BTC: 0 sinais gerados, 0 salvos em 0.17s
2025-07-14 10:58:10,036 - core.data_reader - INFO - Carregados 572 pontos para ETH 5m
2025-07-14 10:58:10,086 - core.data_reader - INFO - Carregados 573 pontos para BNB 5m
2025-07-14 10:58:10,165 - indicators.technical - INFO - Análise técnica concluída para ETH: RSI=0 sinais, MACD=0 sinais
2025-07-14 10:58:10,215 - core.analyzer - INFO - [SUCCESS] ETH: 0 sinais gerados, 0 salvos em 0.35s
2025-07-14 10:58:10,290 - indicators.technical - INFO - Análise técnica concluída para BNB: RSI=0 sinais, MACD=0 sinais
2025-07-14 10:58:10,290 - core.analyzer - INFO - [SUCCESS] BNB: 0 sinais gerados, 0 salvos em 0.43s
2025-07-14 10:58:10,294 - core.data_reader - INFO - Carregados 574 pontos para ENA 5m
2025-07-14 10:58:10,418 - indicators.technical - INFO - Análise técnica concluída para ENA: RSI=0 sinais, MACD=0 sinais
2025-07-14 10:58:10,419 - core.analyzer - INFO - [SUCCESS] ENA: 0 sinais gerados, 0 salvos em 0.55s
2025-07-14 10:58:10,430 - core.data_reader - INFO - Carregados 572 pontos para HBAR 5m
2025-07-14 10:58:10,556 - indicators.technical - INFO - Análise técnica concluída para HBAR: RSI=0 sinais, MACD=0 sinais
2025-07-14 10:58:10,556 - core.analyzer - INFO - [SUCCESS] HBAR: 0 sinais gerados, 0 salvos em 0.52s
2025-07-14 10:58:10,560 - core.data_reader - INFO - Carregados 574 pontos para NEAR 5m
2025-07-14 10:58:10,684 - indicators.technical - INFO - Análise técnica concluída para NEAR: RSI=0 sinais, MACD=0 sinais
2025-07-14 10:58:10,684 - core.analyzer - INFO - [SUCCESS] NEAR: 0 sinais gerados, 0 salvos em 0.41s
2025-07-14 10:58:10,688 - core.data_reader - INFO - Carregados 578 pontos para SOL 5m
2025-07-14 10:58:10,799 - core.data_reader - INFO - Carregados 572 pontos para OMNI 5m
2025-07-14 10:58:10,849 - indicators.technical - INFO - Análise técnica concluída para SOL: RSI=0 sinais, MACD=0 sinais
2025-07-14 10:58:10,852 - core.analyzer - INFO - [SUCCESS] SOL: 0 sinais gerados, 0 salvos em 0.43s
2025-07-14 10:58:10,939 - indicators.technical - INFO - Análise técnica concluída para OMNI: RSI=0 sinais, MACD=0 sinais
2025-07-14 10:58:10,939 - core.analyzer - INFO - [SUCCESS] OMNI: 0 sinais gerados, 0 salvos em 0.65s
2025-07-14 10:58:10,940 - core.analyzer - INFO - [COMPLETE] Análise concluída: 8/8 symbols, 0 sinais em 1.09s
2025-07-14 10:58:10,940 - core.analyzer - INFO - [CYCLE] Ciclo concluído: 8 symbols analisados em 1.1s
2025-07-14 11:03:09,854 - core.analyzer - INFO - [START] Iniciando análise de 8 symbols
2025-07-14 11:03:09,860 - core.analyzer - INFO - [DEBUG] Symbols disponíveis no banco: ['BNB', 'BTC', 'ENA', 'ETH', 'HBAR', 'NEAR', 'OMNI', 'SOL']
2025-07-14 11:03:09,861 - core.analyzer - INFO - [DEBUG] Symbols configurados para análise: ['BNB', 'BTC', 'ENA', 'ETH', 'HBAR', 'NEAR', 'OMNI', 'SOL']
2025-07-14 11:03:09,862 - core.analyzer - INFO - [INFO] Symbols que serão analisados: ['BNB', 'BTC', 'ENA', 'ETH', 'HBAR', 'NEAR', 'OMNI', 'SOL']
2025-07-14 11:03:09,903 - core.data_reader - INFO - Carregados 574 pontos para ETH 5m
2025-07-14 11:03:10,032 - indicators.technical - INFO - Análise técnica concluída para ETH: RSI=0 sinais, MACD=0 sinais
2025-07-14 11:03:10,033 - core.analyzer - INFO - [SUCCESS] ETH: 0 sinais gerados, 0 salvos em 0.17s
2025-07-14 11:03:10,037 - core.data_reader - INFO - Carregados 580 pontos para BTC 5m
2025-07-14 11:03:10,163 - indicators.technical - INFO - Análise técnica concluída para BTC: RSI=0 sinais, MACD=0 sinais
2025-07-14 11:03:10,164 - core.analyzer - INFO - [SUCCESS] BTC: 0 sinais gerados, 0 salvos em 0.30s
2025-07-14 11:03:10,168 - core.data_reader - INFO - Carregados 575 pontos para BNB 5m
2025-07-14 11:03:10,293 - indicators.technical - INFO - Análise técnica concluída para BNB: RSI=0 sinais, MACD=0 sinais
2025-07-14 11:03:10,293 - core.analyzer - INFO - [SUCCESS] BNB: 0 sinais gerados, 0 salvos em 0.43s
2025-07-14 11:03:10,297 - core.data_reader - INFO - Carregados 576 pontos para ENA 5m
2025-07-14 11:03:10,420 - indicators.technical - INFO - Análise técnica concluída para ENA: RSI=0 sinais, MACD=0 sinais
2025-07-14 11:03:10,421 - core.analyzer - INFO - [SUCCESS] ENA: 0 sinais gerados, 0 salvos em 0.55s
2025-07-14 11:03:10,433 - core.data_reader - INFO - Carregados 574 pontos para HBAR 5m
2025-07-14 11:03:10,558 - indicators.technical - INFO - Análise técnica concluída para HBAR: RSI=0 sinais, MACD=0 sinais
2025-07-14 11:03:10,558 - core.analyzer - INFO - [SUCCESS] HBAR: 0 sinais gerados, 0 salvos em 0.53s
2025-07-14 11:03:10,562 - core.data_reader - INFO - Carregados 574 pontos para OMNI 5m
2025-07-14 11:03:10,691 - indicators.technical - INFO - Análise técnica concluída para OMNI: RSI=0 sinais, MACD=0 sinais
2025-07-14 11:03:10,692 - core.data_reader - INFO - Carregados 576 pontos para NEAR 5m
2025-07-14 11:03:10,692 - core.analyzer - INFO - [SUCCESS] OMNI: 0 sinais gerados, 0 salvos em 0.40s
2025-07-14 11:03:10,817 - indicators.technical - INFO - Análise técnica concluída para NEAR: RSI=0 sinais, MACD=0 sinais
2025-07-14 11:03:10,818 - core.analyzer - INFO - [SUCCESS] NEAR: 0 sinais gerados, 0 salvos em 0.65s
2025-07-14 11:03:10,821 - core.data_reader - INFO - Carregados 580 pontos para SOL 5m
2025-07-14 11:03:10,935 - indicators.technical - INFO - Análise técnica concluída para SOL: RSI=0 sinais, MACD=0 sinais
2025-07-14 11:03:10,935 - core.analyzer - INFO - [SUCCESS] SOL: 0 sinais gerados, 0 salvos em 0.51s
2025-07-14 11:03:10,936 - core.analyzer - INFO - [COMPLETE] Análise concluída: 8/8 symbols, 0 sinais em 1.08s
2025-07-14 11:03:10,936 - core.analyzer - INFO - [CYCLE] Ciclo concluído: 8 symbols analisados em 1.1s
2025-07-14 11:08:09,855 - core.analyzer - INFO - [START] Iniciando análise de 8 symbols
2025-07-14 11:08:09,861 - core.analyzer - INFO - [DEBUG] Symbols disponíveis no banco: ['BNB', 'BTC', 'ENA', 'ETH', 'HBAR', 'NEAR', 'OMNI', 'SOL']
2025-07-14 11:08:09,862 - core.analyzer - INFO - [DEBUG] Symbols configurados para análise: ['BNB', 'BTC', 'ENA', 'ETH', 'HBAR', 'NEAR', 'OMNI', 'SOL']
2025-07-14 11:08:09,863 - core.analyzer - INFO - [INFO] Symbols que serão analisados: ['BNB', 'BTC', 'ENA', 'ETH', 'HBAR', 'NEAR', 'OMNI', 'SOL']
2025-07-14 11:08:09,906 - core.data_reader - INFO - Carregados 578 pontos para BNB 5m
2025-07-14 11:08:10,034 - indicators.technical - INFO - Análise técnica concluída para BNB: RSI=0 sinais, MACD=0 sinais
2025-07-14 11:08:10,035 - core.analyzer - INFO - [SUCCESS] BNB: 0 sinais gerados, 0 salvos em 0.17s
2025-07-14 11:08:10,038 - core.data_reader - INFO - Carregados 577 pontos para ETH 5m
2025-07-14 11:08:10,089 - core.data_reader - INFO - Carregados 583 pontos para BTC 5m
2025-07-14 11:08:10,263 - indicators.technical - INFO - Análise técnica concluída para BTC: RSI=0 sinais, MACD=0 sinais
2025-07-14 11:08:10,263 - core.analyzer - INFO - [SUCCESS] BTC: 0 sinais gerados, 0 salvos em 0.40s
2025-07-14 11:08:10,267 - core.data_reader - INFO - Carregados 579 pontos para ENA 5m
2025-07-14 11:08:10,393 - indicators.technical - INFO - Análise técnica concluída para ENA: RSI=0 sinais, MACD=0 sinais
2025-07-14 11:08:10,394 - core.analyzer - INFO - [SUCCESS] ENA: 0 sinais gerados, 0 salvos em 0.53s
2025-07-14 11:08:10,432 - indicators.technical - INFO - Análise técnica concluída para ETH: RSI=0 sinais, MACD=0 sinais
2025-07-14 11:08:10,433 - core.analyzer - INFO - [SUCCESS] ETH: 0 sinais gerados, 0 salvos em 0.56s
2025-07-14 11:08:10,444 - core.data_reader - INFO - Carregados 577 pontos para HBAR 5m
2025-07-14 11:08:10,570 - indicators.technical - INFO - Análise técnica concluída para HBAR: RSI=0 sinais, MACD=0 sinais
2025-07-14 11:08:10,571 - core.analyzer - INFO - [SUCCESS] HBAR: 0 sinais gerados, 0 salvos em 0.53s
2025-07-14 11:08:10,575 - core.data_reader - INFO - Carregados 579 pontos para NEAR 5m
2025-07-14 11:08:10,701 - indicators.technical - INFO - Análise técnica concluída para NEAR: RSI=0 sinais, MACD=0 sinais
2025-07-14 11:08:10,701 - core.analyzer - INFO - [SUCCESS] NEAR: 0 sinais gerados, 0 salvos em 0.44s
2025-07-14 11:08:10,705 - core.data_reader - INFO - Carregados 577 pontos para OMNI 5m
2025-07-14 11:08:10,747 - core.data_reader - INFO - Carregados 583 pontos para SOL 5m
2025-07-14 11:08:10,905 - indicators.technical - INFO - Análise técnica concluída para OMNI: RSI=0 sinais, MACD=0 sinais
2025-07-14 11:08:10,967 - core.analyzer - INFO - [SUCCESS] OMNI: 0 sinais gerados, 0 salvos em 0.57s
2025-07-14 11:08:10,971 - indicators.technical - INFO - Análise técnica concluída para SOL: RSI=0 sinais, MACD=0 sinais
2025-07-14 11:08:10,971 - core.analyzer - INFO - [SUCCESS] SOL: 0 sinais gerados, 0 salvos em 0.54s
2025-07-14 11:08:10,972 - core.analyzer - INFO - [COMPLETE] Análise concluída: 8/8 symbols, 0 sinais em 1.12s
2025-07-14 11:08:10,972 - core.analyzer - INFO - [CYCLE] Ciclo concluído: 8 symbols analisados em 1.1s
2025-07-14 11:13:09,856 - core.analyzer - INFO - [START] Iniciando análise de 8 symbols
2025-07-14 11:13:09,866 - core.analyzer - INFO - [DEBUG] Symbols disponíveis no banco: ['BNB', 'BTC', 'ENA', 'ETH', 'HBAR', 'NEAR', 'OMNI', 'SOL']
2025-07-14 11:13:09,867 - core.analyzer - INFO - [DEBUG] Symbols configurados para análise: ['BNB', 'BTC', 'ENA', 'ETH', 'HBAR', 'NEAR', 'OMNI', 'SOL']
2025-07-14 11:13:09,868 - core.analyzer - INFO - [INFO] Symbols que serão analisados: ['BNB', 'BTC', 'ENA', 'ETH', 'HBAR', 'NEAR', 'OMNI', 'SOL']
2025-07-14 11:13:09,910 - core.data_reader - INFO - Carregados 586 pontos para BTC 5m
2025-07-14 11:13:10,040 - indicators.technical - INFO - Análise técnica concluída para BTC: RSI=0 sinais, MACD=0 sinais
2025-07-14 11:13:10,041 - core.analyzer - INFO - [SUCCESS] BTC: 0 sinais gerados, 0 salvos em 0.17s
2025-07-14 11:13:10,045 - core.data_reader - INFO - Carregados 582 pontos para ENA 5m
2025-07-14 11:13:10,171 - indicators.technical - INFO - Análise técnica concluída para ENA: RSI=0 sinais, MACD=0 sinais
2025-07-14 11:13:10,171 - core.analyzer - INFO - [SUCCESS] ENA: 0 sinais gerados, 0 salvos em 0.30s
2025-07-14 11:13:10,175 - core.data_reader - INFO - Carregados 581 pontos para BNB 5m
2025-07-14 11:13:10,306 - indicators.technical - INFO - Análise técnica concluída para BNB: RSI=0 sinais, MACD=0 sinais
2025-07-14 11:13:10,306 - core.analyzer - INFO - [SUCCESS] BNB: 0 sinais gerados, 0 salvos em 0.44s
2025-07-14 11:13:10,306 - core.data_reader - INFO - Carregados 580 pontos para ETH 5m
2025-07-14 11:13:10,433 - indicators.technical - INFO - Análise técnica concluída para ETH: RSI=0 sinais, MACD=0 sinais
2025-07-14 11:13:10,433 - core.analyzer - INFO - [SUCCESS] ETH: 0 sinais gerados, 0 salvos em 0.56s
2025-07-14 11:13:10,446 - core.data_reader - INFO - Carregados 580 pontos para HBAR 5m
2025-07-14 11:13:10,572 - indicators.technical - INFO - Análise técnica concluída para HBAR: RSI=0 sinais, MACD=0 sinais
2025-07-14 11:13:10,572 - core.analyzer - INFO - [SUCCESS] HBAR: 0 sinais gerados, 0 salvos em 0.53s
2025-07-14 11:13:10,576 - core.data_reader - INFO - Carregados 582 pontos para NEAR 5m
2025-07-14 11:13:10,703 - indicators.technical - INFO - Análise técnica concluída para NEAR: RSI=0 sinais, MACD=0 sinais
2025-07-14 11:13:10,703 - core.analyzer - INFO - [SUCCESS] NEAR: 0 sinais gerados, 0 salvos em 0.53s
2025-07-14 11:13:10,707 - core.data_reader - INFO - Carregados 580 pontos para OMNI 5m
2025-07-14 11:13:10,820 - core.data_reader - INFO - Carregados 586 pontos para SOL 5m
2025-07-14 11:13:10,838 - indicators.technical - INFO - Análise técnica concluída para OMNI: RSI=0 sinais, MACD=0 sinais
2025-07-14 11:13:10,869 - core.analyzer - INFO - [SUCCESS] OMNI: 0 sinais gerados, 0 salvos em 0.56s
2025-07-14 11:13:10,960 - indicators.technical - INFO - Análise técnica concluída para SOL: RSI=0 sinais, MACD=0 sinais
2025-07-14 11:13:10,960 - core.analyzer - INFO - [SUCCESS] SOL: 0 sinais gerados, 0 salvos em 0.53s
2025-07-14 11:13:10,961 - core.analyzer - INFO - [COMPLETE] Análise concluída: 8/8 symbols, 0 sinais em 1.11s
2025-07-14 11:13:10,961 - core.analyzer - INFO - [CYCLE] Ciclo concluído: 8 symbols analisados em 1.1s
2025-07-14 11:18:09,856 - core.analyzer - INFO - [START] Iniciando análise de 8 symbols
2025-07-14 11:18:09,861 - core.analyzer - INFO - [DEBUG] Symbols disponíveis no banco: ['BNB', 'BTC', 'ENA', 'ETH', 'HBAR', 'NEAR', 'OMNI', 'SOL']
2025-07-14 11:18:09,862 - core.analyzer - INFO - [DEBUG] Symbols configurados para análise: ['BNB', 'BTC', 'ENA', 'ETH', 'HBAR', 'NEAR', 'OMNI', 'SOL']
2025-07-14 11:18:09,863 - core.analyzer - INFO - [INFO] Symbols que serão analisados: ['BNB', 'BTC', 'ENA', 'ETH', 'HBAR', 'NEAR', 'OMNI', 'SOL']
2025-07-14 11:18:09,900 - core.data_reader - INFO - Carregados 581 pontos para BNB 5m
2025-07-14 11:18:10,030 - indicators.technical - INFO - Análise técnica concluída para BNB: RSI=0 sinais, MACD=0 sinais
2025-07-14 11:18:10,030 - core.analyzer - INFO - [SUCCESS] BNB: 0 sinais gerados, 0 salvos em 0.17s
2025-07-14 11:18:10,038 - core.data_reader - INFO - Carregados 580 pontos para ETH 5m
2025-07-14 11:18:10,150 - core.data_reader - INFO - Carregados 582 pontos para ENA 5m
2025-07-14 11:18:10,165 - indicators.technical - INFO - Análise técnica concluída para ETH: RSI=0 sinais, MACD=0 sinais
2025-07-14 11:18:10,237 - core.analyzer - INFO - [SUCCESS] ETH: 0 sinais gerados, 0 salvos em 0.37s
2025-07-14 11:18:10,292 - indicators.technical - INFO - Análise técnica concluída para ENA: RSI=0 sinais, MACD=0 sinais
2025-07-14 11:18:10,292 - core.analyzer - INFO - [SUCCESS] ENA: 0 sinais gerados, 0 salvos em 0.42s
2025-07-14 11:18:10,297 - core.data_reader - INFO - Carregados 586 pontos para BTC 5m
2025-07-14 11:18:10,422 - indicators.technical - INFO - Análise técnica concluída para BTC: RSI=0 sinais, MACD=0 sinais
2025-07-14 11:18:10,423 - core.analyzer - INFO - [SUCCESS] BTC: 0 sinais gerados, 0 salvos em 0.56s
2025-07-14 11:18:10,435 - core.data_reader - INFO - Carregados 580 pontos para HBAR 5m
2025-07-14 11:18:10,561 - indicators.technical - INFO - Análise técnica concluída para HBAR: RSI=0 sinais, MACD=0 sinais
2025-07-14 11:18:10,561 - core.analyzer - INFO - [SUCCESS] HBAR: 0 sinais gerados, 0 salvos em 0.53s
2025-07-14 11:18:10,565 - core.data_reader - INFO - Carregados 582 pontos para NEAR 5m
2025-07-14 11:18:10,691 - indicators.technical - INFO - Análise técnica concluída para NEAR: RSI=0 sinais, MACD=0 sinais
2025-07-14 11:18:10,694 - core.analyzer - INFO - [SUCCESS] NEAR: 0 sinais gerados, 0 salvos em 0.40s
2025-07-14 11:18:10,695 - core.data_reader - INFO - Carregados 580 pontos para OMNI 5m
2025-07-14 11:18:10,820 - indicators.technical - INFO - Análise técnica concluída para OMNI: RSI=0 sinais, MACD=0 sinais
2025-07-14 11:18:10,821 - core.analyzer - INFO - [SUCCESS] OMNI: 0 sinais gerados, 0 salvos em 0.53s
2025-07-14 11:18:10,824 - core.data_reader - INFO - Carregados 586 pontos para SOL 5m
2025-07-14 11:18:10,940 - indicators.technical - INFO - Análise técnica concluída para SOL: RSI=0 sinais, MACD=0 sinais
2025-07-14 11:18:10,940 - core.analyzer - INFO - [SUCCESS] SOL: 0 sinais gerados, 0 salvos em 0.52s
2025-07-14 11:18:10,941 - core.analyzer - INFO - [COMPLETE] Análise concluída: 8/8 symbols, 0 sinais em 1.08s
2025-07-14 11:18:10,941 - core.analyzer - INFO - [CYCLE] Ciclo concluído: 8 symbols analisados em 1.1s
2025-07-14 11:23:09,857 - core.analyzer - INFO - [START] Iniciando análise de 8 symbols
2025-07-14 11:23:09,864 - core.analyzer - INFO - [DEBUG] Symbols disponíveis no banco: ['BNB', 'BTC', 'ENA', 'ETH', 'HBAR', 'NEAR', 'OMNI', 'SOL']
2025-07-14 11:23:09,865 - core.analyzer - INFO - [DEBUG] Symbols configurados para análise: ['BNB', 'BTC', 'ENA', 'ETH', 'HBAR', 'NEAR', 'OMNI', 'SOL']
2025-07-14 11:23:09,866 - core.analyzer - INFO - [INFO] Symbols que serão analisados: ['BNB', 'BTC', 'ENA', 'ETH', 'HBAR', 'NEAR', 'OMNI', 'SOL']
2025-07-14 11:23:09,903 - core.data_reader - INFO - Carregados 584 pontos para BNB 5m
2025-07-14 11:23:10,036 - indicators.technical - INFO - Análise técnica concluída para BNB: RSI=0 sinais, MACD=0 sinais
2025-07-14 11:23:10,037 - core.analyzer - INFO - [SUCCESS] BNB: 0 sinais gerados, 0 salvos em 0.17s
2025-07-14 11:23:10,041 - core.data_reader - INFO - Carregados 583 pontos para ETH 5m
2025-07-14 11:23:10,167 - indicators.technical - INFO - Análise técnica concluída para ETH: RSI=0 sinais, MACD=0 sinais
2025-07-14 11:23:10,167 - core.analyzer - INFO - [SUCCESS] ETH: 0 sinais gerados, 0 salvos em 0.30s
2025-07-14 11:23:10,172 - core.data_reader - INFO - Carregados 589 pontos para BTC 5m
2025-07-14 11:23:10,301 - indicators.technical - INFO - Análise técnica concluída para BTC: RSI=0 sinais, MACD=0 sinais
2025-07-14 11:23:10,304 - core.data_reader - INFO - Carregados 585 pontos para ENA 5m
2025-07-14 11:23:10,305 - core.analyzer - INFO - [SUCCESS] BTC: 0 sinais gerados, 0 salvos em 0.44s
2025-07-14 11:23:10,433 - indicators.technical - INFO - Análise técnica concluída para ENA: RSI=0 sinais, MACD=0 sinais
2025-07-14 11:23:10,433 - core.analyzer - INFO - [SUCCESS] ENA: 0 sinais gerados, 0 salvos em 0.56s
2025-07-14 11:23:10,446 - core.data_reader - INFO - Carregados 583 pontos para HBAR 5m
2025-07-14 11:23:10,571 - indicators.technical - INFO - Análise técnica concluída para HBAR: RSI=0 sinais, MACD=0 sinais
2025-07-14 11:23:10,571 - core.analyzer - INFO - [SUCCESS] HBAR: 0 sinais gerados, 0 salvos em 0.53s
2025-07-14 11:23:10,576 - core.data_reader - INFO - Carregados 585 pontos para NEAR 5m
2025-07-14 11:23:10,702 - indicators.technical - INFO - Análise técnica concluída para NEAR: RSI=0 sinais, MACD=0 sinais
2025-07-14 11:23:10,702 - core.analyzer - INFO - [SUCCESS] NEAR: 0 sinais gerados, 0 salvos em 0.53s
2025-07-14 11:23:10,706 - core.data_reader - INFO - Carregados 583 pontos para OMNI 5m
2025-07-14 11:23:10,829 - indicators.technical - INFO - Análise técnica concluída para OMNI: RSI=0 sinais, MACD=0 sinais
2025-07-14 11:23:10,830 - core.analyzer - INFO - [SUCCESS] OMNI: 0 sinais gerados, 0 salvos em 0.51s
2025-07-14 11:23:10,833 - core.data_reader - INFO - Carregados 589 pontos para SOL 5m
2025-07-14 11:23:10,947 - indicators.technical - INFO - Análise técnica concluída para SOL: RSI=0 sinais, MACD=0 sinais
2025-07-14 11:23:10,947 - core.analyzer - INFO - [SUCCESS] SOL: 0 sinais gerados, 0 salvos em 0.51s
2025-07-14 11:23:10,948 - core.analyzer - INFO - [COMPLETE] Análise concluída: 8/8 symbols, 0 sinais em 1.09s
2025-07-14 11:23:10,949 - core.analyzer - INFO - [CYCLE] Ciclo concluído: 8 symbols analisados em 1.1s
2025-07-14 11:28:09,858 - core.analyzer - INFO - [START] Iniciando análise de 8 symbols
2025-07-14 11:28:09,862 - core.analyzer - INFO - [DEBUG] Symbols disponíveis no banco: ['BNB', 'BTC', 'ENA', 'ETH', 'HBAR', 'NEAR', 'OMNI', 'SOL']
2025-07-14 11:28:09,862 - core.analyzer - INFO - [DEBUG] Symbols configurados para análise: ['BNB', 'BTC', 'ENA', 'ETH', 'HBAR', 'NEAR', 'OMNI', 'SOL']
2025-07-14 11:28:09,863 - core.analyzer - INFO - [INFO] Symbols que serão analisados: ['BNB', 'BTC', 'ENA', 'ETH', 'HBAR', 'NEAR', 'OMNI', 'SOL']
2025-07-14 11:28:09,884 - core.data_reader - INFO - Carregados 589 pontos para ENA 5m
2025-07-14 11:28:10,021 - indicators.technical - INFO - Análise técnica concluída para ENA: RSI=0 sinais, MACD=0 sinais
2025-07-14 11:28:10,021 - core.analyzer - INFO - [SUCCESS] ENA: 0 sinais gerados, 0 salvos em 0.16s
2025-07-14 11:28:10,026 - core.data_reader - INFO - Carregados 593 pontos para BTC 5m
2025-07-14 11:28:10,168 - indicators.technical - INFO - Análise técnica concluída para BTC: RSI=0 sinais, MACD=0 sinais
2025-07-14 11:28:10,168 - core.analyzer - INFO - [SUCCESS] BTC: 0 sinais gerados, 0 salvos em 0.30s
2025-07-14 11:28:10,172 - core.data_reader - INFO - Carregados 587 pontos para ETH 5m
2025-07-14 11:28:10,302 - indicators.technical - INFO - Análise técnica concluída para ETH: RSI=0 sinais, MACD=0 sinais
2025-07-14 11:28:10,303 - core.analyzer - INFO - [SUCCESS] ETH: 0 sinais gerados, 0 salvos em 0.44s
2025-07-14 11:28:10,307 - core.data_reader - INFO - Carregados 588 pontos para BNB 5m
2025-07-14 11:28:10,435 - indicators.technical - INFO - Análise técnica concluída para BNB: RSI=0 sinais, MACD=0 sinais
2025-07-14 11:28:10,435 - core.analyzer - INFO - [SUCCESS] BNB: 0 sinais gerados, 0 salvos em 0.57s
2025-07-14 11:28:10,447 - core.data_reader - INFO - Carregados 589 pontos para NEAR 5m
2025-07-14 11:28:10,575 - indicators.technical - INFO - Análise técnica concluída para NEAR: RSI=0 sinais, MACD=0 sinais
2025-07-14 11:28:10,576 - core.analyzer - INFO - [SUCCESS] NEAR: 0 sinais gerados, 0 salvos em 0.41s
2025-07-14 11:28:10,580 - core.data_reader - INFO - Carregados 593 pontos para SOL 5m
2025-07-14 11:28:10,697 - core.data_reader - INFO - Carregados 587 pontos para OMNI 5m
2025-07-14 11:28:10,712 - indicators.technical - INFO - Análise técnica concluída para SOL: RSI=0 sinais, MACD=0 sinais
2025-07-14 11:28:10,839 - indicators.technical - INFO - Análise técnica concluída para OMNI: RSI=0 sinais, MACD=0 sinais
2025-07-14 11:28:10,839 - core.analyzer - INFO - [SUCCESS] SOL: 0 sinais gerados, 0 salvos em 0.40s
2025-07-14 11:28:10,840 - core.analyzer - INFO - [SUCCESS] OMNI: 0 sinais gerados, 0 salvos em 0.54s
2025-07-14 11:28:10,844 - core.data_reader - INFO - Carregados 587 pontos para HBAR 5m
2025-07-14 11:28:10,961 - indicators.technical - INFO - Análise técnica concluída para HBAR: RSI=0 sinais, MACD=0 sinais
2025-07-14 11:28:10,961 - core.analyzer - INFO - [SUCCESS] HBAR: 0 sinais gerados, 0 salvos em 0.94s
2025-07-14 11:28:10,962 - core.analyzer - INFO - [COMPLETE] Análise concluída: 8/8 symbols, 0 sinais em 1.10s
2025-07-14 11:28:10,962 - core.analyzer - INFO - [CYCLE] Ciclo concluído: 8 symbols analisados em 1.1s
2025-07-14 11:33:09,859 - core.analyzer - INFO - [START] Iniciando análise de 8 symbols
2025-07-14 11:33:09,860 - core.analyzer - INFO - [DEBUG] Symbols disponíveis no banco: ['BNB', 'BTC', 'ENA', 'ETH', 'HBAR', 'NEAR', 'OMNI', 'SOL']
2025-07-14 11:33:09,861 - core.analyzer - INFO - [DEBUG] Symbols configurados para análise: ['BNB', 'BTC', 'ENA', 'ETH', 'HBAR', 'NEAR', 'OMNI', 'SOL']
2025-07-14 11:33:09,861 - core.analyzer - INFO - [INFO] Symbols que serão analisados: ['BNB', 'BTC', 'ENA', 'ETH', 'HBAR', 'NEAR', 'OMNI', 'SOL']
2025-07-14 11:33:09,884 - core.data_reader - INFO - Carregados 590 pontos para ETH 5m
2025-07-14 11:33:10,024 - indicators.technical - INFO - Análise técnica concluída para ETH: RSI=0 sinais, MACD=0 sinais
2025-07-14 11:33:10,024 - core.analyzer - INFO - [SUCCESS] ETH: 0 sinais gerados, 0 salvos em 0.16s
2025-07-14 11:33:10,029 - core.data_reader - INFO - Carregados 591 pontos para BNB 5m
2025-07-14 11:33:10,161 - indicators.technical - INFO - Análise técnica concluída para BNB: RSI=0 sinais, MACD=0 sinais
2025-07-14 11:33:10,161 - core.analyzer - INFO - [SUCCESS] BNB: 0 sinais gerados, 0 salvos em 0.30s
2025-07-14 11:33:10,165 - core.data_reader - INFO - Carregados 592 pontos para ENA 5m
2025-07-14 11:33:10,293 - indicators.technical - INFO - Análise técnica concluída para ENA: RSI=0 sinais, MACD=0 sinais
2025-07-14 11:33:10,293 - core.analyzer - INFO - [SUCCESS] ENA: 0 sinais gerados, 0 salvos em 0.43s
2025-07-14 11:33:10,297 - core.data_reader - INFO - Carregados 596 pontos para BTC 5m
2025-07-14 11:33:10,426 - indicators.technical - INFO - Análise técnica concluída para BTC: RSI=0 sinais, MACD=0 sinais
2025-07-14 11:33:10,427 - core.analyzer - INFO - [SUCCESS] BTC: 0 sinais gerados, 0 salvos em 0.56s
2025-07-14 11:33:10,439 - core.data_reader - INFO - Carregados 590 pontos para HBAR 5m
2025-07-14 11:33:10,569 - indicators.technical - INFO - Análise técnica concluída para HBAR: RSI=0 sinais, MACD=0 sinais
2025-07-14 11:33:10,569 - core.analyzer - INFO - [SUCCESS] HBAR: 0 sinais gerados, 0 salvos em 0.54s
2025-07-14 11:33:10,574 - core.data_reader - INFO - Carregados 592 pontos para NEAR 5m
2025-07-14 11:33:10,703 - indicators.technical - INFO - Análise técnica concluída para NEAR: RSI=0 sinais, MACD=0 sinais
2025-07-14 11:33:10,703 - core.analyzer - INFO - [SUCCESS] NEAR: 0 sinais gerados, 0 salvos em 0.54s
2025-07-14 11:33:10,706 - core.data_reader - INFO - Carregados 590 pontos para OMNI 5m
2025-07-14 11:33:10,832 - indicators.technical - INFO - Análise técnica concluída para OMNI: RSI=0 sinais, MACD=0 sinais
2025-07-14 11:33:10,833 - core.analyzer - INFO - [SUCCESS] OMNI: 0 sinais gerados, 0 salvos em 0.54s
2025-07-14 11:33:10,836 - core.data_reader - INFO - Carregados 596 pontos para SOL 5m
2025-07-14 11:33:10,956 - indicators.technical - INFO - Análise técnica concluída para SOL: RSI=0 sinais, MACD=0 sinais
2025-07-14 11:33:10,957 - core.analyzer - INFO - [SUCCESS] SOL: 0 sinais gerados, 0 salvos em 0.53s
2025-07-14 11:33:10,957 - core.analyzer - INFO - [COMPLETE] Análise concluída: 8/8 symbols, 0 sinais em 1.10s
2025-07-14 11:33:10,958 - core.analyzer - INFO - [CYCLE] Ciclo concluído: 8 symbols analisados em 1.1s
2025-07-14 11:38:09,859 - core.analyzer - INFO - [START] Iniciando análise de 8 symbols
2025-07-14 11:38:09,868 - core.analyzer - INFO - [DEBUG] Symbols disponíveis no banco: ['BNB', 'BTC', 'ENA', 'ETH', 'HBAR', 'NEAR', 'OMNI', 'SOL']
2025-07-14 11:38:09,869 - core.analyzer - INFO - [DEBUG] Symbols configurados para análise: ['BNB', 'BTC', 'ENA', 'ETH', 'HBAR', 'NEAR', 'OMNI', 'SOL']
2025-07-14 11:38:09,870 - core.analyzer - INFO - [INFO] Symbols que serão analisados: ['BNB', 'BTC', 'ENA', 'ETH', 'HBAR', 'NEAR', 'OMNI', 'SOL']
2025-07-14 11:38:09,911 - core.data_reader - INFO - Carregados 600 pontos para BTC 5m
2025-07-14 11:38:10,046 - indicators.technical - INFO - Análise técnica concluída para BTC: RSI=0 sinais, MACD=0 sinais
2025-07-14 11:38:10,047 - core.data_reader - INFO - Carregados 595 pontos para BNB 5m
2025-07-14 11:38:10,047 - core.analyzer - INFO - [SUCCESS] BTC: 0 sinais gerados, 0 salvos em 0.17s
2025-07-14 11:38:10,073 - core.data_reader - INFO - Carregados 594 pontos para ETH 5m
2025-07-14 11:38:10,203 - indicators.technical - INFO - Análise técnica concluída para ETH: RSI=0 sinais, MACD=0 sinais
2025-07-14 11:38:10,203 - core.analyzer - INFO - [SUCCESS] ETH: 0 sinais gerados, 0 salvos em 0.33s
2025-07-14 11:38:10,207 - core.data_reader - INFO - Carregados 596 pontos para ENA 5m
2025-07-14 11:38:10,337 - indicators.technical - INFO - Análise técnica concluída para ENA: RSI=0 sinais, MACD=0 sinais
2025-07-14 11:38:10,337 - core.analyzer - INFO - [SUCCESS] ENA: 0 sinais gerados, 0 salvos em 0.46s
2025-07-14 11:38:10,448 - indicators.technical - INFO - Análise técnica concluída para BNB: RSI=0 sinais, MACD=0 sinais
2025-07-14 11:38:10,449 - core.analyzer - INFO - [SUCCESS] BNB: 0 sinais gerados, 0 salvos em 0.58s
2025-07-14 11:38:10,464 - core.data_reader - INFO - Carregados 596 pontos para NEAR 5m
2025-07-14 11:38:10,464 - core.data_reader - INFO - Carregados 594 pontos para HBAR 5m
2025-07-14 11:38:10,594 - indicators.technical - INFO - Análise técnica concluída para NEAR: RSI=0 sinais, MACD=0 sinais
2025-07-14 11:38:10,724 - indicators.technical - INFO - Análise técnica concluída para HBAR: RSI=0 sinais, MACD=0 sinais
2025-07-14 11:38:10,724 - core.analyzer - INFO - [SUCCESS] NEAR: 0 sinais gerados, 0 salvos em 0.52s
2025-07-14 11:38:10,725 - core.analyzer - INFO - [SUCCESS] HBAR: 0 sinais gerados, 0 salvos em 0.66s
2025-07-14 11:38:10,730 - core.data_reader - INFO - Carregados 594 pontos para OMNI 5m
2025-07-14 11:38:10,859 - indicators.technical - INFO - Análise técnica concluída para OMNI: RSI=0 sinais, MACD=0 sinais
2025-07-14 11:38:10,859 - core.analyzer - INFO - [SUCCESS] OMNI: 0 sinais gerados, 0 salvos em 0.52s
2025-07-14 11:38:10,863 - core.data_reader - INFO - Carregados 600 pontos para SOL 5m
2025-07-14 11:38:10,985 - indicators.technical - INFO - Análise técnica concluída para SOL: RSI=0 sinais, MACD=0 sinais
2025-07-14 11:38:10,986 - core.analyzer - INFO - [SUCCESS] SOL: 0 sinais gerados, 0 salvos em 0.54s
2025-07-14 11:38:10,986 - core.analyzer - INFO - [COMPLETE] Análise concluída: 8/8 symbols, 0 sinais em 1.13s
2025-07-14 11:38:10,986 - core.analyzer - INFO - [CYCLE] Ciclo concluído: 8 symbols analisados em 1.1s
2025-07-14 11:43:09,860 - core.analyzer - INFO - [START] Iniciando análise de 8 symbols
2025-07-14 11:43:09,866 - core.analyzer - INFO - [DEBUG] Symbols disponíveis no banco: ['BNB', 'BTC', 'ENA', 'ETH', 'HBAR', 'NEAR', 'OMNI', 'SOL']
2025-07-14 11:43:09,866 - core.analyzer - INFO - [DEBUG] Symbols configurados para análise: ['BNB', 'BTC', 'ENA', 'ETH', 'HBAR', 'NEAR', 'OMNI', 'SOL']
2025-07-14 11:43:09,867 - core.analyzer - INFO - [INFO] Symbols que serão analisados: ['BNB', 'BTC', 'ENA', 'ETH', 'HBAR', 'NEAR', 'OMNI', 'SOL']
2025-07-14 11:43:09,910 - core.data_reader - INFO - Carregados 600 pontos para BTC 5m
2025-07-14 11:43:10,031 - core.data_reader - INFO - Carregados 595 pontos para BNB 5m
2025-07-14 11:43:10,049 - indicators.technical - INFO - Análise técnica concluída para BTC: RSI=0 sinais, MACD=0 sinais
2025-07-14 11:43:10,125 - core.analyzer - INFO - [SUCCESS] BTC: 0 sinais gerados, 0 salvos em 0.25s
2025-07-14 11:43:10,178 - indicators.technical - INFO - Análise técnica concluída para BNB: RSI=0 sinais, MACD=0 sinais
2025-07-14 11:43:10,178 - core.analyzer - INFO - [SUCCESS] BNB: 0 sinais gerados, 0 salvos em 0.31s
2025-07-14 11:43:10,182 - core.data_reader - INFO - Carregados 596 pontos para ENA 5m
2025-07-14 11:43:10,310 - indicators.technical - INFO - Análise técnica concluída para ENA: RSI=0 sinais, MACD=0 sinais
2025-07-14 11:43:10,311 - core.analyzer - INFO - [SUCCESS] ENA: 0 sinais gerados, 0 salvos em 0.44s
2025-07-14 11:43:10,315 - core.data_reader - INFO - Carregados 594 pontos para ETH 5m
2025-07-14 11:43:10,444 - indicators.technical - INFO - Análise técnica concluída para ETH: RSI=0 sinais, MACD=0 sinais
2025-07-14 11:43:10,444 - core.analyzer - INFO - [SUCCESS] ETH: 0 sinais gerados, 0 salvos em 0.57s
2025-07-14 11:43:10,457 - core.data_reader - INFO - Carregados 596 pontos para NEAR 5m
2025-07-14 11:43:10,588 - indicators.technical - INFO - Análise técnica concluída para NEAR: RSI=0 sinais, MACD=0 sinais
2025-07-14 11:43:10,588 - core.analyzer - INFO - [SUCCESS] NEAR: 0 sinais gerados, 0 salvos em 0.41s
2025-07-14 11:43:10,592 - core.data_reader - INFO - Carregados 594 pontos para OMNI 5m
2025-07-14 11:43:10,721 - indicators.technical - INFO - Análise técnica concluída para OMNI: RSI=0 sinais, MACD=0 sinais
2025-07-14 11:43:10,721 - core.analyzer - INFO - [SUCCESS] OMNI: 0 sinais gerados, 0 salvos em 0.41s
2025-07-14 11:43:10,724 - core.data_reader - INFO - Carregados 594 pontos para HBAR 5m
2025-07-14 11:43:10,852 - indicators.technical - INFO - Análise técnica concluída para HBAR: RSI=0 sinais, MACD=0 sinais
2025-07-14 11:43:10,852 - core.analyzer - INFO - [SUCCESS] HBAR: 0 sinais gerados, 0 salvos em 0.67s
2025-07-14 11:43:10,856 - core.data_reader - INFO - Carregados 600 pontos para SOL 5m
2025-07-14 11:43:10,980 - indicators.technical - INFO - Análise técnica concluída para SOL: RSI=0 sinais, MACD=0 sinais
2025-07-14 11:43:10,980 - core.analyzer - INFO - [SUCCESS] SOL: 0 sinais gerados, 0 salvos em 0.54s
2025-07-14 11:43:10,981 - core.analyzer - INFO - [COMPLETE] Análise concluída: 8/8 symbols, 0 sinais em 1.12s
2025-07-14 11:43:10,981 - core.analyzer - INFO - [CYCLE] Ciclo concluído: 8 symbols analisados em 1.1s
2025-07-14 11:48:09,861 - core.analyzer - INFO - [START] Iniciando análise de 8 symbols
2025-07-14 11:48:09,867 - core.analyzer - INFO - [DEBUG] Symbols disponíveis no banco: ['BNB', 'BTC', 'ENA', 'ETH', 'HBAR', 'NEAR', 'OMNI', 'SOL']
2025-07-14 11:48:09,867 - core.analyzer - INFO - [DEBUG] Symbols configurados para análise: ['BNB', 'BTC', 'ENA', 'ETH', 'HBAR', 'NEAR', 'OMNI', 'SOL']
2025-07-14 11:48:09,868 - core.analyzer - INFO - [INFO] Symbols que serão analisados: ['BNB', 'BTC', 'ENA', 'ETH', 'HBAR', 'NEAR', 'OMNI', 'SOL']
2025-07-14 11:48:09,909 - core.data_reader - INFO - Carregados 599 pontos para BNB 5m
2025-07-14 11:48:10,046 - indicators.technical - INFO - Análise técnica concluída para BNB: RSI=0 sinais, MACD=0 sinais
2025-07-14 11:48:10,046 - core.analyzer - INFO - [SUCCESS] BNB: 0 sinais gerados, 0 salvos em 0.18s
2025-07-14 11:48:10,051 - core.data_reader - INFO - Carregados 598 pontos para ETH 5m
2025-07-14 11:48:10,124 - core.data_reader - INFO - Carregados 600 pontos para ENA 5m
2025-07-14 11:48:10,201 - indicators.technical - INFO - Análise técnica concluída para ETH: RSI=0 sinais, MACD=0 sinais
2025-07-14 11:48:10,272 - core.analyzer - INFO - [SUCCESS] ETH: 0 sinais gerados, 0 salvos em 0.40s
2025-07-14 11:48:10,315 - indicators.technical - INFO - Análise técnica concluída para ENA: RSI=0 sinais, MACD=0 sinais
2025-07-14 11:48:10,315 - core.analyzer - INFO - [SUCCESS] ENA: 0 sinais gerados, 0 salvos em 0.44s
2025-07-14 11:48:10,319 - core.data_reader - INFO - Carregados 604 pontos para BTC 5m
2025-07-14 11:48:10,452 - indicators.technical - INFO - Análise técnica concluída para BTC: RSI=0 sinais, MACD=0 sinais
2025-07-14 11:48:10,452 - core.analyzer - INFO - [SUCCESS] BTC: 0 sinais gerados, 0 salvos em 0.58s
2025-07-14 11:48:10,466 - core.data_reader - INFO - Carregados 598 pontos para HBAR 5m
2025-07-14 11:48:10,596 - indicators.technical - INFO - Análise técnica concluída para HBAR: RSI=0 sinais, MACD=0 sinais
2025-07-14 11:48:10,596 - core.analyzer - INFO - [SUCCESS] HBAR: 0 sinais gerados, 0 salvos em 0.55s
2025-07-14 11:48:10,600 - core.data_reader - INFO - Carregados 598 pontos para OMNI 5m
2025-07-14 11:48:10,728 - indicators.technical - INFO - Análise técnica concluída para OMNI: RSI=0 sinais, MACD=0 sinais
2025-07-14 11:48:10,729 - core.analyzer - INFO - [SUCCESS] OMNI: 0 sinais gerados, 0 salvos em 0.41s
2025-07-14 11:48:10,732 - core.data_reader - INFO - Carregados 604 pontos para SOL 5m
2025-07-14 11:48:10,795 - core.data_reader - INFO - Carregados 600 pontos para NEAR 5m
2025-07-14 11:48:10,899 - indicators.technical - INFO - Análise técnica concluída para SOL: RSI=0 sinais, MACD=0 sinais
2025-07-14 11:48:10,902 - core.analyzer - INFO - [SUCCESS] SOL: 0 sinais gerados, 0 salvos em 0.45s
2025-07-14 11:48:10,998 - indicators.technical - INFO - Análise técnica concluída para NEAR: RSI=0 sinais, MACD=0 sinais
2025-07-14 11:48:10,998 - core.analyzer - INFO - [SUCCESS] NEAR: 0 sinais gerados, 0 salvos em 0.72s
2025-07-14 11:48:10,999 - core.analyzer - INFO - [COMPLETE] Análise concluída: 8/8 symbols, 0 sinais em 1.14s
2025-07-14 11:48:10,999 - core.analyzer - INFO - [CYCLE] Ciclo concluído: 8 symbols analisados em 1.1s
2025-07-14 11:53:09,861 - core.analyzer - INFO - [START] Iniciando análise de 8 symbols
2025-07-14 11:53:09,868 - core.analyzer - INFO - [DEBUG] Symbols disponíveis no banco: ['BNB', 'BTC', 'ENA', 'ETH', 'HBAR', 'NEAR', 'OMNI', 'SOL']
2025-07-14 11:53:09,868 - core.analyzer - INFO - [DEBUG] Symbols configurados para análise: ['BNB', 'BTC', 'ENA', 'ETH', 'HBAR', 'NEAR', 'OMNI', 'SOL']
2025-07-14 11:53:09,869 - core.analyzer - INFO - [INFO] Symbols que serão analisados: ['BNB', 'BTC', 'ENA', 'ETH', 'HBAR', 'NEAR', 'OMNI', 'SOL']
2025-07-14 11:53:09,909 - core.data_reader - INFO - Carregados 602 pontos para BNB 5m
2025-07-14 11:53:10,044 - indicators.technical - INFO - Análise técnica concluída para BNB: RSI=0 sinais, MACD=0 sinais
2025-07-14 11:53:10,045 - core.analyzer - INFO - [SUCCESS] BNB: 0 sinais gerados, 0 salvos em 0.17s
2025-07-14 11:53:10,049 - core.data_reader - INFO - Carregados 601 pontos para ETH 5m
2025-07-14 11:53:10,179 - indicators.technical - INFO - Análise técnica concluída para ETH: RSI=0 sinais, MACD=0 sinais
2025-07-14 11:53:10,179 - core.analyzer - INFO - [SUCCESS] ETH: 0 sinais gerados, 0 salvos em 0.30s
2025-07-14 11:53:10,184 - core.data_reader - INFO - Carregados 603 pontos para ENA 5m
2025-07-14 11:53:10,314 - indicators.technical - INFO - Análise técnica concluída para ENA: RSI=0 sinais, MACD=0 sinais
2025-07-14 11:53:10,314 - core.analyzer - INFO - [SUCCESS] ENA: 0 sinais gerados, 0 salvos em 0.44s
2025-07-14 11:53:10,319 - core.data_reader - INFO - Carregados 607 pontos para BTC 5m
2025-07-14 11:53:10,450 - indicators.technical - INFO - Análise técnica concluída para BTC: RSI=0 sinais, MACD=0 sinais
2025-07-14 11:53:10,450 - core.analyzer - INFO - [SUCCESS] BTC: 0 sinais gerados, 0 salvos em 0.58s
2025-07-14 11:53:10,463 - core.data_reader - INFO - Carregados 601 pontos para HBAR 5m
2025-07-14 11:53:10,592 - indicators.technical - INFO - Análise técnica concluída para HBAR: RSI=0 sinais, MACD=0 sinais
2025-07-14 11:53:10,593 - core.analyzer - INFO - [SUCCESS] HBAR: 0 sinais gerados, 0 salvos em 0.55s
2025-07-14 11:53:10,597 - core.data_reader - INFO - Carregados 603 pontos para NEAR 5m
2025-07-14 11:53:10,726 - indicators.technical - INFO - Análise técnica concluída para NEAR: RSI=0 sinais, MACD=0 sinais
2025-07-14 11:53:10,726 - core.analyzer - INFO - [SUCCESS] NEAR: 0 sinais gerados, 0 salvos em 0.55s
2025-07-14 11:53:10,730 - core.data_reader - INFO - Carregados 601 pontos para OMNI 5m
2025-07-14 11:53:10,865 - indicators.technical - INFO - Análise técnica concluída para OMNI: RSI=0 sinais, MACD=0 sinais
2025-07-14 11:53:10,865 - core.data_reader - INFO - Carregados 607 pontos para SOL 5m
2025-07-14 11:53:10,865 - core.analyzer - INFO - [SUCCESS] OMNI: 0 sinais gerados, 0 salvos em 0.55s
2025-07-14 11:53:10,986 - indicators.technical - INFO - Análise técnica concluída para SOL: RSI=0 sinais, MACD=0 sinais
2025-07-14 11:53:10,986 - core.analyzer - INFO - [SUCCESS] SOL: 0 sinais gerados, 0 salvos em 0.54s
2025-07-14 11:53:10,987 - core.analyzer - INFO - [COMPLETE] Análise concluída: 8/8 symbols, 0 sinais em 1.13s
2025-07-14 11:53:10,987 - core.analyzer - INFO - [CYCLE] Ciclo concluído: 8 symbols analisados em 1.1s
2025-07-14 11:58:09,862 - core.analyzer - INFO - [START] Iniciando análise de 8 symbols
2025-07-14 11:58:09,868 - core.analyzer - INFO - [DEBUG] Symbols disponíveis no banco: ['BNB', 'BTC', 'ENA', 'ETH', 'HBAR', 'NEAR', 'OMNI', 'SOL']
2025-07-14 11:58:09,868 - core.analyzer - INFO - [DEBUG] Symbols configurados para análise: ['BNB', 'BTC', 'ENA', 'ETH', 'HBAR', 'NEAR', 'OMNI', 'SOL']
2025-07-14 11:58:09,869 - core.analyzer - INFO - [INFO] Symbols que serão analisados: ['BNB', 'BTC', 'ENA', 'ETH', 'HBAR', 'NEAR', 'OMNI', 'SOL']
2025-07-14 11:58:09,919 - core.data_reader - INFO - Carregados 606 pontos para BNB 5m
2025-07-14 11:58:10,055 - indicators.technical - INFO - Análise técnica concluída para BNB: RSI=0 sinais, MACD=0 sinais
2025-07-14 11:58:10,056 - core.analyzer - INFO - [SUCCESS] BNB: 0 sinais gerados, 0 salvos em 0.18s
2025-07-14 11:58:10,063 - core.data_reader - INFO - Carregados 607 pontos para ENA 5m
2025-07-14 11:58:10,064 - core.data_reader - INFO - Carregados 605 pontos para ETH 5m
2025-07-14 11:58:10,282 - indicators.technical - INFO - Análise técnica concluída para ETH: RSI=0 sinais, MACD=0 sinais
2025-07-14 11:58:10,283 - core.analyzer - INFO - [SUCCESS] ETH: 0 sinais gerados, 0 salvos em 0.41s
2025-07-14 11:58:10,286 - core.data_reader - INFO - Carregados 611 pontos para BTC 5m
2025-07-14 11:58:10,420 - indicators.technical - INFO - Análise técnica concluída para BTC: RSI=0 sinais, MACD=0 sinais
2025-07-14 11:58:10,420 - core.analyzer - INFO - [SUCCESS] BTC: 0 sinais gerados, 0 salvos em 0.55s
2025-07-14 11:58:10,469 - indicators.technical - INFO - Análise técnica concluída para ENA: RSI=0 sinais, MACD=0 sinais
2025-07-14 11:58:10,469 - core.analyzer - INFO - [SUCCESS] ENA: 0 sinais gerados, 0 salvos em 0.60s
2025-07-14 11:58:10,479 - core.data_reader - INFO - Carregados 605 pontos para HBAR 5m
2025-07-14 11:58:10,612 - indicators.technical - INFO - Análise técnica concluída para HBAR: RSI=0 sinais, MACD=0 sinais
2025-07-14 11:58:10,612 - core.analyzer - INFO - [SUCCESS] HBAR: 0 sinais gerados, 0 salvos em 0.56s
2025-07-14 11:58:10,616 - core.data_reader - INFO - Carregados 605 pontos para OMNI 5m
2025-07-14 11:58:10,746 - indicators.technical - INFO - Análise técnica concluída para OMNI: RSI=0 sinais, MACD=0 sinais
2025-07-14 11:58:10,747 - core.analyzer - INFO - [SUCCESS] OMNI: 0 sinais gerados, 0 salvos em 0.33s
2025-07-14 11:58:10,751 - core.data_reader - INFO - Carregados 607 pontos para NEAR 5m
2025-07-14 11:58:10,882 - indicators.technical - INFO - Análise técnica concluída para NEAR: RSI=0 sinais, MACD=0 sinais
2025-07-14 11:58:10,882 - core.analyzer - INFO - [SUCCESS] NEAR: 0 sinais gerados, 0 salvos em 0.60s
2025-07-14 11:58:10,886 - core.data_reader - INFO - Carregados 611 pontos para SOL 5m
2025-07-14 11:58:11,005 - indicators.technical - INFO - Análise técnica concluída para SOL: RSI=0 sinais, MACD=0 sinais
2025-07-14 11:58:11,005 - core.analyzer - INFO - [SUCCESS] SOL: 0 sinais gerados, 0 salvos em 0.54s
2025-07-14 11:58:11,006 - core.analyzer - INFO - [COMPLETE] Análise concluída: 8/8 symbols, 0 sinais em 1.14s
2025-07-14 11:58:11,006 - core.analyzer - INFO - [CYCLE] Ciclo concluído: 8 symbols analisados em 1.1s
2025-07-14 12:03:09,862 - core.analyzer - INFO - [START] Iniciando análise de 8 symbols
2025-07-14 12:03:09,872 - core.analyzer - INFO - [DEBUG] Symbols disponíveis no banco: ['BNB', 'BTC', 'ENA', 'ETH', 'HBAR', 'NEAR', 'OMNI', 'SOL']
2025-07-14 12:03:09,873 - core.analyzer - INFO - [DEBUG] Symbols configurados para análise: ['BNB', 'BTC', 'ENA', 'ETH', 'HBAR', 'NEAR', 'OMNI', 'SOL']
2025-07-14 12:03:09,874 - core.analyzer - INFO - [INFO] Symbols que serão analisados: ['BNB', 'BTC', 'ENA', 'ETH', 'HBAR', 'NEAR', 'OMNI', 'SOL']
2025-07-14 12:03:09,916 - core.data_reader - INFO - Carregados 608 pontos para BNB 5m
2025-07-14 12:03:10,053 - indicators.technical - INFO - Análise técnica concluída para BNB: RSI=0 sinais, MACD=0 sinais
2025-07-14 12:03:10,053 - core.analyzer - INFO - [SUCCESS] BNB: 0 sinais gerados, 0 salvos em 0.18s
2025-07-14 12:03:10,058 - core.data_reader - INFO - Carregados 613 pontos para BTC 5m
2025-07-14 12:03:10,192 - indicators.technical - INFO - Análise técnica concluída para BTC: RSI=0 sinais, MACD=0 sinais
2025-07-14 12:03:10,192 - core.analyzer - INFO - [SUCCESS] BTC: 0 sinais gerados, 0 salvos em 0.31s
2025-07-14 12:03:10,196 - core.data_reader - INFO - Carregados 609 pontos para ENA 5m
2025-07-14 12:03:10,329 - indicators.technical - INFO - Análise técnica concluída para ENA: RSI=0 sinais, MACD=0 sinais
2025-07-14 12:03:10,329 - core.analyzer - INFO - [SUCCESS] ENA: 0 sinais gerados, 0 salvos em 0.45s
2025-07-14 12:03:10,334 - core.data_reader - INFO - Carregados 607 pontos para ETH 5m
2025-07-14 12:03:10,465 - indicators.technical - INFO - Análise técnica concluída para ETH: RSI=0 sinais, MACD=0 sinais
2025-07-14 12:03:10,465 - core.analyzer - INFO - [SUCCESS] ETH: 0 sinais gerados, 0 salvos em 0.59s
2025-07-14 12:03:10,478 - core.data_reader - INFO - Carregados 607 pontos para HBAR 5m
2025-07-14 12:03:10,609 - indicators.technical - INFO - Análise técnica concluída para HBAR: RSI=0 sinais, MACD=0 sinais
2025-07-14 12:03:10,609 - core.analyzer - INFO - [SUCCESS] HBAR: 0 sinais gerados, 0 salvos em 0.56s
2025-07-14 12:03:10,614 - core.data_reader - INFO - Carregados 609 pontos para NEAR 5m
2025-07-14 12:03:10,788 - indicators.technical - INFO - Análise técnica concluída para NEAR: RSI=0 sinais, MACD=0 sinais
2025-07-14 12:03:10,790 - core.analyzer - INFO - [SUCCESS] NEAR: 0 sinais gerados, 0 salvos em 0.60s
2025-07-14 12:03:10,791 - core.data_reader - INFO - Carregados 607 pontos para OMNI 5m
2025-07-14 12:03:10,928 - indicators.technical - INFO - Análise técnica concluída para OMNI: RSI=0 sinais, MACD=0 sinais
2025-07-14 12:03:10,928 - core.analyzer - INFO - [SUCCESS] OMNI: 0 sinais gerados, 0 salvos em 0.60s
2025-07-14 12:03:10,932 - core.data_reader - INFO - Carregados 613 pontos para SOL 5m
2025-07-14 12:03:11,050 - indicators.technical - INFO - Análise técnica concluída para SOL: RSI=0 sinais, MACD=0 sinais
2025-07-14 12:03:11,050 - core.analyzer - INFO - [SUCCESS] SOL: 0 sinais gerados, 0 salvos em 0.58s
2025-07-14 12:03:11,051 - core.analyzer - INFO - [COMPLETE] Análise concluída: 8/8 symbols, 0 sinais em 1.19s
2025-07-14 12:03:11,051 - core.analyzer - INFO - [CYCLE] Ciclo concluído: 8 symbols analisados em 1.2s
2025-07-14 12:08:09,863 - core.analyzer - INFO - [START] Iniciando análise de 8 symbols
2025-07-14 12:08:09,867 - core.analyzer - INFO - [DEBUG] Symbols disponíveis no banco: ['BNB', 'BTC', 'ENA', 'ETH', 'HBAR', 'NEAR', 'OMNI', 'SOL']
2025-07-14 12:08:09,868 - core.analyzer - INFO - [DEBUG] Symbols configurados para análise: ['BNB', 'BTC', 'ENA', 'ETH', 'HBAR', 'NEAR', 'OMNI', 'SOL']
2025-07-14 12:08:09,868 - core.analyzer - INFO - [INFO] Symbols que serão analisados: ['BNB', 'BTC', 'ENA', 'ETH', 'HBAR', 'NEAR', 'OMNI', 'SOL']
2025-07-14 12:08:09,905 - core.data_reader - INFO - Carregados 608 pontos para BNB 5m
2025-07-14 12:08:09,907 - core.data_reader - INFO - Carregados 613 pontos para BTC 5m
2025-07-14 12:08:10,373 - indicators.technical - INFO - Análise técnica concluída para BNB: RSI=0 sinais, MACD=0 sinais
2025-07-14 12:08:10,384 - core.analyzer - INFO - [SUCCESS] BNB: 0 sinais gerados, 0 salvos em 0.51s
2025-07-14 12:08:10,478 - indicators.technical - INFO - Análise técnica concluída para BTC: RSI=0 sinais, MACD=0 sinais
2025-07-14 12:08:10,480 - core.analyzer - INFO - [SUCCESS] BTC: 0 sinais gerados, 0 salvos em 0.61s
2025-07-14 12:08:10,486 - core.data_reader - INFO - Carregados 612 pontos para ENA 5m
2025-07-14 12:08:10,637 - indicators.technical - INFO - Análise técnica concluída para ENA: RSI=0 sinais, MACD=0 sinais
2025-07-14 12:08:10,639 - core.analyzer - INFO - [SUCCESS] ENA: 0 sinais gerados, 0 salvos em 0.76s
2025-07-14 12:08:10,640 - core.data_reader - INFO - Carregados 607 pontos para ETH 5m
2025-07-14 12:08:10,773 - indicators.technical - INFO - Análise técnica concluída para ETH: RSI=0 sinais, MACD=0 sinais
2025-07-14 12:08:10,773 - core.analyzer - INFO - [SUCCESS] ETH: 0 sinais gerados, 0 salvos em 0.89s
2025-07-14 12:08:10,781 - core.data_reader - INFO - Carregados 607 pontos para HBAR 5m
2025-07-14 12:08:10,984 - indicators.technical - INFO - Análise técnica concluída para HBAR: RSI=0 sinais, MACD=0 sinais
2025-07-14 12:08:10,984 - core.analyzer - INFO - [SUCCESS] HBAR: 0 sinais gerados, 0 salvos em 0.58s
2025-07-14 12:08:10,991 - core.data_reader - INFO - Carregados 609 pontos para NEAR 5m
2025-07-14 12:08:11,213 - indicators.technical - INFO - Análise técnica concluída para NEAR: RSI=0 sinais, MACD=0 sinais
2025-07-14 12:08:11,214 - core.analyzer - INFO - [SUCCESS] NEAR: 0 sinais gerados, 0 salvos em 0.73s
2025-07-14 12:08:11,223 - core.data_reader - INFO - Carregados 613 pontos para SOL 5m
2025-07-14 12:08:11,223 - core.data_reader - INFO - Carregados 607 pontos para OMNI 5m
2025-07-14 12:08:11,626 - indicators.technical - INFO - Análise técnica concluída para OMNI: RSI=0 sinais, MACD=0 sinais
2025-07-14 12:08:11,642 - indicators.technical - INFO - Análise técnica concluída para SOL: RSI=0 sinais, MACD=0 sinais
2025-07-14 12:08:11,643 - core.analyzer - INFO - [SUCCESS] OMNI: 0 sinais gerados, 0 salvos em 1.00s
2025-07-14 12:08:11,643 - core.analyzer - INFO - [SUCCESS] SOL: 0 sinais gerados, 0 salvos em 0.87s
2025-07-14 12:08:11,643 - core.analyzer - INFO - [COMPLETE] Análise concluída: 8/8 symbols, 0 sinais em 1.78s
2025-07-14 12:08:11,644 - core.analyzer - INFO - [CYCLE] Ciclo concluído: 8 symbols analisados em 1.8s
2025-07-14 12:13:09,863 - core.analyzer - INFO - [START] Iniciando análise de 8 symbols
2025-07-14 12:13:09,869 - core.analyzer - INFO - [DEBUG] Symbols disponíveis no banco: ['BNB', 'BTC', 'ENA', 'ETH', 'HBAR', 'NEAR', 'OMNI', 'SOL']
2025-07-14 12:13:09,870 - core.analyzer - INFO - [DEBUG] Symbols configurados para análise: ['BNB', 'BTC', 'ENA', 'ETH', 'HBAR', 'NEAR', 'OMNI', 'SOL']
2025-07-14 12:13:09,871 - core.analyzer - INFO - [INFO] Symbols que serão analisados: ['BNB', 'BTC', 'ENA', 'ETH', 'HBAR', 'NEAR', 'OMNI', 'SOL']
2025-07-14 12:13:09,915 - core.data_reader - INFO - Carregados 611 pontos para BNB 5m
2025-07-14 12:13:10,050 - indicators.technical - INFO - Análise técnica concluída para BNB: RSI=0 sinais, MACD=0 sinais
2025-07-14 12:13:10,050 - core.analyzer - INFO - [SUCCESS] BNB: 0 sinais gerados, 0 salvos em 0.18s
2025-07-14 12:13:10,055 - core.data_reader - INFO - Carregados 612 pontos para ENA 5m
2025-07-14 12:13:10,189 - indicators.technical - INFO - Análise técnica concluída para ENA: RSI=0 sinais, MACD=0 sinais
2025-07-14 12:13:10,190 - core.data_reader - INFO - Carregados 616 pontos para BTC 5m
2025-07-14 12:13:10,190 - core.analyzer - INFO - [SUCCESS] ENA: 0 sinais gerados, 0 salvos em 0.31s
2025-07-14 12:13:10,326 - indicators.technical - INFO - Análise técnica concluída para BTC: RSI=0 sinais, MACD=0 sinais
2025-07-14 12:13:10,327 - core.analyzer - INFO - [SUCCESS] BTC: 0 sinais gerados, 0 salvos em 0.45s
2025-07-14 12:13:10,330 - core.data_reader - INFO - Carregados 610 pontos para ETH 5m
2025-07-14 12:13:10,464 - indicators.technical - INFO - Análise técnica concluída para ETH: RSI=0 sinais, MACD=0 sinais
2025-07-14 12:13:10,464 - core.analyzer - INFO - [SUCCESS] ETH: 0 sinais gerados, 0 salvos em 0.59s
2025-07-14 12:13:10,478 - core.data_reader - INFO - Carregados 610 pontos para HBAR 5m
2025-07-14 12:13:10,610 - indicators.technical - INFO - Análise técnica concluída para HBAR: RSI=0 sinais, MACD=0 sinais
2025-07-14 12:13:10,611 - core.analyzer - INFO - [SUCCESS] HBAR: 0 sinais gerados, 0 salvos em 0.56s
2025-07-14 12:13:10,614 - core.data_reader - INFO - Carregados 612 pontos para NEAR 5m
2025-07-14 12:13:10,748 - indicators.technical - INFO - Análise técnica concluída para NEAR: RSI=0 sinais, MACD=0 sinais
2025-07-14 12:13:10,748 - core.analyzer - INFO - [SUCCESS] NEAR: 0 sinais gerados, 0 salvos em 0.50s
2025-07-14 12:13:10,754 - core.data_reader - INFO - Carregados 610 pontos para OMNI 5m
2025-07-14 12:13:10,755 - core.data_reader - INFO - Carregados 616 pontos para SOL 5m
2025-07-14 12:13:11,007 - indicators.technical - INFO - Análise técnica concluída para OMNI: RSI=0 sinais, MACD=0 sinais
2025-07-14 12:13:11,020 - core.analyzer - INFO - [SUCCESS] OMNI: 0 sinais gerados, 0 salvos em 0.69s
2025-07-14 12:13:11,031 - indicators.technical - INFO - Análise técnica concluída para SOL: RSI=0 sinais, MACD=0 sinais
2025-07-14 12:13:11,032 - core.analyzer - INFO - [SUCCESS] SOL: 0 sinais gerados, 0 salvos em 0.57s
2025-07-14 12:13:11,032 - core.analyzer - INFO - [COMPLETE] Análise concluída: 8/8 symbols, 0 sinais em 1.17s
2025-07-14 12:13:11,032 - core.analyzer - INFO - [CYCLE] Ciclo concluído: 8 symbols analisados em 1.2s
2025-07-14 12:18:09,864 - core.analyzer - INFO - [START] Iniciando análise de 8 symbols
2025-07-14 12:18:09,870 - core.analyzer - INFO - [DEBUG] Symbols disponíveis no banco: ['BNB', 'BTC', 'ENA', 'ETH', 'HBAR', 'NEAR', 'OMNI', 'SOL']
2025-07-14 12:18:09,871 - core.analyzer - INFO - [DEBUG] Symbols configurados para análise: ['BNB', 'BTC', 'ENA', 'ETH', 'HBAR', 'NEAR', 'OMNI', 'SOL']
2025-07-14 12:18:09,872 - core.analyzer - INFO - [INFO] Symbols que serão analisados: ['BNB', 'BTC', 'ENA', 'ETH', 'HBAR', 'NEAR', 'OMNI', 'SOL']
2025-07-14 12:18:09,919 - core.data_reader - INFO - Carregados 615 pontos para ENA 5m
2025-07-14 12:18:10,059 - indicators.technical - INFO - Análise técnica concluída para ENA: RSI=0 sinais, MACD=0 sinais
2025-07-14 12:18:10,059 - core.analyzer - INFO - [SUCCESS] ENA: 0 sinais gerados, 0 salvos em 0.18s
2025-07-14 12:18:10,064 - core.data_reader - INFO - Carregados 613 pontos para ETH 5m
2025-07-14 12:18:10,198 - indicators.technical - INFO - Análise técnica concluída para ETH: RSI=0 sinais, MACD=0 sinais
2025-07-14 12:18:10,199 - core.analyzer - INFO - [SUCCESS] ETH: 0 sinais gerados, 0 salvos em 0.32s
2025-07-14 12:18:10,206 - core.data_reader - INFO - Carregados 614 pontos para BNB 5m
2025-07-14 12:18:10,341 - indicators.technical - INFO - Análise técnica concluída para BNB: RSI=0 sinais, MACD=0 sinais
2025-07-14 12:18:10,341 - core.analyzer - INFO - [SUCCESS] BNB: 0 sinais gerados, 0 salvos em 0.47s
2025-07-14 12:18:10,346 - core.data_reader - INFO - Carregados 619 pontos para BTC 5m
2025-07-14 12:18:10,481 - indicators.technical - INFO - Análise técnica concluída para BTC: RSI=0 sinais, MACD=0 sinais
2025-07-14 12:18:10,481 - core.analyzer - INFO - [SUCCESS] BTC: 0 sinais gerados, 0 salvos em 0.61s
2025-07-14 12:18:10,491 - core.data_reader - INFO - Carregados 613 pontos para HBAR 5m
2025-07-14 12:18:10,625 - indicators.technical - INFO - Análise técnica concluída para HBAR: RSI=0 sinais, MACD=0 sinais
2025-07-14 12:18:10,628 - core.analyzer - INFO - [SUCCESS] HBAR: 0 sinais gerados, 0 salvos em 0.57s
2025-07-14 12:18:10,629 - core.data_reader - INFO - Carregados 615 pontos para NEAR 5m
2025-07-14 12:18:10,761 - indicators.technical - INFO - Análise técnica concluída para NEAR: RSI=0 sinais, MACD=0 sinais
2025-07-14 12:18:10,762 - core.analyzer - INFO - [SUCCESS] NEAR: 0 sinais gerados, 0 salvos em 0.56s
2025-07-14 12:18:10,766 - core.data_reader - INFO - Carregados 613 pontos para OMNI 5m
2025-07-14 12:18:10,900 - indicators.technical - INFO - Análise técnica concluída para OMNI: RSI=0 sinais, MACD=0 sinais
2025-07-14 12:18:10,901 - core.analyzer - INFO - [SUCCESS] OMNI: 0 sinais gerados, 0 salvos em 0.56s
2025-07-14 12:18:10,905 - core.data_reader - INFO - Carregados 619 pontos para SOL 5m
2025-07-14 12:18:11,025 - indicators.technical - INFO - Análise técnica concluída para SOL: RSI=0 sinais, MACD=0 sinais
2025-07-14 12:18:11,025 - core.analyzer - INFO - [SUCCESS] SOL: 0 sinais gerados, 0 salvos em 0.54s
2025-07-14 12:18:11,026 - core.analyzer - INFO - [COMPLETE] Análise concluída: 8/8 symbols, 0 sinais em 1.16s
2025-07-14 12:18:11,026 - core.analyzer - INFO - [CYCLE] Ciclo concluído: 8 symbols analisados em 1.2s
2025-07-14 12:23:09,865 - core.analyzer - INFO - [START] Iniciando análise de 8 symbols
2025-07-14 12:23:09,871 - core.analyzer - INFO - [DEBUG] Symbols disponíveis no banco: ['BNB', 'BTC', 'ENA', 'ETH', 'HBAR', 'NEAR', 'OMNI', 'SOL']
2025-07-14 12:23:09,872 - core.analyzer - INFO - [DEBUG] Symbols configurados para análise: ['BNB', 'BTC', 'ENA', 'ETH', 'HBAR', 'NEAR', 'OMNI', 'SOL']
2025-07-14 12:23:09,872 - core.analyzer - INFO - [INFO] Symbols que serão analisados: ['BNB', 'BTC', 'ENA', 'ETH', 'HBAR', 'NEAR', 'OMNI', 'SOL']
2025-07-14 12:23:09,916 - core.data_reader - INFO - Carregados 618 pontos para BNB 5m
2025-07-14 12:23:10,055 - indicators.technical - INFO - Análise técnica concluída para BNB: RSI=0 sinais, MACD=0 sinais
2025-07-14 12:23:10,055 - core.analyzer - INFO - [SUCCESS] BNB: 0 sinais gerados, 0 salvos em 0.18s
2025-07-14 12:23:10,059 - core.data_reader - INFO - Carregados 619 pontos para ENA 5m
2025-07-14 12:23:10,194 - indicators.technical - INFO - Análise técnica concluída para ENA: RSI=0 sinais, MACD=0 sinais
2025-07-14 12:23:10,194 - core.analyzer - INFO - [SUCCESS] ENA: 0 sinais gerados, 0 salvos em 0.32s
2025-07-14 12:23:10,199 - core.data_reader - INFO - Carregados 617 pontos para ETH 5m
2025-07-14 12:23:10,335 - indicators.technical - INFO - Análise técnica concluída para ETH: RSI=0 sinais, MACD=0 sinais
2025-07-14 12:23:10,336 - core.data_reader - INFO - Carregados 623 pontos para BTC 5m
2025-07-14 12:23:10,336 - core.analyzer - INFO - [SUCCESS] ETH: 0 sinais gerados, 0 salvos em 0.46s
2025-07-14 12:23:10,472 - indicators.technical - INFO - Análise técnica concluída para BTC: RSI=0 sinais, MACD=0 sinais
2025-07-14 12:23:10,473 - core.analyzer - INFO - [SUCCESS] BTC: 0 sinais gerados, 0 salvos em 0.60s
2025-07-14 12:23:10,486 - core.data_reader - INFO - Carregados 617 pontos para HBAR 5m
2025-07-14 12:23:10,619 - indicators.technical - INFO - Análise técnica concluída para HBAR: RSI=0 sinais, MACD=0 sinais
2025-07-14 12:23:10,619 - core.analyzer - INFO - [SUCCESS] HBAR: 0 sinais gerados, 0 salvos em 0.56s
2025-07-14 12:23:10,624 - core.data_reader - INFO - Carregados 619 pontos para NEAR 5m
2025-07-14 12:23:10,778 - indicators.technical - INFO - Análise técnica concluída para NEAR: RSI=0 sinais, MACD=0 sinais
2025-07-14 12:23:10,782 - core.analyzer - INFO - [SUCCESS] NEAR: 0 sinais gerados, 0 salvos em 0.59s
2025-07-14 12:23:10,782 - core.data_reader - INFO - Carregados 617 pontos para OMNI 5m
2025-07-14 12:23:10,939 - indicators.technical - INFO - Análise técnica concluída para OMNI: RSI=0 sinais, MACD=0 sinais
2025-07-14 12:23:10,939 - core.analyzer - INFO - [SUCCESS] OMNI: 0 sinais gerados, 0 salvos em 0.56s
2025-07-14 12:23:10,943 - core.data_reader - INFO - Carregados 623 pontos para SOL 5m
2025-07-14 12:23:11,073 - indicators.technical - INFO - Análise técnica concluída para SOL: RSI=0 sinais, MACD=0 sinais
2025-07-14 12:23:11,073 - core.analyzer - INFO - [SUCCESS] SOL: 0 sinais gerados, 0 salvos em 0.60s
2025-07-14 12:23:11,074 - core.analyzer - INFO - [COMPLETE] Análise concluída: 8/8 symbols, 0 sinais em 1.21s
2025-07-14 12:23:11,074 - core.analyzer - INFO - [CYCLE] Ciclo concluído: 8 symbols analisados em 1.2s
2025-07-14 12:28:09,865 - core.analyzer - INFO - [START] Iniciando análise de 8 symbols
2025-07-14 12:28:09,871 - core.analyzer - INFO - [DEBUG] Symbols disponíveis no banco: ['BNB', 'BTC', 'ENA', 'ETH', 'HBAR', 'NEAR', 'OMNI', 'SOL']
2025-07-14 12:28:09,872 - core.analyzer - INFO - [DEBUG] Symbols configurados para análise: ['BNB', 'BTC', 'ENA', 'ETH', 'HBAR', 'NEAR', 'OMNI', 'SOL']
2025-07-14 12:28:09,873 - core.analyzer - INFO - [INFO] Symbols que serão analisados: ['BNB', 'BTC', 'ENA', 'ETH', 'HBAR', 'NEAR', 'OMNI', 'SOL']
2025-07-14 12:28:09,917 - core.data_reader - INFO - Carregados 622 pontos para BNB 5m
2025-07-14 12:28:10,057 - indicators.technical - INFO - Análise técnica concluída para BNB: RSI=0 sinais, MACD=0 sinais
2025-07-14 12:28:10,057 - core.analyzer - INFO - [SUCCESS] BNB: 0 sinais gerados, 0 salvos em 0.18s
2025-07-14 12:28:10,061 - core.data_reader - INFO - Carregados 621 pontos para ETH 5m
2025-07-14 12:28:10,195 - indicators.technical - INFO - Análise técnica concluída para ETH: RSI=0 sinais, MACD=0 sinais
2025-07-14 12:28:10,195 - core.analyzer - INFO - [SUCCESS] ETH: 0 sinais gerados, 0 salvos em 0.32s
2025-07-14 12:28:10,200 - core.data_reader - INFO - Carregados 623 pontos para ENA 5m
2025-07-14 12:28:10,335 - indicators.technical - INFO - Análise técnica concluída para ENA: RSI=0 sinais, MACD=0 sinais
2025-07-14 12:28:10,336 - core.analyzer - INFO - [SUCCESS] ENA: 0 sinais gerados, 0 salvos em 0.46s
2025-07-14 12:28:10,340 - core.data_reader - INFO - Carregados 627 pontos para BTC 5m
2025-07-14 12:28:10,476 - indicators.technical - INFO - Análise técnica concluída para BTC: RSI=0 sinais, MACD=0 sinais
2025-07-14 12:28:10,477 - core.analyzer - INFO - [SUCCESS] BTC: 0 sinais gerados, 0 salvos em 0.60s
2025-07-14 12:28:10,491 - core.data_reader - INFO - Carregados 621 pontos para OMNI 5m
2025-07-14 12:28:10,556 - core.data_reader - INFO - Carregados 621 pontos para HBAR 5m
2025-07-14 12:28:10,721 - indicators.technical - INFO - Análise técnica concluída para HBAR: RSI=0 sinais, MACD=0 sinais
2025-07-14 12:28:10,721 - core.analyzer - INFO - [SUCCESS] HBAR: 0 sinais gerados, 0 salvos em 0.66s
2025-07-14 12:28:10,725 - core.data_reader - INFO - Carregados 627 pontos para SOL 5m
2025-07-14 12:28:10,865 - indicators.technical - INFO - Análise técnica concluída para SOL: RSI=0 sinais, MACD=0 sinais
2025-07-14 12:28:10,867 - core.data_reader - INFO - Carregados 623 pontos para NEAR 5m
2025-07-14 12:28:10,867 - core.analyzer - INFO - [SUCCESS] SOL: 0 sinais gerados, 0 salvos em 0.39s
2025-07-14 12:28:11,011 - indicators.technical - INFO - Análise técnica concluída para NEAR: RSI=0 sinais, MACD=0 sinais
2025-07-14 12:28:11,012 - core.analyzer - INFO - [SUCCESS] NEAR: 0 sinais gerados, 0 salvos em 0.82s
2025-07-14 12:28:11,051 - indicators.technical - INFO - Análise técnica concluída para OMNI: RSI=0 sinais, MACD=0 sinais
2025-07-14 12:28:11,052 - core.analyzer - INFO - [SUCCESS] OMNI: 0 sinais gerados, 0 salvos em 0.72s
2025-07-14 12:28:11,052 - core.analyzer - INFO - [COMPLETE] Análise concluída: 8/8 symbols, 0 sinais em 1.19s
2025-07-14 12:28:11,053 - core.analyzer - INFO - [CYCLE] Ciclo concluído: 8 symbols analisados em 1.2s
2025-07-14 12:33:09,866 - core.analyzer - INFO - [START] Iniciando análise de 8 symbols
2025-07-14 12:33:09,876 - core.analyzer - INFO - [DEBUG] Symbols disponíveis no banco: ['BNB', 'BTC', 'ENA', 'ETH', 'HBAR', 'NEAR', 'OMNI', 'SOL']
2025-07-14 12:33:09,877 - core.analyzer - INFO - [DEBUG] Symbols configurados para análise: ['BNB', 'BTC', 'ENA', 'ETH', 'HBAR', 'NEAR', 'OMNI', 'SOL']
2025-07-14 12:33:09,878 - core.analyzer - INFO - [INFO] Symbols que serão analisados: ['BNB', 'BTC', 'ENA', 'ETH', 'HBAR', 'NEAR', 'OMNI', 'SOL']
2025-07-14 12:33:09,922 - core.data_reader - INFO - Carregados 630 pontos para BTC 5m
2025-07-14 12:33:10,062 - indicators.technical - INFO - Análise técnica concluída para BTC: RSI=0 sinais, MACD=0 sinais
2025-07-14 12:33:10,063 - core.analyzer - INFO - [SUCCESS] BTC: 0 sinais gerados, 0 salvos em 0.18s
2025-07-14 12:33:10,067 - core.data_reader - INFO - Carregados 625 pontos para BNB 5m
2025-07-14 12:33:10,202 - indicators.technical - INFO - Análise técnica concluída para BNB: RSI=0 sinais, MACD=0 sinais
2025-07-14 12:33:10,202 - core.analyzer - INFO - [SUCCESS] BNB: 0 sinais gerados, 0 salvos em 0.32s
2025-07-14 12:33:10,206 - core.data_reader - INFO - Carregados 626 pontos para ENA 5m
2025-07-14 12:33:10,341 - indicators.technical - INFO - Análise técnica concluída para ENA: RSI=0 sinais, MACD=0 sinais
2025-07-14 12:33:10,342 - core.analyzer - INFO - [SUCCESS] ENA: 0 sinais gerados, 0 salvos em 0.46s
2025-07-14 12:33:10,346 - core.data_reader - INFO - Carregados 624 pontos para ETH 5m
2025-07-14 12:33:10,481 - indicators.technical - INFO - Análise técnica concluída para ETH: RSI=0 sinais, MACD=0 sinais
2025-07-14 12:33:10,482 - core.analyzer - INFO - [SUCCESS] ETH: 0 sinais gerados, 0 salvos em 0.60s
2025-07-14 12:33:10,496 - core.data_reader - INFO - Carregados 624 pontos para HBAR 5m
2025-07-14 12:33:10,632 - indicators.technical - INFO - Análise técnica concluída para HBAR: RSI=0 sinais, MACD=0 sinais
2025-07-14 12:33:10,635 - core.analyzer - INFO - [SUCCESS] HBAR: 0 sinais gerados, 0 salvos em 0.57s
2025-07-14 12:33:10,635 - core.data_reader - INFO - Carregados 626 pontos para NEAR 5m
2025-07-14 12:33:10,752 - core.data_reader - INFO - Carregados 624 pontos para OMNI 5m
2025-07-14 12:33:10,776 - indicators.technical - INFO - Análise técnica concluída para NEAR: RSI=0 sinais, MACD=0 sinais
2025-07-14 12:33:10,865 - core.analyzer - INFO - [SUCCESS] NEAR: 0 sinais gerados, 0 salvos em 0.66s
2025-07-14 12:33:10,884 - core.data_reader - INFO - Carregados 630 pontos para SOL 5m
2025-07-14 12:33:10,969 - indicators.technical - INFO - Análise técnica concluída para OMNI: RSI=0 sinais, MACD=0 sinais
2025-07-14 12:33:10,977 - core.analyzer - INFO - [SUCCESS] OMNI: 0 sinais gerados, 0 salvos em 0.64s
2025-07-14 12:33:11,068 - indicators.technical - INFO - Análise técnica concluída para SOL: RSI=0 sinais, MACD=0 sinais
2025-07-14 12:33:11,068 - core.analyzer - INFO - [SUCCESS] SOL: 0 sinais gerados, 0 salvos em 0.59s
2025-07-14 12:33:11,069 - core.analyzer - INFO - [COMPLETE] Análise concluída: 8/8 symbols, 0 sinais em 1.20s
2025-07-14 12:33:11,069 - core.analyzer - INFO - [CYCLE] Ciclo concluído: 8 symbols analisados em 1.2s
2025-07-14 12:38:09,867 - core.analyzer - INFO - [START] Iniciando análise de 8 symbols
2025-07-14 12:38:09,873 - core.analyzer - INFO - [DEBUG] Symbols disponíveis no banco: ['BNB', 'BTC', 'ENA', 'ETH', 'HBAR', 'NEAR', 'OMNI', 'SOL']
2025-07-14 12:38:09,874 - core.analyzer - INFO - [DEBUG] Symbols configurados para análise: ['BNB', 'BTC', 'ENA', 'ETH', 'HBAR', 'NEAR', 'OMNI', 'SOL']
2025-07-14 12:38:09,874 - core.analyzer - INFO - [INFO] Symbols que serão analisados: ['BNB', 'BTC', 'ENA', 'ETH', 'HBAR', 'NEAR', 'OMNI', 'SOL']
2025-07-14 12:38:09,920 - core.data_reader - INFO - Carregados 630 pontos para BTC 5m
2025-07-14 12:38:10,060 - indicators.technical - INFO - Análise técnica concluída para BTC: RSI=0 sinais, MACD=0 sinais
2025-07-14 12:38:10,061 - core.analyzer - INFO - [SUCCESS] BTC: 0 sinais gerados, 0 salvos em 0.18s
2025-07-14 12:38:10,065 - core.data_reader - INFO - Carregados 625 pontos para BNB 5m
2025-07-14 12:38:10,202 - indicators.technical - INFO - Análise técnica concluída para BNB: RSI=0 sinais, MACD=0 sinais
2025-07-14 12:38:10,202 - core.analyzer - INFO - [SUCCESS] BNB: 0 sinais gerados, 0 salvos em 0.33s
2025-07-14 12:38:10,207 - core.data_reader - INFO - Carregados 626 pontos para ENA 5m
2025-07-14 12:38:10,343 - indicators.technical - INFO - Análise técnica concluída para ENA: RSI=0 sinais, MACD=0 sinais
2025-07-14 12:38:10,343 - core.analyzer - INFO - [SUCCESS] ENA: 0 sinais gerados, 0 salvos em 0.46s
2025-07-14 12:38:10,348 - core.data_reader - INFO - Carregados 624 pontos para ETH 5m
2025-07-14 12:38:10,485 - indicators.technical - INFO - Análise técnica concluída para ETH: RSI=0 sinais, MACD=0 sinais
2025-07-14 12:38:10,485 - core.analyzer - INFO - [SUCCESS] ETH: 0 sinais gerados, 0 salvos em 0.60s
2025-07-14 12:38:10,498 - core.data_reader - INFO - Carregados 626 pontos para NEAR 5m
2025-07-14 12:38:10,635 - indicators.technical - INFO - Análise técnica concluída para NEAR: RSI=0 sinais, MACD=0 sinais
2025-07-14 12:38:10,635 - core.analyzer - INFO - [SUCCESS] NEAR: 0 sinais gerados, 0 salvos em 0.43s
2025-07-14 12:38:10,642 - core.data_reader - INFO - Carregados 624 pontos para OMNI 5m
2025-07-14 12:38:10,643 - core.data_reader - INFO - Carregados 624 pontos para HBAR 5m
2025-07-14 12:38:10,903 - indicators.technical - INFO - Análise técnica concluída para OMNI: RSI=0 sinais, MACD=0 sinais
2025-07-14 12:38:10,904 - core.analyzer - INFO - [SUCCESS] OMNI: 0 sinais gerados, 0 salvos em 0.56s
2025-07-14 12:38:10,920 - indicators.technical - INFO - Análise técnica concluída para HBAR: RSI=0 sinais, MACD=0 sinais
2025-07-14 12:38:10,921 - core.analyzer - INFO - [SUCCESS] HBAR: 0 sinais gerados, 0 salvos em 0.86s
2025-07-14 12:38:10,924 - core.data_reader - INFO - Carregados 630 pontos para SOL 5m
2025-07-14 12:38:11,047 - indicators.technical - INFO - Análise técnica concluída para SOL: RSI=0 sinais, MACD=0 sinais
2025-07-14 12:38:11,048 - core.analyzer - INFO - [SUCCESS] SOL: 0 sinais gerados, 0 salvos em 0.56s
2025-07-14 12:38:11,048 - core.analyzer - INFO - [COMPLETE] Análise concluída: 8/8 symbols, 0 sinais em 1.18s
2025-07-14 12:38:11,049 - core.analyzer - INFO - [CYCLE] Ciclo concluído: 8 symbols analisados em 1.2s
2025-07-14 12:43:09,867 - core.analyzer - INFO - [START] Iniciando análise de 8 symbols
2025-07-14 12:43:09,873 - core.analyzer - INFO - [DEBUG] Symbols disponíveis no banco: ['BNB', 'BTC', 'ENA', 'ETH', 'HBAR', 'NEAR', 'OMNI', 'SOL']
2025-07-14 12:43:09,874 - core.analyzer - INFO - [DEBUG] Symbols configurados para análise: ['BNB', 'BTC', 'ENA', 'ETH', 'HBAR', 'NEAR', 'OMNI', 'SOL']
2025-07-14 12:43:09,875 - core.analyzer - INFO - [INFO] Symbols que serão analisados: ['BNB', 'BTC', 'ENA', 'ETH', 'HBAR', 'NEAR', 'OMNI', 'SOL']
2025-07-14 12:43:09,914 - core.data_reader - INFO - Carregados 629 pontos para BNB 5m
2025-07-14 12:43:10,060 - core.data_reader - INFO - Carregados 634 pontos para BTC 5m
2025-07-14 12:43:10,061 - indicators.technical - INFO - Análise técnica concluída para BNB: RSI=0 sinais, MACD=0 sinais
2025-07-14 12:43:10,095 - core.analyzer - INFO - [SUCCESS] BNB: 0 sinais gerados, 0 salvos em 0.22s
2025-07-14 12:43:10,200 - indicators.technical - INFO - Análise técnica concluída para BTC: RSI=0 sinais, MACD=0 sinais
2025-07-14 12:43:10,201 - core.analyzer - INFO - [SUCCESS] BTC: 0 sinais gerados, 0 salvos em 0.32s
2025-07-14 12:43:10,205 - core.data_reader - INFO - Carregados 630 pontos para ENA 5m
2025-07-14 12:43:10,342 - indicators.technical - INFO - Análise técnica concluída para ENA: RSI=0 sinais, MACD=0 sinais
2025-07-14 12:43:10,342 - core.analyzer - INFO - [SUCCESS] ENA: 0 sinais gerados, 0 salvos em 0.46s
2025-07-14 12:43:10,348 - core.data_reader - INFO - Carregados 628 pontos para ETH 5m
2025-07-14 12:43:10,485 - indicators.technical - INFO - Análise técnica concluída para ETH: RSI=0 sinais, MACD=0 sinais
2025-07-14 12:43:10,485 - core.analyzer - INFO - [SUCCESS] ETH: 0 sinais gerados, 0 salvos em 0.60s
2025-07-14 12:43:10,495 - core.data_reader - INFO - Carregados 628 pontos para HBAR 5m
2025-07-14 12:43:10,633 - indicators.technical - INFO - Análise técnica concluída para HBAR: RSI=0 sinais, MACD=0 sinais
2025-07-14 12:43:10,634 - core.analyzer - INFO - [SUCCESS] HBAR: 0 sinais gerados, 0 salvos em 0.53s
2025-07-14 12:43:10,639 - core.data_reader - INFO - Carregados 630 pontos para NEAR 5m
2025-07-14 12:43:10,776 - indicators.technical - INFO - Análise técnica concluída para NEAR: RSI=0 sinais, MACD=0 sinais
2025-07-14 12:43:10,777 - core.analyzer - INFO - [SUCCESS] NEAR: 0 sinais gerados, 0 salvos em 0.58s
2025-07-14 12:43:10,780 - core.data_reader - INFO - Carregados 628 pontos para OMNI 5m
2025-07-14 12:43:10,923 - indicators.technical - INFO - Análise técnica concluída para OMNI: RSI=0 sinais, MACD=0 sinais
2025-07-14 12:43:10,923 - core.analyzer - INFO - [SUCCESS] OMNI: 0 sinais gerados, 0 salvos em 0.58s
2025-07-14 12:43:10,927 - core.data_reader - INFO - Carregados 634 pontos para SOL 5m
2025-07-14 12:43:11,052 - indicators.technical - INFO - Análise técnica concluída para SOL: RSI=0 sinais, MACD=0 sinais
2025-07-14 12:43:11,052 - core.analyzer - INFO - [SUCCESS] SOL: 0 sinais gerados, 0 salvos em 0.57s
2025-07-14 12:43:11,053 - core.analyzer - INFO - [COMPLETE] Análise concluída: 8/8 symbols, 0 sinais em 1.19s
2025-07-14 12:43:11,053 - core.analyzer - INFO - [CYCLE] Ciclo concluído: 8 symbols analisados em 1.2s
2025-07-14 12:48:09,868 - core.analyzer - INFO - [START] Iniciando análise de 8 symbols
2025-07-14 12:48:09,874 - core.analyzer - INFO - [DEBUG] Symbols disponíveis no banco: ['BNB', 'BTC', 'ENA', 'ETH', 'HBAR', 'NEAR', 'OMNI', 'SOL']
2025-07-14 12:48:09,875 - core.analyzer - INFO - [DEBUG] Symbols configurados para análise: ['BNB', 'BTC', 'ENA', 'ETH', 'HBAR', 'NEAR', 'OMNI', 'SOL']
2025-07-14 12:48:09,876 - core.analyzer - INFO - [INFO] Symbols que serão analisados: ['BNB', 'BTC', 'ENA', 'ETH', 'HBAR', 'NEAR', 'OMNI', 'SOL']
2025-07-14 12:48:09,920 - core.data_reader - INFO - Carregados 637 pontos para BTC 5m
2025-07-14 12:48:10,061 - indicators.technical - INFO - Análise técnica concluída para BTC: RSI=0 sinais, MACD=0 sinais
2025-07-14 12:48:10,061 - core.analyzer - INFO - [SUCCESS] BTC: 0 sinais gerados, 0 salvos em 0.18s
2025-07-14 12:48:10,065 - core.data_reader - INFO - Carregados 631 pontos para ETH 5m
2025-07-14 12:48:10,201 - indicators.technical - INFO - Análise técnica concluída para ETH: RSI=0 sinais, MACD=0 sinais
2025-07-14 12:48:10,202 - core.analyzer - INFO - [SUCCESS] ETH: 0 sinais gerados, 0 salvos em 0.32s
2025-07-14 12:48:10,206 - core.data_reader - INFO - Carregados 634 pontos para ENA 5m
2025-07-14 12:48:10,343 - indicators.technical - INFO - Análise técnica concluída para ENA: RSI=0 sinais, MACD=0 sinais
2025-07-14 12:48:10,343 - core.analyzer - INFO - [SUCCESS] ENA: 0 sinais gerados, 0 salvos em 0.46s
2025-07-14 12:48:10,349 - core.data_reader - INFO - Carregados 632 pontos para BNB 5m
2025-07-14 12:48:10,486 - indicators.technical - INFO - Análise técnica concluída para BNB: RSI=0 sinais, MACD=0 sinais
2025-07-14 12:48:10,486 - core.analyzer - INFO - [SUCCESS] BNB: 0 sinais gerados, 0 salvos em 0.61s
2025-07-14 12:48:10,497 - core.data_reader - INFO - Carregados 631 pontos para HBAR 5m
2025-07-14 12:48:10,636 - indicators.technical - INFO - Análise técnica concluída para HBAR: RSI=0 sinais, MACD=0 sinais
2025-07-14 12:48:10,636 - core.analyzer - INFO - [SUCCESS] HBAR: 0 sinais gerados, 0 salvos em 0.57s
2025-07-14 12:48:10,640 - core.data_reader - INFO - Carregados 633 pontos para NEAR 5m
2025-07-14 12:48:10,778 - indicators.technical - INFO - Análise técnica concluída para NEAR: RSI=0 sinais, MACD=0 sinais
2025-07-14 12:48:10,778 - core.analyzer - INFO - [SUCCESS] NEAR: 0 sinais gerados, 0 salvos em 0.58s
2025-07-14 12:48:10,782 - core.data_reader - INFO - Carregados 631 pontos para OMNI 5m
2025-07-14 12:48:10,919 - indicators.technical - INFO - Análise técnica concluída para OMNI: RSI=0 sinais, MACD=0 sinais
2025-07-14 12:48:10,920 - core.analyzer - INFO - [SUCCESS] OMNI: 0 sinais gerados, 0 salvos em 0.58s
2025-07-14 12:48:10,923 - core.data_reader - INFO - Carregados 637 pontos para SOL 5m
2025-07-14 12:48:11,045 - indicators.technical - INFO - Análise técnica concluída para SOL: RSI=0 sinais, MACD=0 sinais
2025-07-14 12:48:11,046 - core.analyzer - INFO - [SUCCESS] SOL: 0 sinais gerados, 0 salvos em 0.56s
2025-07-14 12:48:11,047 - core.analyzer - INFO - [COMPLETE] Análise concluída: 8/8 symbols, 0 sinais em 1.18s
2025-07-14 12:48:11,047 - core.analyzer - INFO - [CYCLE] Ciclo concluído: 8 symbols analisados em 1.2s
2025-07-14 12:53:09,868 - core.analyzer - INFO - [START] Iniciando análise de 8 symbols
2025-07-14 12:53:09,874 - core.analyzer - INFO - [DEBUG] Symbols disponíveis no banco: ['BNB', 'BTC', 'ENA', 'ETH', 'HBAR', 'NEAR', 'OMNI', 'SOL']
2025-07-14 12:53:09,875 - core.analyzer - INFO - [DEBUG] Symbols configurados para análise: ['BNB', 'BTC', 'ENA', 'ETH', 'HBAR', 'NEAR', 'OMNI', 'SOL']
2025-07-14 12:53:09,876 - core.analyzer - INFO - [INFO] Symbols que serão analisados: ['BNB', 'BTC', 'ENA', 'ETH', 'HBAR', 'NEAR', 'OMNI', 'SOL']
2025-07-14 12:53:09,921 - core.data_reader - INFO - Carregados 635 pontos para ETH 5m
2025-07-14 12:53:10,064 - indicators.technical - INFO - Análise técnica concluída para ETH: RSI=0 sinais, MACD=0 sinais
2025-07-14 12:53:10,067 - core.analyzer - INFO - [SUCCESS] ETH: 0 sinais gerados, 0 salvos em 0.19s
2025-07-14 12:53:10,068 - core.data_reader - INFO - Carregados 636 pontos para BNB 5m
2025-07-14 12:53:10,206 - indicators.technical - INFO - Análise técnica concluída para BNB: RSI=0 sinais, MACD=0 sinais
2025-07-14 12:53:10,206 - core.analyzer - INFO - [SUCCESS] BNB: 0 sinais gerados, 0 salvos em 0.33s
2025-07-14 12:53:10,210 - core.data_reader - INFO - Carregados 638 pontos para ENA 5m
2025-07-14 12:53:10,348 - indicators.technical - INFO - Análise técnica concluída para ENA: RSI=0 sinais, MACD=0 sinais
2025-07-14 12:53:10,349 - core.analyzer - INFO - [SUCCESS] ENA: 0 sinais gerados, 0 salvos em 0.47s
2025-07-14 12:53:10,353 - core.data_reader - INFO - Carregados 641 pontos para BTC 5m
2025-07-14 12:53:10,490 - indicators.technical - INFO - Análise técnica concluída para BTC: RSI=0 sinais, MACD=0 sinais
2025-07-14 12:53:10,491 - core.analyzer - INFO - [SUCCESS] BTC: 0 sinais gerados, 0 salvos em 0.61s
2025-07-14 12:53:10,503 - core.data_reader - INFO - Carregados 635 pontos para HBAR 5m
2025-07-14 12:53:10,642 - indicators.technical - INFO - Análise técnica concluída para HBAR: RSI=0 sinais, MACD=0 sinais
2025-07-14 12:53:10,643 - core.analyzer - INFO - [SUCCESS] HBAR: 0 sinais gerados, 0 salvos em 0.57s
2025-07-14 12:53:10,647 - core.data_reader - INFO - Carregados 637 pontos para NEAR 5m
2025-07-14 12:53:10,786 - indicators.technical - INFO - Análise técnica concluída para NEAR: RSI=0 sinais, MACD=0 sinais
2025-07-14 12:53:10,786 - core.analyzer - INFO - [SUCCESS] NEAR: 0 sinais gerados, 0 salvos em 0.58s
2025-07-14 12:53:10,791 - core.data_reader - INFO - Carregados 635 pontos para OMNI 5m
2025-07-14 12:53:10,825 - core.data_reader - INFO - Carregados 641 pontos para SOL 5m
2025-07-14 12:53:11,004 - indicators.technical - INFO - Análise técnica concluída para OMNI: RSI=0 sinais, MACD=0 sinais
2025-07-14 12:53:11,060 - core.analyzer - INFO - [SUCCESS] OMNI: 0 sinais gerados, 0 salvos em 0.71s
2025-07-14 12:53:11,087 - indicators.technical - INFO - Análise técnica concluída para SOL: RSI=0 sinais, MACD=0 sinais
2025-07-14 12:53:11,087 - core.analyzer - INFO - [SUCCESS] SOL: 0 sinais gerados, 0 salvos em 0.60s
2025-07-14 12:53:11,088 - core.analyzer - INFO - [COMPLETE] Análise concluída: 8/8 symbols, 0 sinais em 1.22s
2025-07-14 12:53:11,088 - core.analyzer - INFO - [CYCLE] Ciclo concluído: 8 symbols analisados em 1.2s
2025-07-14 12:58:09,869 - core.analyzer - INFO - [START] Iniciando análise de 8 symbols
2025-07-14 12:58:09,879 - core.analyzer - INFO - [DEBUG] Symbols disponíveis no banco: ['BNB', 'BTC', 'ENA', 'ETH', 'HBAR', 'NEAR', 'OMNI', 'SOL']
2025-07-14 12:58:09,880 - core.analyzer - INFO - [DEBUG] Symbols configurados para análise: ['BNB', 'BTC', 'ENA', 'ETH', 'HBAR', 'NEAR', 'OMNI', 'SOL']
2025-07-14 12:58:09,880 - core.analyzer - INFO - [INFO] Symbols que serão analisados: ['BNB', 'BTC', 'ENA', 'ETH', 'HBAR', 'NEAR', 'OMNI', 'SOL']
2025-07-14 12:58:09,924 - core.data_reader - INFO - Carregados 640 pontos para BNB 5m
2025-07-14 12:58:10,066 - indicators.technical - INFO - Análise técnica concluída para BNB: RSI=0 sinais, MACD=0 sinais
2025-07-14 12:58:10,066 - core.analyzer - INFO - [SUCCESS] BNB: 0 sinais gerados, 0 salvos em 0.18s
2025-07-14 12:58:10,070 - core.data_reader - INFO - Carregados 645 pontos para BTC 5m
2025-07-14 12:58:10,211 - indicators.technical - INFO - Análise técnica concluída para BTC: RSI=0 sinais, MACD=0 sinais
2025-07-14 12:58:10,212 - core.analyzer - INFO - [SUCCESS] BTC: 0 sinais gerados, 0 salvos em 0.33s
2025-07-14 12:58:10,216 - core.data_reader - INFO - Carregados 642 pontos para ENA 5m
2025-07-14 12:58:10,355 - indicators.technical - INFO - Análise técnica concluída para ENA: RSI=0 sinais, MACD=0 sinais
2025-07-14 12:58:10,355 - core.analyzer - INFO - [SUCCESS] ENA: 0 sinais gerados, 0 salvos em 0.47s
2025-07-14 12:58:10,359 - core.data_reader - INFO - Carregados 639 pontos para ETH 5m
2025-07-14 12:58:10,498 - indicators.technical - INFO - Análise técnica concluída para ETH: RSI=0 sinais, MACD=0 sinais
2025-07-14 12:58:10,499 - core.analyzer - INFO - [SUCCESS] ETH: 0 sinais gerados, 0 salvos em 0.61s
2025-07-14 12:58:10,513 - core.data_reader - INFO - Carregados 639 pontos para OMNI 5m
2025-07-14 12:58:10,652 - indicators.technical - INFO - Análise técnica concluída para OMNI: RSI=0 sinais, MACD=0 sinais
2025-07-14 12:58:10,652 - core.analyzer - INFO - [SUCCESS] OMNI: 0 sinais gerados, 0 salvos em 0.30s
2025-07-14 12:58:10,656 - core.data_reader - INFO - Carregados 639 pontos para HBAR 5m
2025-07-14 12:58:10,795 - indicators.technical - INFO - Análise técnica concluída para HBAR: RSI=0 sinais, MACD=0 sinais
2025-07-14 12:58:10,795 - core.analyzer - INFO - [SUCCESS] HBAR: 0 sinais gerados, 0 salvos em 0.73s
2025-07-14 12:58:10,799 - core.data_reader - INFO - Carregados 641 pontos para NEAR 5m
2025-07-14 12:58:10,941 - indicators.technical - INFO - Análise técnica concluída para NEAR: RSI=0 sinais, MACD=0 sinais
2025-07-14 12:58:10,942 - core.analyzer - INFO - [SUCCESS] NEAR: 0 sinais gerados, 0 salvos em 0.73s
2025-07-14 12:58:10,946 - core.data_reader - INFO - Carregados 645 pontos para SOL 5m
2025-07-14 12:58:11,072 - indicators.technical - INFO - Análise técnica concluída para SOL: RSI=0 sinais, MACD=0 sinais
2025-07-14 12:58:11,073 - core.analyzer - INFO - [SUCCESS] SOL: 0 sinais gerados, 0 salvos em 0.57s
2025-07-14 12:58:11,073 - core.analyzer - INFO - [COMPLETE] Análise concluída: 8/8 symbols, 0 sinais em 1.20s
2025-07-14 12:58:11,074 - core.analyzer - INFO - [CYCLE] Ciclo concluído: 8 symbols analisados em 1.2s
2025-07-14 13:03:09,870 - core.analyzer - INFO - [START] Iniciando análise de 8 symbols
2025-07-14 13:03:09,872 - core.analyzer - INFO - [DEBUG] Symbols disponíveis no banco: ['BNB', 'BTC', 'ENA', 'ETH', 'HBAR', 'NEAR', 'OMNI', 'SOL']
2025-07-14 13:03:09,872 - core.analyzer - INFO - [DEBUG] Symbols configurados para análise: ['BNB', 'BTC', 'ENA', 'ETH', 'HBAR', 'NEAR', 'OMNI', 'SOL']
2025-07-14 13:03:09,872 - core.analyzer - INFO - [INFO] Symbols que serão analisados: ['BNB', 'BTC', 'ENA', 'ETH', 'HBAR', 'NEAR', 'OMNI', 'SOL']
2025-07-14 13:03:09,892 - core.data_reader - INFO - Carregados 642 pontos para ENA 5m
2025-07-14 13:03:10,036 - indicators.technical - INFO - Análise técnica concluída para ENA: RSI=0 sinais, MACD=0 sinais
2025-07-14 13:03:10,036 - core.analyzer - INFO - [SUCCESS] ENA: 0 sinais gerados, 0 salvos em 0.16s
2025-07-14 13:03:10,044 - core.data_reader - INFO - Carregados 645 pontos para BTC 5m
2025-07-14 13:03:10,044 - core.data_reader - INFO - Carregados 640 pontos para BNB 5m
2025-07-14 13:03:10,281 - indicators.technical - INFO - Análise técnica concluída para BTC: RSI=0 sinais, MACD=0 sinais
2025-07-14 13:03:10,281 - core.analyzer - INFO - [SUCCESS] BTC: 0 sinais gerados, 0 salvos em 0.41s
2025-07-14 13:03:10,286 - core.data_reader - INFO - Carregados 639 pontos para ETH 5m
2025-07-14 13:03:10,427 - indicators.technical - INFO - Análise técnica concluída para ETH: RSI=0 sinais, MACD=0 sinais
2025-07-14 13:03:10,427 - core.analyzer - INFO - [SUCCESS] ETH: 0 sinais gerados, 0 salvos em 0.55s
2025-07-14 13:03:10,479 - indicators.technical - INFO - Análise técnica concluída para BNB: RSI=0 sinais, MACD=0 sinais
2025-07-14 13:03:10,480 - core.analyzer - INFO - [SUCCESS] BNB: 0 sinais gerados, 0 salvos em 0.61s
2025-07-14 13:03:10,489 - core.data_reader - INFO - Carregados 639 pontos para HBAR 5m
2025-07-14 13:03:10,628 - indicators.technical - INFO - Análise técnica concluída para HBAR: RSI=0 sinais, MACD=0 sinais
2025-07-14 13:03:10,629 - core.analyzer - INFO - [SUCCESS] HBAR: 0 sinais gerados, 0 salvos em 0.59s
2025-07-14 13:03:10,633 - core.data_reader - INFO - Carregados 641 pontos para NEAR 5m
2025-07-14 13:03:10,777 - indicators.technical - INFO - Análise técnica concluída para NEAR: RSI=0 sinais, MACD=0 sinais
2025-07-14 13:03:10,777 - core.analyzer - INFO - [SUCCESS] NEAR: 0 sinais gerados, 0 salvos em 0.50s
2025-07-14 13:03:10,782 - core.data_reader - INFO - Carregados 639 pontos para OMNI 5m
2025-07-14 13:03:10,945 - indicators.technical - INFO - Análise técnica concluída para OMNI: RSI=0 sinais, MACD=0 sinais
2025-07-14 13:03:10,945 - core.analyzer - INFO - [SUCCESS] OMNI: 0 sinais gerados, 0 salvos em 0.52s
2025-07-14 13:03:10,949 - core.data_reader - INFO - Carregados 645 pontos para SOL 5m
2025-07-14 13:03:11,076 - indicators.technical - INFO - Análise técnica concluída para SOL: RSI=0 sinais, MACD=0 sinais
2025-07-14 13:03:11,077 - core.analyzer - INFO - [SUCCESS] SOL: 0 sinais gerados, 0 salvos em 0.60s
2025-07-14 13:03:11,077 - core.analyzer - INFO - [COMPLETE] Análise concluída: 8/8 symbols, 0 sinais em 1.21s
2025-07-14 13:03:11,078 - core.analyzer - INFO - [CYCLE] Ciclo concluído: 8 symbols analisados em 1.2s
2025-07-14 13:08:09,871 - core.analyzer - INFO - [START] Iniciando análise de 8 symbols
2025-07-14 13:08:09,878 - core.analyzer - INFO - [DEBUG] Symbols disponíveis no banco: ['BNB', 'BTC', 'ENA', 'ETH', 'HBAR', 'NEAR', 'OMNI', 'SOL']
2025-07-14 13:08:09,878 - core.analyzer - INFO - [DEBUG] Symbols configurados para análise: ['BNB', 'BTC', 'ENA', 'ETH', 'HBAR', 'NEAR', 'OMNI', 'SOL']
2025-07-14 13:08:09,879 - core.analyzer - INFO - [INFO] Symbols que serão analisados: ['BNB', 'BTC', 'ENA', 'ETH', 'HBAR', 'NEAR', 'OMNI', 'SOL']
2025-07-14 13:08:09,925 - core.data_reader - INFO - Carregados 642 pontos para BNB 5m
2025-07-14 13:08:10,071 - indicators.technical - INFO - Análise técnica concluída para BNB: RSI=0 sinais, MACD=0 sinais
2025-07-14 13:08:10,073 - core.analyzer - INFO - [SUCCESS] BNB: 0 sinais gerados, 0 salvos em 0.19s
2025-07-14 13:08:10,076 - core.data_reader - INFO - Carregados 647 pontos para BTC 5m
2025-07-14 13:08:10,125 - core.data_reader - INFO - Carregados 644 pontos para ENA 5m
2025-07-14 13:08:10,292 - indicators.technical - INFO - Análise técnica concluída para BTC: RSI=0 sinais, MACD=0 sinais
2025-07-14 13:08:10,308 - core.analyzer - INFO - [SUCCESS] BTC: 0 sinais gerados, 0 salvos em 0.43s
2025-07-14 13:08:10,364 - indicators.technical - INFO - Análise técnica concluída para ENA: RSI=0 sinais, MACD=0 sinais
2025-07-14 13:08:10,364 - core.analyzer - INFO - [SUCCESS] ENA: 0 sinais gerados, 0 salvos em 0.48s
2025-07-14 13:08:10,368 - core.data_reader - INFO - Carregados 641 pontos para ETH 5m
2025-07-14 13:08:10,509 - indicators.technical - INFO - Análise técnica concluída para ETH: RSI=0 sinais, MACD=0 sinais
2025-07-14 13:08:10,509 - core.analyzer - INFO - [SUCCESS] ETH: 0 sinais gerados, 0 salvos em 0.62s
2025-07-14 13:08:10,523 - core.data_reader - INFO - Carregados 641 pontos para HBAR 5m
2025-07-14 13:08:10,663 - indicators.technical - INFO - Análise técnica concluída para HBAR: RSI=0 sinais, MACD=0 sinais
2025-07-14 13:08:10,663 - core.analyzer - INFO - [SUCCESS] HBAR: 0 sinais gerados, 0 salvos em 0.59s
2025-07-14 13:08:10,667 - core.data_reader - INFO - Carregados 643 pontos para NEAR 5m
2025-07-14 13:08:10,814 - indicators.technical - INFO - Análise técnica concluída para NEAR: RSI=0 sinais, MACD=0 sinais
2025-07-14 13:08:10,815 - core.data_reader - INFO - Carregados 641 pontos para OMNI 5m
2025-07-14 13:08:10,815 - core.analyzer - INFO - [SUCCESS] NEAR: 0 sinais gerados, 0 salvos em 0.51s
2025-07-14 13:08:10,961 - indicators.technical - INFO - Análise técnica concluída para OMNI: RSI=0 sinais, MACD=0 sinais
2025-07-14 13:08:10,961 - core.analyzer - INFO - [SUCCESS] OMNI: 0 sinais gerados, 0 salvos em 0.60s
2025-07-14 13:08:10,964 - core.data_reader - INFO - Carregados 647 pontos para SOL 5m
2025-07-14 13:08:11,092 - indicators.technical - INFO - Análise técnica concluída para SOL: RSI=0 sinais, MACD=0 sinais
2025-07-14 13:08:11,092 - core.analyzer - INFO - [SUCCESS] SOL: 0 sinais gerados, 0 salvos em 0.58s
2025-07-14 13:08:11,093 - core.analyzer - INFO - [COMPLETE] Análise concluída: 8/8 symbols, 0 sinais em 1.22s
2025-07-14 13:08:11,093 - core.analyzer - INFO - [CYCLE] Ciclo concluído: 8 symbols analisados em 1.2s
2025-07-14 13:13:09,872 - core.analyzer - INFO - [START] Iniciando análise de 8 symbols
2025-07-14 13:13:09,882 - core.analyzer - INFO - [DEBUG] Symbols disponíveis no banco: ['BNB', 'BTC', 'ENA', 'ETH', 'HBAR', 'NEAR', 'OMNI', 'SOL']
2025-07-14 13:13:09,883 - core.analyzer - INFO - [DEBUG] Symbols configurados para análise: ['BNB', 'BTC', 'ENA', 'ETH', 'HBAR', 'NEAR', 'OMNI', 'SOL']
2025-07-14 13:13:09,883 - core.analyzer - INFO - [INFO] Symbols que serão analisados: ['BNB', 'BTC', 'ENA', 'ETH', 'HBAR', 'NEAR', 'OMNI', 'SOL']
2025-07-14 13:13:09,926 - core.data_reader - INFO - Carregados 644 pontos para ETH 5m
2025-07-14 13:13:10,069 - indicators.technical - INFO - Análise técnica concluída para ETH: RSI=0 sinais, MACD=0 sinais
2025-07-14 13:13:10,070 - core.analyzer - INFO - [SUCCESS] ETH: 0 sinais gerados, 0 salvos em 0.18s
2025-07-14 13:13:10,074 - core.data_reader - INFO - Carregados 645 pontos para BNB 5m
2025-07-14 13:13:10,215 - indicators.technical - INFO - Análise técnica concluída para BNB: RSI=0 sinais, MACD=0 sinais
2025-07-14 13:13:10,215 - core.analyzer - INFO - [SUCCESS] BNB: 0 sinais gerados, 0 salvos em 0.33s
2025-07-14 13:13:10,219 - core.data_reader - INFO - Carregados 647 pontos para ENA 5m
2025-07-14 13:13:10,359 - indicators.technical - INFO - Análise técnica concluída para ENA: RSI=0 sinais, MACD=0 sinais
2025-07-14 13:13:10,360 - core.analyzer - INFO - [SUCCESS] ENA: 0 sinais gerados, 0 salvos em 0.47s
2025-07-14 13:13:10,364 - core.data_reader - INFO - Carregados 650 pontos para BTC 5m
2025-07-14 13:13:10,503 - indicators.technical - INFO - Análise técnica concluída para BTC: RSI=0 sinais, MACD=0 sinais
2025-07-14 13:13:10,503 - core.analyzer - INFO - [SUCCESS] BTC: 0 sinais gerados, 0 salvos em 0.62s
2025-07-14 13:13:10,518 - core.data_reader - INFO - Carregados 646 pontos para NEAR 5m
2025-07-14 13:13:10,657 - indicators.technical - INFO - Análise técnica concluída para NEAR: RSI=0 sinais, MACD=0 sinais
2025-07-14 13:13:10,657 - core.analyzer - INFO - [SUCCESS] NEAR: 0 sinais gerados, 0 salvos em 0.44s
2025-07-14 13:13:10,662 - core.data_reader - INFO - Carregados 644 pontos para HBAR 5m
2025-07-14 13:13:10,802 - indicators.technical - INFO - Análise técnica concluída para HBAR: RSI=0 sinais, MACD=0 sinais
2025-07-14 13:13:10,802 - core.analyzer - INFO - [SUCCESS] HBAR: 0 sinais gerados, 0 salvos em 0.73s
2025-07-14 13:13:10,806 - core.data_reader - INFO - Carregados 644 pontos para OMNI 5m
2025-07-14 13:13:10,935 - core.data_reader - INFO - Carregados 650 pontos para SOL 5m
2025-07-14 13:13:10,960 - indicators.technical - INFO - Análise técnica concluída para OMNI: RSI=0 sinais, MACD=0 sinais
2025-07-14 13:13:10,987 - core.analyzer - INFO - [SUCCESS] OMNI: 0 sinais gerados, 0 salvos em 0.63s
2025-07-14 13:13:11,092 - indicators.technical - INFO - Análise técnica concluída para SOL: RSI=0 sinais, MACD=0 sinais
2025-07-14 13:13:11,092 - core.analyzer - INFO - [SUCCESS] SOL: 0 sinais gerados, 0 salvos em 0.59s
2025-07-14 13:13:11,093 - core.analyzer - INFO - [COMPLETE] Análise concluída: 8/8 symbols, 0 sinais em 1.22s
2025-07-14 13:13:11,093 - core.analyzer - INFO - [CYCLE] Ciclo concluído: 8 symbols analisados em 1.2s
2025-07-14 13:18:09,873 - core.analyzer - INFO - [START] Iniciando análise de 8 symbols
2025-07-14 13:18:09,878 - core.analyzer - INFO - [DEBUG] Symbols disponíveis no banco: ['BNB', 'BTC', 'ENA', 'ETH', 'HBAR', 'NEAR', 'OMNI', 'SOL']
2025-07-14 13:18:09,879 - core.analyzer - INFO - [DEBUG] Symbols configurados para análise: ['BNB', 'BTC', 'ENA', 'ETH', 'HBAR', 'NEAR', 'OMNI', 'SOL']
2025-07-14 13:18:09,880 - core.analyzer - INFO - [INFO] Symbols que serão analisados: ['BNB', 'BTC', 'ENA', 'ETH', 'HBAR', 'NEAR', 'OMNI', 'SOL']
2025-07-14 13:18:09,922 - core.data_reader - INFO - Carregados 647 pontos para ETH 5m
2025-07-14 13:18:10,033 - core.data_reader - INFO - Carregados 648 pontos para BNB 5m
2025-07-14 13:18:10,065 - core.data_reader - INFO - Carregados 653 pontos para BTC 5m
2025-07-14 13:18:10,114 - indicators.technical - INFO - Análise técnica concluída para ETH: RSI=0 sinais, MACD=0 sinais
2025-07-14 13:18:10,168 - core.analyzer - INFO - [SUCCESS] ETH: 0 sinais gerados, 0 salvos em 0.28s
2025-07-14 13:18:10,240 - indicators.technical - INFO - Análise técnica concluída para BTC: RSI=0 sinais, MACD=0 sinais
2025-07-14 13:18:10,240 - core.analyzer - INFO - [SUCCESS] BTC: 0 sinais gerados, 0 salvos em 0.36s
2025-07-14 13:18:10,293 - core.data_reader - INFO - Carregados 650 pontos para ENA 5m
2025-07-14 13:18:10,369 - indicators.technical - INFO - Análise técnica concluída para BNB: RSI=0 sinais, MACD=0 sinais
2025-07-14 13:18:10,464 - core.analyzer - INFO - [SUCCESS] BNB: 0 sinais gerados, 0 salvos em 0.58s
2025-07-14 13:18:10,511 - indicators.technical - INFO - Análise técnica concluída para ENA: RSI=0 sinais, MACD=0 sinais
2025-07-14 13:18:10,511 - core.analyzer - INFO - [SUCCESS] ENA: 0 sinais gerados, 0 salvos em 0.63s
2025-07-14 13:18:10,524 - core.data_reader - INFO - Carregados 647 pontos para HBAR 5m
2025-07-14 13:18:10,663 - indicators.technical - INFO - Análise técnica concluída para HBAR: RSI=0 sinais, MACD=0 sinais
2025-07-14 13:18:10,664 - core.analyzer - INFO - [SUCCESS] HBAR: 0 sinais gerados, 0 salvos em 0.47s
2025-07-14 13:18:10,668 - core.data_reader - INFO - Carregados 649 pontos para NEAR 5m
2025-07-14 13:18:10,810 - indicators.technical - INFO - Análise técnica concluída para NEAR: RSI=0 sinais, MACD=0 sinais
2025-07-14 13:18:10,810 - core.analyzer - INFO - [SUCCESS] NEAR: 0 sinais gerados, 0 salvos em 0.57s
2025-07-14 13:18:10,814 - core.data_reader - INFO - Carregados 653 pontos para SOL 5m
2025-07-14 13:18:10,840 - core.data_reader - INFO - Carregados 647 pontos para OMNI 5m
2025-07-14 13:18:11,009 - indicators.technical - INFO - Análise técnica concluída para SOL: RSI=0 sinais, MACD=0 sinais
2025-07-14 13:18:11,035 - core.analyzer - INFO - [SUCCESS] SOL: 0 sinais gerados, 0 salvos em 0.52s
2025-07-14 13:18:11,105 - indicators.technical - INFO - Análise técnica concluída para OMNI: RSI=0 sinais, MACD=0 sinais
2025-07-14 13:18:11,105 - core.analyzer - INFO - [SUCCESS] OMNI: 0 sinais gerados, 0 salvos em 0.61s
2025-07-14 13:18:11,106 - core.analyzer - INFO - [COMPLETE] Análise concluída: 8/8 symbols, 0 sinais em 1.23s
2025-07-14 13:18:11,106 - core.analyzer - INFO - [CYCLE] Ciclo concluído: 8 symbols analisados em 1.2s
2025-07-14 13:23:09,874 - core.analyzer - INFO - [START] Iniciando análise de 8 symbols
2025-07-14 13:23:09,888 - core.analyzer - INFO - [DEBUG] Symbols disponíveis no banco: ['BNB', 'BTC', 'ENA', 'ETH', 'HBAR', 'NEAR', 'OMNI', 'SOL']
2025-07-14 13:23:09,889 - core.analyzer - INFO - [DEBUG] Symbols configurados para análise: ['BNB', 'BTC', 'ENA', 'ETH', 'HBAR', 'NEAR', 'OMNI', 'SOL']
2025-07-14 13:23:09,890 - core.analyzer - INFO - [INFO] Symbols que serão analisados: ['BNB', 'BTC', 'ENA', 'ETH', 'HBAR', 'NEAR', 'OMNI', 'SOL']
2025-07-14 13:23:09,932 - core.data_reader - INFO - Carregados 652 pontos para BNB 5m
2025-07-14 13:23:10,076 - indicators.technical - INFO - Análise técnica concluída para BNB: RSI=0 sinais, MACD=0 sinais
2025-07-14 13:23:10,076 - core.analyzer - INFO - [SUCCESS] BNB: 0 sinais gerados, 0 salvos em 0.18s
2025-07-14 13:23:10,080 - core.data_reader - INFO - Carregados 657 pontos para BTC 5m
2025-07-14 13:23:10,227 - indicators.technical - INFO - Análise técnica concluída para BTC: RSI=0 sinais, MACD=0 sinais
2025-07-14 13:23:10,228 - core.analyzer - INFO - [SUCCESS] BTC: 0 sinais gerados, 0 salvos em 0.33s
2025-07-14 13:23:10,228 - core.data_reader - INFO - Carregados 654 pontos para ENA 5m
2025-07-14 13:23:10,371 - indicators.technical - INFO - Análise técnica concluída para ENA: RSI=0 sinais, MACD=0 sinais
2025-07-14 13:23:10,371 - core.analyzer - INFO - [SUCCESS] ENA: 0 sinais gerados, 0 salvos em 0.48s
2025-07-14 13:23:10,376 - core.data_reader - INFO - Carregados 651 pontos para ETH 5m
2025-07-14 13:23:10,517 - indicators.technical - INFO - Análise técnica concluída para ETH: RSI=0 sinais, MACD=0 sinais
2025-07-14 13:23:10,517 - core.analyzer - INFO - [SUCCESS] ETH: 0 sinais gerados, 0 salvos em 0.62s
2025-07-14 13:23:10,530 - core.data_reader - INFO - Carregados 651 pontos para HBAR 5m
2025-07-14 13:23:10,672 - indicators.technical - INFO - Análise técnica concluída para HBAR: RSI=0 sinais, MACD=0 sinais
2025-07-14 13:23:10,673 - core.analyzer - INFO - [SUCCESS] HBAR: 0 sinais gerados, 0 salvos em 0.60s
2025-07-14 13:23:10,677 - core.data_reader - INFO - Carregados 651 pontos para OMNI 5m
2025-07-14 13:23:10,820 - indicators.technical - INFO - Análise técnica concluída para OMNI: RSI=0 sinais, MACD=0 sinais
2025-07-14 13:23:10,820 - core.analyzer - INFO - [SUCCESS] OMNI: 0 sinais gerados, 0 salvos em 0.45s
2025-07-14 13:23:10,824 - core.data_reader - INFO - Carregados 653 pontos para NEAR 5m
2025-07-14 13:23:10,972 - indicators.technical - INFO - Análise técnica concluída para NEAR: RSI=0 sinais, MACD=0 sinais
2025-07-14 13:23:10,973 - core.analyzer - INFO - [SUCCESS] NEAR: 0 sinais gerados, 0 salvos em 0.74s
2025-07-14 13:23:10,976 - core.data_reader - INFO - Carregados 657 pontos para SOL 5m
2025-07-14 13:23:11,105 - indicators.technical - INFO - Análise técnica concluída para SOL: RSI=0 sinais, MACD=0 sinais
2025-07-14 13:23:11,105 - core.analyzer - INFO - [SUCCESS] SOL: 0 sinais gerados, 0 salvos em 0.59s
2025-07-14 13:23:11,106 - core.analyzer - INFO - [COMPLETE] Análise concluída: 8/8 symbols, 0 sinais em 1.23s
2025-07-14 13:23:11,106 - core.analyzer - INFO - [CYCLE] Ciclo concluído: 8 symbols analisados em 1.2s
2025-07-14 13:28:09,874 - core.analyzer - INFO - [START] Iniciando análise de 8 symbols
2025-07-14 13:28:09,882 - core.analyzer - INFO - [DEBUG] Symbols disponíveis no banco: ['BNB', 'BTC', 'ENA', 'ETH', 'HBAR', 'NEAR', 'OMNI', 'SOL']
2025-07-14 13:28:09,882 - core.analyzer - INFO - [DEBUG] Symbols configurados para análise: ['BNB', 'BTC', 'ENA', 'ETH', 'HBAR', 'NEAR', 'OMNI', 'SOL']
2025-07-14 13:28:09,883 - core.analyzer - INFO - [INFO] Symbols que serão analisados: ['BNB', 'BTC', 'ENA', 'ETH', 'HBAR', 'NEAR', 'OMNI', 'SOL']
2025-07-14 13:28:09,941 - core.data_reader - INFO - Carregados 652 pontos para BNB 5m
2025-07-14 13:28:10,135 - indicators.technical - INFO - Análise técnica concluída para BNB: RSI=0 sinais, MACD=0 sinais
2025-07-14 13:28:10,135 - core.analyzer - INFO - [SUCCESS] BNB: 0 sinais gerados, 0 salvos em 0.25s
2025-07-14 13:28:10,141 - core.data_reader - INFO - Carregados 651 pontos para ETH 5m
2025-07-14 13:28:10,289 - core.data_reader - INFO - Carregados 657 pontos para BTC 5m
2025-07-14 13:28:10,290 - core.data_reader - INFO - Carregados 658 pontos para ENA 5m
2025-07-14 13:28:10,301 - indicators.technical - INFO - Análise técnica concluída para ETH: RSI=0 sinais, MACD=0 sinais
2025-07-14 13:28:10,381 - core.analyzer - INFO - [SUCCESS] ETH: 0 sinais gerados, 0 salvos em 0.49s
2025-07-14 13:28:10,484 - indicators.technical - INFO - Análise técnica concluída para BTC: RSI=0 sinais, MACD=0 sinais
2025-07-14 13:28:10,484 - core.analyzer - INFO - [SUCCESS] BTC: 0 sinais gerados, 0 salvos em 0.60s
2025-07-14 13:28:10,619 - indicators.technical - INFO - Análise técnica concluída para ENA: RSI=0 sinais, MACD=0 sinais
2025-07-14 13:28:10,620 - core.analyzer - INFO - [SUCCESS] ENA: 0 sinais gerados, 0 salvos em 0.73s
2025-07-14 13:28:10,629 - core.data_reader - INFO - Carregados 651 pontos para HBAR 5m
2025-07-14 13:28:10,774 - indicators.technical - INFO - Análise técnica concluída para HBAR: RSI=0 sinais, MACD=0 sinais
2025-07-14 13:28:10,774 - core.analyzer - INFO - [SUCCESS] HBAR: 0 sinais gerados, 0 salvos em 0.64s
2025-07-14 13:28:10,778 - core.data_reader - INFO - Carregados 651 pontos para OMNI 5m
2025-07-14 13:28:10,926 - indicators.technical - INFO - Análise técnica concluída para OMNI: RSI=0 sinais, MACD=0 sinais
2025-07-14 13:28:10,927 - core.analyzer - INFO - [SUCCESS] OMNI: 0 sinais gerados, 0 salvos em 0.44s
2025-07-14 13:28:10,932 - core.data_reader - INFO - Carregados 653 pontos para NEAR 5m
2025-07-14 13:28:11,080 - indicators.technical - INFO - Análise técnica concluída para NEAR: RSI=0 sinais, MACD=0 sinais
2025-07-14 13:28:11,080 - core.analyzer - INFO - [SUCCESS] NEAR: 0 sinais gerados, 0 salvos em 0.61s
2025-07-14 13:28:11,084 - core.data_reader - INFO - Carregados 661 pontos para SOL 5m
2025-07-14 13:28:11,271 - indicators.technical - INFO - Análise técnica concluída para SOL: RSI=0 sinais, MACD=0 sinais
2025-07-14 13:28:11,271 - core.analyzer - INFO - [SUCCESS] SOL: 0 sinais gerados, 0 salvos em 0.65s
2025-07-14 13:28:11,272 - core.analyzer - INFO - [COMPLETE] Análise concluída: 8/8 symbols, 0 sinais em 1.40s
2025-07-14 13:28:11,272 - core.analyzer - INFO - [CYCLE] Ciclo concluído: 8 symbols analisados em 1.4s
2025-07-14 13:33:09,875 - core.analyzer - INFO - [START] Iniciando análise de 8 symbols
2025-07-14 13:33:09,881 - core.analyzer - INFO - [DEBUG] Symbols disponíveis no banco: ['BNB', 'BTC', 'ENA', 'ETH', 'HBAR', 'NEAR', 'OMNI', 'SOL']
2025-07-14 13:33:09,882 - core.analyzer - INFO - [DEBUG] Symbols configurados para análise: ['BNB', 'BTC', 'ENA', 'ETH', 'HBAR', 'NEAR', 'OMNI', 'SOL']
2025-07-14 13:33:09,883 - core.analyzer - INFO - [INFO] Symbols que serão analisados: ['BNB', 'BTC', 'ENA', 'ETH', 'HBAR', 'NEAR', 'OMNI', 'SOL']
2025-07-14 13:33:09,928 - core.data_reader - INFO - Carregados 656 pontos para BNB 5m
2025-07-14 13:33:10,076 - indicators.technical - INFO - Análise técnica concluída para BNB: RSI=0 sinais, MACD=0 sinais
2025-07-14 13:33:10,076 - core.analyzer - INFO - [SUCCESS] BNB: 0 sinais gerados, 0 salvos em 0.19s
2025-07-14 13:33:10,080 - core.data_reader - INFO - Carregados 661 pontos para BTC 5m
2025-07-14 13:33:10,223 - indicators.technical - INFO - Análise técnica concluída para BTC: RSI=0 sinais, MACD=0 sinais
2025-07-14 13:33:10,223 - core.analyzer - INFO - [SUCCESS] BTC: 0 sinais gerados, 0 salvos em 0.34s
2025-07-14 13:33:10,227 - core.data_reader - INFO - Carregados 655 pontos para ETH 5m
2025-07-14 13:33:10,369 - indicators.technical - INFO - Análise técnica concluída para ETH: RSI=0 sinais, MACD=0 sinais
2025-07-14 13:33:10,369 - core.analyzer - INFO - [SUCCESS] ETH: 0 sinais gerados, 0 salvos em 0.48s
2025-07-14 13:33:10,373 - core.data_reader - INFO - Carregados 658 pontos para ENA 5m
2025-07-14 13:33:10,515 - indicators.technical - INFO - Análise técnica concluída para ENA: RSI=0 sinais, MACD=0 sinais
2025-07-14 13:33:10,515 - core.analyzer - INFO - [SUCCESS] ENA: 0 sinais gerados, 0 salvos em 0.63s
2025-07-14 13:33:10,530 - core.data_reader - INFO - Carregados 655 pontos para HBAR 5m
2025-07-14 13:33:10,675 - indicators.technical - INFO - Análise técnica concluída para HBAR: RSI=0 sinais, MACD=0 sinais
2025-07-14 13:33:10,675 - core.analyzer - INFO - [SUCCESS] HBAR: 0 sinais gerados, 0 salvos em 0.60s
2025-07-14 13:33:10,679 - core.data_reader - INFO - Carregados 657 pontos para NEAR 5m
2025-07-14 13:33:10,823 - indicators.technical - INFO - Análise técnica concluída para NEAR: RSI=0 sinais, MACD=0 sinais
2025-07-14 13:33:10,823 - core.analyzer - INFO - [SUCCESS] NEAR: 0 sinais gerados, 0 salvos em 0.60s
2025-07-14 13:33:10,827 - core.data_reader - INFO - Carregados 655 pontos para OMNI 5m
2025-07-14 13:33:10,978 - indicators.technical - INFO - Análise técnica concluída para OMNI: RSI=0 sinais, MACD=0 sinais
2025-07-14 13:33:10,978 - core.analyzer - INFO - [SUCCESS] OMNI: 0 sinais gerados, 0 salvos em 0.61s
2025-07-14 13:33:10,982 - core.data_reader - INFO - Carregados 661 pontos para SOL 5m
2025-07-14 13:33:11,111 - indicators.technical - INFO - Análise técnica concluída para SOL: RSI=0 sinais, MACD=0 sinais
2025-07-14 13:33:11,111 - core.analyzer - INFO - [SUCCESS] SOL: 0 sinais gerados, 0 salvos em 0.60s
2025-07-14 13:33:11,112 - core.analyzer - INFO - [COMPLETE] Análise concluída: 8/8 symbols, 0 sinais em 1.24s
2025-07-14 13:33:11,112 - core.analyzer - INFO - [CYCLE] Ciclo concluído: 8 symbols analisados em 1.2s
2025-07-14 13:38:09,875 - core.analyzer - INFO - [START] Iniciando análise de 8 symbols
2025-07-14 13:38:09,881 - core.analyzer - INFO - [DEBUG] Symbols disponíveis no banco: ['BNB', 'BTC', 'ENA', 'ETH', 'HBAR', 'NEAR', 'OMNI', 'SOL']
2025-07-14 13:38:09,882 - core.analyzer - INFO - [DEBUG] Symbols configurados para análise: ['BNB', 'BTC', 'ENA', 'ETH', 'HBAR', 'NEAR', 'OMNI', 'SOL']
2025-07-14 13:38:09,883 - core.analyzer - INFO - [INFO] Symbols que serão analisados: ['BNB', 'BTC', 'ENA', 'ETH', 'HBAR', 'NEAR', 'OMNI', 'SOL']
2025-07-14 13:38:09,931 - core.data_reader - INFO - Carregados 664 pontos para BTC 5m
2025-07-14 13:38:10,080 - indicators.technical - INFO - Análise técnica concluída para BTC: RSI=0 sinais, MACD=0 sinais
2025-07-14 13:38:10,080 - core.analyzer - INFO - [SUCCESS] BTC: 0 sinais gerados, 0 salvos em 0.19s
2025-07-14 13:38:10,085 - core.data_reader - INFO - Carregados 661 pontos para ENA 5m
2025-07-14 13:38:10,230 - indicators.technical - INFO - Análise técnica concluída para ENA: RSI=0 sinais, MACD=0 sinais
2025-07-14 13:38:10,230 - core.analyzer - INFO - [SUCCESS] ENA: 0 sinais gerados, 0 salvos em 0.34s
2025-07-14 13:38:10,238 - core.data_reader - INFO - Carregados 659 pontos para BNB 5m
2025-07-14 13:38:10,238 - core.data_reader - INFO - Carregados 658 pontos para ETH 5m
2025-07-14 13:38:10,509 - indicators.technical - INFO - Análise técnica concluída para ETH: RSI=0 sinais, MACD=0 sinais
2025-07-14 13:38:10,523 - indicators.technical - INFO - Análise técnica concluída para BNB: RSI=0 sinais, MACD=0 sinais
2025-07-14 13:38:10,523 - core.analyzer - INFO - [SUCCESS] ETH: 0 sinais gerados, 0 salvos em 0.63s
2025-07-14 13:38:10,524 - core.analyzer - INFO - [SUCCESS] BNB: 0 sinais gerados, 0 salvos em 0.64s
2025-07-14 13:38:10,537 - core.data_reader - INFO - Carregados 658 pontos para HBAR 5m
2025-07-14 13:38:10,680 - indicators.technical - INFO - Análise técnica concluída para HBAR: RSI=0 sinais, MACD=0 sinais
2025-07-14 13:38:10,681 - core.analyzer - INFO - [SUCCESS] HBAR: 0 sinais gerados, 0 salvos em 0.60s
2025-07-14 13:38:10,686 - core.data_reader - INFO - Carregados 658 pontos para OMNI 5m
2025-07-14 13:38:10,830 - indicators.technical - INFO - Análise técnica concluída para OMNI: RSI=0 sinais, MACD=0 sinais
2025-07-14 13:38:10,830 - core.analyzer - INFO - [SUCCESS] OMNI: 0 sinais gerados, 0 salvos em 0.31s
2025-07-14 13:38:10,833 - core.data_reader - INFO - Carregados 660 pontos para NEAR 5m
2025-07-14 13:38:10,978 - indicators.technical - INFO - Análise técnica concluída para NEAR: RSI=0 sinais, MACD=0 sinais
2025-07-14 13:38:10,979 - core.analyzer - INFO - [SUCCESS] NEAR: 0 sinais gerados, 0 salvos em 0.75s
2025-07-14 13:38:10,982 - core.data_reader - INFO - Carregados 664 pontos para SOL 5m
2025-07-14 13:38:11,110 - indicators.technical - INFO - Análise técnica concluída para SOL: RSI=0 sinais, MACD=0 sinais
2025-07-14 13:38:11,110 - core.analyzer - INFO - [SUCCESS] SOL: 0 sinais gerados, 0 salvos em 0.59s
2025-07-14 13:38:11,111 - core.analyzer - INFO - [COMPLETE] Análise concluída: 8/8 symbols, 0 sinais em 1.24s
2025-07-14 13:38:11,111 - core.analyzer - INFO - [CYCLE] Ciclo concluído: 8 symbols analisados em 1.2s
2025-07-14 13:43:09,876 - core.analyzer - INFO - [START] Iniciando análise de 8 symbols
2025-07-14 13:43:09,882 - core.analyzer - INFO - [DEBUG] Symbols disponíveis no banco: ['BNB', 'BTC', 'ENA', 'ETH', 'HBAR', 'NEAR', 'OMNI', 'SOL']
2025-07-14 13:43:09,883 - core.analyzer - INFO - [DEBUG] Symbols configurados para análise: ['BNB', 'BTC', 'ENA', 'ETH', 'HBAR', 'NEAR', 'OMNI', 'SOL']
2025-07-14 13:43:09,884 - core.analyzer - INFO - [INFO] Symbols que serão analisados: ['BNB', 'BTC', 'ENA', 'ETH', 'HBAR', 'NEAR', 'OMNI', 'SOL']
2025-07-14 13:43:09,928 - core.data_reader - INFO - Carregados 668 pontos para BTC 5m
2025-07-14 13:43:10,077 - indicators.technical - INFO - Análise técnica concluída para BTC: RSI=0 sinais, MACD=0 sinais
2025-07-14 13:43:10,078 - core.analyzer - INFO - [SUCCESS] BTC: 0 sinais gerados, 0 salvos em 0.19s
2025-07-14 13:43:10,081 - core.data_reader - INFO - Carregados 663 pontos para BNB 5m
2025-07-14 13:43:10,224 - indicators.technical - INFO - Análise técnica concluída para BNB: RSI=0 sinais, MACD=0 sinais
2025-07-14 13:43:10,225 - core.analyzer - INFO - [SUCCESS] BNB: 0 sinais gerados, 0 salvos em 0.34s
2025-07-14 13:43:10,229 - core.data_reader - INFO - Carregados 662 pontos para ETH 5m
2025-07-14 13:43:10,373 - indicators.technical - INFO - Análise técnica concluída para ETH: RSI=0 sinais, MACD=0 sinais
2025-07-14 13:43:10,373 - core.analyzer - INFO - [SUCCESS] ETH: 0 sinais gerados, 0 salvos em 0.48s
2025-07-14 13:43:10,377 - core.data_reader - INFO - Carregados 665 pontos para ENA 5m
2025-07-14 13:43:10,522 - indicators.technical - INFO - Análise técnica concluída para ENA: RSI=0 sinais, MACD=0 sinais
2025-07-14 13:43:10,523 - core.analyzer - INFO - [SUCCESS] ENA: 0 sinais gerados, 0 salvos em 0.63s
2025-07-14 13:43:10,537 - core.data_reader - INFO - Carregados 662 pontos para HBAR 5m
2025-07-14 13:43:10,682 - indicators.technical - INFO - Análise técnica concluída para HBAR: RSI=0 sinais, MACD=0 sinais
2025-07-14 13:43:10,682 - core.analyzer - INFO - [SUCCESS] HBAR: 0 sinais gerados, 0 salvos em 0.60s
2025-07-14 13:43:10,686 - core.data_reader - INFO - Carregados 662 pontos para OMNI 5m
2025-07-14 13:43:10,830 - indicators.technical - INFO - Análise técnica concluída para OMNI: RSI=0 sinais, MACD=0 sinais
2025-07-14 13:43:10,830 - core.analyzer - INFO - [SUCCESS] OMNI: 0 sinais gerados, 0 salvos em 0.46s
2025-07-14 13:43:10,834 - core.data_reader - INFO - Carregados 668 pontos para SOL 5m
2025-07-14 13:43:10,955 - core.data_reader - INFO - Carregados 664 pontos para NEAR 5m
2025-07-14 13:43:11,057 - indicators.technical - INFO - Análise técnica concluída para SOL: RSI=0 sinais, MACD=0 sinais
2025-07-14 13:43:11,057 - core.analyzer - INFO - [SUCCESS] SOL: 0 sinais gerados, 0 salvos em 0.53s
2025-07-14 13:43:11,175 - indicators.technical - INFO - Análise técnica concluída para NEAR: RSI=0 sinais, MACD=0 sinais
2025-07-14 13:43:11,175 - core.analyzer - INFO - [SUCCESS] NEAR: 0 sinais gerados, 0 salvos em 0.95s
2025-07-14 13:43:11,176 - core.analyzer - INFO - [COMPLETE] Análise concluída: 8/8 symbols, 0 sinais em 1.30s
2025-07-14 13:43:11,176 - core.analyzer - INFO - [CYCLE] Ciclo concluído: 8 symbols analisados em 1.3s
2025-07-14 13:48:09,877 - core.analyzer - INFO - [START] Iniciando análise de 8 symbols
2025-07-14 13:48:09,886 - core.analyzer - INFO - [DEBUG] Symbols disponíveis no banco: ['BNB', 'BTC', 'ENA', 'ETH', 'HBAR', 'NEAR', 'OMNI', 'SOL']
2025-07-14 13:48:09,887 - core.analyzer - INFO - [DEBUG] Symbols configurados para análise: ['BNB', 'BTC', 'ENA', 'ETH', 'HBAR', 'NEAR', 'OMNI', 'SOL']
2025-07-14 13:48:09,888 - core.analyzer - INFO - [INFO] Symbols que serão analisados: ['BNB', 'BTC', 'ENA', 'ETH', 'HBAR', 'NEAR', 'OMNI', 'SOL']
2025-07-14 13:48:09,933 - core.data_reader - INFO - Carregados 666 pontos para BNB 5m
2025-07-14 13:48:10,088 - indicators.technical - INFO - Análise técnica concluída para BNB: RSI=0 sinais, MACD=0 sinais
2025-07-14 13:48:10,089 - core.data_reader - INFO - Carregados 671 pontos para BTC 5m
2025-07-14 13:48:10,090 - core.analyzer - INFO - [SUCCESS] BNB: 0 sinais gerados, 0 salvos em 0.20s
2025-07-14 13:48:10,174 - core.data_reader - INFO - Carregados 668 pontos para ENA 5m
2025-07-14 13:48:10,259 - indicators.technical - INFO - Análise técnica concluída para BTC: RSI=0 sinais, MACD=0 sinais
2025-07-14 13:48:10,266 - core.analyzer - INFO - [SUCCESS] BTC: 0 sinais gerados, 0 salvos em 0.37s
2025-07-14 13:48:10,390 - indicators.technical - INFO - Análise técnica concluída para ENA: RSI=0 sinais, MACD=0 sinais
2025-07-14 13:48:10,392 - core.analyzer - INFO - [SUCCESS] ENA: 0 sinais gerados, 0 salvos em 0.50s
2025-07-14 13:48:10,395 - core.data_reader - INFO - Carregados 665 pontos para ETH 5m
2025-07-14 13:48:10,540 - indicators.technical - INFO - Análise técnica concluída para ETH: RSI=0 sinais, MACD=0 sinais
2025-07-14 13:48:10,541 - core.analyzer - INFO - [SUCCESS] ETH: 0 sinais gerados, 0 salvos em 0.65s
2025-07-14 13:48:10,556 - core.data_reader - INFO - Carregados 665 pontos para HBAR 5m
2025-07-14 13:48:10,700 - indicators.technical - INFO - Análise técnica concluída para HBAR: RSI=0 sinais, MACD=0 sinais
2025-07-14 13:48:10,701 - core.analyzer - INFO - [SUCCESS] HBAR: 0 sinais gerados, 0 salvos em 0.59s
2025-07-14 13:48:10,704 - core.data_reader - INFO - Carregados 665 pontos para OMNI 5m
2025-07-14 13:48:10,852 - indicators.technical - INFO - Análise técnica concluída para OMNI: RSI=0 sinais, MACD=0 sinais
2025-07-14 13:48:10,852 - core.data_reader - INFO - Carregados 667 pontos para NEAR 5m
2025-07-14 13:48:10,852 - core.analyzer - INFO - [SUCCESS] OMNI: 0 sinais gerados, 0 salvos em 0.46s
2025-07-14 13:48:11,001 - indicators.technical - INFO - Análise técnica concluída para NEAR: RSI=0 sinais, MACD=0 sinais
2025-07-14 13:48:11,001 - core.analyzer - INFO - [SUCCESS] NEAR: 0 sinais gerados, 0 salvos em 0.62s
2025-07-14 13:48:11,005 - core.data_reader - INFO - Carregados 671 pontos para SOL 5m
2025-07-14 13:48:11,133 - indicators.technical - INFO - Análise técnica concluída para SOL: RSI=0 sinais, MACD=0 sinais
2025-07-14 13:48:11,133 - core.analyzer - INFO - [SUCCESS] SOL: 0 sinais gerados, 0 salvos em 0.59s
2025-07-14 13:48:11,134 - core.analyzer - INFO - [COMPLETE] Análise concluída: 8/8 symbols, 0 sinais em 1.26s
2025-07-14 13:48:11,134 - core.analyzer - INFO - [CYCLE] Ciclo concluído: 8 symbols analisados em 1.3s
2025-07-14 13:53:09,877 - core.analyzer - INFO - [START] Iniciando análise de 8 symbols
2025-07-14 13:53:09,887 - core.analyzer - INFO - [DEBUG] Symbols disponíveis no banco: ['BNB', 'BTC', 'ENA', 'ETH', 'HBAR', 'NEAR', 'OMNI', 'SOL']
2025-07-14 13:53:09,888 - core.analyzer - INFO - [DEBUG] Symbols configurados para análise: ['BNB', 'BTC', 'ENA', 'ETH', 'HBAR', 'NEAR', 'OMNI', 'SOL']
2025-07-14 13:53:09,888 - core.analyzer - INFO - [INFO] Symbols que serão analisados: ['BNB', 'BTC', 'ENA', 'ETH', 'HBAR', 'NEAR', 'OMNI', 'SOL']
2025-07-14 13:53:09,973 - core.data_reader - INFO - Carregados 666 pontos para BNB 5m
2025-07-14 13:53:10,153 - indicators.technical - INFO - Análise técnica concluída para BNB: RSI=0 sinais, MACD=0 sinais
2025-07-14 13:53:10,154 - core.analyzer - INFO - [SUCCESS] BNB: 0 sinais gerados, 0 salvos em 0.26s
2025-07-14 13:53:10,157 - core.data_reader - INFO - Carregados 665 pontos para ETH 5m
2025-07-14 13:53:10,301 - indicators.technical - INFO - Análise técnica concluída para ETH: RSI=0 sinais, MACD=0 sinais
2025-07-14 13:53:10,302 - core.analyzer - INFO - [SUCCESS] ETH: 0 sinais gerados, 0 salvos em 0.41s
2025-07-14 13:53:10,306 - core.data_reader - INFO - Carregados 672 pontos para ENA 5m
2025-07-14 13:53:10,456 - indicators.technical - INFO - Análise técnica concluída para ENA: RSI=0 sinais, MACD=0 sinais
2025-07-14 13:53:10,456 - core.analyzer - INFO - [SUCCESS] ENA: 0 sinais gerados, 0 salvos em 0.56s
2025-07-14 13:53:10,460 - core.data_reader - INFO - Carregados 675 pontos para BTC 5m
2025-07-14 13:53:10,607 - indicators.technical - INFO - Análise técnica concluída para BTC: RSI=0 sinais, MACD=0 sinais
2025-07-14 13:53:10,607 - core.analyzer - INFO - [SUCCESS] BTC: 0 sinais gerados, 0 salvos em 0.72s
2025-07-14 13:53:10,622 - core.data_reader - INFO - Carregados 671 pontos para NEAR 5m
2025-07-14 13:53:10,770 - indicators.technical - INFO - Análise técnica concluída para NEAR: RSI=0 sinais, MACD=0 sinais
2025-07-14 13:53:10,771 - core.analyzer - INFO - [SUCCESS] NEAR: 0 sinais gerados, 0 salvos em 0.47s
2025-07-14 13:53:10,775 - core.data_reader - INFO - Carregados 665 pontos para OMNI 5m
2025-07-14 13:53:10,864 - core.data_reader - INFO - Carregados 665 pontos para HBAR 5m
2025-07-14 13:53:11,059 - indicators.technical - INFO - Análise técnica concluída para OMNI: RSI=0 sinais, MACD=0 sinais
2025-07-14 13:53:11,059 - core.analyzer - INFO - [SUCCESS] OMNI: 0 sinais gerados, 0 salvos em 0.60s
2025-07-14 13:53:11,267 - indicators.technical - INFO - Análise técnica concluída para HBAR: RSI=0 sinais, MACD=0 sinais
2025-07-14 13:53:11,267 - core.analyzer - INFO - [SUCCESS] HBAR: 0 sinais gerados, 0 salvos em 1.11s
2025-07-14 13:53:11,268 - core.data_reader - INFO - Carregados 675 pontos para SOL 5m
2025-07-14 13:53:11,445 - indicators.technical - INFO - Análise técnica concluída para SOL: RSI=0 sinais, MACD=0 sinais
2025-07-14 13:53:11,445 - core.analyzer - INFO - [SUCCESS] SOL: 0 sinais gerados, 0 salvos em 0.84s
2025-07-14 13:53:11,446 - core.analyzer - INFO - [COMPLETE] Análise concluída: 8/8 symbols, 0 sinais em 1.57s
2025-07-14 13:53:11,446 - core.analyzer - INFO - [CYCLE] Ciclo concluído: 8 symbols analisados em 1.6s
2025-07-14 13:58:09,878 - core.analyzer - INFO - [START] Iniciando análise de 8 symbols
2025-07-14 13:58:09,880 - core.analyzer - INFO - [DEBUG] Symbols disponíveis no banco: ['BNB', 'BTC', 'ENA', 'ETH', 'HBAR', 'NEAR', 'OMNI', 'SOL']
2025-07-14 13:58:09,880 - core.analyzer - INFO - [DEBUG] Symbols configurados para análise: ['BNB', 'BTC', 'ENA', 'ETH', 'HBAR', 'NEAR', 'OMNI', 'SOL']
2025-07-14 13:58:09,880 - core.analyzer - INFO - [INFO] Symbols que serão analisados: ['BNB', 'BTC', 'ENA', 'ETH', 'HBAR', 'NEAR', 'OMNI', 'SOL']
2025-07-14 13:58:09,900 - core.data_reader - INFO - Carregados 672 pontos para ENA 5m
2025-07-14 13:58:10,047 - indicators.technical - INFO - Análise técnica concluída para ENA: RSI=0 sinais, MACD=0 sinais
2025-07-14 13:58:10,047 - core.analyzer - INFO - [SUCCESS] ENA: 0 sinais gerados, 0 salvos em 0.17s
2025-07-14 13:58:10,052 - core.data_reader - INFO - Carregados 669 pontos para ETH 5m
2025-07-14 13:58:10,197 - indicators.technical - INFO - Análise técnica concluída para ETH: RSI=0 sinais, MACD=0 sinais
2025-07-14 13:58:10,198 - core.analyzer - INFO - [SUCCESS] ETH: 0 sinais gerados, 0 salvos em 0.32s
2025-07-14 13:58:10,201 - core.data_reader - INFO - Carregados 670 pontos para BNB 5m
2025-07-14 13:58:10,347 - indicators.technical - INFO - Análise técnica concluída para BNB: RSI=0 sinais, MACD=0 sinais
2025-07-14 13:58:10,347 - core.analyzer - INFO - [SUCCESS] BNB: 0 sinais gerados, 0 salvos em 0.47s
2025-07-14 13:58:10,356 - core.data_reader - INFO - Carregados 675 pontos para BTC 5m
2025-07-14 13:58:10,501 - indicators.technical - INFO - Análise técnica concluída para BTC: RSI=0 sinais, MACD=0 sinais
2025-07-14 13:58:10,501 - core.analyzer - INFO - [SUCCESS] BTC: 0 sinais gerados, 0 salvos em 0.62s
2025-07-14 13:58:10,512 - core.data_reader - INFO - Carregados 671 pontos para NEAR 5m
2025-07-14 13:58:10,660 - indicators.technical - INFO - Análise técnica concluída para NEAR: RSI=0 sinais, MACD=0 sinais
2025-07-14 13:58:10,660 - core.analyzer - INFO - [SUCCESS] NEAR: 0 sinais gerados, 0 salvos em 0.46s
2025-07-14 13:58:10,665 - core.data_reader - INFO - Carregados 669 pontos para HBAR 5m
2025-07-14 13:58:10,811 - indicators.technical - INFO - Análise técnica concluída para HBAR: RSI=0 sinais, MACD=0 sinais
2025-07-14 13:58:10,811 - core.analyzer - INFO - [SUCCESS] HBAR: 0 sinais gerados, 0 salvos em 0.76s
2025-07-14 13:58:10,815 - core.data_reader - INFO - Carregados 669 pontos para OMNI 5m
2025-07-14 13:58:10,963 - indicators.technical - INFO - Análise técnica concluída para OMNI: RSI=0 sinais, MACD=0 sinais
2025-07-14 13:58:10,963 - core.analyzer - INFO - [SUCCESS] OMNI: 0 sinais gerados, 0 salvos em 0.62s
2025-07-14 13:58:10,968 - core.data_reader - INFO - Carregados 675 pontos para SOL 5m
2025-07-14 13:58:11,098 - indicators.technical - INFO - Análise técnica concluída para SOL: RSI=0 sinais, MACD=0 sinais
2025-07-14 13:58:11,098 - core.analyzer - INFO - [SUCCESS] SOL: 0 sinais gerados, 0 salvos em 0.60s
2025-07-14 13:58:11,099 - core.analyzer - INFO - [COMPLETE] Análise concluída: 8/8 symbols, 0 sinais em 1.22s
2025-07-14 13:58:11,099 - core.analyzer - INFO - [CYCLE] Ciclo concluído: 8 symbols analisados em 1.2s
2025-07-14 14:03:09,878 - core.analyzer - INFO - [START] Iniciando análise de 8 symbols
2025-07-14 14:03:09,884 - core.analyzer - INFO - [DEBUG] Symbols disponíveis no banco: ['BNB', 'BTC', 'ENA', 'ETH', 'HBAR', 'NEAR', 'OMNI', 'SOL']
2025-07-14 14:03:09,885 - core.analyzer - INFO - [DEBUG] Symbols configurados para análise: ['BNB', 'BTC', 'ENA', 'ETH', 'HBAR', 'NEAR', 'OMNI', 'SOL']
2025-07-14 14:03:09,886 - core.analyzer - INFO - [INFO] Symbols que serão analisados: ['BNB', 'BTC', 'ENA', 'ETH', 'HBAR', 'NEAR', 'OMNI', 'SOL']
2025-07-14 14:03:09,932 - core.data_reader - INFO - Carregados 679 pontos para BTC 5m
2025-07-14 14:03:10,081 - indicators.technical - INFO - Análise técnica concluída para BTC: RSI=0 sinais, MACD=0 sinais
2025-07-14 14:03:10,082 - core.analyzer - INFO - [SUCCESS] BTC: 0 sinais gerados, 0 salvos em 0.19s
2025-07-14 14:03:10,089 - core.data_reader - INFO - Carregados 676 pontos para ENA 5m
2025-07-14 14:03:10,090 - core.data_reader - INFO - Carregados 674 pontos para BNB 5m
2025-07-14 14:03:10,305 - indicators.technical - INFO - Análise técnica concluída para BNB: RSI=0 sinais, MACD=0 sinais
2025-07-14 14:03:10,318 - core.analyzer - INFO - [SUCCESS] BNB: 0 sinais gerados, 0 salvos em 0.43s
2025-07-14 14:03:10,388 - indicators.technical - INFO - Análise técnica concluída para ENA: RSI=0 sinais, MACD=0 sinais
2025-07-14 14:03:10,388 - core.analyzer - INFO - [SUCCESS] ENA: 0 sinais gerados, 0 salvos em 0.50s
2025-07-14 14:03:10,393 - core.data_reader - INFO - Carregados 673 pontos para ETH 5m
2025-07-14 14:03:10,538 - indicators.technical - INFO - Análise técnica concluída para ETH: RSI=0 sinais, MACD=0 sinais
2025-07-14 14:03:10,538 - core.analyzer - INFO - [SUCCESS] ETH: 0 sinais gerados, 0 salvos em 0.64s
2025-07-14 14:03:10,552 - core.data_reader - INFO - Carregados 673 pontos para HBAR 5m
2025-07-14 14:03:10,699 - indicators.technical - INFO - Análise técnica concluída para HBAR: RSI=0 sinais, MACD=0 sinais
2025-07-14 14:03:10,699 - core.analyzer - INFO - [SUCCESS] HBAR: 0 sinais gerados, 0 salvos em 0.62s
2025-07-14 14:03:10,704 - core.data_reader - INFO - Carregados 673 pontos para OMNI 5m
2025-07-14 14:03:10,853 - indicators.technical - INFO - Análise técnica concluída para OMNI: RSI=0 sinais, MACD=0 sinais
2025-07-14 14:03:10,855 - core.analyzer - INFO - [SUCCESS] OMNI: 0 sinais gerados, 0 salvos em 0.47s
2025-07-14 14:03:10,855 - core.data_reader - INFO - Carregados 675 pontos para NEAR 5m
2025-07-14 14:03:10,881 - core.data_reader - INFO - Carregados 679 pontos para SOL 5m
2025-07-14 14:03:11,082 - indicators.technical - INFO - Análise técnica concluída para NEAR: RSI=0 sinais, MACD=0 sinais
2025-07-14 14:03:11,107 - core.analyzer - INFO - [SUCCESS] NEAR: 0 sinais gerados, 0 salvos em 0.79s
2025-07-14 14:03:11,164 - indicators.technical - INFO - Análise técnica concluída para SOL: RSI=0 sinais, MACD=0 sinais
2025-07-14 14:03:11,164 - core.analyzer - INFO - [SUCCESS] SOL: 0 sinais gerados, 0 salvos em 0.63s
2025-07-14 14:03:11,165 - core.analyzer - INFO - [COMPLETE] Análise concluída: 8/8 symbols, 0 sinais em 1.29s
2025-07-14 14:03:11,165 - core.analyzer - INFO - [CYCLE] Ciclo concluído: 8 symbols analisados em 1.3s
2025-07-14 14:08:09,879 - core.analyzer - INFO - [START] Iniciando análise de 8 symbols
2025-07-14 14:08:09,885 - core.analyzer - INFO - [DEBUG] Symbols disponíveis no banco: ['BNB', 'BTC', 'ENA', 'ETH', 'HBAR', 'NEAR', 'OMNI', 'SOL']
2025-07-14 14:08:09,886 - core.analyzer - INFO - [DEBUG] Symbols configurados para análise: ['BNB', 'BTC', 'ENA', 'ETH', 'HBAR', 'NEAR', 'OMNI', 'SOL']
2025-07-14 14:08:09,887 - core.analyzer - INFO - [INFO] Symbols que serão analisados: ['BNB', 'BTC', 'ENA', 'ETH', 'HBAR', 'NEAR', 'OMNI', 'SOL']
2025-07-14 14:08:09,935 - core.data_reader - INFO - Carregados 677 pontos para BNB 5m
2025-07-14 14:08:10,086 - indicators.technical - INFO - Análise técnica concluída para BNB: RSI=0 sinais, MACD=0 sinais
2025-07-14 14:08:10,086 - core.analyzer - INFO - [SUCCESS] BNB: 0 sinais gerados, 0 salvos em 0.20s
2025-07-14 14:08:10,092 - core.data_reader - INFO - Carregados 676 pontos para ETH 5m
2025-07-14 14:08:10,123 - core.data_reader - INFO - Carregados 682 pontos para BTC 5m
2025-07-14 14:08:10,317 - indicators.technical - INFO - Análise técnica concluída para ETH: RSI=0 sinais, MACD=0 sinais
2025-07-14 14:08:10,329 - core.analyzer - INFO - [SUCCESS] ETH: 0 sinais gerados, 0 salvos em 0.44s
2025-07-14 14:08:10,393 - indicators.technical - INFO - Análise técnica concluída para BTC: RSI=0 sinais, MACD=0 sinais
2025-07-14 14:08:10,394 - core.analyzer - INFO - [SUCCESS] BTC: 0 sinais gerados, 0 salvos em 0.50s
2025-07-14 14:08:10,398 - core.data_reader - INFO - Carregados 678 pontos para ENA 5m
2025-07-14 14:08:10,544 - indicators.technical - INFO - Análise técnica concluída para ENA: RSI=0 sinais, MACD=0 sinais
2025-07-14 14:08:10,544 - core.analyzer - INFO - [SUCCESS] ENA: 0 sinais gerados, 0 salvos em 0.65s
2025-07-14 14:08:10,557 - core.data_reader - INFO - Carregados 676 pontos para HBAR 5m
2025-07-14 14:08:10,705 - indicators.technical - INFO - Análise técnica concluída para HBAR: RSI=0 sinais, MACD=0 sinais
2025-07-14 14:08:10,705 - core.analyzer - INFO - [SUCCESS] HBAR: 0 sinais gerados, 0 salvos em 0.62s
2025-07-14 14:08:10,710 - core.data_reader - INFO - Carregados 676 pontos para OMNI 5m
2025-07-14 14:08:10,857 - indicators.technical - INFO - Análise técnica concluída para OMNI: RSI=0 sinais, MACD=0 sinais
2025-07-14 14:08:10,857 - core.analyzer - INFO - [SUCCESS] OMNI: 0 sinais gerados, 0 salvos em 0.46s
2025-07-14 14:08:10,862 - core.data_reader - INFO - Carregados 678 pontos para NEAR 5m
2025-07-14 14:08:10,892 - core.data_reader - INFO - Carregados 681 pontos para SOL 5m
2025-07-14 14:08:11,068 - indicators.technical - INFO - Análise técnica concluída para NEAR: RSI=0 sinais, MACD=0 sinais
2025-07-14 14:08:11,088 - core.analyzer - INFO - [SUCCESS] NEAR: 0 sinais gerados, 0 salvos em 0.76s
2025-07-14 14:08:11,163 - indicators.technical - INFO - Análise técnica concluída para SOL: RSI=0 sinais, MACD=0 sinais
2025-07-14 14:08:11,163 - core.analyzer - INFO - [SUCCESS] SOL: 0 sinais gerados, 0 salvos em 0.62s
2025-07-14 14:08:11,164 - core.analyzer - INFO - [COMPLETE] Análise concluída: 8/8 symbols, 0 sinais em 1.29s
2025-07-14 14:08:11,164 - core.analyzer - INFO - [CYCLE] Ciclo concluído: 8 symbols analisados em 1.3s
2025-07-14 14:13:09,880 - core.analyzer - INFO - [START] Iniciando análise de 8 symbols
2025-07-14 14:13:09,886 - core.analyzer - INFO - [DEBUG] Symbols disponíveis no banco: ['BNB', 'BTC', 'ENA', 'ETH', 'HBAR', 'NEAR', 'OMNI', 'SOL']
2025-07-14 14:13:09,887 - core.analyzer - INFO - [DEBUG] Symbols configurados para análise: ['BNB', 'BTC', 'ENA', 'ETH', 'HBAR', 'NEAR', 'OMNI', 'SOL']
2025-07-14 14:13:09,888 - core.analyzer - INFO - [INFO] Symbols que serão analisados: ['BNB', 'BTC', 'ENA', 'ETH', 'HBAR', 'NEAR', 'OMNI', 'SOL']
2025-07-14 14:13:09,930 - core.data_reader - INFO - Carregados 685 pontos para BTC 5m
2025-07-14 14:13:10,083 - indicators.technical - INFO - Análise técnica concluída para BTC: RSI=0 sinais, MACD=0 sinais
2025-07-14 14:13:10,083 - core.analyzer - INFO - [SUCCESS] BTC: 0 sinais gerados, 0 salvos em 0.19s
2025-07-14 14:13:10,087 - core.data_reader - INFO - Carregados 680 pontos para BNB 5m
2025-07-14 14:13:10,235 - indicators.technical - INFO - Análise técnica concluída para BNB: RSI=0 sinais, MACD=0 sinais
2025-07-14 14:13:10,235 - core.analyzer - INFO - [SUCCESS] BNB: 0 sinais gerados, 0 salvos em 0.35s
2025-07-14 14:13:10,240 - core.data_reader - INFO - Carregados 681 pontos para ENA 5m
2025-07-14 14:13:10,386 - indicators.technical - INFO - Análise técnica concluída para ENA: RSI=0 sinais, MACD=0 sinais
2025-07-14 14:13:10,387 - core.analyzer - INFO - [SUCCESS] ENA: 0 sinais gerados, 0 salvos em 0.49s
2025-07-14 14:13:10,391 - core.data_reader - INFO - Carregados 679 pontos para ETH 5m
2025-07-14 14:13:10,538 - indicators.technical - INFO - Análise técnica concluída para ETH: RSI=0 sinais, MACD=0 sinais
2025-07-14 14:13:10,538 - core.analyzer - INFO - [SUCCESS] ETH: 0 sinais gerados, 0 salvos em 0.64s
2025-07-14 14:13:10,552 - core.data_reader - INFO - Carregados 679 pontos para HBAR 5m
2025-07-14 14:13:10,698 - indicators.technical - INFO - Análise técnica concluída para HBAR: RSI=0 sinais, MACD=0 sinais
2025-07-14 14:13:10,699 - core.analyzer - INFO - [SUCCESS] HBAR: 0 sinais gerados, 0 salvos em 0.62s
2025-07-14 14:13:10,703 - core.data_reader - INFO - Carregados 681 pontos para NEAR 5m
2025-07-14 14:13:10,850 - indicators.technical - INFO - Análise técnica concluída para NEAR: RSI=0 sinais, MACD=0 sinais
2025-07-14 14:13:10,850 - core.analyzer - INFO - [SUCCESS] NEAR: 0 sinais gerados, 0 salvos em 0.61s
2025-07-14 14:13:10,854 - core.data_reader - INFO - Carregados 679 pontos para OMNI 5m
2025-07-14 14:13:11,012 - indicators.technical - INFO - Análise técnica concluída para OMNI: RSI=0 sinais, MACD=0 sinais
2025-07-14 14:13:11,012 - core.analyzer - INFO - [SUCCESS] OMNI: 0 sinais gerados, 0 salvos em 0.62s
2025-07-14 14:13:11,016 - core.data_reader - INFO - Carregados 684 pontos para SOL 5m
2025-07-14 14:13:11,148 - indicators.technical - INFO - Análise técnica concluída para SOL: RSI=0 sinais, MACD=0 sinais
2025-07-14 14:13:11,149 - core.analyzer - INFO - [SUCCESS] SOL: 0 sinais gerados, 0 salvos em 0.61s
2025-07-14 14:13:11,149 - core.analyzer - INFO - [COMPLETE] Análise concluída: 8/8 symbols, 0 sinais em 1.27s
2025-07-14 14:13:11,150 - core.analyzer - INFO - [CYCLE] Ciclo concluído: 8 symbols analisados em 1.3s
2025-07-14 14:18:09,880 - core.analyzer - INFO - [START] Iniciando análise de 8 symbols
2025-07-14 14:18:09,890 - core.analyzer - INFO - [DEBUG] Symbols disponíveis no banco: ['BNB', 'BTC', 'ENA', 'ETH', 'HBAR', 'NEAR', 'OMNI', 'SOL']
2025-07-14 14:18:09,891 - core.analyzer - INFO - [DEBUG] Symbols configurados para análise: ['BNB', 'BTC', 'ENA', 'ETH', 'HBAR', 'NEAR', 'OMNI', 'SOL']
2025-07-14 14:18:09,891 - core.analyzer - INFO - [INFO] Symbols que serão analisados: ['BNB', 'BTC', 'ENA', 'ETH', 'HBAR', 'NEAR', 'OMNI', 'SOL']
2025-07-14 14:18:09,935 - core.data_reader - INFO - Carregados 683 pontos para BNB 5m
2025-07-14 14:18:10,086 - indicators.technical - INFO - Análise técnica concluída para BNB: RSI=0 sinais, MACD=0 sinais
2025-07-14 14:18:10,086 - core.analyzer - INFO - [SUCCESS] BNB: 0 sinais gerados, 0 salvos em 0.19s
2025-07-14 14:18:10,091 - core.data_reader - INFO - Carregados 684 pontos para ENA 5m
2025-07-14 14:18:10,242 - indicators.technical - INFO - Análise técnica concluída para ENA: RSI=0 sinais, MACD=0 sinais
2025-07-14 14:18:10,243 - core.analyzer - INFO - [SUCCESS] ENA: 0 sinais gerados, 0 salvos em 0.35s
2025-07-14 14:18:10,249 - core.data_reader - INFO - Carregados 682 pontos para ETH 5m
2025-07-14 14:18:10,397 - indicators.technical - INFO - Análise técnica concluída para ETH: RSI=0 sinais, MACD=0 sinais
2025-07-14 14:18:10,397 - core.data_reader - INFO - Carregados 688 pontos para BTC 5m
2025-07-14 14:18:10,397 - core.analyzer - INFO - [SUCCESS] ETH: 0 sinais gerados, 0 salvos em 0.50s
2025-07-14 14:18:10,547 - indicators.technical - INFO - Análise técnica concluída para BTC: RSI=0 sinais, MACD=0 sinais
2025-07-14 14:18:10,547 - core.analyzer - INFO - [SUCCESS] BTC: 0 sinais gerados, 0 salvos em 0.65s
2025-07-14 14:18:10,563 - core.data_reader - INFO - Carregados 682 pontos para HBAR 5m
2025-07-14 14:18:10,664 - core.data_reader - INFO - Carregados 684 pontos para NEAR 5m
2025-07-14 14:18:10,813 - indicators.technical - INFO - Análise técnica concluída para NEAR: RSI=0 sinais, MACD=0 sinais
2025-07-14 14:18:10,813 - core.analyzer - INFO - [SUCCESS] NEAR: 0 sinais gerados, 0 salvos em 0.56s
2025-07-14 14:18:10,820 - core.data_reader - INFO - Carregados 687 pontos para SOL 5m
2025-07-14 14:18:10,839 - core.data_reader - INFO - Carregados 682 pontos para OMNI 5m
2025-07-14 14:18:11,161 - indicators.technical - INFO - Análise técnica concluída para HBAR: RSI=0 sinais, MACD=0 sinais
2025-07-14 14:18:11,169 - indicators.technical - INFO - Análise técnica concluída para SOL: RSI=0 sinais, MACD=0 sinais
2025-07-14 14:18:11,179 - indicators.technical - INFO - Análise técnica concluída para OMNI: RSI=0 sinais, MACD=0 sinais
2025-07-14 14:18:11,179 - core.analyzer - INFO - [SUCCESS] HBAR: 0 sinais gerados, 0 salvos em 1.09s
2025-07-14 14:18:11,179 - core.analyzer - INFO - [SUCCESS] SOL: 0 sinais gerados, 0 salvos em 0.63s
2025-07-14 14:18:11,179 - core.analyzer - INFO - [SUCCESS] OMNI: 0 sinais gerados, 0 salvos em 0.73s
2025-07-14 14:18:11,181 - core.analyzer - INFO - [COMPLETE] Análise concluída: 8/8 symbols, 0 sinais em 1.30s
2025-07-14 14:18:11,181 - core.analyzer - INFO - [CYCLE] Ciclo concluído: 8 symbols analisados em 1.3s
2025-07-14 14:23:09,881 - core.analyzer - INFO - [START] Iniciando análise de 8 symbols
2025-07-14 14:23:09,890 - core.analyzer - INFO - [DEBUG] Symbols disponíveis no banco: ['BNB', 'BTC', 'ENA', 'ETH', 'HBAR', 'NEAR', 'OMNI', 'SOL']
2025-07-14 14:23:09,891 - core.analyzer - INFO - [DEBUG] Symbols configurados para análise: ['BNB', 'BTC', 'ENA', 'ETH', 'HBAR', 'NEAR', 'OMNI', 'SOL']
2025-07-14 14:23:09,892 - core.analyzer - INFO - [INFO] Symbols que serão analisados: ['BNB', 'BTC', 'ENA', 'ETH', 'HBAR', 'NEAR', 'OMNI', 'SOL']
2025-07-14 14:23:09,933 - core.data_reader - INFO - Carregados 683 pontos para BNB 5m
2025-07-14 14:23:10,086 - indicators.technical - INFO - Análise técnica concluída para BNB: RSI=0 sinais, MACD=0 sinais
2025-07-14 14:23:10,086 - core.analyzer - INFO - [SUCCESS] BNB: 0 sinais gerados, 0 salvos em 0.19s
2025-07-14 14:23:10,093 - core.data_reader - INFO - Carregados 688 pontos para ENA 5m
2025-07-14 14:23:10,245 - indicators.technical - INFO - Análise técnica concluída para ENA: RSI=0 sinais, MACD=0 sinais
2025-07-14 14:23:10,247 - core.analyzer - INFO - [SUCCESS] ENA: 0 sinais gerados, 0 salvos em 0.35s
2025-07-14 14:23:10,248 - core.data_reader - INFO - Carregados 682 pontos para ETH 5m
2025-07-14 14:23:10,401 - indicators.technical - INFO - Análise técnica concluída para ETH: RSI=0 sinais, MACD=0 sinais
2025-07-14 14:23:10,401 - core.analyzer - INFO - [SUCCESS] ETH: 0 sinais gerados, 0 salvos em 0.50s
2025-07-14 14:23:10,409 - core.data_reader - INFO - Carregados 688 pontos para BTC 5m
2025-07-14 14:23:10,557 - indicators.technical - INFO - Análise técnica concluída para BTC: RSI=0 sinais, MACD=0 sinais
2025-07-14 14:23:10,557 - core.analyzer - INFO - [SUCCESS] BTC: 0 sinais gerados, 0 salvos em 0.66s
2025-07-14 14:23:10,567 - core.data_reader - INFO - Carregados 682 pontos para HBAR 5m
2025-07-14 14:23:10,715 - indicators.technical - INFO - Análise técnica concluída para HBAR: RSI=0 sinais, MACD=0 sinais
2025-07-14 14:23:10,715 - core.analyzer - INFO - [SUCCESS] HBAR: 0 sinais gerados, 0 salvos em 0.63s
2025-07-14 14:23:10,719 - core.data_reader - INFO - Carregados 684 pontos para NEAR 5m
2025-07-14 14:23:10,868 - indicators.technical - INFO - Análise técnica concluída para NEAR: RSI=0 sinais, MACD=0 sinais
2025-07-14 14:23:10,868 - core.analyzer - INFO - [SUCCESS] NEAR: 0 sinais gerados, 0 salvos em 0.62s
2025-07-14 14:23:10,872 - core.data_reader - INFO - Carregados 682 pontos para OMNI 5m
2025-07-14 14:23:11,029 - indicators.technical - INFO - Análise técnica concluída para OMNI: RSI=0 sinais, MACD=0 sinais
2025-07-14 14:23:11,029 - core.analyzer - INFO - [SUCCESS] OMNI: 0 sinais gerados, 0 salvos em 0.63s
2025-07-14 14:23:11,033 - core.data_reader - INFO - Carregados 687 pontos para SOL 5m
2025-07-14 14:23:11,166 - indicators.technical - INFO - Análise técnica concluída para SOL: RSI=0 sinais, MACD=0 sinais
2025-07-14 14:23:11,166 - core.analyzer - INFO - [SUCCESS] SOL: 0 sinais gerados, 0 salvos em 0.61s
2025-07-14 14:23:11,167 - core.analyzer - INFO - [COMPLETE] Análise concluída: 8/8 symbols, 0 sinais em 1.29s
2025-07-14 14:23:11,167 - core.analyzer - INFO - [CYCLE] Ciclo concluído: 8 symbols analisados em 1.3s
2025-07-14 14:28:09,882 - core.analyzer - INFO - [START] Iniciando análise de 8 symbols
2025-07-14 14:28:09,888 - core.analyzer - INFO - [DEBUG] Symbols disponíveis no banco: ['BNB', 'BTC', 'ENA', 'ETH', 'HBAR', 'NEAR', 'OMNI', 'SOL']
2025-07-14 14:28:09,889 - core.analyzer - INFO - [DEBUG] Symbols configurados para análise: ['BNB', 'BTC', 'ENA', 'ETH', 'HBAR', 'NEAR', 'OMNI', 'SOL']
2025-07-14 14:28:09,889 - core.analyzer - INFO - [INFO] Symbols que serão analisados: ['BNB', 'BTC', 'ENA', 'ETH', 'HBAR', 'NEAR', 'OMNI', 'SOL']
2025-07-14 14:28:09,936 - core.data_reader - INFO - Carregados 687 pontos para BNB 5m
2025-07-14 14:28:09,937 - core.data_reader - INFO - Carregados 692 pontos para BTC 5m
2025-07-14 14:28:10,133 - indicators.technical - INFO - Análise técnica concluída para BNB: RSI=0 sinais, MACD=0 sinais
2025-07-14 14:28:10,133 - core.data_reader - INFO - Carregados 688 pontos para ENA 5m
2025-07-14 14:28:10,134 - core.analyzer - INFO - [SUCCESS] BNB: 0 sinais gerados, 0 salvos em 0.24s
2025-07-14 14:28:10,330 - indicators.technical - INFO - Análise técnica concluída para ENA: RSI=0 sinais, MACD=0 sinais
2025-07-14 14:28:10,407 - indicators.technical - INFO - Análise técnica concluída para BTC: RSI=0 sinais, MACD=0 sinais
2025-07-14 14:28:10,407 - core.analyzer - INFO - [SUCCESS] ENA: 0 sinais gerados, 0 salvos em 0.51s
2025-07-14 14:28:10,407 - core.analyzer - INFO - [SUCCESS] BTC: 0 sinais gerados, 0 salvos em 0.51s
2025-07-14 14:28:10,412 - core.data_reader - INFO - Carregados 686 pontos para ETH 5m
2025-07-14 14:28:10,562 - indicators.technical - INFO - Análise técnica concluída para ETH: RSI=0 sinais, MACD=0 sinais
2025-07-14 14:28:10,562 - core.analyzer - INFO - [SUCCESS] ETH: 0 sinais gerados, 0 salvos em 0.67s
2025-07-14 14:28:10,578 - core.data_reader - INFO - Carregados 686 pontos para HBAR 5m
2025-07-14 14:28:10,727 - indicators.technical - INFO - Análise técnica concluída para HBAR: RSI=0 sinais, MACD=0 sinais
2025-07-14 14:28:10,728 - core.analyzer - INFO - [SUCCESS] HBAR: 0 sinais gerados, 0 salvos em 0.55s
2025-07-14 14:28:10,732 - core.data_reader - INFO - Carregados 688 pontos para NEAR 5m
2025-07-14 14:28:10,881 - indicators.technical - INFO - Análise técnica concluída para NEAR: RSI=0 sinais, MACD=0 sinais
2025-07-14 14:28:10,881 - core.analyzer - INFO - [SUCCESS] NEAR: 0 sinais gerados, 0 salvos em 0.47s
2025-07-14 14:28:10,884 - core.data_reader - INFO - Carregados 691 pontos para SOL 5m
2025-07-14 14:28:11,045 - indicators.technical - INFO - Análise técnica concluída para SOL: RSI=0 sinais, MACD=0 sinais
2025-07-14 14:28:11,046 - core.data_reader - INFO - Carregados 686 pontos para OMNI 5m
2025-07-14 14:28:11,046 - core.analyzer - INFO - [SUCCESS] SOL: 0 sinais gerados, 0 salvos em 0.48s
2025-07-14 14:28:11,181 - indicators.technical - INFO - Análise técnica concluída para OMNI: RSI=0 sinais, MACD=0 sinais
2025-07-14 14:28:11,182 - core.analyzer - INFO - [SUCCESS] OMNI: 0 sinais gerados, 0 salvos em 0.77s
2025-07-14 14:28:11,182 - core.analyzer - INFO - [COMPLETE] Análise concluída: 8/8 symbols, 0 sinais em 1.30s
2025-07-14 14:28:11,183 - core.analyzer - INFO - [CYCLE] Ciclo concluído: 8 symbols analisados em 1.3s
2025-07-14 14:33:09,883 - core.analyzer - INFO - [START] Iniciando análise de 8 symbols
2025-07-14 14:33:09,889 - core.analyzer - INFO - [DEBUG] Symbols disponíveis no banco: ['BNB', 'BTC', 'ENA', 'ETH', 'HBAR', 'NEAR', 'OMNI', 'SOL']
2025-07-14 14:33:09,890 - core.analyzer - INFO - [DEBUG] Symbols configurados para análise: ['BNB', 'BTC', 'ENA', 'ETH', 'HBAR', 'NEAR', 'OMNI', 'SOL']
2025-07-14 14:33:09,890 - core.analyzer - INFO - [INFO] Symbols que serão analisados: ['BNB', 'BTC', 'ENA', 'ETH', 'HBAR', 'NEAR', 'OMNI', 'SOL']
2025-07-14 14:33:09,933 - core.data_reader - INFO - Carregados 690 pontos para BNB 5m
2025-07-14 14:33:10,089 - indicators.technical - INFO - Análise técnica concluída para BNB: RSI=0 sinais, MACD=0 sinais
2025-07-14 14:33:10,090 - core.analyzer - INFO - [SUCCESS] BNB: 0 sinais gerados, 0 salvos em 0.20s
2025-07-14 14:33:10,095 - core.data_reader - INFO - Carregados 689 pontos para ETH 5m
2025-07-14 14:33:10,245 - indicators.technical - INFO - Análise técnica concluída para ETH: RSI=0 sinais, MACD=0 sinais
2025-07-14 14:33:10,245 - core.analyzer - INFO - [SUCCESS] ETH: 0 sinais gerados, 0 salvos em 0.35s
2025-07-14 14:33:10,249 - core.data_reader - INFO - Carregados 696 pontos para BTC 5m
2025-07-14 14:33:10,405 - indicators.technical - INFO - Análise técnica concluída para BTC: RSI=0 sinais, MACD=0 sinais
2025-07-14 14:33:10,406 - core.data_reader - INFO - Carregados 692 pontos para ENA 5m
2025-07-14 14:33:10,406 - core.analyzer - INFO - [SUCCESS] BTC: 0 sinais gerados, 0 salvos em 0.51s
2025-07-14 14:33:10,556 - indicators.technical - INFO - Análise técnica concluída para ENA: RSI=0 sinais, MACD=0 sinais
2025-07-14 14:33:10,556 - core.analyzer - INFO - [SUCCESS] ENA: 0 sinais gerados, 0 salvos em 0.66s
2025-07-14 14:33:10,571 - core.data_reader - INFO - Carregados 689 pontos para HBAR 5m
2025-07-14 14:33:10,722 - indicators.technical - INFO - Análise técnica concluída para HBAR: RSI=0 sinais, MACD=0 sinais
2025-07-14 14:33:10,722 - core.analyzer - INFO - [SUCCESS] HBAR: 0 sinais gerados, 0 salvos em 0.63s
2025-07-14 14:33:10,727 - core.data_reader - INFO - Carregados 692 pontos para NEAR 5m
2025-07-14 14:33:10,783 - core.data_reader - INFO - Carregados 689 pontos para OMNI 5m
2025-07-14 14:33:10,894 - indicators.technical - INFO - Análise técnica concluída para NEAR: RSI=0 sinais, MACD=0 sinais
2025-07-14 14:33:10,894 - core.analyzer - INFO - [SUCCESS] NEAR: 0 sinais gerados, 0 salvos em 0.65s
2025-07-14 14:33:10,898 - core.data_reader - INFO - Carregados 695 pontos para SOL 5m
2025-07-14 14:33:11,193 - indicators.technical - INFO - Análise técnica concluída para SOL: RSI=0 sinais, MACD=0 sinais
2025-07-14 14:33:11,201 - indicators.technical - INFO - Análise técnica concluída para OMNI: RSI=0 sinais, MACD=0 sinais
2025-07-14 14:33:11,201 - core.analyzer - INFO - [SUCCESS] SOL: 0 sinais gerados, 0 salvos em 0.64s
2025-07-14 14:33:11,201 - core.analyzer - INFO - [SUCCESS] OMNI: 0 sinais gerados, 0 salvos em 0.74s
2025-07-14 14:33:11,202 - core.analyzer - INFO - [COMPLETE] Análise concluída: 8/8 symbols, 0 sinais em 1.32s
2025-07-14 14:33:11,202 - core.analyzer - INFO - [CYCLE] Ciclo concluído: 8 symbols analisados em 1.3s
2025-07-14 14:38:09,883 - core.analyzer - INFO - [START] Iniciando análise de 8 symbols
2025-07-14 14:38:09,889 - core.analyzer - INFO - [DEBUG] Symbols disponíveis no banco: ['BNB', 'BTC', 'ENA', 'ETH', 'HBAR', 'NEAR', 'OMNI', 'SOL']
2025-07-14 14:38:09,890 - core.analyzer - INFO - [DEBUG] Symbols configurados para análise: ['BNB', 'BTC', 'ENA', 'ETH', 'HBAR', 'NEAR', 'OMNI', 'SOL']
2025-07-14 14:38:09,891 - core.analyzer - INFO - [INFO] Symbols que serão analisados: ['BNB', 'BTC', 'ENA', 'ETH', 'HBAR', 'NEAR', 'OMNI', 'SOL']
2025-07-14 14:38:09,935 - core.data_reader - INFO - Carregados 700 pontos para BTC 5m
2025-07-14 14:38:10,094 - indicators.technical - INFO - Análise técnica concluída para BTC: RSI=0 sinais, MACD=0 sinais
2025-07-14 14:38:10,097 - core.analyzer - INFO - [SUCCESS] BTC: 0 sinais gerados, 0 salvos em 0.20s
2025-07-14 14:38:10,098 - core.data_reader - INFO - Carregados 694 pontos para BNB 5m
2025-07-14 14:38:10,248 - indicators.technical - INFO - Análise técnica concluída para BNB: RSI=0 sinais, MACD=0 sinais
2025-07-14 14:38:10,248 - core.analyzer - INFO - [SUCCESS] BNB: 0 sinais gerados, 0 salvos em 0.36s
2025-07-14 14:38:10,253 - core.data_reader - INFO - Carregados 693 pontos para ETH 5m
2025-07-14 14:38:10,404 - indicators.technical - INFO - Análise técnica concluída para ETH: RSI=0 sinais, MACD=0 sinais
2025-07-14 14:38:10,405 - core.analyzer - INFO - [SUCCESS] ETH: 0 sinais gerados, 0 salvos em 0.51s
2025-07-14 14:38:10,409 - core.data_reader - INFO - Carregados 696 pontos para ENA 5m
2025-07-14 14:38:10,561 - indicators.technical - INFO - Análise técnica concluída para ENA: RSI=0 sinais, MACD=0 sinais
2025-07-14 14:38:10,562 - core.analyzer - INFO - [SUCCESS] ENA: 0 sinais gerados, 0 salvos em 0.67s
2025-07-14 14:38:10,576 - core.data_reader - INFO - Carregados 696 pontos para NEAR 5m
2025-07-14 14:38:10,725 - indicators.technical - INFO - Análise técnica concluída para NEAR: RSI=0 sinais, MACD=0 sinais
2025-07-14 14:38:10,725 - core.analyzer - INFO - [SUCCESS] NEAR: 0 sinais gerados, 0 salvos em 0.48s
2025-07-14 14:38:10,729 - core.data_reader - INFO - Carregados 693 pontos para HBAR 5m
2025-07-14 14:38:10,880 - indicators.technical - INFO - Análise técnica concluída para HBAR: RSI=0 sinais, MACD=0 sinais
2025-07-14 14:38:10,880 - core.analyzer - INFO - [SUCCESS] HBAR: 0 sinais gerados, 0 salvos em 0.78s
2025-07-14 14:38:10,884 - core.data_reader - INFO - Carregados 693 pontos para OMNI 5m
2025-07-14 14:38:11,039 - indicators.technical - INFO - Análise técnica concluída para OMNI: RSI=0 sinais, MACD=0 sinais
2025-07-14 14:38:11,039 - core.analyzer - INFO - [SUCCESS] OMNI: 0 sinais gerados, 0 salvos em 0.63s
2025-07-14 14:38:11,043 - core.data_reader - INFO - Carregados 699 pontos para SOL 5m
2025-07-14 14:38:11,177 - indicators.technical - INFO - Análise técnica concluída para SOL: RSI=0 sinais, MACD=0 sinais
2025-07-14 14:38:11,177 - core.analyzer - INFO - [SUCCESS] SOL: 0 sinais gerados, 0 salvos em 0.62s
2025-07-14 14:38:11,178 - core.analyzer - INFO - [COMPLETE] Análise concluída: 8/8 symbols, 0 sinais em 1.29s
2025-07-14 14:38:11,178 - core.analyzer - INFO - [CYCLE] Ciclo concluído: 8 symbols analisados em 1.3s
2025-07-14 14:43:09,884 - core.analyzer - INFO - [START] Iniciando análise de 8 symbols
2025-07-14 14:43:09,893 - core.analyzer - INFO - [DEBUG] Symbols disponíveis no banco: ['BNB', 'BTC', 'ENA', 'ETH', 'HBAR', 'NEAR', 'OMNI', 'SOL']
2025-07-14 14:43:09,894 - core.analyzer - INFO - [DEBUG] Symbols configurados para análise: ['BNB', 'BTC', 'ENA', 'ETH', 'HBAR', 'NEAR', 'OMNI', 'SOL']
2025-07-14 14:43:09,895 - core.analyzer - INFO - [INFO] Symbols que serão analisados: ['BNB', 'BTC', 'ENA', 'ETH', 'HBAR', 'NEAR', 'OMNI', 'SOL']
2025-07-14 14:43:09,945 - core.data_reader - INFO - Carregados 704 pontos para BTC 5m
2025-07-14 14:43:10,054 - core.data_reader - INFO - Carregados 700 pontos para ENA 5m
2025-07-14 14:43:10,206 - indicators.technical - INFO - Análise técnica concluída para ENA: RSI=0 sinais, MACD=0 sinais
2025-07-14 14:43:10,208 - core.analyzer - INFO - [SUCCESS] ENA: 0 sinais gerados, 0 salvos em 0.31s
2025-07-14 14:43:10,263 - indicators.technical - INFO - Análise técnica concluída para BTC: RSI=0 sinais, MACD=0 sinais
2025-07-14 14:43:10,265 - core.analyzer - INFO - [SUCCESS] BTC: 0 sinais gerados, 0 salvos em 0.37s
2025-07-14 14:43:10,266 - core.data_reader - INFO - Carregados 697 pontos para ETH 5m
2025-07-14 14:43:10,287 - core.data_reader - INFO - Carregados 698 pontos para BNB 5m
2025-07-14 14:43:10,512 - indicators.technical - INFO - Análise técnica concluída para BNB: RSI=0 sinais, MACD=0 sinais
2025-07-14 14:43:10,554 - core.analyzer - INFO - [SUCCESS] BNB: 0 sinais gerados, 0 salvos em 0.66s
2025-07-14 14:43:10,574 - indicators.technical - INFO - Análise técnica concluída para ETH: RSI=0 sinais, MACD=0 sinais
2025-07-14 14:43:10,574 - core.analyzer - INFO - [SUCCESS] ETH: 0 sinais gerados, 0 salvos em 0.67s
2025-07-14 14:43:10,591 - core.data_reader - INFO - Carregados 697 pontos para HBAR 5m
2025-07-14 14:43:10,743 - indicators.technical - INFO - Análise técnica concluída para HBAR: RSI=0 sinais, MACD=0 sinais
2025-07-14 14:43:10,743 - core.analyzer - INFO - [SUCCESS] HBAR: 0 sinais gerados, 0 salvos em 0.49s
2025-07-14 14:43:10,747 - core.data_reader - INFO - Carregados 697 pontos para OMNI 5m
2025-07-14 14:43:10,900 - indicators.technical - INFO - Análise técnica concluída para OMNI: RSI=0 sinais, MACD=0 sinais
2025-07-14 14:43:10,901 - core.analyzer - INFO - [SUCCESS] OMNI: 0 sinais gerados, 0 salvos em 0.33s
2025-07-14 14:43:10,908 - core.data_reader - INFO - Carregados 700 pontos para NEAR 5m
2025-07-14 14:43:10,909 - core.data_reader - INFO - Carregados 703 pontos para SOL 5m
2025-07-14 14:43:11,134 - indicators.technical - INFO - Análise técnica concluída para NEAR: RSI=0 sinais, MACD=0 sinais
2025-07-14 14:43:11,159 - core.analyzer - INFO - [SUCCESS] NEAR: 0 sinais gerados, 0 salvos em 0.89s
2025-07-14 14:43:11,224 - indicators.technical - INFO - Análise técnica concluída para SOL: RSI=0 sinais, MACD=0 sinais
2025-07-14 14:43:11,224 - core.analyzer - INFO - [SUCCESS] SOL: 0 sinais gerados, 0 salvos em 0.65s
2025-07-14 14:43:11,225 - core.analyzer - INFO - [COMPLETE] Análise concluída: 8/8 symbols, 0 sinais em 1.34s
2025-07-14 14:43:11,226 - core.analyzer - INFO - [CYCLE] Ciclo concluído: 8 symbols analisados em 1.3s
2025-07-14 14:48:09,884 - core.analyzer - INFO - [START] Iniciando análise de 8 symbols
2025-07-14 14:48:09,890 - core.analyzer - INFO - [DEBUG] Symbols disponíveis no banco: ['BNB', 'BTC', 'ENA', 'ETH', 'HBAR', 'NEAR', 'OMNI', 'SOL']
2025-07-14 14:48:09,891 - core.analyzer - INFO - [DEBUG] Symbols configurados para análise: ['BNB', 'BTC', 'ENA', 'ETH', 'HBAR', 'NEAR', 'OMNI', 'SOL']
2025-07-14 14:48:09,892 - core.analyzer - INFO - [INFO] Symbols que serão analisados: ['BNB', 'BTC', 'ENA', 'ETH', 'HBAR', 'NEAR', 'OMNI', 'SOL']
2025-07-14 14:48:09,975 - core.data_reader - INFO - Carregados 703 pontos para ENA 5m
2025-07-14 14:48:10,249 - indicators.technical - INFO - Análise técnica concluída para ENA: RSI=0 sinais, MACD=0 sinais
2025-07-14 14:48:10,250 - core.analyzer - INFO - [SUCCESS] ENA: 0 sinais gerados, 0 salvos em 0.35s
2025-07-14 14:48:10,254 - core.data_reader - INFO - Carregados 697 pontos para ETH 5m
2025-07-14 14:48:10,468 - indicators.technical - INFO - Análise técnica concluída para ETH: RSI=0 sinais, MACD=0 sinais
2025-07-14 14:48:10,469 - core.analyzer - INFO - [SUCCESS] ETH: 0 sinais gerados, 0 salvos em 0.57s
2025-07-14 14:48:10,470 - core.data_reader - INFO - Carregados 704 pontos para BTC 5m
2025-07-14 14:48:10,697 - indicators.technical - INFO - Análise técnica concluída para BTC: RSI=0 sinais, MACD=0 sinais
2025-07-14 14:48:10,697 - core.analyzer - INFO - [SUCCESS] BTC: 0 sinais gerados, 0 salvos em 0.80s
2025-07-14 14:48:10,702 - core.data_reader - INFO - Carregados 698 pontos para BNB 5m
2025-07-14 14:48:10,853 - indicators.technical - INFO - Análise técnica concluída para BNB: RSI=0 sinais, MACD=0 sinais
2025-07-14 14:48:10,854 - core.analyzer - INFO - [SUCCESS] BNB: 0 sinais gerados, 0 salvos em 0.96s
2025-07-14 14:48:10,869 - core.data_reader - INFO - Carregados 697 pontos para OMNI 5m
2025-07-14 14:48:11,023 - indicators.technical - INFO - Análise técnica concluída para OMNI: RSI=0 sinais, MACD=0 sinais
2025-07-14 14:48:11,024 - core.analyzer - INFO - [SUCCESS] OMNI: 0 sinais gerados, 0 salvos em 0.33s
2025-07-14 14:48:11,031 - core.data_reader - INFO - Carregados 700 pontos para NEAR 5m
2025-07-14 14:48:11,031 - core.data_reader - INFO - Carregados 697 pontos para HBAR 5m
2025-07-14 14:48:11,277 - indicators.technical - INFO - Análise técnica concluída para HBAR: RSI=0 sinais, MACD=0 sinais
2025-07-14 14:48:11,278 - core.analyzer - INFO - [SUCCESS] HBAR: 0 sinais gerados, 0 salvos em 1.03s
2025-07-14 14:48:11,355 - indicators.technical - INFO - Análise técnica concluída para NEAR: RSI=0 sinais, MACD=0 sinais
2025-07-14 14:48:11,356 - core.data_reader - INFO - Carregados 706 pontos para SOL 5m
2025-07-14 14:48:11,356 - core.analyzer - INFO - [SUCCESS] NEAR: 0 sinais gerados, 0 salvos em 0.89s
2025-07-14 14:48:11,521 - indicators.technical - INFO - Análise técnica concluída para SOL: RSI=0 sinais, MACD=0 sinais
2025-07-14 14:48:11,521 - core.analyzer - INFO - [SUCCESS] SOL: 0 sinais gerados, 0 salvos em 0.67s
2025-07-14 14:48:11,522 - core.analyzer - INFO - [COMPLETE] Análise concluída: 8/8 symbols, 0 sinais em 1.64s
2025-07-14 14:48:11,522 - core.analyzer - INFO - [CYCLE] Ciclo concluído: 8 symbols analisados em 1.6s
2025-07-14 14:53:09,885 - core.analyzer - INFO - [START] Iniciando análise de 8 symbols
2025-07-14 14:53:09,892 - core.analyzer - INFO - [DEBUG] Symbols disponíveis no banco: ['BNB', 'BTC', 'ENA', 'ETH', 'HBAR', 'NEAR', 'OMNI', 'SOL']
2025-07-14 14:53:09,892 - core.analyzer - INFO - [DEBUG] Symbols configurados para análise: ['BNB', 'BTC', 'ENA', 'ETH', 'HBAR', 'NEAR', 'OMNI', 'SOL']
2025-07-14 14:53:09,893 - core.analyzer - INFO - [INFO] Symbols que serão analisados: ['BNB', 'BTC', 'ENA', 'ETH', 'HBAR', 'NEAR', 'OMNI', 'SOL']
2025-07-14 14:53:09,938 - core.data_reader - INFO - Carregados 701 pontos para BNB 5m
2025-07-14 14:53:10,093 - indicators.technical - INFO - Análise técnica concluída para BNB: RSI=0 sinais, MACD=0 sinais
2025-07-14 14:53:10,093 - core.analyzer - INFO - [SUCCESS] BNB: 0 sinais gerados, 0 salvos em 0.20s
2025-07-14 14:53:10,098 - core.data_reader - INFO - Carregados 703 pontos para ENA 5m
2025-07-14 14:53:10,174 - core.data_reader - INFO - Carregados 700 pontos para ETH 5m
2025-07-14 14:53:10,392 - indicators.technical - INFO - Análise técnica concluída para ENA: RSI=0 sinais, MACD=0 sinais
2025-07-14 14:53:10,434 - core.analyzer - INFO - [SUCCESS] ENA: 0 sinais gerados, 0 salvos em 0.54s
2025-07-14 14:53:10,455 - indicators.technical - INFO - Análise técnica concluída para ETH: RSI=0 sinais, MACD=0 sinais
2025-07-14 14:53:10,456 - core.analyzer - INFO - [SUCCESS] ETH: 0 sinais gerados, 0 salvos em 0.56s
2025-07-14 14:53:10,461 - core.data_reader - INFO - Carregados 707 pontos para BTC 5m
2025-07-14 14:53:10,616 - indicators.technical - INFO - Análise técnica concluída para BTC: RSI=0 sinais, MACD=0 sinais
2025-07-14 14:53:10,616 - core.analyzer - INFO - [SUCCESS] BTC: 0 sinais gerados, 0 salvos em 0.72s
2025-07-14 14:53:10,631 - core.data_reader - INFO - Carregados 703 pontos para NEAR 5m
2025-07-14 14:53:10,774 - core.data_reader - INFO - Carregados 700 pontos para HBAR 5m
2025-07-14 14:53:10,824 - indicators.technical - INFO - Análise técnica concluída para NEAR: RSI=0 sinais, MACD=0 sinais
2025-07-14 14:53:10,895 - core.analyzer - INFO - [SUCCESS] NEAR: 0 sinais gerados, 0 salvos em 0.44s
2025-07-14 14:53:10,956 - indicators.technical - INFO - Análise técnica concluída para HBAR: RSI=0 sinais, MACD=0 sinais
2025-07-14 14:53:10,956 - core.analyzer - INFO - [SUCCESS] HBAR: 0 sinais gerados, 0 salvos em 0.86s
2025-07-14 14:53:10,963 - core.data_reader - INFO - Carregados 700 pontos para OMNI 5m
2025-07-14 14:53:10,971 - core.data_reader - INFO - Carregados 706 pontos para SOL 5m
2025-07-14 14:53:11,270 - indicators.technical - INFO - Análise técnica concluída para OMNI: RSI=0 sinais, MACD=0 sinais
2025-07-14 14:53:11,284 - indicators.technical - INFO - Análise técnica concluída para SOL: RSI=0 sinais, MACD=0 sinais
2025-07-14 14:53:11,284 - core.analyzer - INFO - [SUCCESS] OMNI: 0 sinais gerados, 0 salvos em 0.83s
2025-07-14 14:53:11,285 - core.analyzer - INFO - [SUCCESS] SOL: 0 sinais gerados, 0 salvos em 0.67s
2025-07-14 14:53:11,285 - core.analyzer - INFO - [COMPLETE] Análise concluída: 8/8 symbols, 0 sinais em 1.40s
2025-07-14 14:53:11,286 - core.analyzer - INFO - [CYCLE] Ciclo concluído: 8 symbols analisados em 1.4s
2025-07-14 14:58:09,886 - core.analyzer - INFO - [START] Iniciando análise de 8 symbols
2025-07-14 14:58:09,891 - core.analyzer - INFO - [DEBUG] Symbols disponíveis no banco: ['BNB', 'BTC', 'ENA', 'ETH', 'HBAR', 'NEAR', 'OMNI', 'SOL']
2025-07-14 14:58:09,892 - core.analyzer - INFO - [DEBUG] Symbols configurados para análise: ['BNB', 'BTC', 'ENA', 'ETH', 'HBAR', 'NEAR', 'OMNI', 'SOL']
2025-07-14 14:58:09,893 - core.analyzer - INFO - [INFO] Symbols que serão analisados: ['BNB', 'BTC', 'ENA', 'ETH', 'HBAR', 'NEAR', 'OMNI', 'SOL']
2025-07-14 14:58:09,937 - core.data_reader - INFO - Carregados 704 pontos para ETH 5m
2025-07-14 14:58:10,098 - indicators.technical - INFO - Análise técnica concluída para ETH: RSI=0 sinais, MACD=0 sinais
2025-07-14 14:58:10,099 - core.data_reader - INFO - Carregados 711 pontos para BTC 5m
2025-07-14 14:58:10,099 - core.analyzer - INFO - [SUCCESS] ETH: 0 sinais gerados, 0 salvos em 0.20s
2025-07-14 14:58:10,112 - core.data_reader - INFO - Carregados 707 pontos para ENA 5m
2025-07-14 14:58:10,265 - indicators.technical - INFO - Análise técnica concluída para ENA: RSI=0 sinais, MACD=0 sinais
2025-07-14 14:58:10,265 - core.analyzer - INFO - [SUCCESS] ENA: 0 sinais gerados, 0 salvos em 0.37s
2025-07-14 14:58:10,269 - core.data_reader - INFO - Carregados 705 pontos para BNB 5m
2025-07-14 14:58:10,421 - indicators.technical - INFO - Análise técnica concluída para BNB: RSI=0 sinais, MACD=0 sinais
2025-07-14 14:58:10,422 - core.analyzer - INFO - [SUCCESS] BNB: 0 sinais gerados, 0 salvos em 0.53s
2025-07-14 14:58:10,571 - indicators.technical - INFO - Análise técnica concluída para BTC: RSI=0 sinais, MACD=0 sinais
2025-07-14 14:58:10,571 - core.analyzer - INFO - [SUCCESS] BTC: 0 sinais gerados, 0 salvos em 0.68s
2025-07-14 14:58:10,586 - core.data_reader - INFO - Carregados 707 pontos para NEAR 5m
2025-07-14 14:58:10,738 - indicators.technical - INFO - Análise técnica concluída para NEAR: RSI=0 sinais, MACD=0 sinais
2025-07-14 14:58:10,739 - core.analyzer - INFO - [SUCCESS] NEAR: 0 sinais gerados, 0 salvos em 0.47s
2025-07-14 14:58:10,743 - core.data_reader - INFO - Carregados 704 pontos para OMNI 5m
2025-07-14 14:58:10,897 - indicators.technical - INFO - Análise técnica concluída para OMNI: RSI=0 sinais, MACD=0 sinais
2025-07-14 14:58:10,897 - core.analyzer - INFO - [SUCCESS] OMNI: 0 sinais gerados, 0 salvos em 0.48s
2025-07-14 14:58:10,902 - core.data_reader - INFO - Carregados 704 pontos para HBAR 5m
2025-07-14 14:58:11,057 - indicators.technical - INFO - Análise técnica concluída para HBAR: RSI=0 sinais, MACD=0 sinais
2025-07-14 14:58:11,057 - core.analyzer - INFO - [SUCCESS] HBAR: 0 sinais gerados, 0 salvos em 0.95s
2025-07-14 14:58:11,061 - core.data_reader - INFO - Carregados 710 pontos para SOL 5m
2025-07-14 14:58:11,198 - indicators.technical - INFO - Análise técnica concluída para SOL: RSI=0 sinais, MACD=0 sinais
2025-07-14 14:58:11,199 - core.analyzer - INFO - [SUCCESS] SOL: 0 sinais gerados, 0 salvos em 0.63s
2025-07-14 14:58:11,200 - core.analyzer - INFO - [COMPLETE] Análise concluída: 8/8 symbols, 0 sinais em 1.31s
2025-07-14 14:58:11,200 - core.analyzer - INFO - [CYCLE] Ciclo concluído: 8 symbols analisados em 1.3s
2025-07-14 15:03:09,887 - core.analyzer - INFO - [START] Iniciando análise de 8 symbols
2025-07-14 15:03:09,893 - core.analyzer - INFO - [DEBUG] Symbols disponíveis no banco: ['BNB', 'BTC', 'ENA', 'ETH', 'HBAR', 'NEAR', 'OMNI', 'SOL']
2025-07-14 15:03:09,894 - core.analyzer - INFO - [DEBUG] Symbols configurados para análise: ['BNB', 'BTC', 'ENA', 'ETH', 'HBAR', 'NEAR', 'OMNI', 'SOL']
2025-07-14 15:03:09,895 - core.analyzer - INFO - [INFO] Symbols que serão analisados: ['BNB', 'BTC', 'ENA', 'ETH', 'HBAR', 'NEAR', 'OMNI', 'SOL']
2025-07-14 15:03:09,941 - core.data_reader - INFO - Carregados 707 pontos para BNB 5m
2025-07-14 15:03:10,098 - indicators.technical - INFO - Análise técnica concluída para BNB: RSI=0 sinais, MACD=0 sinais
2025-07-14 15:03:10,099 - core.analyzer - INFO - [SUCCESS] BNB: 0 sinais gerados, 0 salvos em 0.20s
2025-07-14 15:03:10,104 - core.data_reader - INFO - Carregados 713 pontos para BTC 5m
2025-07-14 15:03:10,260 - indicators.technical - INFO - Análise técnica concluída para BTC: RSI=0 sinais, MACD=0 sinais
2025-07-14 15:03:10,260 - core.data_reader - INFO - Carregados 711 pontos para ENA 5m
2025-07-14 15:03:10,261 - core.analyzer - INFO - [SUCCESS] BTC: 0 sinais gerados, 0 salvos em 0.36s
2025-07-14 15:03:10,416 - indicators.technical - INFO - Análise técnica concluída para ENA: RSI=0 sinais, MACD=0 sinais
2025-07-14 15:03:10,417 - core.analyzer - INFO - [SUCCESS] ENA: 0 sinais gerados, 0 salvos em 0.52s
2025-07-14 15:03:10,420 - core.data_reader - INFO - Carregados 706 pontos para ETH 5m
2025-07-14 15:03:10,574 - indicators.technical - INFO - Análise técnica concluída para ETH: RSI=0 sinais, MACD=0 sinais
2025-07-14 15:03:10,575 - core.analyzer - INFO - [SUCCESS] ETH: 0 sinais gerados, 0 salvos em 0.67s
2025-07-14 15:03:10,590 - core.data_reader - INFO - Carregados 709 pontos para NEAR 5m
2025-07-14 15:03:10,745 - indicators.technical - INFO - Análise técnica concluída para NEAR: RSI=0 sinais, MACD=0 sinais
2025-07-14 15:03:10,746 - core.analyzer - INFO - [SUCCESS] NEAR: 0 sinais gerados, 0 salvos em 0.46s
2025-07-14 15:03:10,750 - core.data_reader - INFO - Carregados 706 pontos para HBAR 5m
2025-07-14 15:03:10,902 - indicators.technical - INFO - Análise técnica concluída para HBAR: RSI=0 sinais, MACD=0 sinais
2025-07-14 15:03:10,903 - core.analyzer - INFO - [SUCCESS] HBAR: 0 sinais gerados, 0 salvos em 0.80s
2025-07-14 15:03:10,907 - core.data_reader - INFO - Carregados 706 pontos para OMNI 5m
2025-07-14 15:03:11,068 - indicators.technical - INFO - Análise técnica concluída para OMNI: RSI=0 sinais, MACD=0 sinais
2025-07-14 15:03:11,069 - core.analyzer - INFO - [SUCCESS] OMNI: 0 sinais gerados, 0 salvos em 0.65s
2025-07-14 15:03:11,072 - core.data_reader - INFO - Carregados 712 pontos para SOL 5m
2025-07-14 15:03:11,208 - indicators.technical - INFO - Análise técnica concluída para SOL: RSI=0 sinais, MACD=0 sinais
2025-07-14 15:03:11,209 - core.analyzer - INFO - [SUCCESS] SOL: 0 sinais gerados, 0 salvos em 0.63s
2025-07-14 15:03:11,210 - core.analyzer - INFO - [COMPLETE] Análise concluída: 8/8 symbols, 0 sinais em 1.32s
2025-07-14 15:03:11,210 - core.analyzer - INFO - [CYCLE] Ciclo concluído: 8 symbols analisados em 1.3s
2025-07-14 15:08:09,887 - core.analyzer - INFO - [START] Iniciando análise de 8 symbols
2025-07-14 15:08:09,897 - core.analyzer - INFO - [DEBUG] Symbols disponíveis no banco: ['BNB', 'BTC', 'ENA', 'ETH', 'HBAR', 'NEAR', 'OMNI', 'SOL']
2025-07-14 15:08:09,898 - core.analyzer - INFO - [DEBUG] Symbols configurados para análise: ['BNB', 'BTC', 'ENA', 'ETH', 'HBAR', 'NEAR', 'OMNI', 'SOL']
2025-07-14 15:08:09,899 - core.analyzer - INFO - [INFO] Symbols que serão analisados: ['BNB', 'BTC', 'ENA', 'ETH', 'HBAR', 'NEAR', 'OMNI', 'SOL']
2025-07-14 15:08:09,943 - core.data_reader - INFO - Carregados 710 pontos para BNB 5m
2025-07-14 15:08:10,101 - indicators.technical - INFO - Análise técnica concluída para BNB: RSI=0 sinais, MACD=0 sinais
2025-07-14 15:08:10,101 - core.analyzer - INFO - [SUCCESS] BNB: 0 sinais gerados, 0 salvos em 0.20s
2025-07-14 15:08:10,107 - core.data_reader - INFO - Carregados 709 pontos para ETH 5m
2025-07-14 15:08:10,212 - core.data_reader - INFO - Carregados 716 pontos para BTC 5m
2025-07-14 15:08:10,371 - indicators.technical - INFO - Análise técnica concluída para BTC: RSI=0 sinais, MACD=0 sinais
2025-07-14 15:08:10,387 - core.analyzer - INFO - [SUCCESS] BTC: 0 sinais gerados, 0 salvos em 0.49s
2025-07-14 15:08:10,427 - indicators.technical - INFO - Análise técnica concluída para ETH: RSI=0 sinais, MACD=0 sinais
2025-07-14 15:08:10,428 - core.data_reader - INFO - Carregados 714 pontos para ENA 5m
2025-07-14 15:08:10,428 - core.analyzer - INFO - [SUCCESS] ETH: 0 sinais gerados, 0 salvos em 0.52s
2025-07-14 15:08:10,584 - indicators.technical - INFO - Análise técnica concluída para ENA: RSI=0 sinais, MACD=0 sinais
2025-07-14 15:08:10,585 - core.analyzer - INFO - [SUCCESS] ENA: 0 sinais gerados, 0 salvos em 0.68s
2025-07-14 15:08:10,600 - core.data_reader - INFO - Carregados 709 pontos para HBAR 5m
2025-07-14 15:08:10,754 - indicators.technical - INFO - Análise técnica concluída para HBAR: RSI=0 sinais, MACD=0 sinais
2025-07-14 15:08:10,754 - core.analyzer - INFO - [SUCCESS] HBAR: 0 sinais gerados, 0 salvos em 0.65s
2025-07-14 15:08:10,759 - core.data_reader - INFO - Carregados 715 pontos para SOL 5m
2025-07-14 15:08:10,915 - indicators.technical - INFO - Análise técnica concluída para SOL: RSI=0 sinais, MACD=0 sinais
2025-07-14 15:08:10,916 - core.analyzer - INFO - [SUCCESS] SOL: 0 sinais gerados, 0 salvos em 0.33s
2025-07-14 15:08:10,920 - core.data_reader - INFO - Carregados 712 pontos para NEAR 5m
2025-07-14 15:08:11,082 - indicators.technical - INFO - Análise técnica concluída para NEAR: RSI=0 sinais, MACD=0 sinais
2025-07-14 15:08:11,082 - core.data_reader - INFO - Carregados 709 pontos para OMNI 5m
2025-07-14 15:08:11,083 - core.analyzer - INFO - [SUCCESS] NEAR: 0 sinais gerados, 0 salvos em 0.69s
2025-07-14 15:08:11,222 - indicators.technical - INFO - Análise técnica concluída para OMNI: RSI=0 sinais, MACD=0 sinais
2025-07-14 15:08:11,222 - core.analyzer - INFO - [SUCCESS] OMNI: 0 sinais gerados, 0 salvos em 0.73s
2025-07-14 15:08:11,223 - core.analyzer - INFO - [COMPLETE] Análise concluída: 8/8 symbols, 0 sinais em 1.34s
2025-07-14 15:08:11,223 - core.analyzer - INFO - [CYCLE] Ciclo concluído: 8 symbols analisados em 1.3s
2025-07-14 15:13:09,888 - core.analyzer - INFO - [START] Iniciando análise de 8 symbols
2025-07-14 15:13:09,898 - core.analyzer - INFO - [DEBUG] Symbols disponíveis no banco: ['BNB', 'BTC', 'ENA', 'ETH', 'HBAR', 'NEAR', 'OMNI', 'SOL']
2025-07-14 15:13:09,899 - core.analyzer - INFO - [DEBUG] Symbols configurados para análise: ['BNB', 'BTC', 'ENA', 'ETH', 'HBAR', 'NEAR', 'OMNI', 'SOL']
2025-07-14 15:13:09,899 - core.analyzer - INFO - [INFO] Symbols que serão analisados: ['BNB', 'BTC', 'ENA', 'ETH', 'HBAR', 'NEAR', 'OMNI', 'SOL']
2025-07-14 15:13:09,942 - core.data_reader - INFO - Carregados 710 pontos para BNB 5m
2025-07-14 15:13:10,100 - indicators.technical - INFO - Análise técnica concluída para BNB: RSI=0 sinais, MACD=0 sinais
2025-07-14 15:13:10,101 - core.analyzer - INFO - [SUCCESS] BNB: 0 sinais gerados, 0 salvos em 0.20s
2025-07-14 15:13:10,105 - core.data_reader - INFO - Carregados 709 pontos para ETH 5m
2025-07-14 15:13:10,257 - indicators.technical - INFO - Análise técnica concluída para ETH: RSI=0 sinais, MACD=0 sinais
2025-07-14 15:13:10,258 - core.analyzer - INFO - [SUCCESS] ETH: 0 sinais gerados, 0 salvos em 0.35s
2025-07-14 15:13:10,262 - core.data_reader - INFO - Carregados 719 pontos para BTC 5m
2025-07-14 15:13:10,424 - indicators.technical - INFO - Análise técnica concluída para BTC: RSI=0 sinais, MACD=0 sinais
2025-07-14 15:13:10,425 - core.data_reader - INFO - Carregados 717 pontos para ENA 5m
2025-07-14 15:13:10,425 - core.analyzer - INFO - [SUCCESS] BTC: 0 sinais gerados, 0 salvos em 0.52s
2025-07-14 15:13:10,581 - indicators.technical - INFO - Análise técnica concluída para ENA: RSI=0 sinais, MACD=0 sinais
2025-07-14 15:13:10,582 - core.analyzer - INFO - [SUCCESS] ENA: 0 sinais gerados, 0 salvos em 0.68s
2025-07-14 15:13:10,599 - core.data_reader - INFO - Carregados 709 pontos para HBAR 5m
2025-07-14 15:13:10,752 - indicators.technical - INFO - Análise técnica concluída para HBAR: RSI=0 sinais, MACD=0 sinais
2025-07-14 15:13:10,753 - core.analyzer - INFO - [SUCCESS] HBAR: 0 sinais gerados, 0 salvos em 0.65s
2025-07-14 15:13:10,757 - core.data_reader - INFO - Carregados 715 pontos para NEAR 5m
2025-07-14 15:13:10,913 - indicators.technical - INFO - Análise técnica concluída para NEAR: RSI=0 sinais, MACD=0 sinais
2025-07-14 15:13:10,913 - core.analyzer - INFO - [SUCCESS] NEAR: 0 sinais gerados, 0 salvos em 0.66s
2025-07-14 15:13:10,918 - core.data_reader - INFO - Carregados 709 pontos para OMNI 5m
2025-07-14 15:13:11,061 - core.data_reader - INFO - Carregados 718 pontos para SOL 5m
2025-07-14 15:13:11,084 - indicators.technical - INFO - Análise técnica concluída para OMNI: RSI=0 sinais, MACD=0 sinais
2025-07-14 15:13:11,094 - core.analyzer - INFO - [SUCCESS] OMNI: 0 sinais gerados, 0 salvos em 0.51s
2025-07-14 15:13:11,227 - indicators.technical - INFO - Análise técnica concluída para SOL: RSI=0 sinais, MACD=0 sinais
2025-07-14 15:13:11,227 - core.analyzer - INFO - [SUCCESS] SOL: 0 sinais gerados, 0 salvos em 0.64s
2025-07-14 15:13:11,228 - core.analyzer - INFO - [COMPLETE] Análise concluída: 8/8 symbols, 0 sinais em 1.34s
2025-07-14 15:13:11,228 - core.analyzer - INFO - [CYCLE] Ciclo concluído: 8 symbols analisados em 1.3s
2025-07-14 15:18:09,888 - core.analyzer - INFO - [START] Iniciando análise de 8 symbols
2025-07-14 15:18:09,891 - core.analyzer - INFO - [DEBUG] Symbols disponíveis no banco: ['BNB', 'BTC', 'ENA', 'ETH', 'HBAR', 'NEAR', 'OMNI', 'SOL']
2025-07-14 15:18:09,891 - core.analyzer - INFO - [DEBUG] Symbols configurados para análise: ['BNB', 'BTC', 'ENA', 'ETH', 'HBAR', 'NEAR', 'OMNI', 'SOL']
2025-07-14 15:18:09,892 - core.analyzer - INFO - [INFO] Symbols que serão analisados: ['BNB', 'BTC', 'ENA', 'ETH', 'HBAR', 'NEAR', 'OMNI', 'SOL']
2025-07-14 15:18:09,918 - core.data_reader - INFO - Carregados 713 pontos para BNB 5m
2025-07-14 15:18:10,079 - indicators.technical - INFO - Análise técnica concluída para BNB: RSI=0 sinais, MACD=0 sinais
2025-07-14 15:18:10,079 - core.analyzer - INFO - [SUCCESS] BNB: 0 sinais gerados, 0 salvos em 0.19s
2025-07-14 15:18:10,084 - core.data_reader - INFO - Carregados 719 pontos para BTC 5m
2025-07-14 15:18:10,245 - indicators.technical - INFO - Análise técnica concluída para BTC: RSI=0 sinais, MACD=0 sinais
2025-07-14 15:18:10,245 - core.analyzer - INFO - [SUCCESS] BTC: 0 sinais gerados, 0 salvos em 0.35s
2025-07-14 15:18:10,252 - core.data_reader - INFO - Carregados 717 pontos para ENA 5m
2025-07-14 15:18:10,253 - core.data_reader - INFO - Carregados 712 pontos para ETH 5m
2025-07-14 15:18:10,482 - indicators.technical - INFO - Análise técnica concluída para ENA: RSI=0 sinais, MACD=0 sinais
2025-07-14 15:18:10,504 - core.analyzer - INFO - [SUCCESS] ENA: 0 sinais gerados, 0 salvos em 0.61s
2025-07-14 15:18:10,569 - indicators.technical - INFO - Análise técnica concluída para ETH: RSI=0 sinais, MACD=0 sinais
2025-07-14 15:18:10,570 - core.analyzer - INFO - [SUCCESS] ETH: 0 sinais gerados, 0 salvos em 0.68s
2025-07-14 15:18:10,585 - core.data_reader - INFO - Carregados 715 pontos para NEAR 5m
2025-07-14 15:18:10,738 - indicators.technical - INFO - Análise técnica concluída para NEAR: RSI=0 sinais, MACD=0 sinais
2025-07-14 15:18:10,738 - core.analyzer - INFO - [SUCCESS] NEAR: 0 sinais gerados, 0 salvos em 0.49s
2025-07-14 15:18:10,742 - core.data_reader - INFO - Carregados 712 pontos para HBAR 5m
2025-07-14 15:18:10,897 - indicators.technical - INFO - Análise técnica concluída para HBAR: RSI=0 sinais, MACD=0 sinais
2025-07-14 15:18:10,897 - core.analyzer - INFO - [SUCCESS] HBAR: 0 sinais gerados, 0 salvos em 0.82s
2025-07-14 15:18:10,902 - core.data_reader - INFO - Carregados 718 pontos para SOL 5m
2025-07-14 15:18:11,059 - indicators.technical - INFO - Análise técnica concluída para SOL: RSI=0 sinais, MACD=0 sinais
2025-07-14 15:18:11,059 - core.analyzer - INFO - [SUCCESS] SOL: 0 sinais gerados, 0 salvos em 0.49s
2025-07-14 15:18:11,063 - core.data_reader - INFO - Carregados 712 pontos para OMNI 5m
2025-07-14 15:18:11,201 - indicators.technical - INFO - Análise técnica concluída para OMNI: RSI=0 sinais, MACD=0 sinais
2025-07-14 15:18:11,201 - core.analyzer - INFO - [SUCCESS] OMNI: 0 sinais gerados, 0 salvos em 0.70s
2025-07-14 15:18:11,202 - core.analyzer - INFO - [COMPLETE] Análise concluída: 8/8 symbols, 0 sinais em 1.31s
2025-07-14 15:18:11,202 - core.analyzer - INFO - [CYCLE] Ciclo concluído: 8 symbols analisados em 1.3s
2025-07-14 15:23:09,889 - core.analyzer - INFO - [START] Iniciando análise de 8 symbols
2025-07-14 15:23:09,895 - core.analyzer - INFO - [DEBUG] Symbols disponíveis no banco: ['BNB', 'BTC', 'ENA', 'ETH', 'HBAR', 'NEAR', 'OMNI', 'SOL']
2025-07-14 15:23:09,896 - core.analyzer - INFO - [DEBUG] Symbols configurados para análise: ['BNB', 'BTC', 'ENA', 'ETH', 'HBAR', 'NEAR', 'OMNI', 'SOL']
2025-07-14 15:23:09,897 - core.analyzer - INFO - [INFO] Symbols que serão analisados: ['BNB', 'BTC', 'ENA', 'ETH', 'HBAR', 'NEAR', 'OMNI', 'SOL']
2025-07-14 15:23:09,943 - core.data_reader - INFO - Carregados 716 pontos para BNB 5m
2025-07-14 15:23:10,102 - indicators.technical - INFO - Análise técnica concluída para BNB: RSI=0 sinais, MACD=0 sinais
2025-07-14 15:23:10,103 - core.analyzer - INFO - [SUCCESS] BNB: 0 sinais gerados, 0 salvos em 0.20s
2025-07-14 15:23:10,107 - core.data_reader - INFO - Carregados 720 pontos para ENA 5m
2025-07-14 15:23:10,263 - indicators.technical - INFO - Análise técnica concluída para ENA: RSI=0 sinais, MACD=0 sinais
2025-07-14 15:23:10,263 - core.analyzer - INFO - [SUCCESS] ENA: 0 sinais gerados, 0 salvos em 0.36s
2025-07-14 15:23:10,268 - core.data_reader - INFO - Carregados 722 pontos para BTC 5m
2025-07-14 15:23:10,425 - indicators.technical - INFO - Análise técnica concluída para BTC: RSI=0 sinais, MACD=0 sinais
2025-07-14 15:23:10,426 - core.analyzer - INFO - [SUCCESS] BTC: 0 sinais gerados, 0 salvos em 0.53s
2025-07-14 15:23:10,430 - core.data_reader - INFO - Carregados 715 pontos para ETH 5m
2025-07-14 15:23:10,585 - indicators.technical - INFO - Análise técnica concluída para ETH: RSI=0 sinais, MACD=0 sinais
2025-07-14 15:23:10,585 - core.analyzer - INFO - [SUCCESS] ETH: 0 sinais gerados, 0 salvos em 0.68s
2025-07-14 15:23:10,599 - core.data_reader - INFO - Carregados 715 pontos para HBAR 5m
2025-07-14 15:23:10,758 - indicators.technical - INFO - Análise técnica concluída para HBAR: RSI=0 sinais, MACD=0 sinais
2025-07-14 15:23:10,758 - core.analyzer - INFO - [SUCCESS] HBAR: 0 sinais gerados, 0 salvos em 0.65s
2025-07-14 15:23:10,763 - core.data_reader - INFO - Carregados 718 pontos para NEAR 5m
2025-07-14 15:23:10,921 - indicators.technical - INFO - Análise técnica concluída para NEAR: RSI=0 sinais, MACD=0 sinais
2025-07-14 15:23:10,921 - core.analyzer - INFO - [SUCCESS] NEAR: 0 sinais gerados, 0 salvos em 0.66s
2025-07-14 15:23:10,925 - core.data_reader - INFO - Carregados 715 pontos para OMNI 5m
2025-07-14 15:23:11,087 - indicators.technical - INFO - Análise técnica concluída para OMNI: RSI=0 sinais, MACD=0 sinais
2025-07-14 15:23:11,087 - core.analyzer - INFO - [SUCCESS] OMNI: 0 sinais gerados, 0 salvos em 0.66s
2025-07-14 15:23:11,091 - core.data_reader - INFO - Carregados 721 pontos para SOL 5m
2025-07-14 15:23:11,230 - indicators.technical - INFO - Análise técnica concluída para SOL: RSI=0 sinais, MACD=0 sinais
2025-07-14 15:23:11,230 - core.analyzer - INFO - [SUCCESS] SOL: 0 sinais gerados, 0 salvos em 0.64s
2025-07-14 15:23:11,231 - core.analyzer - INFO - [COMPLETE] Análise concluída: 8/8 symbols, 0 sinais em 1.34s
2025-07-14 15:23:11,231 - core.analyzer - INFO - [CYCLE] Ciclo concluído: 8 symbols analisados em 1.3s
2025-07-14 15:28:09,890 - core.analyzer - INFO - [START] Iniciando análise de 8 symbols
2025-07-14 15:28:09,896 - core.analyzer - INFO - [DEBUG] Symbols disponíveis no banco: ['BNB', 'BTC', 'ENA', 'ETH', 'HBAR', 'NEAR', 'OMNI', 'SOL']
2025-07-14 15:28:09,897 - core.analyzer - INFO - [DEBUG] Symbols configurados para análise: ['BNB', 'BTC', 'ENA', 'ETH', 'HBAR', 'NEAR', 'OMNI', 'SOL']
2025-07-14 15:28:09,897 - core.analyzer - INFO - [INFO] Symbols que serão analisados: ['BNB', 'BTC', 'ENA', 'ETH', 'HBAR', 'NEAR', 'OMNI', 'SOL']
2025-07-14 15:28:09,944 - core.data_reader - INFO - Carregados 726 pontos para BTC 5m
2025-07-14 15:28:10,103 - indicators.technical - INFO - Análise técnica concluída para BTC: RSI=0 sinais, MACD=0 sinais
2025-07-14 15:28:10,104 - core.analyzer - INFO - [SUCCESS] BTC: 0 sinais gerados, 0 salvos em 0.20s
2025-07-14 15:28:10,108 - core.data_reader - INFO - Carregados 720 pontos para BNB 5m
2025-07-14 15:28:10,263 - indicators.technical - INFO - Análise técnica concluída para BNB: RSI=0 sinais, MACD=0 sinais
2025-07-14 15:28:10,264 - core.analyzer - INFO - [SUCCESS] BNB: 0 sinais gerados, 0 salvos em 0.36s
2025-07-14 15:28:10,270 - core.data_reader - INFO - Carregados 724 pontos para ENA 5m
2025-07-14 15:28:10,330 - core.data_reader - INFO - Carregados 719 pontos para ETH 5m
2025-07-14 15:28:10,567 - indicators.technical - INFO - Análise técnica concluída para ETH: RSI=0 sinais, MACD=0 sinais
2025-07-14 15:28:10,574 - core.analyzer - INFO - [SUCCESS] ETH: 0 sinais gerados, 0 salvos em 0.67s
2025-07-14 15:28:10,587 - indicators.technical - INFO - Análise técnica concluída para ENA: RSI=0 sinais, MACD=0 sinais
2025-07-14 15:28:10,588 - core.analyzer - INFO - [SUCCESS] ENA: 0 sinais gerados, 0 salvos em 0.69s
2025-07-14 15:28:10,601 - core.data_reader - INFO - Carregados 719 pontos para HBAR 5m
2025-07-14 15:28:10,757 - indicators.technical - INFO - Análise técnica concluída para HBAR: RSI=0 sinais, MACD=0 sinais
2025-07-14 15:28:10,757 - core.analyzer - INFO - [SUCCESS] HBAR: 0 sinais gerados, 0 salvos em 0.65s
2025-07-14 15:28:10,764 - core.data_reader - INFO - Carregados 722 pontos para NEAR 5m
2025-07-14 15:28:10,862 - core.data_reader - INFO - Carregados 719 pontos para OMNI 5m
2025-07-14 15:28:11,030 - indicators.technical - INFO - Análise técnica concluída para NEAR: RSI=0 sinais, MACD=0 sinais
2025-07-14 15:28:11,084 - indicators.technical - INFO - Análise técnica concluída para OMNI: RSI=0 sinais, MACD=0 sinais
2025-07-14 15:28:11,084 - core.analyzer - INFO - [SUCCESS] NEAR: 0 sinais gerados, 0 salvos em 0.82s
2025-07-14 15:28:11,085 - core.analyzer - INFO - [SUCCESS] OMNI: 0 sinais gerados, 0 salvos em 0.51s
2025-07-14 15:28:11,089 - core.data_reader - INFO - Carregados 725 pontos para SOL 5m
2025-07-14 15:28:11,230 - indicators.technical - INFO - Análise técnica concluída para SOL: RSI=0 sinais, MACD=0 sinais
2025-07-14 15:28:11,230 - core.analyzer - INFO - [SUCCESS] SOL: 0 sinais gerados, 0 salvos em 0.64s
2025-07-14 15:28:11,231 - core.analyzer - INFO - [COMPLETE] Análise concluída: 8/8 symbols, 0 sinais em 1.34s
2025-07-14 15:28:11,231 - core.analyzer - INFO - [CYCLE] Ciclo concluído: 8 symbols analisados em 1.3s
2025-07-14 15:33:09,890 - core.analyzer - INFO - [START] Iniciando análise de 8 symbols
2025-07-14 15:33:09,899 - core.analyzer - INFO - [DEBUG] Symbols disponíveis no banco: ['BNB', 'BTC', 'ENA', 'ETH', 'HBAR', 'NEAR', 'OMNI', 'SOL']
2025-07-14 15:33:09,900 - core.analyzer - INFO - [DEBUG] Symbols configurados para análise: ['BNB', 'BTC', 'ENA', 'ETH', 'HBAR', 'NEAR', 'OMNI', 'SOL']
2025-07-14 15:33:09,901 - core.analyzer - INFO - [INFO] Symbols que serão analisados: ['BNB', 'BTC', 'ENA', 'ETH', 'HBAR', 'NEAR', 'OMNI', 'SOL']
2025-07-14 15:33:09,944 - core.data_reader - INFO - Carregados 723 pontos para BNB 5m
2025-07-14 15:33:10,106 - indicators.technical - INFO - Análise técnica concluída para BNB: RSI=0 sinais, MACD=0 sinais
2025-07-14 15:33:10,106 - core.analyzer - INFO - [SUCCESS] BNB: 0 sinais gerados, 0 salvos em 0.20s
2025-07-14 15:33:10,112 - core.data_reader - INFO - Carregados 727 pontos para ENA 5m
2025-07-14 15:33:10,271 - indicators.technical - INFO - Análise técnica concluída para ENA: RSI=0 sinais, MACD=0 sinais
2025-07-14 15:33:10,271 - core.analyzer - INFO - [SUCCESS] ENA: 0 sinais gerados, 0 salvos em 0.37s
2025-07-14 15:33:10,278 - core.data_reader - INFO - Carregados 729 pontos para BTC 5m
2025-07-14 15:33:10,437 - indicators.technical - INFO - Análise técnica concluída para BTC: RSI=0 sinais, MACD=0 sinais
2025-07-14 15:33:10,438 - core.analyzer - INFO - [SUCCESS] BTC: 0 sinais gerados, 0 salvos em 0.53s
2025-07-14 15:33:10,442 - core.data_reader - INFO - Carregados 722 pontos para ETH 5m
2025-07-14 15:33:10,599 - indicators.technical - INFO - Análise técnica concluída para ETH: RSI=0 sinais, MACD=0 sinais
2025-07-14 15:33:10,599 - core.analyzer - INFO - [SUCCESS] ETH: 0 sinais gerados, 0 salvos em 0.69s
2025-07-14 15:33:10,612 - core.data_reader - INFO - Carregados 722 pontos para HBAR 5m
2025-07-14 15:33:10,768 - indicators.technical - INFO - Análise técnica concluída para HBAR: RSI=0 sinais, MACD=0 sinais
2025-07-14 15:33:10,768 - core.analyzer - INFO - [SUCCESS] HBAR: 0 sinais gerados, 0 salvos em 0.66s
2025-07-14 15:33:10,773 - core.data_reader - INFO - Carregados 725 pontos para NEAR 5m
2025-07-14 15:33:10,935 - indicators.technical - INFO - Análise técnica concluída para NEAR: RSI=0 sinais, MACD=0 sinais
2025-07-14 15:33:10,935 - core.analyzer - INFO - [SUCCESS] NEAR: 0 sinais gerados, 0 salvos em 0.66s
2025-07-14 15:33:10,940 - core.data_reader - INFO - Carregados 722 pontos para OMNI 5m
2025-07-14 15:33:11,146 - indicators.technical - INFO - Análise técnica concluída para OMNI: RSI=0 sinais, MACD=0 sinais
2025-07-14 15:33:11,147 - core.analyzer - INFO - [SUCCESS] OMNI: 0 sinais gerados, 0 salvos em 0.71s
2025-07-14 15:33:11,150 - core.data_reader - INFO - Carregados 728 pontos para SOL 5m
2025-07-14 15:33:11,290 - indicators.technical - INFO - Análise técnica concluída para SOL: RSI=0 sinais, MACD=0 sinais
2025-07-14 15:33:11,291 - core.analyzer - INFO - [SUCCESS] SOL: 0 sinais gerados, 0 salvos em 0.69s
2025-07-14 15:33:11,291 - core.analyzer - INFO - [COMPLETE] Análise concluída: 8/8 symbols, 0 sinais em 1.40s
2025-07-14 15:33:11,292 - core.analyzer - INFO - [CYCLE] Ciclo concluído: 8 symbols analisados em 1.4s
2025-07-14 15:38:09,891 - core.analyzer - INFO - [START] Iniciando análise de 8 symbols
2025-07-14 15:38:09,894 - core.analyzer - INFO - [DEBUG] Symbols disponíveis no banco: ['BNB', 'BTC', 'ENA', 'ETH', 'HBAR', 'NEAR', 'OMNI', 'SOL']
2025-07-14 15:38:09,894 - core.analyzer - INFO - [DEBUG] Symbols configurados para análise: ['BNB', 'BTC', 'ENA', 'ETH', 'HBAR', 'NEAR', 'OMNI', 'SOL']
2025-07-14 15:38:09,895 - core.analyzer - INFO - [INFO] Symbols que serão analisados: ['BNB', 'BTC', 'ENA', 'ETH', 'HBAR', 'NEAR', 'OMNI', 'SOL']
2025-07-14 15:38:09,923 - core.data_reader - INFO - Carregados 733 pontos para BTC 5m
2025-07-14 15:38:10,062 - core.data_reader - INFO - Carregados 723 pontos para BNB 5m
2025-07-14 15:38:10,346 - core.data_reader - INFO - Carregados 722 pontos para ETH 5m
2025-07-14 15:38:10,486 - indicators.technical - INFO - Análise técnica concluída para BNB: RSI=0 sinais, MACD=0 sinais
2025-07-14 15:38:10,563 - core.analyzer - INFO - [SUCCESS] BNB: 0 sinais gerados, 0 salvos em 0.67s
2025-07-14 15:38:10,573 - indicators.technical - INFO - Análise técnica concluída para BTC: RSI=0 sinais, MACD=0 sinais
2025-07-14 15:38:10,633 - indicators.technical - INFO - Análise técnica concluída para ETH: RSI=0 sinais, MACD=0 sinais
2025-07-14 15:38:10,633 - core.analyzer - INFO - [SUCCESS] BTC: 0 sinais gerados, 0 salvos em 0.74s
2025-07-14 15:38:10,634 - core.analyzer - INFO - [SUCCESS] ETH: 0 sinais gerados, 0 salvos em 0.74s
2025-07-14 15:38:10,639 - core.data_reader - INFO - Carregados 731 pontos para ENA 5m
2025-07-14 15:38:10,801 - indicators.technical - INFO - Análise técnica concluída para ENA: RSI=0 sinais, MACD=0 sinais
2025-07-14 15:38:10,801 - core.analyzer - INFO - [SUCCESS] ENA: 0 sinais gerados, 0 salvos em 0.91s
2025-07-14 15:38:10,816 - core.data_reader - INFO - Carregados 722 pontos para HBAR 5m
2025-07-14 15:38:10,975 - indicators.technical - INFO - Análise técnica concluída para HBAR: RSI=0 sinais, MACD=0 sinais
2025-07-14 15:38:10,976 - core.analyzer - INFO - [SUCCESS] HBAR: 0 sinais gerados, 0 salvos em 0.36s
2025-07-14 15:38:10,980 - core.data_reader - INFO - Carregados 722 pontos para OMNI 5m
2025-07-14 15:38:11,140 - indicators.technical - INFO - Análise técnica concluída para OMNI: RSI=0 sinais, MACD=0 sinais
2025-07-14 15:38:11,140 - core.analyzer - INFO - [SUCCESS] OMNI: 0 sinais gerados, 0 salvos em 0.51s
2025-07-14 15:38:11,144 - core.data_reader - INFO - Carregados 729 pontos para NEAR 5m
2025-07-14 15:38:11,310 - indicators.technical - INFO - Análise técnica concluída para NEAR: RSI=0 sinais, MACD=0 sinais
2025-07-14 15:38:11,310 - core.analyzer - INFO - [SUCCESS] NEAR: 0 sinais gerados, 0 salvos em 0.68s
2025-07-14 15:38:11,314 - core.data_reader - INFO - Carregados 732 pontos para SOL 5m
2025-07-14 15:38:11,456 - indicators.technical - INFO - Análise técnica concluída para SOL: RSI=0 sinais, MACD=0 sinais
2025-07-14 15:38:11,457 - core.analyzer - INFO - [SUCCESS] SOL: 0 sinais gerados, 0 salvos em 0.66s
2025-07-14 15:38:11,457 - core.analyzer - INFO - [COMPLETE] Análise concluída: 8/8 symbols, 0 sinais em 1.57s
2025-07-14 15:38:11,458 - core.analyzer - INFO - [CYCLE] Ciclo concluído: 8 symbols analisados em 1.6s
2025-07-14 15:43:09,892 - core.analyzer - INFO - [START] Iniciando análise de 8 symbols
2025-07-14 15:43:09,894 - core.analyzer - INFO - [DEBUG] Symbols disponíveis no banco: ['BNB', 'BTC', 'ENA', 'ETH', 'HBAR', 'NEAR', 'OMNI', 'SOL']
2025-07-14 15:43:09,895 - core.analyzer - INFO - [DEBUG] Symbols configurados para análise: ['BNB', 'BTC', 'ENA', 'ETH', 'HBAR', 'NEAR', 'OMNI', 'SOL']
2025-07-14 15:43:09,895 - core.analyzer - INFO - [INFO] Symbols que serão analisados: ['BNB', 'BTC', 'ENA', 'ETH', 'HBAR', 'NEAR', 'OMNI', 'SOL']
2025-07-14 15:43:09,922 - core.data_reader - INFO - Carregados 733 pontos para BTC 5m
2025-07-14 15:43:09,922 - core.data_reader - INFO - Carregados 727 pontos para BNB 5m
2025-07-14 15:43:10,233 - core.data_reader - INFO - Carregados 735 pontos para ENA 5m
2025-07-14 15:43:10,586 - indicators.technical - INFO - Análise técnica concluída para BTC: RSI=0 sinais, MACD=0 sinais
2025-07-14 15:43:10,618 - indicators.technical - INFO - Análise técnica concluída para BNB: RSI=0 sinais, MACD=0 sinais
2025-07-14 15:43:10,644 - core.analyzer - INFO - [SUCCESS] BTC: 0 sinais gerados, 0 salvos em 0.75s
2025-07-14 15:43:10,713 - core.analyzer - INFO - [SUCCESS] BNB: 0 sinais gerados, 0 salvos em 0.82s
2025-07-14 15:43:10,732 - indicators.technical - INFO - Análise técnica concluída para ENA: RSI=0 sinais, MACD=0 sinais
2025-07-14 15:43:10,733 - core.analyzer - INFO - [SUCCESS] ENA: 0 sinais gerados, 0 salvos em 0.84s
2025-07-14 15:43:10,734 - core.data_reader - INFO - Carregados 726 pontos para ETH 5m
2025-07-14 15:43:10,907 - indicators.technical - INFO - Análise técnica concluída para ETH: RSI=0 sinais, MACD=0 sinais
2025-07-14 15:43:10,907 - core.analyzer - INFO - [SUCCESS] ETH: 0 sinais gerados, 0 salvos em 1.01s
2025-07-14 15:43:10,931 - core.data_reader - INFO - Carregados 726 pontos para OMNI 5m
2025-07-14 15:43:11,109 - indicators.technical - INFO - Análise técnica concluída para OMNI: RSI=0 sinais, MACD=0 sinais
2025-07-14 15:43:11,110 - core.analyzer - INFO - [SUCCESS] OMNI: 0 sinais gerados, 0 salvos em 0.38s
2025-07-14 15:43:11,115 - core.data_reader - INFO - Carregados 729 pontos para NEAR 5m
2025-07-14 15:43:11,178 - core.data_reader - INFO - Carregados 726 pontos para HBAR 5m
2025-07-14 15:43:11,330 - indicators.technical - INFO - Análise técnica concluída para NEAR: RSI=0 sinais, MACD=0 sinais
2025-07-14 15:43:11,330 - core.analyzer - INFO - [SUCCESS] NEAR: 0 sinais gerados, 0 salvos em 0.60s
2025-07-14 15:43:11,469 - core.data_reader - INFO - Carregados 732 pontos para SOL 5m
2025-07-14 15:43:11,590 - indicators.technical - INFO - Análise técnica concluída para HBAR: RSI=0 sinais, MACD=0 sinais
2025-07-14 15:43:11,611 - core.analyzer - INFO - [SUCCESS] HBAR: 0 sinais gerados, 0 salvos em 0.88s
2025-07-14 15:43:11,708 - indicators.technical - INFO - Análise técnica concluída para SOL: RSI=0 sinais, MACD=0 sinais
2025-07-14 15:43:11,709 - core.analyzer - INFO - [SUCCESS] SOL: 0 sinais gerados, 0 salvos em 0.80s
2025-07-14 15:43:11,709 - core.analyzer - INFO - [COMPLETE] Análise concluída: 8/8 symbols, 0 sinais em 1.82s
2025-07-14 15:43:11,710 - core.analyzer - INFO - [CYCLE] Ciclo concluído: 8 symbols analisados em 1.8s
2025-07-14 15:48:09,892 - core.analyzer - INFO - [START] Iniciando análise de 8 symbols
2025-07-14 15:48:09,895 - core.analyzer - INFO - [DEBUG] Symbols disponíveis no banco: ['BNB', 'BTC', 'ENA', 'ETH', 'HBAR', 'NEAR', 'OMNI', 'SOL']
2025-07-14 15:48:09,895 - core.analyzer - INFO - [DEBUG] Symbols configurados para análise: ['BNB', 'BTC', 'ENA', 'ETH', 'HBAR', 'NEAR', 'OMNI', 'SOL']
2025-07-14 15:48:09,895 - core.analyzer - INFO - [INFO] Symbols que serão analisados: ['BNB', 'BTC', 'ENA', 'ETH', 'HBAR', 'NEAR', 'OMNI', 'SOL']
2025-07-14 15:48:09,924 - core.data_reader - INFO - Carregados 731 pontos para BNB 5m
2025-07-14 15:48:10,241 - indicators.technical - INFO - Análise técnica concluída para BNB: RSI=0 sinais, MACD=0 sinais
2025-07-14 15:48:10,243 - core.analyzer - INFO - [SUCCESS] BNB: 0 sinais gerados, 0 salvos em 0.35s
2025-07-14 15:48:10,244 - core.data_reader - INFO - Carregados 730 pontos para ETH 5m
2025-07-14 15:48:10,309 - core.data_reader - INFO - Carregados 735 pontos para ENA 5m
2025-07-14 15:48:10,337 - core.data_reader - INFO - Carregados 737 pontos para BTC 5m
2025-07-14 15:48:10,736 - indicators.technical - INFO - Análise técnica concluída para ETH: RSI=0 sinais, MACD=0 sinais
2025-07-14 15:48:10,736 - core.analyzer - INFO - [SUCCESS] ETH: 0 sinais gerados, 0 salvos em 0.84s
2025-07-14 15:48:10,866 - indicators.technical - INFO - Análise técnica concluída para BTC: RSI=0 sinais, MACD=0 sinais
2025-07-14 15:48:10,867 - core.analyzer - INFO - [SUCCESS] BTC: 0 sinais gerados, 0 salvos em 0.97s
2025-07-14 15:48:11,024 - indicators.technical - INFO - Análise técnica concluída para ENA: RSI=0 sinais, MACD=0 sinais
2025-07-14 15:48:11,025 - core.analyzer - INFO - [SUCCESS] ENA: 0 sinais gerados, 0 salvos em 1.13s
2025-07-14 15:48:11,030 - core.data_reader - INFO - Carregados 730 pontos para HBAR 5m
2025-07-14 15:48:11,232 - indicators.technical - INFO - Análise técnica concluída para HBAR: RSI=0 sinais, MACD=0 sinais
2025-07-14 15:48:11,233 - core.analyzer - INFO - [SUCCESS] HBAR: 0 sinais gerados, 0 salvos em 0.99s
2025-07-14 15:48:11,245 - core.data_reader - INFO - Carregados 733 pontos para NEAR 5m
2025-07-14 15:48:11,490 - indicators.technical - INFO - Análise técnica concluída para NEAR: RSI=0 sinais, MACD=0 sinais
2025-07-14 15:48:11,491 - core.analyzer - INFO - [SUCCESS] NEAR: 0 sinais gerados, 0 salvos em 0.74s
2025-07-14 15:48:11,496 - core.data_reader - INFO - Carregados 730 pontos para OMNI 5m
2025-07-14 15:48:11,739 - indicators.technical - INFO - Análise técnica concluída para OMNI: RSI=0 sinais, MACD=0 sinais
2025-07-14 15:48:11,739 - core.analyzer - INFO - [SUCCESS] OMNI: 0 sinais gerados, 0 salvos em 0.87s
2025-07-14 15:48:11,744 - core.data_reader - INFO - Carregados 736 pontos para SOL 5m
2025-07-14 15:48:11,947 - indicators.technical - INFO - Análise técnica concluída para SOL: RSI=0 sinais, MACD=0 sinais
2025-07-14 15:48:11,947 - core.analyzer - INFO - [SUCCESS] SOL: 0 sinais gerados, 0 salvos em 0.92s
2025-07-14 15:48:11,948 - core.analyzer - INFO - [COMPLETE] Análise concluída: 8/8 symbols, 0 sinais em 2.06s
2025-07-14 15:48:11,949 - core.analyzer - INFO - [CYCLE] Ciclo concluído: 8 symbols analisados em 2.1s
2025-07-14 15:53:09,893 - core.analyzer - INFO - [START] Iniciando análise de 8 symbols
2025-07-14 15:53:09,895 - core.analyzer - INFO - [DEBUG] Symbols disponíveis no banco: ['BNB', 'BTC', 'ENA', 'ETH', 'HBAR', 'NEAR', 'OMNI', 'SOL']
2025-07-14 15:53:09,895 - core.analyzer - INFO - [DEBUG] Symbols configurados para análise: ['BNB', 'BTC', 'ENA', 'ETH', 'HBAR', 'NEAR', 'OMNI', 'SOL']
2025-07-14 15:53:09,895 - core.analyzer - INFO - [INFO] Symbols que serão analisados: ['BNB', 'BTC', 'ENA', 'ETH', 'HBAR', 'NEAR', 'OMNI', 'SOL']
2025-07-14 15:53:09,910 - core.data_reader - INFO - Carregados 735 pontos para BNB 5m
2025-07-14 15:53:10,258 - core.data_reader - INFO - Carregados 738 pontos para ENA 5m
2025-07-14 15:53:10,259 - core.data_reader - INFO - Carregados 740 pontos para BTC 5m
2025-07-14 15:53:10,297 - indicators.technical - INFO - Análise técnica concluída para BNB: RSI=0 sinais, MACD=0 sinais
2025-07-14 15:53:10,334 - core.analyzer - INFO - [SUCCESS] BNB: 0 sinais gerados, 0 salvos em 0.44s
2025-07-14 15:53:10,575 - indicators.technical - INFO - Análise técnica concluída para BTC: RSI=0 sinais, MACD=0 sinais
2025-07-14 15:53:10,592 - core.analyzer - INFO - [SUCCESS] BTC: 0 sinais gerados, 0 salvos em 0.70s
2025-07-14 15:53:10,676 - indicators.technical - INFO - Análise técnica concluída para ENA: RSI=0 sinais, MACD=0 sinais
2025-07-14 15:53:10,676 - core.analyzer - INFO - [SUCCESS] ENA: 0 sinais gerados, 0 salvos em 0.78s
2025-07-14 15:53:10,683 - core.data_reader - INFO - Carregados 734 pontos para ETH 5m
2025-07-14 15:53:10,849 - indicators.technical - INFO - Análise técnica concluída para ETH: RSI=0 sinais, MACD=0 sinais
2025-07-14 15:53:10,849 - core.analyzer - INFO - [SUCCESS] ETH: 0 sinais gerados, 0 salvos em 0.95s
2025-07-14 15:53:10,862 - core.data_reader - INFO - Carregados 734 pontos para HBAR 5m
2025-07-14 15:53:11,037 - indicators.technical - INFO - Análise técnica concluída para HBAR: RSI=0 sinais, MACD=0 sinais
2025-07-14 15:53:11,037 - core.analyzer - INFO - [SUCCESS] HBAR: 0 sinais gerados, 0 salvos em 0.68s
2025-07-14 15:53:11,042 - core.data_reader - INFO - Carregados 736 pontos para NEAR 5m
2025-07-14 15:53:11,218 - indicators.technical - INFO - Análise técnica concluída para NEAR: RSI=0 sinais, MACD=0 sinais
2025-07-14 15:53:11,218 - core.data_reader - INFO - Carregados 734 pontos para OMNI 5m
2025-07-14 15:53:11,219 - core.analyzer - INFO - [SUCCESS] NEAR: 0 sinais gerados, 0 salvos em 0.63s
2025-07-14 15:53:11,411 - indicators.technical - INFO - Análise técnica concluída para OMNI: RSI=0 sinais, MACD=0 sinais
2025-07-14 15:53:11,411 - core.analyzer - INFO - [SUCCESS] OMNI: 0 sinais gerados, 0 salvos em 0.73s
2025-07-14 15:53:11,415 - core.data_reader - INFO - Carregados 739 pontos para SOL 5m
2025-07-14 15:53:11,579 - indicators.technical - INFO - Análise técnica concluída para SOL: RSI=0 sinais, MACD=0 sinais
2025-07-14 15:53:11,579 - core.analyzer - INFO - [SUCCESS] SOL: 0 sinais gerados, 0 salvos em 0.73s
2025-07-14 15:53:11,580 - core.analyzer - INFO - [COMPLETE] Análise concluída: 8/8 symbols, 0 sinais em 1.69s
2025-07-14 15:53:11,580 - core.analyzer - INFO - [CYCLE] Ciclo concluído: 8 symbols analisados em 1.7s
2025-07-14 15:58:09,893 - core.analyzer - INFO - [START] Iniciando análise de 8 symbols
2025-07-14 15:58:09,900 - core.analyzer - INFO - [DEBUG] Symbols disponíveis no banco: ['BNB', 'BTC', 'ENA', 'ETH', 'HBAR', 'NEAR', 'OMNI', 'SOL']
2025-07-14 15:58:09,901 - core.analyzer - INFO - [DEBUG] Symbols configurados para análise: ['BNB', 'BTC', 'ENA', 'ETH', 'HBAR', 'NEAR', 'OMNI', 'SOL']
2025-07-14 15:58:09,902 - core.analyzer - INFO - [INFO] Symbols que serão analisados: ['BNB', 'BTC', 'ENA', 'ETH', 'HBAR', 'NEAR', 'OMNI', 'SOL']
2025-07-14 15:58:09,944 - core.data_reader - INFO - Carregados 738 pontos para ETH 5m
2025-07-14 15:58:10,113 - indicators.technical - INFO - Análise técnica concluída para ETH: RSI=0 sinais, MACD=0 sinais
2025-07-14 15:58:10,113 - core.analyzer - INFO - [SUCCESS] ETH: 0 sinais gerados, 0 salvos em 0.21s
2025-07-14 15:58:10,114 - core.data_reader - INFO - Carregados 739 pontos para BNB 5m
2025-07-14 15:58:10,277 - indicators.technical - INFO - Análise técnica concluída para BNB: RSI=0 sinais, MACD=0 sinais
2025-07-14 15:58:10,277 - core.analyzer - INFO - [SUCCESS] BNB: 0 sinais gerados, 0 salvos em 0.37s
2025-07-14 15:58:10,281 - core.data_reader - INFO - Carregados 744 pontos para BTC 5m
2025-07-14 15:58:10,446 - indicators.technical - INFO - Análise técnica concluída para BTC: RSI=0 sinais, MACD=0 sinais
2025-07-14 15:58:10,446 - core.analyzer - INFO - [SUCCESS] BTC: 0 sinais gerados, 0 salvos em 0.54s
2025-07-14 15:58:10,450 - core.data_reader - INFO - Carregados 742 pontos para ENA 5m
2025-07-14 15:58:10,615 - indicators.technical - INFO - Análise técnica concluída para ENA: RSI=0 sinais, MACD=0 sinais
2025-07-14 15:58:10,616 - core.analyzer - INFO - [SUCCESS] ENA: 0 sinais gerados, 0 salvos em 0.71s
2025-07-14 15:58:10,632 - core.data_reader - INFO - Carregados 740 pontos para NEAR 5m
2025-07-14 15:58:10,800 - indicators.technical - INFO - Análise técnica concluída para NEAR: RSI=0 sinais, MACD=0 sinais
2025-07-14 15:58:10,800 - core.analyzer - INFO - [SUCCESS] NEAR: 0 sinais gerados, 0 salvos em 0.52s
2025-07-14 15:58:10,805 - core.data_reader - INFO - Carregados 738 pontos para OMNI 5m
2025-07-14 15:58:10,980 - indicators.technical - INFO - Análise técnica concluída para OMNI: RSI=0 sinais, MACD=0 sinais
2025-07-14 15:58:10,980 - core.analyzer - INFO - [SUCCESS] OMNI: 0 sinais gerados, 0 salvos em 0.53s
2025-07-14 15:58:10,985 - core.data_reader - INFO - Carregados 738 pontos para HBAR 5m
2025-07-14 15:58:11,339 - indicators.technical - INFO - Análise técnica concluída para HBAR: RSI=0 sinais, MACD=0 sinais
2025-07-14 15:58:11,340 - core.analyzer - INFO - [SUCCESS] HBAR: 0 sinais gerados, 0 salvos em 1.23s
2025-07-14 15:58:11,340 - core.data_reader - INFO - Carregados 743 pontos para SOL 5m
2025-07-14 15:58:11,486 - indicators.technical - INFO - Análise técnica concluída para SOL: RSI=0 sinais, MACD=0 sinais
2025-07-14 15:58:11,486 - core.analyzer - INFO - [SUCCESS] SOL: 0 sinais gerados, 0 salvos em 0.87s
2025-07-14 15:58:11,487 - core.analyzer - INFO - [COMPLETE] Análise concluída: 8/8 symbols, 0 sinais em 1.59s
2025-07-14 15:58:11,487 - core.analyzer - INFO - [CYCLE] Ciclo concluído: 8 symbols analisados em 1.6s
2025-07-14 16:03:09,894 - core.analyzer - INFO - [START] Iniciando análise de 8 symbols
2025-07-14 16:03:09,903 - core.analyzer - INFO - [DEBUG] Symbols disponíveis no banco: ['BNB', 'BTC', 'ENA', 'ETH', 'HBAR', 'NEAR', 'OMNI', 'SOL']
2025-07-14 16:03:09,904 - core.analyzer - INFO - [DEBUG] Symbols configurados para análise: ['BNB', 'BTC', 'ENA', 'ETH', 'HBAR', 'NEAR', 'OMNI', 'SOL']
2025-07-14 16:03:09,904 - core.analyzer - INFO - [INFO] Symbols que serão analisados: ['BNB', 'BTC', 'ENA', 'ETH', 'HBAR', 'NEAR', 'OMNI', 'SOL']
2025-07-14 16:03:09,948 - core.data_reader - INFO - Carregados 741 pontos para BNB 5m
2025-07-14 16:03:10,056 - core.data_reader - INFO - Carregados 744 pontos para ENA 5m
2025-07-14 16:03:10,124 - indicators.technical - INFO - Análise técnica concluída para BNB: RSI=0 sinais, MACD=0 sinais
2025-07-14 16:03:10,162 - core.analyzer - INFO - [SUCCESS] BNB: 0 sinais gerados, 0 salvos em 0.26s
2025-07-14 16:03:10,193 - core.data_reader - INFO - Carregados 746 pontos para BTC 5m
2025-07-14 16:03:10,299 - indicators.technical - INFO - Análise técnica concluída para ENA: RSI=0 sinais, MACD=0 sinais
2025-07-14 16:03:10,411 - core.analyzer - INFO - [SUCCESS] ENA: 0 sinais gerados, 0 salvos em 0.50s
2025-07-14 16:03:10,450 - indicators.technical - INFO - Análise técnica concluída para BTC: RSI=0 sinais, MACD=0 sinais
2025-07-14 16:03:10,450 - core.analyzer - INFO - [SUCCESS] BTC: 0 sinais gerados, 0 salvos em 0.54s
2025-07-14 16:03:10,454 - core.data_reader - INFO - Carregados 740 pontos para ETH 5m
2025-07-14 16:03:10,614 - indicators.technical - INFO - Análise técnica concluída para ETH: RSI=0 sinais, MACD=0 sinais
2025-07-14 16:03:10,614 - core.analyzer - INFO - [SUCCESS] ETH: 0 sinais gerados, 0 salvos em 0.70s
2025-07-14 16:03:10,631 - core.data_reader - INFO - Carregados 740 pontos para HBAR 5m
2025-07-14 16:03:10,790 - indicators.technical - INFO - Análise técnica concluída para HBAR: RSI=0 sinais, MACD=0 sinais
2025-07-14 16:03:10,790 - core.analyzer - INFO - [SUCCESS] HBAR: 0 sinais gerados, 0 salvos em 0.62s
2025-07-14 16:03:10,794 - core.data_reader - INFO - Carregados 740 pontos para OMNI 5m
2025-07-14 16:03:10,956 - indicators.technical - INFO - Análise técnica concluída para OMNI: RSI=0 sinais, MACD=0 sinais
2025-07-14 16:03:10,956 - core.analyzer - INFO - [SUCCESS] OMNI: 0 sinais gerados, 0 salvos em 0.51s
2025-07-14 16:03:10,960 - core.data_reader - INFO - Carregados 745 pontos para SOL 5m
2025-07-14 16:03:10,985 - core.data_reader - INFO - Carregados 742 pontos para NEAR 5m
2025-07-14 16:03:11,237 - indicators.technical - INFO - Análise técnica concluída para SOL: RSI=0 sinais, MACD=0 sinais
2025-07-14 16:03:11,246 - core.analyzer - INFO - [SUCCESS] SOL: 0 sinais gerados, 0 salvos em 0.63s
2025-07-14 16:03:11,296 - indicators.technical - INFO - Análise técnica concluída para NEAR: RSI=0 sinais, MACD=0 sinais
2025-07-14 16:03:11,296 - core.analyzer - INFO - [SUCCESS] NEAR: 0 sinais gerados, 0 salvos em 0.85s
2025-07-14 16:03:11,297 - core.analyzer - INFO - [COMPLETE] Análise concluída: 8/8 symbols, 0 sinais em 1.40s
2025-07-14 16:03:11,297 - core.analyzer - INFO - [CYCLE] Ciclo concluído: 8 symbols analisados em 1.4s
2025-07-14 16:08:09,895 - core.analyzer - INFO - [START] Iniciando análise de 8 symbols
2025-07-14 16:08:09,904 - core.analyzer - INFO - [DEBUG] Symbols disponíveis no banco: ['BNB', 'BTC', 'ENA', 'ETH', 'HBAR', 'NEAR', 'OMNI', 'SOL']
2025-07-14 16:08:09,905 - core.analyzer - INFO - [DEBUG] Symbols configurados para análise: ['BNB', 'BTC', 'ENA', 'ETH', 'HBAR', 'NEAR', 'OMNI', 'SOL']
2025-07-14 16:08:09,906 - core.analyzer - INFO - [INFO] Symbols que serão analisados: ['BNB', 'BTC', 'ENA', 'ETH', 'HBAR', 'NEAR', 'OMNI', 'SOL']
2025-07-14 16:08:09,944 - core.data_reader - INFO - Carregados 741 pontos para BNB 5m
2025-07-14 16:08:10,109 - indicators.technical - INFO - Análise técnica concluída para BNB: RSI=0 sinais, MACD=0 sinais
2025-07-14 16:08:10,109 - core.analyzer - INFO - [SUCCESS] BNB: 0 sinais gerados, 0 salvos em 0.20s
2025-07-14 16:08:10,115 - core.data_reader - INFO - Carregados 749 pontos para BTC 5m
2025-07-14 16:08:10,200 - core.data_reader - INFO - Carregados 747 pontos para ENA 5m
2025-07-14 16:08:10,384 - indicators.technical - INFO - Análise técnica concluída para ENA: RSI=0 sinais, MACD=0 sinais
2025-07-14 16:08:10,384 - core.analyzer - INFO - [SUCCESS] ENA: 0 sinais gerados, 0 salvos em 0.47s
2025-07-14 16:08:10,446 - indicators.technical - INFO - Análise técnica concluída para BTC: RSI=0 sinais, MACD=0 sinais
2025-07-14 16:08:10,446 - core.analyzer - INFO - [SUCCESS] BTC: 0 sinais gerados, 0 salvos em 0.54s
2025-07-14 16:08:10,452 - core.data_reader - INFO - Carregados 740 pontos para ETH 5m
2025-07-14 16:08:10,612 - indicators.technical - INFO - Análise técnica concluída para ETH: RSI=0 sinais, MACD=0 sinais
2025-07-14 16:08:10,612 - core.analyzer - INFO - [SUCCESS] ETH: 0 sinais gerados, 0 salvos em 0.70s
2025-07-14 16:08:10,628 - core.data_reader - INFO - Carregados 740 pontos para HBAR 5m
2025-07-14 16:08:10,791 - indicators.technical - INFO - Análise técnica concluída para HBAR: RSI=0 sinais, MACD=0 sinais
2025-07-14 16:08:10,791 - core.analyzer - INFO - [SUCCESS] HBAR: 0 sinais gerados, 0 salvos em 0.68s
2025-07-14 16:08:10,798 - core.data_reader - INFO - Carregados 748 pontos para SOL 5m
2025-07-14 16:08:10,886 - core.data_reader - INFO - Carregados 740 pontos para OMNI 5m
2025-07-14 16:08:10,935 - core.data_reader - INFO - Carregados 745 pontos para NEAR 5m
2025-07-14 16:08:11,216 - indicators.technical - INFO - Análise técnica concluída para SOL: RSI=0 sinais, MACD=0 sinais
2025-07-14 16:08:11,232 - indicators.technical - INFO - Análise técnica concluída para NEAR: RSI=0 sinais, MACD=0 sinais
2025-07-14 16:08:11,253 - core.analyzer - INFO - [SUCCESS] SOL: 0 sinais gerados, 0 salvos em 0.64s
2025-07-14 16:08:11,269 - core.analyzer - INFO - [SUCCESS] NEAR: 0 sinais gerados, 0 salvos em 0.87s
2025-07-14 16:08:11,292 - indicators.technical - INFO - Análise técnica concluída para OMNI: RSI=0 sinais, MACD=0 sinais
2025-07-14 16:08:11,292 - core.analyzer - INFO - [SUCCESS] OMNI: 0 sinais gerados, 0 salvos em 0.85s
2025-07-14 16:08:11,293 - core.analyzer - INFO - [COMPLETE] Análise concluída: 8/8 symbols, 0 sinais em 1.40s
2025-07-14 16:08:11,293 - core.analyzer - INFO - [CYCLE] Ciclo concluído: 8 symbols analisados em 1.4s
2025-07-14 16:13:09,896 - core.analyzer - INFO - [START] Iniciando análise de 8 symbols
2025-07-14 16:13:09,902 - core.analyzer - INFO - [DEBUG] Symbols disponíveis no banco: ['BNB', 'BTC', 'ENA', 'ETH', 'HBAR', 'NEAR', 'OMNI', 'SOL']
2025-07-14 16:13:09,903 - core.analyzer - INFO - [DEBUG] Symbols configurados para análise: ['BNB', 'BTC', 'ENA', 'ETH', 'HBAR', 'NEAR', 'OMNI', 'SOL']
2025-07-14 16:13:09,904 - core.analyzer - INFO - [INFO] Symbols que serão analisados: ['BNB', 'BTC', 'ENA', 'ETH', 'HBAR', 'NEAR', 'OMNI', 'SOL']
2025-07-14 16:13:09,946 - core.data_reader - INFO - Carregados 747 pontos para ENA 5m
2025-07-14 16:13:10,117 - indicators.technical - INFO - Análise técnica concluída para ENA: RSI=0 sinais, MACD=0 sinais
2025-07-14 16:13:10,117 - core.data_reader - INFO - Carregados 744 pontos para BNB 5m
2025-07-14 16:13:10,121 - core.analyzer - INFO - [SUCCESS] ENA: 0 sinais gerados, 0 salvos em 0.21s
2025-07-14 16:13:10,188 - core.data_reader - INFO - Carregados 743 pontos para ETH 5m
2025-07-14 16:13:10,414 - indicators.technical - INFO - Análise técnica concluída para BNB: RSI=0 sinais, MACD=0 sinais
2025-07-14 16:13:10,454 - indicators.technical - INFO - Análise técnica concluída para ETH: RSI=0 sinais, MACD=0 sinais
2025-07-14 16:13:10,454 - core.data_reader - INFO - Carregados 749 pontos para BTC 5m
2025-07-14 16:13:10,454 - core.analyzer - INFO - [SUCCESS] BNB: 0 sinais gerados, 0 salvos em 0.55s
2025-07-14 16:13:10,455 - core.analyzer - INFO - [SUCCESS] ETH: 0 sinais gerados, 0 salvos em 0.54s
2025-07-14 16:13:10,619 - indicators.technical - INFO - Análise técnica concluída para BTC: RSI=0 sinais, MACD=0 sinais
2025-07-14 16:13:10,620 - core.analyzer - INFO - [SUCCESS] BTC: 0 sinais gerados, 0 salvos em 0.71s
2025-07-14 16:13:10,637 - core.data_reader - INFO - Carregados 743 pontos para HBAR 5m
2025-07-14 16:13:10,796 - indicators.technical - INFO - Análise técnica concluída para HBAR: RSI=0 sinais, MACD=0 sinais
2025-07-14 16:13:10,797 - core.analyzer - INFO - [SUCCESS] HBAR: 0 sinais gerados, 0 salvos em 0.65s
2025-07-14 16:13:10,801 - core.data_reader - INFO - Carregados 745 pontos para NEAR 5m
2025-07-14 16:13:10,971 - indicators.technical - INFO - Análise técnica concluída para NEAR: RSI=0 sinais, MACD=0 sinais
2025-07-14 16:13:10,971 - core.analyzer - INFO - [SUCCESS] NEAR: 0 sinais gerados, 0 salvos em 0.47s
2025-07-14 16:13:10,975 - core.data_reader - INFO - Carregados 743 pontos para OMNI 5m
2025-07-14 16:13:11,142 - core.data_reader - INFO - Carregados 748 pontos para SOL 5m
2025-07-14 16:13:11,148 - indicators.technical - INFO - Análise técnica concluída para OMNI: RSI=0 sinais, MACD=0 sinais
2025-07-14 16:13:11,169 - core.analyzer - INFO - [SUCCESS] OMNI: 0 sinais gerados, 0 salvos em 0.63s
2025-07-14 16:13:11,343 - indicators.technical - INFO - Análise técnica concluída para SOL: RSI=0 sinais, MACD=0 sinais
2025-07-14 16:13:11,344 - core.analyzer - INFO - [SUCCESS] SOL: 0 sinais gerados, 0 salvos em 0.72s
2025-07-14 16:13:11,344 - core.analyzer - INFO - [COMPLETE] Análise concluída: 8/8 symbols, 0 sinais em 1.45s
2025-07-14 16:13:11,345 - core.analyzer - INFO - [CYCLE] Ciclo concluído: 8 symbols analisados em 1.4s
2025-07-14 16:18:09,897 - core.analyzer - INFO - [START] Iniciando análise de 8 symbols
2025-07-14 16:18:09,903 - core.analyzer - INFO - [DEBUG] Symbols disponíveis no banco: ['BNB', 'BTC', 'ENA', 'ETH', 'HBAR', 'NEAR', 'OMNI', 'SOL']
2025-07-14 16:18:09,903 - core.analyzer - INFO - [DEBUG] Symbols configurados para análise: ['BNB', 'BTC', 'ENA', 'ETH', 'HBAR', 'NEAR', 'OMNI', 'SOL']
2025-07-14 16:18:09,904 - core.analyzer - INFO - [INFO] Symbols que serão analisados: ['BNB', 'BTC', 'ENA', 'ETH', 'HBAR', 'NEAR', 'OMNI', 'SOL']
2025-07-14 16:18:09,945 - core.data_reader - INFO - Carregados 747 pontos para BNB 5m
2025-07-14 16:18:10,112 - indicators.technical - INFO - Análise técnica concluída para BNB: RSI=0 sinais, MACD=0 sinais
2025-07-14 16:18:10,112 - core.analyzer - INFO - [SUCCESS] BNB: 0 sinais gerados, 0 salvos em 0.21s
2025-07-14 16:18:10,117 - core.data_reader - INFO - Carregados 746 pontos para ETH 5m
2025-07-14 16:18:10,279 - indicators.technical - INFO - Análise técnica concluída para ETH: RSI=0 sinais, MACD=0 sinais
2025-07-14 16:18:10,279 - core.analyzer - INFO - [SUCCESS] ETH: 0 sinais gerados, 0 salvos em 0.37s
2025-07-14 16:18:10,283 - core.data_reader - INFO - Carregados 750 pontos para ENA 5m
2025-07-14 16:18:10,448 - indicators.technical - INFO - Análise técnica concluída para ENA: RSI=0 sinais, MACD=0 sinais
2025-07-14 16:18:10,448 - core.analyzer - INFO - [SUCCESS] ENA: 0 sinais gerados, 0 salvos em 0.54s
2025-07-14 16:18:10,454 - core.data_reader - INFO - Carregados 752 pontos para BTC 5m
2025-07-14 16:18:10,619 - indicators.technical - INFO - Análise técnica concluída para BTC: RSI=0 sinais, MACD=0 sinais
2025-07-14 16:18:10,620 - core.analyzer - INFO - [SUCCESS] BTC: 0 sinais gerados, 0 salvos em 0.71s
2025-07-14 16:18:10,633 - core.data_reader - INFO - Carregados 748 pontos para NEAR 5m
2025-07-14 16:18:10,795 - indicators.technical - INFO - Análise técnica concluída para NEAR: RSI=0 sinais, MACD=0 sinais
2025-07-14 16:18:10,796 - core.analyzer - INFO - [SUCCESS] NEAR: 0 sinais gerados, 0 salvos em 0.52s
2025-07-14 16:18:10,800 - core.data_reader - INFO - Carregados 746 pontos para HBAR 5m
2025-07-14 16:18:10,964 - indicators.technical - INFO - Análise técnica concluída para HBAR: RSI=0 sinais, MACD=0 sinais
2025-07-14 16:18:10,964 - core.analyzer - INFO - [SUCCESS] HBAR: 0 sinais gerados, 0 salvos em 0.85s
2025-07-14 16:18:10,969 - core.data_reader - INFO - Carregados 746 pontos para OMNI 5m
2025-07-14 16:18:11,134 - indicators.technical - INFO - Análise técnica concluída para OMNI: RSI=0 sinais, MACD=0 sinais
2025-07-14 16:18:11,134 - core.analyzer - INFO - [SUCCESS] OMNI: 0 sinais gerados, 0 salvos em 0.69s
2025-07-14 16:18:11,138 - core.data_reader - INFO - Carregados 751 pontos para SOL 5m
2025-07-14 16:18:11,283 - indicators.technical - INFO - Análise técnica concluída para SOL: RSI=0 sinais, MACD=0 sinais
2025-07-14 16:18:11,284 - core.analyzer - INFO - [SUCCESS] SOL: 0 sinais gerados, 0 salvos em 0.66s
2025-07-14 16:18:11,285 - core.analyzer - INFO - [COMPLETE] Análise concluída: 8/8 symbols, 0 sinais em 1.39s
2025-07-14 16:18:11,285 - core.analyzer - INFO - [CYCLE] Ciclo concluído: 8 symbols analisados em 1.4s
2025-07-14 16:23:09,897 - core.analyzer - INFO - [START] Iniciando análise de 8 symbols
2025-07-14 16:23:09,903 - core.analyzer - INFO - [DEBUG] Symbols disponíveis no banco: ['BNB', 'BTC', 'ENA', 'ETH', 'HBAR', 'NEAR', 'OMNI', 'SOL']
2025-07-14 16:23:09,904 - core.analyzer - INFO - [DEBUG] Symbols configurados para análise: ['BNB', 'BTC', 'ENA', 'ETH', 'HBAR', 'NEAR', 'OMNI', 'SOL']
2025-07-14 16:23:09,905 - core.analyzer - INFO - [INFO] Symbols que serão analisados: ['BNB', 'BTC', 'ENA', 'ETH', 'HBAR', 'NEAR', 'OMNI', 'SOL']
2025-07-14 16:23:09,942 - core.data_reader - INFO - Carregados 751 pontos para BNB 5m
2025-07-14 16:23:10,110 - indicators.technical - INFO - Análise técnica concluída para BNB: RSI=0 sinais, MACD=0 sinais
2025-07-14 16:23:10,111 - core.analyzer - INFO - [SUCCESS] BNB: 0 sinais gerados, 0 salvos em 0.20s
2025-07-14 16:23:10,117 - core.data_reader - INFO - Carregados 753 pontos para ENA 5m
2025-07-14 16:23:10,280 - indicators.technical - INFO - Análise técnica concluída para ENA: RSI=0 sinais, MACD=0 sinais
2025-07-14 16:23:10,281 - core.analyzer - INFO - [SUCCESS] ENA: 0 sinais gerados, 0 salvos em 0.37s
2025-07-14 16:23:10,285 - core.data_reader - INFO - Carregados 750 pontos para ETH 5m
2025-07-14 16:23:10,448 - indicators.technical - INFO - Análise técnica concluída para ETH: RSI=0 sinais, MACD=0 sinais
2025-07-14 16:23:10,448 - core.analyzer - INFO - [SUCCESS] ETH: 0 sinais gerados, 0 salvos em 0.54s
2025-07-14 16:23:10,456 - core.data_reader - INFO - Carregados 756 pontos para BTC 5m
2025-07-14 16:23:10,621 - indicators.technical - INFO - Análise técnica concluída para BTC: RSI=0 sinais, MACD=0 sinais
2025-07-14 16:23:10,621 - core.analyzer - INFO - [SUCCESS] BTC: 0 sinais gerados, 0 salvos em 0.71s
2025-07-14 16:23:10,634 - core.data_reader - INFO - Carregados 752 pontos para NEAR 5m
2025-07-14 16:23:10,799 - indicators.technical - INFO - Análise técnica concluída para NEAR: RSI=0 sinais, MACD=0 sinais
2025-07-14 16:23:10,801 - core.analyzer - INFO - [SUCCESS] NEAR: 0 sinais gerados, 0 salvos em 0.52s
2025-07-14 16:23:10,807 - core.data_reader - INFO - Carregados 750 pontos para HBAR 5m
2025-07-14 16:23:10,943 - core.data_reader - INFO - Carregados 750 pontos para OMNI 5m
2025-07-14 16:23:10,976 - indicators.technical - INFO - Análise técnica concluída para HBAR: RSI=0 sinais, MACD=0 sinais
2025-07-14 16:23:11,092 - core.analyzer - INFO - [SUCCESS] HBAR: 0 sinais gerados, 0 salvos em 0.98s
2025-07-14 16:23:11,142 - indicators.technical - INFO - Análise técnica concluída para OMNI: RSI=0 sinais, MACD=0 sinais
2025-07-14 16:23:11,142 - core.analyzer - INFO - [SUCCESS] OMNI: 0 sinais gerados, 0 salvos em 0.69s
2025-07-14 16:23:11,146 - core.data_reader - INFO - Carregados 754 pontos para SOL 5m
2025-07-14 16:23:11,293 - indicators.technical - INFO - Análise técnica concluída para SOL: RSI=0 sinais, MACD=0 sinais
2025-07-14 16:23:11,294 - core.analyzer - INFO - [SUCCESS] SOL: 0 sinais gerados, 0 salvos em 0.67s
2025-07-14 16:23:11,294 - core.analyzer - INFO - [COMPLETE] Análise concluída: 8/8 symbols, 0 sinais em 1.40s
2025-07-14 16:23:11,294 - core.analyzer - INFO - [CYCLE] Ciclo concluído: 8 symbols analisados em 1.4s
2025-07-14 16:28:09,898 - core.analyzer - INFO - [START] Iniciando análise de 8 symbols
2025-07-14 16:28:09,913 - core.analyzer - INFO - [DEBUG] Symbols disponíveis no banco: ['BNB', 'BTC', 'ENA', 'ETH', 'HBAR', 'NEAR', 'OMNI', 'SOL']
2025-07-14 16:28:09,914 - core.analyzer - INFO - [DEBUG] Symbols configurados para análise: ['BNB', 'BTC', 'ENA', 'ETH', 'HBAR', 'NEAR', 'OMNI', 'SOL']
2025-07-14 16:28:09,915 - core.analyzer - INFO - [INFO] Symbols que serão analisados: ['BNB', 'BTC', 'ENA', 'ETH', 'HBAR', 'NEAR', 'OMNI', 'SOL']
2025-07-14 16:28:09,946 - core.data_reader - INFO - Carregados 760 pontos para BTC 5m
2025-07-14 16:28:10,116 - indicators.technical - INFO - Análise técnica concluída para BTC: RSI=0 sinais, MACD=0 sinais
2025-07-14 16:28:10,117 - core.analyzer - INFO - [SUCCESS] BTC: 0 sinais gerados, 0 salvos em 0.20s
2025-07-14 16:28:10,122 - core.data_reader - INFO - Carregados 757 pontos para ENA 5m
2025-07-14 16:28:10,287 - indicators.technical - INFO - Análise técnica concluída para ENA: RSI=0 sinais, MACD=0 sinais
2025-07-14 16:28:10,288 - core.analyzer - INFO - [SUCCESS] ENA: 0 sinais gerados, 0 salvos em 0.37s
2025-07-14 16:28:10,292 - core.data_reader - INFO - Carregados 754 pontos para ETH 5m
2025-07-14 16:28:10,456 - indicators.technical - INFO - Análise técnica concluída para ETH: RSI=0 sinais, MACD=0 sinais
2025-07-14 16:28:10,457 - core.analyzer - INFO - [SUCCESS] ETH: 0 sinais gerados, 0 salvos em 0.54s
2025-07-14 16:28:10,466 - core.data_reader - INFO - Carregados 755 pontos para BNB 5m
2025-07-14 16:28:10,630 - indicators.technical - INFO - Análise técnica concluída para BNB: RSI=0 sinais, MACD=0 sinais
2025-07-14 16:28:10,630 - core.analyzer - INFO - [SUCCESS] BNB: 0 sinais gerados, 0 salvos em 0.71s
2025-07-14 16:28:10,642 - core.data_reader - INFO - Carregados 754 pontos para HBAR 5m
2025-07-14 16:28:10,807 - indicators.technical - INFO - Análise técnica concluída para HBAR: RSI=0 sinais, MACD=0 sinais
2025-07-14 16:28:10,807 - core.analyzer - INFO - [SUCCESS] HBAR: 0 sinais gerados, 0 salvos em 0.69s
2025-07-14 16:28:10,811 - core.data_reader - INFO - Carregados 756 pontos para NEAR 5m
2025-07-14 16:28:10,989 - indicators.technical - INFO - Análise técnica concluída para NEAR: RSI=0 sinais, MACD=0 sinais
2025-07-14 16:28:10,989 - core.analyzer - INFO - [SUCCESS] NEAR: 0 sinais gerados, 0 salvos em 0.70s
2025-07-14 16:28:10,994 - core.data_reader - INFO - Carregados 754 pontos para OMNI 5m
2025-07-14 16:28:11,170 - indicators.technical - INFO - Análise técnica concluída para OMNI: RSI=0 sinais, MACD=0 sinais
2025-07-14 16:28:11,171 - core.analyzer - INFO - [SUCCESS] OMNI: 0 sinais gerados, 0 salvos em 0.71s
2025-07-14 16:28:11,175 - core.data_reader - INFO - Carregados 758 pontos para SOL 5m
2025-07-14 16:28:11,327 - indicators.technical - INFO - Análise técnica concluída para SOL: RSI=0 sinais, MACD=0 sinais
2025-07-14 16:28:11,327 - core.analyzer - INFO - [SUCCESS] SOL: 0 sinais gerados, 0 salvos em 0.70s
2025-07-14 16:28:11,328 - core.analyzer - INFO - [COMPLETE] Análise concluída: 8/8 symbols, 0 sinais em 1.43s
2025-07-14 16:28:11,328 - core.analyzer - INFO - [CYCLE] Ciclo concluído: 8 symbols analisados em 1.4s
2025-07-14 16:33:09,899 - core.analyzer - INFO - [START] Iniciando análise de 8 symbols
2025-07-14 16:33:09,905 - core.analyzer - INFO - [DEBUG] Symbols disponíveis no banco: ['BNB', 'BTC', 'ENA', 'ETH', 'HBAR', 'NEAR', 'OMNI', 'SOL']
2025-07-14 16:33:09,906 - core.analyzer - INFO - [DEBUG] Symbols configurados para análise: ['BNB', 'BTC', 'ENA', 'ETH', 'HBAR', 'NEAR', 'OMNI', 'SOL']
2025-07-14 16:33:09,907 - core.analyzer - INFO - [INFO] Symbols que serão analisados: ['BNB', 'BTC', 'ENA', 'ETH', 'HBAR', 'NEAR', 'OMNI', 'SOL']
2025-07-14 16:33:09,949 - core.data_reader - INFO - Carregados 760 pontos para ENA 5m
2025-07-14 16:33:10,123 - indicators.technical - INFO - Análise técnica concluída para ENA: RSI=0 sinais, MACD=0 sinais
2025-07-14 16:33:10,123 - core.analyzer - INFO - [SUCCESS] ENA: 0 sinais gerados, 0 salvos em 0.21s
2025-07-14 16:33:10,126 - core.data_reader - INFO - Carregados 754 pontos para ETH 5m
2025-07-14 16:33:10,290 - indicators.technical - INFO - Análise técnica concluída para ETH: RSI=0 sinais, MACD=0 sinais
2025-07-14 16:33:10,291 - core.analyzer - INFO - [SUCCESS] ETH: 0 sinais gerados, 0 salvos em 0.38s
2025-07-14 16:33:10,298 - core.data_reader - INFO - Carregados 755 pontos para BNB 5m
2025-07-14 16:33:10,461 - indicators.technical - INFO - Análise técnica concluída para BNB: RSI=0 sinais, MACD=0 sinais
2025-07-14 16:33:10,462 - core.analyzer - INFO - [SUCCESS] BNB: 0 sinais gerados, 0 salvos em 0.55s
2025-07-14 16:33:10,468 - core.data_reader - INFO - Carregados 763 pontos para BTC 5m
2025-07-14 16:33:10,640 - indicators.technical - INFO - Análise técnica concluída para BTC: RSI=0 sinais, MACD=0 sinais
2025-07-14 16:33:10,640 - core.analyzer - INFO - [SUCCESS] BTC: 0 sinais gerados, 0 salvos em 0.73s
2025-07-14 16:33:10,651 - core.data_reader - INFO - Carregados 759 pontos para NEAR 5m
2025-07-14 16:33:10,815 - indicators.technical - INFO - Análise técnica concluída para NEAR: RSI=0 sinais, MACD=0 sinais
2025-07-14 16:33:10,815 - core.analyzer - INFO - [SUCCESS] NEAR: 0 sinais gerados, 0 salvos em 0.52s
2025-07-14 16:33:10,819 - core.data_reader - INFO - Carregados 754 pontos para HBAR 5m
2025-07-14 16:33:10,991 - indicators.technical - INFO - Análise técnica concluída para HBAR: RSI=0 sinais, MACD=0 sinais
2025-07-14 16:33:10,992 - core.analyzer - INFO - [SUCCESS] HBAR: 0 sinais gerados, 0 salvos em 0.87s
2025-07-14 16:33:10,997 - core.data_reader - INFO - Carregados 754 pontos para OMNI 5m
2025-07-14 16:33:11,161 - indicators.technical - INFO - Análise técnica concluída para OMNI: RSI=0 sinais, MACD=0 sinais
2025-07-14 16:33:11,161 - core.analyzer - INFO - [SUCCESS] OMNI: 0 sinais gerados, 0 salvos em 0.70s
2025-07-14 16:33:11,166 - core.data_reader - INFO - Carregados 761 pontos para SOL 5m
2025-07-14 16:33:11,315 - indicators.technical - INFO - Análise técnica concluída para SOL: RSI=0 sinais, MACD=0 sinais
2025-07-14 16:33:11,316 - core.analyzer - INFO - [SUCCESS] SOL: 0 sinais gerados, 0 salvos em 0.68s
2025-07-14 16:33:11,316 - core.analyzer - INFO - [COMPLETE] Análise concluída: 8/8 symbols, 0 sinais em 1.42s
2025-07-14 16:33:11,317 - core.analyzer - INFO - [CYCLE] Ciclo concluído: 8 symbols analisados em 1.4s
2025-07-14 16:38:09,899 - core.analyzer - INFO - [START] Iniciando análise de 8 symbols
2025-07-14 16:38:09,914 - core.analyzer - INFO - [DEBUG] Symbols disponíveis no banco: ['BNB', 'BTC', 'ENA', 'ETH', 'HBAR', 'NEAR', 'OMNI', 'SOL']
2025-07-14 16:38:09,915 - core.analyzer - INFO - [DEBUG] Symbols configurados para análise: ['BNB', 'BTC', 'ENA', 'ETH', 'HBAR', 'NEAR', 'OMNI', 'SOL']
2025-07-14 16:38:09,916 - core.analyzer - INFO - [INFO] Symbols que serão analisados: ['BNB', 'BTC', 'ENA', 'ETH', 'HBAR', 'NEAR', 'OMNI', 'SOL']
2025-07-14 16:38:09,954 - core.data_reader - INFO - Carregados 758 pontos para BNB 5m
2025-07-14 16:38:10,059 - core.data_reader - INFO - Carregados 763 pontos para BTC 5m
2025-07-14 16:38:10,076 - core.data_reader - INFO - Carregados 764 pontos para ENA 5m
2025-07-14 16:38:10,267 - indicators.technical - INFO - Análise técnica concluída para BTC: RSI=0 sinais, MACD=0 sinais
2025-07-14 16:38:10,283 - core.analyzer - INFO - [SUCCESS] BTC: 0 sinais gerados, 0 salvos em 0.36s
2025-07-14 16:38:10,394 - indicators.technical - INFO - Análise técnica concluída para ENA: RSI=0 sinais, MACD=0 sinais
2025-07-14 16:38:10,394 - core.analyzer - INFO - [SUCCESS] ENA: 0 sinais gerados, 0 salvos em 0.47s
2025-07-14 16:38:10,469 - indicators.technical - INFO - Análise técnica concluída para BNB: RSI=0 sinais, MACD=0 sinais
2025-07-14 16:38:10,469 - core.analyzer - INFO - [SUCCESS] BNB: 0 sinais gerados, 0 salvos em 0.55s
2025-07-14 16:38:10,480 - core.data_reader - INFO - Carregados 757 pontos para ETH 5m
2025-07-14 16:38:10,645 - indicators.technical - INFO - Análise técnica concluída para ETH: RSI=0 sinais, MACD=0 sinais
2025-07-14 16:38:10,645 - core.analyzer - INFO - [SUCCESS] ETH: 0 sinais gerados, 0 salvos em 0.72s
2025-07-14 16:38:10,654 - core.data_reader - INFO - Carregados 757 pontos para HBAR 5m
2025-07-14 16:38:10,819 - indicators.technical - INFO - Análise técnica concluída para HBAR: RSI=0 sinais, MACD=0 sinais
2025-07-14 16:38:10,819 - core.analyzer - INFO - [SUCCESS] HBAR: 0 sinais gerados, 0 salvos em 0.46s
2025-07-14 16:38:10,823 - core.data_reader - INFO - Carregados 759 pontos para NEAR 5m
2025-07-14 16:38:10,990 - indicators.technical - INFO - Análise técnica concluída para NEAR: RSI=0 sinais, MACD=0 sinais
2025-07-14 16:38:10,991 - core.analyzer - INFO - [SUCCESS] NEAR: 0 sinais gerados, 0 salvos em 0.60s
2025-07-14 16:38:10,996 - core.data_reader - INFO - Carregados 757 pontos para OMNI 5m
2025-07-14 16:38:11,160 - indicators.technical - INFO - Análise técnica concluída para OMNI: RSI=0 sinais, MACD=0 sinais
2025-07-14 16:38:11,160 - core.analyzer - INFO - [SUCCESS] OMNI: 0 sinais gerados, 0 salvos em 0.69s
2025-07-14 16:38:11,164 - core.data_reader - INFO - Carregados 761 pontos para SOL 5m
2025-07-14 16:38:11,312 - indicators.technical - INFO - Análise técnica concluída para SOL: RSI=0 sinais, MACD=0 sinais
2025-07-14 16:38:11,312 - core.analyzer - INFO - [SUCCESS] SOL: 0 sinais gerados, 0 salvos em 0.67s
2025-07-14 16:38:11,313 - core.analyzer - INFO - [COMPLETE] Análise concluída: 8/8 symbols, 0 sinais em 1.41s
2025-07-14 16:38:11,313 - core.analyzer - INFO - [CYCLE] Ciclo concluído: 8 symbols analisados em 1.4s
2025-07-14 16:43:09,900 - core.analyzer - INFO - [START] Iniciando análise de 8 symbols
2025-07-14 16:43:09,907 - core.analyzer - INFO - [DEBUG] Symbols disponíveis no banco: ['BNB', 'BTC', 'ENA', 'ETH', 'HBAR', 'NEAR', 'OMNI', 'SOL']
2025-07-14 16:43:09,908 - core.analyzer - INFO - [DEBUG] Symbols configurados para análise: ['BNB', 'BTC', 'ENA', 'ETH', 'HBAR', 'NEAR', 'OMNI', 'SOL']
2025-07-14 16:43:09,909 - core.analyzer - INFO - [INFO] Symbols que serão analisados: ['BNB', 'BTC', 'ENA', 'ETH', 'HBAR', 'NEAR', 'OMNI', 'SOL']
2025-07-14 16:43:09,954 - core.data_reader - INFO - Carregados 764 pontos para ENA 5m
2025-07-14 16:43:10,053 - core.data_reader - INFO - Carregados 767 pontos para BTC 5m
2025-07-14 16:43:10,269 - indicators.technical - INFO - Análise técnica concluída para ENA: RSI=0 sinais, MACD=0 sinais
2025-07-14 16:43:10,269 - core.analyzer - INFO - [SUCCESS] ENA: 0 sinais gerados, 0 salvos em 0.36s
2025-07-14 16:43:10,293 - core.data_reader - INFO - Carregados 762 pontos para BNB 5m
2025-07-14 16:43:10,301 - indicators.technical - INFO - Análise técnica concluída para BTC: RSI=0 sinais, MACD=0 sinais
2025-07-14 16:43:10,468 - indicators.technical - INFO - Análise técnica concluída para BNB: RSI=0 sinais, MACD=0 sinais
2025-07-14 16:43:10,468 - core.analyzer - INFO - [SUCCESS] BTC: 0 sinais gerados, 0 salvos em 0.56s
2025-07-14 16:43:10,469 - core.analyzer - INFO - [SUCCESS] BNB: 0 sinais gerados, 0 salvos em 0.56s
2025-07-14 16:43:10,474 - core.data_reader - INFO - Carregados 761 pontos para ETH 5m
2025-07-14 16:43:10,642 - indicators.technical - INFO - Análise técnica concluída para ETH: RSI=0 sinais, MACD=0 sinais
2025-07-14 16:43:10,642 - core.analyzer - INFO - [SUCCESS] ETH: 0 sinais gerados, 0 salvos em 0.73s
2025-07-14 16:43:10,659 - core.data_reader - INFO - Carregados 761 pontos para HBAR 5m
2025-07-14 16:43:10,823 - indicators.technical - INFO - Análise técnica concluída para HBAR: RSI=0 sinais, MACD=0 sinais
2025-07-14 16:43:10,823 - core.analyzer - INFO - [SUCCESS] HBAR: 0 sinais gerados, 0 salvos em 0.55s
2025-07-14 16:43:10,827 - core.data_reader - INFO - Carregados 761 pontos para OMNI 5m
2025-07-14 16:43:10,999 - indicators.technical - INFO - Análise técnica concluída para OMNI: RSI=0 sinais, MACD=0 sinais
2025-07-14 16:43:10,999 - core.analyzer - INFO - [SUCCESS] OMNI: 0 sinais gerados, 0 salvos em 0.53s
2025-07-14 16:43:11,004 - core.data_reader - INFO - Carregados 763 pontos para NEAR 5m
2025-07-14 16:43:11,171 - indicators.technical - INFO - Análise técnica concluída para NEAR: RSI=0 sinais, MACD=0 sinais
2025-07-14 16:43:11,172 - core.analyzer - INFO - [SUCCESS] NEAR: 0 sinais gerados, 0 salvos em 0.70s
2025-07-14 16:43:11,175 - core.data_reader - INFO - Carregados 765 pontos para SOL 5m
2025-07-14 16:43:11,323 - indicators.technical - INFO - Análise técnica concluída para SOL: RSI=0 sinais, MACD=0 sinais
2025-07-14 16:43:11,323 - core.analyzer - INFO - [SUCCESS] SOL: 0 sinais gerados, 0 salvos em 0.68s
2025-07-14 16:43:11,324 - core.analyzer - INFO - [COMPLETE] Análise concluída: 8/8 symbols, 0 sinais em 1.42s
2025-07-14 16:43:11,324 - core.analyzer - INFO - [CYCLE] Ciclo concluído: 8 symbols analisados em 1.4s
2025-07-14 16:48:09,901 - core.analyzer - INFO - [START] Iniciando análise de 8 symbols
2025-07-14 16:48:09,907 - core.analyzer - INFO - [DEBUG] Symbols disponíveis no banco: ['BNB', 'BTC', 'ENA', 'ETH', 'HBAR', 'NEAR', 'OMNI', 'SOL']
2025-07-14 16:48:09,908 - core.analyzer - INFO - [DEBUG] Symbols configurados para análise: ['BNB', 'BTC', 'ENA', 'ETH', 'HBAR', 'NEAR', 'OMNI', 'SOL']
2025-07-14 16:48:09,908 - core.analyzer - INFO - [INFO] Symbols que serão analisados: ['BNB', 'BTC', 'ENA', 'ETH', 'HBAR', 'NEAR', 'OMNI', 'SOL']
2025-07-14 16:48:09,956 - core.data_reader - INFO - Carregados 765 pontos para BNB 5m
2025-07-14 16:48:10,071 - core.data_reader - INFO - Carregados 764 pontos para ETH 5m
2025-07-14 16:48:10,236 - indicators.technical - INFO - Análise técnica concluída para ETH: RSI=0 sinais, MACD=0 sinais
2025-07-14 16:48:10,236 - core.analyzer - INFO - [SUCCESS] ETH: 0 sinais gerados, 0 salvos em 0.32s
2025-07-14 16:48:10,240 - core.data_reader - INFO - Carregados 768 pontos para ENA 5m
2025-07-14 16:48:10,260 - core.data_reader - INFO - Carregados 771 pontos para BTC 5m
2025-07-14 16:48:10,488 - indicators.technical - INFO - Análise técnica concluída para ENA: RSI=0 sinais, MACD=0 sinais
2025-07-14 16:48:10,541 - core.analyzer - INFO - [SUCCESS] ENA: 0 sinais gerados, 0 salvos em 0.63s
2025-07-14 16:48:10,570 - indicators.technical - INFO - Análise técnica concluída para BNB: RSI=0 sinais, MACD=0 sinais
2025-07-14 16:48:10,622 - core.analyzer - INFO - [SUCCESS] BNB: 0 sinais gerados, 0 salvos em 0.71s
2025-07-14 16:48:10,646 - indicators.technical - INFO - Análise técnica concluída para BTC: RSI=0 sinais, MACD=0 sinais
2025-07-14 16:48:10,647 - core.analyzer - INFO - [SUCCESS] BTC: 0 sinais gerados, 0 salvos em 0.73s
2025-07-14 16:48:10,666 - core.data_reader - INFO - Carregados 764 pontos para OMNI 5m
2025-07-14 16:48:10,835 - indicators.technical - INFO - Análise técnica concluída para OMNI: RSI=0 sinais, MACD=0 sinais
2025-07-14 16:48:10,835 - core.analyzer - INFO - [SUCCESS] OMNI: 0 sinais gerados, 0 salvos em 0.20s
2025-07-14 16:48:10,839 - core.data_reader - INFO - Carregados 764 pontos para HBAR 5m
2025-07-14 16:48:11,006 - indicators.technical - INFO - Análise técnica concluída para HBAR: RSI=0 sinais, MACD=0 sinais
2025-07-14 16:48:11,007 - core.analyzer - INFO - [SUCCESS] HBAR: 0 sinais gerados, 0 salvos em 0.77s
2025-07-14 16:48:11,012 - core.data_reader - INFO - Carregados 767 pontos para NEAR 5m
2025-07-14 16:48:11,044 - core.data_reader - INFO - Carregados 769 pontos para SOL 5m
2025-07-14 16:48:11,308 - indicators.technical - INFO - Análise técnica concluída para NEAR: RSI=0 sinais, MACD=0 sinais
2025-07-14 16:48:11,353 - core.analyzer - INFO - [SUCCESS] NEAR: 0 sinais gerados, 0 salvos em 0.79s
2025-07-14 16:48:11,367 - indicators.technical - INFO - Análise técnica concluída para SOL: RSI=0 sinais, MACD=0 sinais
2025-07-14 16:48:11,367 - core.analyzer - INFO - [SUCCESS] SOL: 0 sinais gerados, 0 salvos em 0.72s
2025-07-14 16:48:11,368 - core.analyzer - INFO - [COMPLETE] Análise concluída: 8/8 symbols, 0 sinais em 1.47s
2025-07-14 16:48:11,368 - core.analyzer - INFO - [CYCLE] Ciclo concluído: 8 symbols analisados em 1.5s
2025-07-14 16:53:09,902 - core.analyzer - INFO - [START] Iniciando análise de 8 symbols
2025-07-14 16:53:09,911 - core.analyzer - INFO - [DEBUG] Symbols disponíveis no banco: ['BNB', 'BTC', 'ENA', 'ETH', 'HBAR', 'NEAR', 'OMNI', 'SOL']
2025-07-14 16:53:09,912 - core.analyzer - INFO - [DEBUG] Symbols configurados para análise: ['BNB', 'BTC', 'ENA', 'ETH', 'HBAR', 'NEAR', 'OMNI', 'SOL']
2025-07-14 16:53:09,913 - core.analyzer - INFO - [INFO] Symbols que serão analisados: ['BNB', 'BTC', 'ENA', 'ETH', 'HBAR', 'NEAR', 'OMNI', 'SOL']
2025-07-14 16:53:09,964 - core.data_reader - INFO - Carregados 772 pontos para ENA 5m
2025-07-14 16:53:10,019 - core.data_reader - INFO - Carregados 775 pontos para BTC 5m
2025-07-14 16:53:10,290 - indicators.technical - INFO - Análise técnica concluída para BTC: RSI=0 sinais, MACD=0 sinais
2025-07-14 16:53:10,290 - core.analyzer - INFO - [SUCCESS] BTC: 0 sinais gerados, 0 salvos em 0.37s
2025-07-14 16:53:10,327 - indicators.technical - INFO - Análise técnica concluída para ENA: RSI=0 sinais, MACD=0 sinais
2025-07-14 16:53:10,329 - core.analyzer - INFO - [SUCCESS] ENA: 0 sinais gerados, 0 salvos em 0.41s
2025-07-14 16:53:10,332 - core.data_reader - INFO - Carregados 769 pontos para BNB 5m
2025-07-14 16:53:10,499 - indicators.technical - INFO - Análise técnica concluída para BNB: RSI=0 sinais, MACD=0 sinais
2025-07-14 16:53:10,499 - core.analyzer - INFO - [SUCCESS] BNB: 0 sinais gerados, 0 salvos em 0.58s
2025-07-14 16:53:10,504 - core.data_reader - INFO - Carregados 768 pontos para ETH 5m
2025-07-14 16:53:10,671 - indicators.technical - INFO - Análise técnica concluída para ETH: RSI=0 sinais, MACD=0 sinais
2025-07-14 16:53:10,671 - core.analyzer - INFO - [SUCCESS] ETH: 0 sinais gerados, 0 salvos em 0.75s
2025-07-14 16:53:10,688 - core.data_reader - INFO - Carregados 771 pontos para NEAR 5m
2025-07-14 16:53:10,856 - indicators.technical - INFO - Análise técnica concluída para NEAR: RSI=0 sinais, MACD=0 sinais
2025-07-14 16:53:10,856 - core.analyzer - INFO - [SUCCESS] NEAR: 0 sinais gerados, 0 salvos em 0.53s
2025-07-14 16:53:10,860 - core.data_reader - INFO - Carregados 768 pontos para HBAR 5m
2025-07-14 16:53:11,038 - indicators.technical - INFO - Análise técnica concluída para HBAR: RSI=0 sinais, MACD=0 sinais
2025-07-14 16:53:11,038 - core.data_reader - INFO - Carregados 773 pontos para SOL 5m
2025-07-14 16:53:11,039 - core.analyzer - INFO - [SUCCESS] HBAR: 0 sinais gerados, 0 salvos em 0.75s
2025-07-14 16:53:11,064 - core.data_reader - INFO - Carregados 768 pontos para OMNI 5m
2025-07-14 16:53:11,286 - indicators.technical - INFO - Análise técnica concluída para SOL: RSI=0 sinais, MACD=0 sinais
2025-07-14 16:53:11,309 - core.analyzer - INFO - [SUCCESS] SOL: 0 sinais gerados, 0 salvos em 0.64s
2025-07-14 16:53:11,383 - indicators.technical - INFO - Análise técnica concluída para OMNI: RSI=0 sinais, MACD=0 sinais
2025-07-14 16:53:11,383 - core.analyzer - INFO - [SUCCESS] OMNI: 0 sinais gerados, 0 salvos em 0.88s
2025-07-14 16:53:11,384 - core.analyzer - INFO - [COMPLETE] Análise concluída: 8/8 symbols, 0 sinais em 1.48s
2025-07-14 16:53:11,384 - core.analyzer - INFO - [CYCLE] Ciclo concluído: 8 symbols analisados em 1.5s
2025-07-14 16:58:09,902 - core.analyzer - INFO - [START] Iniciando análise de 8 symbols
2025-07-14 16:58:09,909 - core.analyzer - INFO - [DEBUG] Symbols disponíveis no banco: ['BNB', 'BTC', 'ENA', 'ETH', 'HBAR', 'NEAR', 'OMNI', 'SOL']
2025-07-14 16:58:09,909 - core.analyzer - INFO - [DEBUG] Symbols configurados para análise: ['BNB', 'BTC', 'ENA', 'ETH', 'HBAR', 'NEAR', 'OMNI', 'SOL']
2025-07-14 16:58:09,910 - core.analyzer - INFO - [INFO] Symbols que serão analisados: ['BNB', 'BTC', 'ENA', 'ETH', 'HBAR', 'NEAR', 'OMNI', 'SOL']
2025-07-14 16:58:09,961 - core.data_reader - INFO - Carregados 779 pontos para BTC 5m
2025-07-14 16:58:10,137 - indicators.technical - INFO - Análise técnica concluída para BTC: RSI=0 sinais, MACD=0 sinais
2025-07-14 16:58:10,137 - core.analyzer - INFO - [SUCCESS] BTC: 0 sinais gerados, 0 salvos em 0.22s
2025-07-14 16:58:10,142 - core.data_reader - INFO - Carregados 776 pontos para ENA 5m
2025-07-14 16:58:10,313 - indicators.technical - INFO - Análise técnica concluída para ENA: RSI=0 sinais, MACD=0 sinais
2025-07-14 16:58:10,314 - core.analyzer - INFO - [SUCCESS] ENA: 0 sinais gerados, 0 salvos em 0.40s
2025-07-14 16:58:10,318 - core.data_reader - INFO - Carregados 769 pontos para BNB 5m
2025-07-14 16:58:10,489 - indicators.technical - INFO - Análise técnica concluída para BNB: RSI=0 sinais, MACD=0 sinais
2025-07-14 16:58:10,489 - core.analyzer - INFO - [SUCCESS] BNB: 0 sinais gerados, 0 salvos em 0.58s
2025-07-14 16:58:10,493 - core.data_reader - INFO - Carregados 768 pontos para ETH 5m
2025-07-14 16:58:10,661 - indicators.technical - INFO - Análise técnica concluída para ETH: RSI=0 sinais, MACD=0 sinais
2025-07-14 16:58:10,662 - core.analyzer - INFO - [SUCCESS] ETH: 0 sinais gerados, 0 salvos em 0.75s
2025-07-14 16:58:10,679 - core.data_reader - INFO - Carregados 768 pontos para HBAR 5m
2025-07-14 16:58:10,778 - core.data_reader - INFO - Carregados 775 pontos para NEAR 5m
2025-07-14 16:58:10,883 - indicators.technical - INFO - Análise técnica concluída para HBAR: RSI=0 sinais, MACD=0 sinais
2025-07-14 16:58:10,898 - core.analyzer - INFO - [SUCCESS] HBAR: 0 sinais gerados, 0 salvos em 0.76s
2025-07-14 16:58:11,027 - indicators.technical - INFO - Análise técnica concluída para NEAR: RSI=0 sinais, MACD=0 sinais
2025-07-14 16:58:11,027 - core.analyzer - INFO - [SUCCESS] NEAR: 0 sinais gerados, 0 salvos em 0.71s
2025-07-14 16:58:11,031 - core.data_reader - INFO - Carregados 777 pontos para SOL 5m
2025-07-14 16:58:11,203 - indicators.technical - INFO - Análise técnica concluída para SOL: RSI=0 sinais, MACD=0 sinais
2025-07-14 16:58:11,204 - core.analyzer - INFO - [SUCCESS] SOL: 0 sinais gerados, 0 salvos em 0.54s
2025-07-14 16:58:11,207 - core.data_reader - INFO - Carregados 768 pontos para OMNI 5m
2025-07-14 16:58:11,356 - indicators.technical - INFO - Análise técnica concluída para OMNI: RSI=0 sinais, MACD=0 sinais
2025-07-14 16:58:11,356 - core.analyzer - INFO - [SUCCESS] OMNI: 0 sinais gerados, 0 salvos em 0.87s
2025-07-14 16:58:11,357 - core.analyzer - INFO - [COMPLETE] Análise concluída: 8/8 symbols, 0 sinais em 1.46s
2025-07-14 16:58:11,357 - core.analyzer - INFO - [CYCLE] Ciclo concluído: 8 symbols analisados em 1.5s
2025-07-14 17:03:09,903 - core.analyzer - INFO - [START] Iniciando análise de 8 symbols
2025-07-14 17:03:09,913 - core.analyzer - INFO - [DEBUG] Symbols disponíveis no banco: ['BNB', 'BTC', 'ENA', 'ETH', 'HBAR', 'NEAR', 'OMNI', 'SOL']
2025-07-14 17:03:09,914 - core.analyzer - INFO - [DEBUG] Symbols configurados para análise: ['BNB', 'BTC', 'ENA', 'ETH', 'HBAR', 'NEAR', 'OMNI', 'SOL']
2025-07-14 17:03:09,915 - core.analyzer - INFO - [INFO] Symbols que serão analisados: ['BNB', 'BTC', 'ENA', 'ETH', 'HBAR', 'NEAR', 'OMNI', 'SOL']
2025-07-14 17:03:09,952 - core.data_reader - INFO - Carregados 772 pontos para ETH 5m
2025-07-14 17:03:10,129 - indicators.technical - INFO - Análise técnica concluída para ETH: RSI=0 sinais, MACD=0 sinais
2025-07-14 17:03:10,130 - core.data_reader - INFO - Carregados 778 pontos para ENA 5m
2025-07-14 17:03:10,130 - core.analyzer - INFO - [SUCCESS] ETH: 0 sinais gerados, 0 salvos em 0.21s
2025-07-14 17:03:10,301 - indicators.technical - INFO - Análise técnica concluída para ENA: RSI=0 sinais, MACD=0 sinais
2025-07-14 17:03:10,301 - core.analyzer - INFO - [SUCCESS] ENA: 0 sinais gerados, 0 salvos em 0.38s
2025-07-14 17:03:10,306 - core.data_reader - INFO - Carregados 773 pontos para BNB 5m
2025-07-14 17:03:10,473 - indicators.technical - INFO - Análise técnica concluída para BNB: RSI=0 sinais, MACD=0 sinais
2025-07-14 17:03:10,473 - core.analyzer - INFO - [SUCCESS] BNB: 0 sinais gerados, 0 salvos em 0.56s
2025-07-14 17:03:10,484 - core.data_reader - INFO - Carregados 779 pontos para BTC 5m
2025-07-14 17:03:10,654 - indicators.technical - INFO - Análise técnica concluída para BTC: RSI=0 sinais, MACD=0 sinais
2025-07-14 17:03:10,654 - core.analyzer - INFO - [SUCCESS] BTC: 0 sinais gerados, 0 salvos em 0.74s
2025-07-14 17:03:10,664 - core.data_reader - INFO - Carregados 775 pontos para NEAR 5m
2025-07-14 17:03:10,833 - indicators.technical - INFO - Análise técnica concluída para NEAR: RSI=0 sinais, MACD=0 sinais
2025-07-14 17:03:10,834 - core.analyzer - INFO - [SUCCESS] NEAR: 0 sinais gerados, 0 salvos em 0.53s
2025-07-14 17:03:10,838 - core.data_reader - INFO - Carregados 772 pontos para HBAR 5m
2025-07-14 17:03:11,011 - indicators.technical - INFO - Análise técnica concluída para HBAR: RSI=0 sinais, MACD=0 sinais
2025-07-14 17:03:11,011 - core.analyzer - INFO - [SUCCESS] HBAR: 0 sinais gerados, 0 salvos em 0.83s
2025-07-14 17:03:11,015 - core.data_reader - INFO - Carregados 772 pontos para OMNI 5m
2025-07-14 17:03:11,183 - indicators.technical - INFO - Análise técnica concluída para OMNI: RSI=0 sinais, MACD=0 sinais
2025-07-14 17:03:11,184 - core.analyzer - INFO - [SUCCESS] OMNI: 0 sinais gerados, 0 salvos em 0.71s
2025-07-14 17:03:11,189 - core.data_reader - INFO - Carregados 779 pontos para SOL 5m
2025-07-14 17:03:11,344 - indicators.technical - INFO - Análise técnica concluída para SOL: RSI=0 sinais, MACD=0 sinais
2025-07-14 17:03:11,344 - core.analyzer - INFO - [SUCCESS] SOL: 0 sinais gerados, 0 salvos em 0.69s
2025-07-14 17:03:11,345 - core.analyzer - INFO - [COMPLETE] Análise concluída: 8/8 symbols, 0 sinais em 1.44s
2025-07-14 17:03:11,345 - core.analyzer - INFO - [CYCLE] Ciclo concluído: 8 symbols analisados em 1.4s
2025-07-14 17:08:09,904 - core.analyzer - INFO - [START] Iniciando análise de 8 symbols
2025-07-14 17:08:09,910 - core.analyzer - INFO - [DEBUG] Symbols disponíveis no banco: ['BNB', 'BTC', 'ENA', 'ETH', 'HBAR', 'NEAR', 'OMNI', 'SOL']
2025-07-14 17:08:09,911 - core.analyzer - INFO - [DEBUG] Symbols configurados para análise: ['BNB', 'BTC', 'ENA', 'ETH', 'HBAR', 'NEAR', 'OMNI', 'SOL']
2025-07-14 17:08:09,911 - core.analyzer - INFO - [INFO] Symbols que serão analisados: ['BNB', 'BTC', 'ENA', 'ETH', 'HBAR', 'NEAR', 'OMNI', 'SOL']
2025-07-14 17:08:09,954 - core.data_reader - INFO - Carregados 781 pontos para BTC 5m
2025-07-14 17:08:10,126 - indicators.technical - INFO - Análise técnica concluída para BTC: RSI=0 sinais, MACD=0 sinais
2025-07-14 17:08:10,127 - core.analyzer - INFO - [SUCCESS] BTC: 0 sinais gerados, 0 salvos em 0.21s
2025-07-14 17:08:10,135 - core.data_reader - INFO - Carregados 775 pontos para BNB 5m
2025-07-14 17:08:10,135 - core.data_reader - INFO - Carregados 774 pontos para ETH 5m
2025-07-14 17:08:10,316 - indicators.technical - INFO - Análise técnica concluída para BNB: RSI=0 sinais, MACD=0 sinais
2025-07-14 17:08:10,316 - core.analyzer - INFO - [SUCCESS] BNB: 0 sinais gerados, 0 salvos em 0.40s
2025-07-14 17:08:10,321 - core.data_reader - INFO - Carregados 778 pontos para ENA 5m
2025-07-14 17:08:10,619 - indicators.technical - INFO - Análise técnica concluída para ENA: RSI=0 sinais, MACD=0 sinais
2025-07-14 17:08:10,643 - indicators.technical - INFO - Análise técnica concluída para ETH: RSI=0 sinais, MACD=0 sinais
2025-07-14 17:08:10,643 - core.analyzer - INFO - [SUCCESS] ENA: 0 sinais gerados, 0 salvos em 0.73s
2025-07-14 17:08:10,644 - core.analyzer - INFO - [SUCCESS] ETH: 0 sinais gerados, 0 salvos em 0.73s
2025-07-14 17:08:10,660 - core.data_reader - INFO - Carregados 774 pontos para HBAR 5m
2025-07-14 17:08:10,827 - indicators.technical - INFO - Análise técnica concluída para HBAR: RSI=0 sinais, MACD=0 sinais
2025-07-14 17:08:10,827 - core.analyzer - INFO - [SUCCESS] HBAR: 0 sinais gerados, 0 salvos em 0.70s
2025-07-14 17:08:10,832 - core.data_reader - INFO - Carregados 777 pontos para NEAR 5m
2025-07-14 17:08:11,003 - indicators.technical - INFO - Análise técnica concluída para NEAR: RSI=0 sinais, MACD=0 sinais
2025-07-14 17:08:11,003 - core.analyzer - INFO - [SUCCESS] NEAR: 0 sinais gerados, 0 salvos em 0.69s
2025-07-14 17:08:11,011 - core.data_reader - INFO - Carregados 779 pontos para SOL 5m
2025-07-14 17:08:11,039 - core.data_reader - INFO - Carregados 774 pontos para OMNI 5m
2025-07-14 17:08:11,335 - indicators.technical - INFO - Análise técnica concluída para SOL: RSI=0 sinais, MACD=0 sinais
2025-07-14 17:08:11,345 - core.analyzer - INFO - [SUCCESS] SOL: 0 sinais gerados, 0 salvos em 0.70s
2025-07-14 17:08:11,362 - indicators.technical - INFO - Análise técnica concluída para OMNI: RSI=0 sinais, MACD=0 sinais
2025-07-14 17:08:11,362 - core.analyzer - INFO - [SUCCESS] OMNI: 0 sinais gerados, 0 salvos em 0.72s
2025-07-14 17:08:11,363 - core.analyzer - INFO - [COMPLETE] Análise concluída: 8/8 symbols, 0 sinais em 1.46s
2025-07-14 17:08:11,363 - core.analyzer - INFO - [CYCLE] Ciclo concluído: 8 symbols analisados em 1.5s
2025-07-14 17:13:09,904 - core.analyzer - INFO - [START] Iniciando análise de 8 symbols
2025-07-14 17:13:09,910 - core.analyzer - INFO - [DEBUG] Symbols disponíveis no banco: ['BNB', 'BTC', 'ENA', 'ETH', 'HBAR', 'NEAR', 'OMNI', 'SOL']
2025-07-14 17:13:09,911 - core.analyzer - INFO - [DEBUG] Symbols configurados para análise: ['BNB', 'BTC', 'ENA', 'ETH', 'HBAR', 'NEAR', 'OMNI', 'SOL']
2025-07-14 17:13:09,912 - core.analyzer - INFO - [INFO] Symbols que serão analisados: ['BNB', 'BTC', 'ENA', 'ETH', 'HBAR', 'NEAR', 'OMNI', 'SOL']
2025-07-14 17:13:09,950 - core.data_reader - INFO - Carregados 784 pontos para BTC 5m
2025-07-14 17:13:10,125 - indicators.technical - INFO - Análise técnica concluída para BTC: RSI=0 sinais, MACD=0 sinais
2025-07-14 17:13:10,125 - core.analyzer - INFO - [SUCCESS] BTC: 0 sinais gerados, 0 salvos em 0.21s
2025-07-14 17:13:10,130 - core.data_reader - INFO - Carregados 778 pontos para BNB 5m
2025-07-14 17:13:10,299 - indicators.technical - INFO - Análise técnica concluída para BNB: RSI=0 sinais, MACD=0 sinais
2025-07-14 17:13:10,299 - core.analyzer - INFO - [SUCCESS] BNB: 0 sinais gerados, 0 salvos em 0.39s
2025-07-14 17:13:10,305 - core.data_reader - INFO - Carregados 781 pontos para ENA 5m
2025-07-14 17:13:10,395 - core.data_reader - INFO - Carregados 777 pontos para ETH 5m
2025-07-14 17:13:10,479 - indicators.technical - INFO - Análise técnica concluída para ENA: RSI=0 sinais, MACD=0 sinais
2025-07-14 17:13:10,524 - core.analyzer - INFO - [SUCCESS] ENA: 0 sinais gerados, 0 salvos em 0.61s
2025-07-14 17:13:10,651 - indicators.technical - INFO - Análise técnica concluída para ETH: RSI=0 sinais, MACD=0 sinais
2025-07-14 17:13:10,651 - core.analyzer - INFO - [SUCCESS] ETH: 0 sinais gerados, 0 salvos em 0.73s
2025-07-14 17:13:10,667 - core.data_reader - INFO - Carregados 780 pontos para NEAR 5m
2025-07-14 17:13:10,839 - indicators.technical - INFO - Análise técnica concluída para NEAR: RSI=0 sinais, MACD=0 sinais
2025-07-14 17:13:10,839 - core.analyzer - INFO - [SUCCESS] NEAR: 0 sinais gerados, 0 salvos em 0.54s
2025-07-14 17:13:10,843 - core.data_reader - INFO - Carregados 777 pontos para OMNI 5m
2025-07-14 17:13:11,020 - indicators.technical - INFO - Análise técnica concluída para OMNI: RSI=0 sinais, MACD=0 sinais
2025-07-14 17:13:11,020 - core.analyzer - INFO - [SUCCESS] OMNI: 0 sinais gerados, 0 salvos em 0.46s
2025-07-14 17:13:11,024 - core.data_reader - INFO - Carregados 777 pontos para HBAR 5m
2025-07-14 17:13:11,098 - core.data_reader - INFO - Carregados 782 pontos para SOL 5m
2025-07-14 17:13:11,271 - indicators.technical - INFO - Análise técnica concluída para HBAR: RSI=0 sinais, MACD=0 sinais
2025-07-14 17:13:11,271 - core.analyzer - INFO - [SUCCESS] HBAR: 0 sinais gerados, 0 salvos em 1.15s
2025-07-14 17:13:11,365 - indicators.technical - INFO - Análise técnica concluída para SOL: RSI=0 sinais, MACD=0 sinais
2025-07-14 17:13:11,366 - core.analyzer - INFO - [SUCCESS] SOL: 0 sinais gerados, 0 salvos em 0.71s
2025-07-14 17:13:11,366 - core.analyzer - INFO - [COMPLETE] Análise concluída: 8/8 symbols, 0 sinais em 1.46s
2025-07-14 17:13:11,367 - core.analyzer - INFO - [CYCLE] Ciclo concluído: 8 symbols analisados em 1.5s
2025-07-14 17:18:09,905 - core.analyzer - INFO - [START] Iniciando análise de 8 symbols
2025-07-14 17:18:09,915 - core.analyzer - INFO - [DEBUG] Symbols disponíveis no banco: ['BNB', 'BTC', 'ENA', 'ETH', 'HBAR', 'NEAR', 'OMNI', 'SOL']
2025-07-14 17:18:09,916 - core.analyzer - INFO - [DEBUG] Symbols configurados para análise: ['BNB', 'BTC', 'ENA', 'ETH', 'HBAR', 'NEAR', 'OMNI', 'SOL']
2025-07-14 17:18:09,917 - core.analyzer - INFO - [INFO] Symbols que serão analisados: ['BNB', 'BTC', 'ENA', 'ETH', 'HBAR', 'NEAR', 'OMNI', 'SOL']
2025-07-14 17:18:09,957 - core.data_reader - INFO - Carregados 784 pontos para ENA 5m
2025-07-14 17:18:09,991 - core.data_reader - INFO - Carregados 787 pontos para BTC 5m
2025-07-14 17:18:10,162 - indicators.technical - INFO - Análise técnica concluída para BTC: RSI=0 sinais, MACD=0 sinais
2025-07-14 17:18:10,163 - core.analyzer - INFO - [SUCCESS] BTC: 0 sinais gerados, 0 salvos em 0.24s
2025-07-14 17:18:10,309 - indicators.technical - INFO - Análise técnica concluída para ENA: RSI=0 sinais, MACD=0 sinais
2025-07-14 17:18:10,310 - core.analyzer - INFO - [SUCCESS] ENA: 0 sinais gerados, 0 salvos em 0.39s
2025-07-14 17:18:10,310 - core.data_reader - INFO - Carregados 781 pontos para BNB 5m
2025-07-14 17:18:10,480 - indicators.technical - INFO - Análise técnica concluída para BNB: RSI=0 sinais, MACD=0 sinais
2025-07-14 17:18:10,481 - core.analyzer - INFO - [SUCCESS] BNB: 0 sinais gerados, 0 salvos em 0.56s
2025-07-14 17:18:10,485 - core.data_reader - INFO - Carregados 780 pontos para ETH 5m
2025-07-14 17:18:10,653 - indicators.technical - INFO - Análise técnica concluída para ETH: RSI=0 sinais, MACD=0 sinais
2025-07-14 17:18:10,656 - core.analyzer - INFO - [SUCCESS] ETH: 0 sinais gerados, 0 salvos em 0.73s
2025-07-14 17:18:10,671 - core.data_reader - INFO - Carregados 780 pontos para HBAR 5m
2025-07-14 17:18:10,841 - indicators.technical - INFO - Análise técnica concluída para HBAR: RSI=0 sinais, MACD=0 sinais
2025-07-14 17:18:10,841 - core.analyzer - INFO - [SUCCESS] HBAR: 0 sinais gerados, 0 salvos em 0.68s
2025-07-14 17:18:10,845 - core.data_reader - INFO - Carregados 783 pontos para NEAR 5m
2025-07-14 17:18:11,019 - indicators.technical - INFO - Análise técnica concluída para NEAR: RSI=0 sinais, MACD=0 sinais
2025-07-14 17:18:11,020 - core.analyzer - INFO - [SUCCESS] NEAR: 0 sinais gerados, 0 salvos em 0.71s
2025-07-14 17:18:11,024 - core.data_reader - INFO - Carregados 780 pontos para OMNI 5m
2025-07-14 17:18:11,197 - indicators.technical - INFO - Análise técnica concluída para OMNI: RSI=0 sinais, MACD=0 sinais
2025-07-14 17:18:11,198 - core.analyzer - INFO - [SUCCESS] OMNI: 0 sinais gerados, 0 salvos em 0.72s
2025-07-14 17:18:11,201 - core.data_reader - INFO - Carregados 785 pontos para SOL 5m
2025-07-14 17:18:11,353 - indicators.technical - INFO - Análise técnica concluída para SOL: RSI=0 sinais, MACD=0 sinais
2025-07-14 17:18:11,353 - core.analyzer - INFO - [SUCCESS] SOL: 0 sinais gerados, 0 salvos em 0.70s
2025-07-14 17:18:11,354 - core.analyzer - INFO - [COMPLETE] Análise concluída: 8/8 symbols, 0 sinais em 1.45s
2025-07-14 17:18:11,354 - core.analyzer - INFO - [CYCLE] Ciclo concluído: 8 symbols analisados em 1.4s
2025-07-14 17:23:09,906 - core.analyzer - INFO - [START] Iniciando análise de 8 symbols
2025-07-14 17:23:09,913 - core.analyzer - INFO - [DEBUG] Symbols disponíveis no banco: ['BNB', 'BTC', 'ENA', 'ETH', 'HBAR', 'NEAR', 'OMNI', 'SOL']
2025-07-14 17:23:09,914 - core.analyzer - INFO - [DEBUG] Symbols configurados para análise: ['BNB', 'BTC', 'ENA', 'ETH', 'HBAR', 'NEAR', 'OMNI', 'SOL']
2025-07-14 17:23:09,915 - core.analyzer - INFO - [INFO] Symbols que serão analisados: ['BNB', 'BTC', 'ENA', 'ETH', 'HBAR', 'NEAR', 'OMNI', 'SOL']
2025-07-14 17:23:09,951 - core.data_reader - INFO - Carregados 791 pontos para BTC 5m
2025-07-14 17:23:10,130 - indicators.technical - INFO - Análise técnica concluída para BTC: RSI=0 sinais, MACD=0 sinais
2025-07-14 17:23:10,130 - core.analyzer - INFO - [SUCCESS] BTC: 0 sinais gerados, 0 salvos em 0.21s
2025-07-14 17:23:10,134 - core.data_reader - INFO - Carregados 785 pontos para BNB 5m
2025-07-14 17:23:10,309 - indicators.technical - INFO - Análise técnica concluída para BNB: RSI=0 sinais, MACD=0 sinais
2025-07-14 17:23:10,309 - core.analyzer - INFO - [SUCCESS] BNB: 0 sinais gerados, 0 salvos em 0.39s
2025-07-14 17:23:10,314 - core.data_reader - INFO - Carregados 788 pontos para ENA 5m
2025-07-14 17:23:10,486 - indicators.technical - INFO - Análise técnica concluída para ENA: RSI=0 sinais, MACD=0 sinais
2025-07-14 17:23:10,487 - core.analyzer - INFO - [SUCCESS] ENA: 0 sinais gerados, 0 salvos em 0.57s
2025-07-14 17:23:10,490 - core.data_reader - INFO - Carregados 784 pontos para ETH 5m
2025-07-14 17:23:10,660 - indicators.technical - INFO - Análise técnica concluída para ETH: RSI=0 sinais, MACD=0 sinais
2025-07-14 17:23:10,660 - core.analyzer - INFO - [SUCCESS] ETH: 0 sinais gerados, 0 salvos em 0.74s
2025-07-14 17:23:10,677 - core.data_reader - INFO - Carregados 784 pontos para HBAR 5m
2025-07-14 17:23:10,849 - indicators.technical - INFO - Análise técnica concluída para HBAR: RSI=0 sinais, MACD=0 sinais
2025-07-14 17:23:10,850 - core.analyzer - INFO - [SUCCESS] HBAR: 0 sinais gerados, 0 salvos em 0.72s
2025-07-14 17:23:10,854 - core.data_reader - INFO - Carregados 787 pontos para NEAR 5m
2025-07-14 17:23:11,031 - indicators.technical - INFO - Análise técnica concluída para NEAR: RSI=0 sinais, MACD=0 sinais
2025-07-14 17:23:11,031 - core.analyzer - INFO - [SUCCESS] NEAR: 0 sinais gerados, 0 salvos em 0.72s
2025-07-14 17:23:11,035 - core.data_reader - INFO - Carregados 784 pontos para OMNI 5m
2025-07-14 17:23:11,096 - core.data_reader - INFO - Carregados 789 pontos para SOL 5m
2025-07-14 17:23:11,322 - indicators.technical - INFO - Análise técnica concluída para SOL: RSI=0 sinais, MACD=0 sinais
2025-07-14 17:23:11,326 - core.analyzer - INFO - [SUCCESS] SOL: 0 sinais gerados, 0 salvos em 0.67s
2025-07-14 17:23:11,388 - indicators.technical - INFO - Análise técnica concluída para OMNI: RSI=0 sinais, MACD=0 sinais
2025-07-14 17:23:11,388 - core.analyzer - INFO - [SUCCESS] OMNI: 0 sinais gerados, 0 salvos em 0.90s
2025-07-14 17:23:11,389 - core.analyzer - INFO - [COMPLETE] Análise concluída: 8/8 symbols, 0 sinais em 1.48s
2025-07-14 17:23:11,389 - core.analyzer - INFO - [CYCLE] Ciclo concluído: 8 symbols analisados em 1.5s
2025-07-14 17:28:09,906 - core.analyzer - INFO - [START] Iniciando análise de 8 symbols
2025-07-14 17:28:09,913 - core.analyzer - INFO - [DEBUG] Symbols disponíveis no banco: ['BNB', 'BTC', 'ENA', 'ETH', 'HBAR', 'NEAR', 'OMNI', 'SOL']
2025-07-14 17:28:09,914 - core.analyzer - INFO - [DEBUG] Symbols configurados para análise: ['BNB', 'BTC', 'ENA', 'ETH', 'HBAR', 'NEAR', 'OMNI', 'SOL']
2025-07-14 17:28:09,914 - core.analyzer - INFO - [INFO] Symbols que serão analisados: ['BNB', 'BTC', 'ENA', 'ETH', 'HBAR', 'NEAR', 'OMNI', 'SOL']
2025-07-14 17:28:09,948 - core.data_reader - INFO - Carregados 785 pontos para BNB 5m
2025-07-14 17:28:09,978 - core.data_reader - INFO - Carregados 792 pontos para ENA 5m
2025-07-14 17:28:10,151 - indicators.technical - INFO - Análise técnica concluída para ENA: RSI=0 sinais, MACD=0 sinais
2025-07-14 17:28:10,151 - core.analyzer - INFO - [SUCCESS] ENA: 0 sinais gerados, 0 salvos em 0.23s
2025-07-14 17:28:10,155 - core.data_reader - INFO - Carregados 795 pontos para BTC 5m
2025-07-14 17:28:10,452 - indicators.technical - INFO - Análise técnica concluída para BTC: RSI=0 sinais, MACD=0 sinais
2025-07-14 17:28:10,477 - indicators.technical - INFO - Análise técnica concluída para BNB: RSI=0 sinais, MACD=0 sinais
2025-07-14 17:28:10,477 - core.analyzer - INFO - [SUCCESS] BTC: 0 sinais gerados, 0 salvos em 0.56s
2025-07-14 17:28:10,478 - core.analyzer - INFO - [SUCCESS] BNB: 0 sinais gerados, 0 salvos em 0.56s
2025-07-14 17:28:10,482 - core.data_reader - INFO - Carregados 784 pontos para ETH 5m
2025-07-14 17:28:10,653 - indicators.technical - INFO - Análise técnica concluída para ETH: RSI=0 sinais, MACD=0 sinais
2025-07-14 17:28:10,653 - core.analyzer - INFO - [SUCCESS] ETH: 0 sinais gerados, 0 salvos em 0.74s
2025-07-14 17:28:10,671 - core.data_reader - INFO - Carregados 791 pontos para NEAR 5m
2025-07-14 17:28:10,845 - indicators.technical - INFO - Análise técnica concluída para NEAR: RSI=0 sinais, MACD=0 sinais
2025-07-14 17:28:10,846 - core.analyzer - INFO - [SUCCESS] NEAR: 0 sinais gerados, 0 salvos em 0.37s
2025-07-14 17:28:10,849 - core.data_reader - INFO - Carregados 784 pontos para OMNI 5m
2025-07-14 17:28:11,030 - indicators.technical - INFO - Análise técnica concluída para OMNI: RSI=0 sinais, MACD=0 sinais
2025-07-14 17:28:11,030 - core.analyzer - INFO - [SUCCESS] OMNI: 0 sinais gerados, 0 salvos em 0.55s
2025-07-14 17:28:11,034 - core.data_reader - INFO - Carregados 784 pontos para HBAR 5m
2025-07-14 17:28:11,205 - indicators.technical - INFO - Análise técnica concluída para HBAR: RSI=0 sinais, MACD=0 sinais
2025-07-14 17:28:11,206 - core.analyzer - INFO - [SUCCESS] HBAR: 0 sinais gerados, 0 salvos em 1.05s
2025-07-14 17:28:11,209 - core.data_reader - INFO - Carregados 793 pontos para SOL 5m
2025-07-14 17:28:11,364 - indicators.technical - INFO - Análise técnica concluída para SOL: RSI=0 sinais, MACD=0 sinais
2025-07-14 17:28:11,364 - core.analyzer - INFO - [SUCCESS] SOL: 0 sinais gerados, 0 salvos em 0.71s
2025-07-14 17:28:11,365 - core.analyzer - INFO - [COMPLETE] Análise concluída: 8/8 symbols, 0 sinais em 1.46s
2025-07-14 17:28:11,365 - core.analyzer - INFO - [CYCLE] Ciclo concluído: 8 symbols analisados em 1.5s
2025-07-14 17:33:09,907 - core.analyzer - INFO - [START] Iniciando análise de 8 symbols
2025-07-14 17:33:09,912 - core.analyzer - INFO - [DEBUG] Symbols disponíveis no banco: ['BNB', 'BTC', 'ENA', 'ETH', 'HBAR', 'NEAR', 'OMNI', 'SOL']
2025-07-14 17:33:09,913 - core.analyzer - INFO - [DEBUG] Symbols configurados para análise: ['BNB', 'BTC', 'ENA', 'ETH', 'HBAR', 'NEAR', 'OMNI', 'SOL']
2025-07-14 17:33:09,914 - core.analyzer - INFO - [INFO] Symbols que serão analisados: ['BNB', 'BTC', 'ENA', 'ETH', 'HBAR', 'NEAR', 'OMNI', 'SOL']
2025-07-14 17:33:09,952 - core.data_reader - INFO - Carregados 789 pontos para BNB 5m
2025-07-14 17:33:10,133 - indicators.technical - INFO - Análise técnica concluída para BNB: RSI=0 sinais, MACD=0 sinais
2025-07-14 17:33:10,134 - core.analyzer - INFO - [SUCCESS] BNB: 0 sinais gerados, 0 salvos em 0.22s
2025-07-14 17:33:10,138 - core.data_reader - INFO - Carregados 795 pontos para BTC 5m
2025-07-14 17:33:10,258 - core.data_reader - INFO - Carregados 792 pontos para ENA 5m
2025-07-14 17:33:10,361 - indicators.technical - INFO - Análise técnica concluída para BTC: RSI=0 sinais, MACD=0 sinais
2025-07-14 17:33:10,398 - core.analyzer - INFO - [SUCCESS] BTC: 0 sinais gerados, 0 salvos em 0.48s
2025-07-14 17:33:10,452 - core.data_reader - INFO - Carregados 788 pontos para ETH 5m
2025-07-14 17:33:10,495 - indicators.technical - INFO - Análise técnica concluída para ENA: RSI=0 sinais, MACD=0 sinais
2025-07-14 17:33:10,580 - core.analyzer - INFO - [SUCCESS] ENA: 0 sinais gerados, 0 salvos em 0.66s
2025-07-14 17:33:10,668 - indicators.technical - INFO - Análise técnica concluída para ETH: RSI=0 sinais, MACD=0 sinais
2025-07-14 17:33:10,669 - core.analyzer - INFO - [SUCCESS] ETH: 0 sinais gerados, 0 salvos em 0.75s
2025-07-14 17:33:10,686 - core.data_reader - INFO - Carregados 791 pontos para NEAR 5m
2025-07-14 17:33:10,859 - indicators.technical - INFO - Análise técnica concluída para NEAR: RSI=0 sinais, MACD=0 sinais
2025-07-14 17:33:10,859 - core.analyzer - INFO - [SUCCESS] NEAR: 0 sinais gerados, 0 salvos em 0.41s
2025-07-14 17:33:10,863 - core.data_reader - INFO - Carregados 788 pontos para HBAR 5m
2025-07-14 17:33:11,047 - indicators.technical - INFO - Análise técnica concluída para HBAR: RSI=0 sinais, MACD=0 sinais
2025-07-14 17:33:11,048 - core.analyzer - INFO - [SUCCESS] HBAR: 0 sinais gerados, 0 salvos em 0.91s
2025-07-14 17:33:11,048 - core.data_reader - INFO - Carregados 788 pontos para OMNI 5m
2025-07-14 17:33:11,184 - core.data_reader - INFO - Carregados 793 pontos para SOL 5m
2025-07-14 17:33:11,303 - indicators.technical - INFO - Análise técnica concluída para OMNI: RSI=0 sinais, MACD=0 sinais
2025-07-14 17:33:11,378 - core.analyzer - INFO - [SUCCESS] OMNI: 0 sinais gerados, 0 salvos em 0.77s
2025-07-14 17:33:11,448 - indicators.technical - INFO - Análise técnica concluída para SOL: RSI=0 sinais, MACD=0 sinais
2025-07-14 17:33:11,448 - core.analyzer - INFO - [SUCCESS] SOL: 0 sinais gerados, 0 salvos em 0.78s
2025-07-14 17:33:11,449 - core.analyzer - INFO - [COMPLETE] Análise concluída: 8/8 symbols, 0 sinais em 1.54s
2025-07-14 17:33:11,449 - core.analyzer - INFO - [CYCLE] Ciclo concluído: 8 symbols analisados em 1.5s
2025-07-14 17:38:09,907 - core.analyzer - INFO - [START] Iniciando análise de 8 symbols
2025-07-14 17:38:09,913 - core.analyzer - INFO - [DEBUG] Symbols disponíveis no banco: ['BNB', 'BTC', 'ENA', 'ETH', 'HBAR', 'NEAR', 'OMNI', 'SOL']
2025-07-14 17:38:09,914 - core.analyzer - INFO - [DEBUG] Symbols configurados para análise: ['BNB', 'BTC', 'ENA', 'ETH', 'HBAR', 'NEAR', 'OMNI', 'SOL']
2025-07-14 17:38:09,915 - core.analyzer - INFO - [INFO] Symbols que serão analisados: ['BNB', 'BTC', 'ENA', 'ETH', 'HBAR', 'NEAR', 'OMNI', 'SOL']
2025-07-14 17:38:09,951 - core.data_reader - INFO - Carregados 798 pontos para BTC 5m
2025-07-14 17:38:10,129 - indicators.technical - INFO - Análise técnica concluída para BTC: RSI=0 sinais, MACD=0 sinais
2025-07-14 17:38:10,129 - core.analyzer - INFO - [SUCCESS] BTC: 0 sinais gerados, 0 salvos em 0.21s
2025-07-14 17:38:10,133 - core.data_reader - INFO - Carregados 793 pontos para BNB 5m
2025-07-14 17:38:10,306 - indicators.technical - INFO - Análise técnica concluída para BNB: RSI=0 sinais, MACD=0 sinais
2025-07-14 17:38:10,306 - core.analyzer - INFO - [SUCCESS] BNB: 0 sinais gerados, 0 salvos em 0.39s
2025-07-14 17:38:10,311 - core.data_reader - INFO - Carregados 792 pontos para ETH 5m
2025-07-14 17:38:10,484 - indicators.technical - INFO - Análise técnica concluída para ETH: RSI=0 sinais, MACD=0 sinais
2025-07-14 17:38:10,484 - core.analyzer - INFO - [SUCCESS] ETH: 0 sinais gerados, 0 salvos em 0.56s
2025-07-14 17:38:10,497 - core.data_reader - INFO - Carregados 795 pontos para ENA 5m
2025-07-14 17:38:10,669 - indicators.technical - INFO - Análise técnica concluída para ENA: RSI=0 sinais, MACD=0 sinais
2025-07-14 17:38:10,669 - core.analyzer - INFO - [SUCCESS] ENA: 0 sinais gerados, 0 salvos em 0.75s
2025-07-14 17:38:10,678 - core.data_reader - INFO - Carregados 794 pontos para NEAR 5m
2025-07-14 17:38:10,849 - indicators.technical - INFO - Análise técnica concluída para NEAR: RSI=0 sinais, MACD=0 sinais
2025-07-14 17:38:10,849 - core.analyzer - INFO - [SUCCESS] NEAR: 0 sinais gerados, 0 salvos em 0.54s
2025-07-14 17:38:10,853 - core.data_reader - INFO - Carregados 792 pontos para HBAR 5m
2025-07-14 17:38:11,029 - indicators.technical - INFO - Análise técnica concluída para HBAR: RSI=0 sinais, MACD=0 sinais
2025-07-14 17:38:11,029 - core.analyzer - INFO - [SUCCESS] HBAR: 0 sinais gerados, 0 salvos em 0.90s
2025-07-14 17:38:11,033 - core.data_reader - INFO - Carregados 792 pontos para OMNI 5m
2025-07-14 17:38:11,205 - indicators.technical - INFO - Análise técnica concluída para OMNI: RSI=0 sinais, MACD=0 sinais
2025-07-14 17:38:11,205 - core.analyzer - INFO - [SUCCESS] OMNI: 0 sinais gerados, 0 salvos em 0.72s
2025-07-14 17:38:11,210 - core.data_reader - INFO - Carregados 796 pontos para SOL 5m
2025-07-14 17:38:11,363 - indicators.technical - INFO - Análise técnica concluída para SOL: RSI=0 sinais, MACD=0 sinais
2025-07-14 17:38:11,363 - core.analyzer - INFO - [SUCCESS] SOL: 0 sinais gerados, 0 salvos em 0.69s
2025-07-14 17:38:11,364 - core.analyzer - INFO - [COMPLETE] Análise concluída: 8/8 symbols, 0 sinais em 1.46s
2025-07-14 17:38:11,364 - core.analyzer - INFO - [CYCLE] Ciclo concluído: 8 symbols analisados em 1.5s
2025-07-14 17:43:09,908 - core.analyzer - INFO - [START] Iniciando análise de 8 symbols
2025-07-14 17:43:09,911 - core.analyzer - INFO - [DEBUG] Symbols disponíveis no banco: ['BNB', 'BTC', 'ENA', 'ETH', 'HBAR', 'NEAR', 'OMNI', 'SOL']
2025-07-14 17:43:09,912 - core.analyzer - INFO - [DEBUG] Symbols configurados para análise: ['BNB', 'BTC', 'ENA', 'ETH', 'HBAR', 'NEAR', 'OMNI', 'SOL']
2025-07-14 17:43:09,912 - core.analyzer - INFO - [INFO] Symbols que serão analisados: ['BNB', 'BTC', 'ENA', 'ETH', 'HBAR', 'NEAR', 'OMNI', 'SOL']
2025-07-14 17:43:09,942 - core.data_reader - INFO - Carregados 802 pontos para BTC 5m
2025-07-14 17:43:09,973 - core.data_reader - INFO - Carregados 797 pontos para BNB 5m
2025-07-14 17:43:10,147 - indicators.technical - INFO - Análise técnica concluída para BNB: RSI=0 sinais, MACD=0 sinais
2025-07-14 17:43:10,147 - core.analyzer - INFO - [SUCCESS] BNB: 0 sinais gerados, 0 salvos em 0.23s
2025-07-14 17:43:10,237 - core.data_reader - INFO - Carregados 796 pontos para ETH 5m
2025-07-14 17:43:10,305 - indicators.technical - INFO - Análise técnica concluída para BTC: RSI=0 sinais, MACD=0 sinais
2025-07-14 17:43:10,479 - indicators.technical - INFO - Análise técnica concluída para ETH: RSI=0 sinais, MACD=0 sinais
2025-07-14 17:43:10,479 - core.analyzer - INFO - [SUCCESS] BTC: 0 sinais gerados, 0 salvos em 0.56s
2025-07-14 17:43:10,479 - core.analyzer - INFO - [SUCCESS] ETH: 0 sinais gerados, 0 salvos em 0.56s
2025-07-14 17:43:10,483 - core.data_reader - INFO - Carregados 799 pontos para ENA 5m
2025-07-14 17:43:10,658 - indicators.technical - INFO - Análise técnica concluída para ENA: RSI=0 sinais, MACD=0 sinais
2025-07-14 17:43:10,658 - core.analyzer - INFO - [SUCCESS] ENA: 0 sinais gerados, 0 salvos em 0.74s
2025-07-14 17:43:10,675 - core.data_reader - INFO - Carregados 798 pontos para NEAR 5m
2025-07-14 17:43:10,849 - indicators.technical - INFO - Análise técnica concluída para NEAR: RSI=0 sinais, MACD=0 sinais
2025-07-14 17:43:10,849 - core.analyzer - INFO - [SUCCESS] NEAR: 0 sinais gerados, 0 salvos em 0.37s
2025-07-14 17:43:10,855 - core.data_reader - INFO - Carregados 796 pontos para HBAR 5m
2025-07-14 17:43:11,032 - indicators.technical - INFO - Análise técnica concluída para HBAR: RSI=0 sinais, MACD=0 sinais
2025-07-14 17:43:11,033 - core.analyzer - INFO - [SUCCESS] HBAR: 0 sinais gerados, 0 salvos em 0.89s
2025-07-14 17:43:11,037 - core.data_reader - INFO - Carregados 800 pontos para SOL 5m
2025-07-14 17:43:11,106 - core.data_reader - INFO - Carregados 796 pontos para OMNI 5m
2025-07-14 17:43:11,374 - indicators.technical - INFO - Análise técnica concluída para OMNI: RSI=0 sinais, MACD=0 sinais
2025-07-14 17:43:11,391 - core.analyzer - INFO - [SUCCESS] OMNI: 0 sinais gerados, 0 salvos em 0.91s
2025-07-14 17:43:11,396 - indicators.technical - INFO - Análise técnica concluída para SOL: RSI=0 sinais, MACD=0 sinais
2025-07-14 17:43:11,397 - core.analyzer - INFO - [SUCCESS] SOL: 0 sinais gerados, 0 salvos em 0.74s
2025-07-14 17:43:11,397 - core.analyzer - INFO - [COMPLETE] Análise concluída: 8/8 symbols, 0 sinais em 1.49s
2025-07-14 17:43:11,398 - core.analyzer - INFO - [CYCLE] Ciclo concluído: 8 symbols analisados em 1.5s
2025-07-14 17:48:09,908 - core.analyzer - INFO - [START] Iniciando análise de 8 symbols
2025-07-14 17:48:09,923 - core.analyzer - INFO - [DEBUG] Symbols disponíveis no banco: ['BNB', 'BTC', 'ENA', 'ETH', 'HBAR', 'NEAR', 'OMNI', 'SOL']
2025-07-14 17:48:09,923 - core.analyzer - INFO - [DEBUG] Symbols configurados para análise: ['BNB', 'BTC', 'ENA', 'ETH', 'HBAR', 'NEAR', 'OMNI', 'SOL']
2025-07-14 17:48:09,924 - core.analyzer - INFO - [INFO] Symbols que serão analisados: ['BNB', 'BTC', 'ENA', 'ETH', 'HBAR', 'NEAR', 'OMNI', 'SOL']
2025-07-14 17:48:09,963 - core.data_reader - INFO - Carregados 802 pontos para ENA 5m
2025-07-14 17:48:09,996 - core.data_reader - INFO - Carregados 805 pontos para BTC 5m
2025-07-14 17:48:10,170 - indicators.technical - INFO - Análise técnica concluída para BTC: RSI=0 sinais, MACD=0 sinais
2025-07-14 17:48:10,171 - core.analyzer - INFO - [SUCCESS] BTC: 0 sinais gerados, 0 salvos em 0.24s
2025-07-14 17:48:10,320 - indicators.technical - INFO - Análise técnica concluída para ENA: RSI=0 sinais, MACD=0 sinais
2025-07-14 17:48:10,323 - core.analyzer - INFO - [SUCCESS] ENA: 0 sinais gerados, 0 salvos em 0.39s
2025-07-14 17:48:10,323 - core.data_reader - INFO - Carregados 799 pontos para ETH 5m
2025-07-14 17:48:10,496 - indicators.technical - INFO - Análise técnica concluída para ETH: RSI=0 sinais, MACD=0 sinais
2025-07-14 17:48:10,496 - core.analyzer - INFO - [SUCCESS] ETH: 0 sinais gerados, 0 salvos em 0.57s
2025-07-14 17:48:10,501 - core.data_reader - INFO - Carregados 800 pontos para BNB 5m
2025-07-14 17:48:10,675 - indicators.technical - INFO - Análise técnica concluída para BNB: RSI=0 sinais, MACD=0 sinais
2025-07-14 17:48:10,675 - core.analyzer - INFO - [SUCCESS] BNB: 0 sinais gerados, 0 salvos em 0.75s
2025-07-14 17:48:10,692 - core.data_reader - INFO - Carregados 799 pontos para HBAR 5m
2025-07-14 17:48:10,865 - indicators.technical - INFO - Análise técnica concluída para HBAR: RSI=0 sinais, MACD=0 sinais
2025-07-14 17:48:10,865 - core.analyzer - INFO - [SUCCESS] HBAR: 0 sinais gerados, 0 salvos em 0.69s
2025-07-14 17:48:10,869 - core.data_reader - INFO - Carregados 801 pontos para NEAR 5m
2025-07-14 17:48:11,048 - indicators.technical - INFO - Análise técnica concluída para NEAR: RSI=0 sinais, MACD=0 sinais
2025-07-14 17:48:11,048 - core.analyzer - INFO - [SUCCESS] NEAR: 0 sinais gerados, 0 salvos em 0.72s
2025-07-14 17:48:11,053 - core.data_reader - INFO - Carregados 799 pontos para OMNI 5m
2025-07-14 17:48:11,063 - core.data_reader - INFO - Carregados 803 pontos para SOL 5m
2025-07-14 17:48:11,314 - indicators.technical - INFO - Análise técnica concluída para OMNI: RSI=0 sinais, MACD=0 sinais
2025-07-14 17:48:11,358 - core.analyzer - INFO - [SUCCESS] OMNI: 0 sinais gerados, 0 salvos em 0.86s
2025-07-14 17:48:11,411 - indicators.technical - INFO - Análise técnica concluída para SOL: RSI=0 sinais, MACD=0 sinais
2025-07-14 17:48:11,411 - core.analyzer - INFO - [SUCCESS] SOL: 0 sinais gerados, 0 salvos em 0.74s
2025-07-14 17:48:11,412 - core.analyzer - INFO - [COMPLETE] Análise concluída: 8/8 symbols, 0 sinais em 1.50s
2025-07-14 17:48:11,412 - core.analyzer - INFO - [CYCLE] Ciclo concluído: 8 symbols analisados em 1.5s
2025-07-14 17:53:09,909 - core.analyzer - INFO - [START] Iniciando análise de 8 symbols
2025-07-14 17:53:09,918 - core.analyzer - INFO - [DEBUG] Symbols disponíveis no banco: ['BNB', 'BTC', 'ENA', 'ETH', 'HBAR', 'NEAR', 'OMNI', 'SOL']
2025-07-14 17:53:09,919 - core.analyzer - INFO - [DEBUG] Symbols configurados para análise: ['BNB', 'BTC', 'ENA', 'ETH', 'HBAR', 'NEAR', 'OMNI', 'SOL']
2025-07-14 17:53:09,920 - core.analyzer - INFO - [INFO] Symbols que serão analisados: ['BNB', 'BTC', 'ENA', 'ETH', 'HBAR', 'NEAR', 'OMNI', 'SOL']
2025-07-14 17:53:09,960 - core.data_reader - INFO - Carregados 800 pontos para BNB 5m
2025-07-14 17:53:10,137 - indicators.technical - INFO - Análise técnica concluída para BNB: RSI=0 sinais, MACD=0 sinais
2025-07-14 17:53:10,137 - core.analyzer - INFO - [SUCCESS] BNB: 0 sinais gerados, 0 salvos em 0.21s
2025-07-14 17:53:10,142 - core.data_reader - INFO - Carregados 809 pontos para BTC 5m
2025-07-14 17:53:10,318 - indicators.technical - INFO - Análise técnica concluída para BTC: RSI=0 sinais, MACD=0 sinais
2025-07-14 17:53:10,318 - core.analyzer - INFO - [SUCCESS] BTC: 0 sinais gerados, 0 salvos em 0.39s
2025-07-14 17:53:10,323 - core.data_reader - INFO - Carregados 806 pontos para ENA 5m
2025-07-14 17:53:10,498 - indicators.technical - INFO - Análise técnica concluída para ENA: RSI=0 sinais, MACD=0 sinais
2025-07-14 17:53:10,498 - core.analyzer - INFO - [SUCCESS] ENA: 0 sinais gerados, 0 salvos em 0.57s
2025-07-14 17:53:10,502 - core.data_reader - INFO - Carregados 799 pontos para ETH 5m
2025-07-14 17:53:10,677 - indicators.technical - INFO - Análise técnica concluída para ETH: RSI=0 sinais, MACD=0 sinais
2025-07-14 17:53:10,678 - core.analyzer - INFO - [SUCCESS] ETH: 0 sinais gerados, 0 salvos em 0.75s
2025-07-14 17:53:10,697 - core.data_reader - INFO - Carregados 807 pontos para SOL 5m
2025-07-14 17:53:10,715 - core.data_reader - INFO - Carregados 799 pontos para OMNI 5m
2025-07-14 17:53:10,896 - indicators.technical - INFO - Análise técnica concluída para OMNI: RSI=0 sinais, MACD=0 sinais
2025-07-14 17:53:10,897 - core.analyzer - INFO - [SUCCESS] OMNI: 0 sinais gerados, 0 salvos em 0.40s
2025-07-14 17:53:10,898 - core.data_reader - INFO - Carregados 805 pontos para NEAR 5m
2025-07-14 17:53:11,161 - indicators.technical - INFO - Análise técnica concluída para SOL: RSI=0 sinais, MACD=0 sinais
2025-07-14 17:53:11,178 - core.data_reader - INFO - Carregados 799 pontos para HBAR 5m
2025-07-14 17:53:11,178 - core.analyzer - INFO - [SUCCESS] SOL: 0 sinais gerados, 0 salvos em 0.50s
2025-07-14 17:53:11,275 - indicators.technical - INFO - Análise técnica concluída para NEAR: RSI=0 sinais, MACD=0 sinais
2025-07-14 17:53:11,380 - core.analyzer - INFO - [SUCCESS] NEAR: 0 sinais gerados, 0 salvos em 1.06s
2025-07-14 17:53:11,427 - indicators.technical - INFO - Análise técnica concluída para HBAR: RSI=0 sinais, MACD=0 sinais
2025-07-14 17:53:11,427 - core.analyzer - INFO - [SUCCESS] HBAR: 0 sinais gerados, 0 salvos em 1.29s
2025-07-14 17:53:11,428 - core.analyzer - INFO - [COMPLETE] Análise concluída: 8/8 symbols, 0 sinais em 1.52s
2025-07-14 17:53:11,428 - core.analyzer - INFO - [CYCLE] Ciclo concluído: 8 symbols analisados em 1.5s
2025-07-14 17:58:09,910 - core.analyzer - INFO - [START] Iniciando análise de 8 symbols
2025-07-14 17:58:09,923 - core.analyzer - INFO - [DEBUG] Symbols disponíveis no banco: ['BNB', 'BTC', 'ENA', 'ETH', 'HBAR', 'NEAR', 'OMNI', 'SOL']
2025-07-14 17:58:09,924 - core.analyzer - INFO - [DEBUG] Symbols configurados para análise: ['BNB', 'BTC', 'ENA', 'ETH', 'HBAR', 'NEAR', 'OMNI', 'SOL']
2025-07-14 17:58:09,924 - core.analyzer - INFO - [INFO] Symbols que serão analisados: ['BNB', 'BTC', 'ENA', 'ETH', 'HBAR', 'NEAR', 'OMNI', 'SOL']
2025-07-14 17:58:09,957 - core.data_reader - INFO - Carregados 804 pontos para BNB 5m
2025-07-14 17:58:10,138 - indicators.technical - INFO - Análise técnica concluída para BNB: RSI=0 sinais, MACD=0 sinais
2025-07-14 17:58:10,138 - core.analyzer - INFO - [SUCCESS] BNB: 0 sinais gerados, 0 salvos em 0.21s
2025-07-14 17:58:10,143 - core.data_reader - INFO - Carregados 809 pontos para BTC 5m
2025-07-14 17:58:10,319 - indicators.technical - INFO - Análise técnica concluída para BTC: RSI=0 sinais, MACD=0 sinais
2025-07-14 17:58:10,319 - core.analyzer - INFO - [SUCCESS] BTC: 0 sinais gerados, 0 salvos em 0.39s
2025-07-14 17:58:10,324 - core.data_reader - INFO - Carregados 810 pontos para ENA 5m
2025-07-14 17:58:10,505 - indicators.technical - INFO - Análise técnica concluída para ENA: RSI=0 sinais, MACD=0 sinais
2025-07-14 17:58:10,506 - core.analyzer - INFO - [SUCCESS] ENA: 0 sinais gerados, 0 salvos em 0.58s
2025-07-14 17:58:10,506 - core.data_reader - INFO - Carregados 803 pontos para ETH 5m
2025-07-14 17:58:10,679 - indicators.technical - INFO - Análise técnica concluída para ETH: RSI=0 sinais, MACD=0 sinais
2025-07-14 17:58:10,679 - core.analyzer - INFO - [SUCCESS] ETH: 0 sinais gerados, 0 salvos em 0.75s
2025-07-14 17:58:10,696 - core.data_reader - INFO - Carregados 803 pontos para HBAR 5m
2025-07-14 17:58:10,870 - indicators.technical - INFO - Análise técnica concluída para HBAR: RSI=0 sinais, MACD=0 sinais
2025-07-14 17:58:10,873 - core.analyzer - INFO - [SUCCESS] HBAR: 0 sinais gerados, 0 salvos em 0.73s
2025-07-14 17:58:10,874 - core.data_reader - INFO - Carregados 805 pontos para NEAR 5m
2025-07-14 17:58:11,056 - indicators.technical - INFO - Análise técnica concluída para NEAR: RSI=0 sinais, MACD=0 sinais
2025-07-14 17:58:11,056 - core.analyzer - INFO - [SUCCESS] NEAR: 0 sinais gerados, 0 salvos em 0.74s
2025-07-14 17:58:11,061 - core.data_reader - INFO - Carregados 803 pontos para OMNI 5m
2025-07-14 17:58:11,192 - core.data_reader - INFO - Carregados 807 pontos para SOL 5m
2025-07-14 17:58:11,359 - indicators.technical - INFO - Análise técnica concluída para OMNI: RSI=0 sinais, MACD=0 sinais
2025-07-14 17:58:11,406 - core.analyzer - INFO - [SUCCESS] OMNI: 0 sinais gerados, 0 salvos em 0.90s
2025-07-14 17:58:11,430 - indicators.technical - INFO - Análise técnica concluída para SOL: RSI=0 sinais, MACD=0 sinais
2025-07-14 17:58:11,430 - core.analyzer - INFO - [SUCCESS] SOL: 0 sinais gerados, 0 salvos em 0.75s
2025-07-14 17:58:11,431 - core.analyzer - INFO - [COMPLETE] Análise concluída: 8/8 symbols, 0 sinais em 1.52s
2025-07-14 17:58:11,431 - core.analyzer - INFO - [CYCLE] Ciclo concluído: 8 symbols analisados em 1.5s
2025-07-14 18:03:09,911 - core.analyzer - INFO - [START] Iniciando análise de 8 symbols
2025-07-14 18:03:09,916 - core.analyzer - INFO - [DEBUG] Symbols disponíveis no banco: ['BNB', 'BTC', 'ENA', 'ETH', 'HBAR', 'NEAR', 'OMNI', 'SOL']
2025-07-14 18:03:09,917 - core.analyzer - INFO - [DEBUG] Symbols configurados para análise: ['BNB', 'BTC', 'ENA', 'ETH', 'HBAR', 'NEAR', 'OMNI', 'SOL']
2025-07-14 18:03:09,918 - core.analyzer - INFO - [INFO] Symbols que serão analisados: ['BNB', 'BTC', 'ENA', 'ETH', 'HBAR', 'NEAR', 'OMNI', 'SOL']
2025-07-14 18:03:09,953 - core.data_reader - INFO - Carregados 808 pontos para BNB 5m
2025-07-14 18:03:10,072 - core.data_reader - INFO - Carregados 805 pontos para ETH 5m
2025-07-14 18:03:10,195 - indicators.technical - INFO - Análise técnica concluída para BNB: RSI=0 sinais, MACD=0 sinais
2025-07-14 18:03:10,255 - core.analyzer - INFO - [SUCCESS] BNB: 0 sinais gerados, 0 salvos em 0.34s
2025-07-14 18:03:10,313 - indicators.technical - INFO - Análise técnica concluída para ETH: RSI=0 sinais, MACD=0 sinais
2025-07-14 18:03:10,316 - core.analyzer - INFO - [SUCCESS] ETH: 0 sinais gerados, 0 salvos em 0.39s
2025-07-14 18:03:10,317 - core.data_reader - INFO - Carregados 810 pontos para ENA 5m
2025-07-14 18:03:10,497 - indicators.technical - INFO - Análise técnica concluída para ENA: RSI=0 sinais, MACD=0 sinais
2025-07-14 18:03:10,497 - core.analyzer - INFO - [SUCCESS] ENA: 0 sinais gerados, 0 salvos em 0.58s
2025-07-14 18:03:10,501 - core.data_reader - INFO - Carregados 813 pontos para BTC 5m
2025-07-14 18:03:10,677 - indicators.technical - INFO - Análise técnica concluída para BTC: RSI=0 sinais, MACD=0 sinais
2025-07-14 18:03:10,677 - core.analyzer - INFO - [SUCCESS] BTC: 0 sinais gerados, 0 salvos em 0.76s
2025-07-14 18:03:10,700 - core.data_reader - INFO - Carregados 809 pontos para NEAR 5m
2025-07-14 18:03:10,758 - core.data_reader - INFO - Carregados 805 pontos para HBAR 5m
2025-07-14 18:03:10,900 - indicators.technical - INFO - Análise técnica concluída para NEAR: RSI=0 sinais, MACD=0 sinais
2025-07-14 18:03:10,900 - core.analyzer - INFO - [SUCCESS] NEAR: 0 sinais gerados, 0 salvos em 0.58s
2025-07-14 18:03:10,907 - core.data_reader - INFO - Carregados 805 pontos para OMNI 5m
2025-07-14 18:03:10,988 - core.data_reader - INFO - Carregados 811 pontos para SOL 5m
2025-07-14 18:03:11,159 - indicators.technical - INFO - Análise técnica concluída para OMNI: RSI=0 sinais, MACD=0 sinais
2025-07-14 18:03:11,203 - core.analyzer - INFO - [SUCCESS] OMNI: 0 sinais gerados, 0 salvos em 0.71s
2025-07-14 18:03:11,270 - indicators.technical - INFO - Análise técnica concluída para SOL: RSI=0 sinais, MACD=0 sinais
2025-07-14 18:03:11,270 - core.analyzer - INFO - [SUCCESS] SOL: 0 sinais gerados, 0 salvos em 0.59s
2025-07-14 18:03:11,411 - indicators.technical - INFO - Análise técnica concluída para HBAR: RSI=0 sinais, MACD=0 sinais
2025-07-14 18:03:11,412 - core.analyzer - INFO - [SUCCESS] HBAR: 0 sinais gerados, 0 salvos em 1.16s
2025-07-14 18:03:11,413 - core.analyzer - INFO - [COMPLETE] Análise concluída: 8/8 symbols, 0 sinais em 1.50s
2025-07-14 18:03:11,413 - core.analyzer - INFO - [CYCLE] Ciclo concluído: 8 symbols analisados em 1.5s
2025-07-14 18:08:09,911 - core.analyzer - INFO - [START] Iniciando análise de 8 symbols
2025-07-14 18:08:09,913 - core.analyzer - INFO - [DEBUG] Symbols disponíveis no banco: ['BNB', 'BTC', 'ENA', 'ETH', 'HBAR', 'NEAR', 'OMNI', 'SOL']
2025-07-14 18:08:09,913 - core.analyzer - INFO - [DEBUG] Symbols configurados para análise: ['BNB', 'BTC', 'ENA', 'ETH', 'HBAR', 'NEAR', 'OMNI', 'SOL']
2025-07-14 18:08:09,914 - core.analyzer - INFO - [INFO] Symbols que serão analisados: ['BNB', 'BTC', 'ENA', 'ETH', 'HBAR', 'NEAR', 'OMNI', 'SOL']
2025-07-14 18:08:09,937 - core.data_reader - INFO - Carregados 811 pontos para BNB 5m
2025-07-14 18:08:10,118 - indicators.technical - INFO - Análise técnica concluída para BNB: RSI=0 sinais, MACD=0 sinais
2025-07-14 18:08:10,119 - core.analyzer - INFO - [SUCCESS] BNB: 0 sinais gerados, 0 salvos em 0.20s
2025-07-14 18:08:10,123 - core.data_reader - INFO - Carregados 808 pontos para ETH 5m
2025-07-14 18:08:10,298 - indicators.technical - INFO - Análise técnica concluída para ETH: RSI=0 sinais, MACD=0 sinais
2025-07-14 18:08:10,298 - core.analyzer - INFO - [SUCCESS] ETH: 0 sinais gerados, 0 salvos em 0.38s
2025-07-14 18:08:10,302 - core.data_reader - INFO - Carregados 816 pontos para BTC 5m
2025-07-14 18:08:10,480 - indicators.technical - INFO - Análise técnica concluída para BTC: RSI=0 sinais, MACD=0 sinais
2025-07-14 18:08:10,481 - core.analyzer - INFO - [SUCCESS] BTC: 0 sinais gerados, 0 salvos em 0.57s
2025-07-14 18:08:10,492 - core.data_reader - INFO - Carregados 812 pontos para ENA 5m
2025-07-14 18:08:10,670 - indicators.technical - INFO - Análise técnica concluída para ENA: RSI=0 sinais, MACD=0 sinais
2025-07-14 18:08:10,670 - core.analyzer - INFO - [SUCCESS] ENA: 0 sinais gerados, 0 salvos em 0.75s
2025-07-14 18:08:10,680 - core.data_reader - INFO - Carregados 808 pontos para HBAR 5m
2025-07-14 18:08:10,857 - indicators.technical - INFO - Análise técnica concluída para HBAR: RSI=0 sinais, MACD=0 sinais
2025-07-14 18:08:10,857 - core.analyzer - INFO - [SUCCESS] HBAR: 0 sinais gerados, 0 salvos em 0.74s
2025-07-14 18:08:10,862 - core.data_reader - INFO - Carregados 812 pontos para NEAR 5m
2025-07-14 18:08:11,039 - indicators.technical - INFO - Análise técnica concluída para NEAR: RSI=0 sinais, MACD=0 sinais
2025-07-14 18:08:11,040 - core.analyzer - INFO - [SUCCESS] NEAR: 0 sinais gerados, 0 salvos em 0.74s
2025-07-14 18:08:11,043 - core.data_reader - INFO - Carregados 808 pontos para OMNI 5m
2025-07-14 18:08:11,218 - indicators.technical - INFO - Análise técnica concluída para OMNI: RSI=0 sinais, MACD=0 sinais
2025-07-14 18:08:11,219 - core.analyzer - INFO - [SUCCESS] OMNI: 0 sinais gerados, 0 salvos em 0.74s
2025-07-14 18:08:11,224 - core.data_reader - INFO - Carregados 813 pontos para SOL 5m
2025-07-14 18:08:11,382 - indicators.technical - INFO - Análise técnica concluída para SOL: RSI=0 sinais, MACD=0 sinais
2025-07-14 18:08:11,383 - core.analyzer - INFO - [SUCCESS] SOL: 0 sinais gerados, 0 salvos em 0.71s
2025-07-14 18:08:11,383 - core.analyzer - INFO - [COMPLETE] Análise concluída: 8/8 symbols, 0 sinais em 1.47s
2025-07-14 18:08:11,384 - core.analyzer - INFO - [CYCLE] Ciclo concluído: 8 symbols analisados em 1.5s
2025-07-14 18:13:09,912 - core.analyzer - INFO - [START] Iniciando análise de 8 symbols
2025-07-14 18:13:09,915 - core.analyzer - INFO - [DEBUG] Symbols disponíveis no banco: ['BNB', 'BTC', 'ENA', 'ETH', 'HBAR', 'NEAR', 'OMNI', 'SOL']
2025-07-14 18:13:09,915 - core.analyzer - INFO - [DEBUG] Symbols configurados para análise: ['BNB', 'BTC', 'ENA', 'ETH', 'HBAR', 'NEAR', 'OMNI', 'SOL']
2025-07-14 18:13:09,915 - core.analyzer - INFO - [INFO] Symbols que serão analisados: ['BNB', 'BTC', 'ENA', 'ETH', 'HBAR', 'NEAR', 'OMNI', 'SOL']
2025-07-14 18:13:09,942 - core.data_reader - INFO - Carregados 819 pontos para BTC 5m
2025-07-14 18:13:10,129 - indicators.technical - INFO - Análise técnica concluída para BTC: RSI=0 sinais, MACD=0 sinais
2025-07-14 18:13:10,129 - core.analyzer - INFO - [SUCCESS] BTC: 0 sinais gerados, 0 salvos em 0.21s
2025-07-14 18:13:10,134 - core.data_reader - INFO - Carregados 814 pontos para BNB 5m
2025-07-14 18:13:10,316 - indicators.technical - INFO - Análise técnica concluída para BNB: RSI=0 sinais, MACD=0 sinais
2025-07-14 18:13:10,316 - core.analyzer - INFO - [SUCCESS] BNB: 0 sinais gerados, 0 salvos em 0.40s
2025-07-14 18:13:10,321 - core.data_reader - INFO - Carregados 811 pontos para ETH 5m
2025-07-14 18:13:10,497 - indicators.technical - INFO - Análise técnica concluída para ETH: RSI=0 sinais, MACD=0 sinais
2025-07-14 18:13:10,498 - core.analyzer - INFO - [SUCCESS] ETH: 0 sinais gerados, 0 salvos em 0.58s
2025-07-14 18:13:10,501 - core.data_reader - INFO - Carregados 815 pontos para ENA 5m
2025-07-14 18:13:10,696 - indicators.technical - INFO - Análise técnica concluída para ENA: RSI=0 sinais, MACD=0 sinais
2025-07-14 18:13:10,696 - core.analyzer - INFO - [SUCCESS] ENA: 0 sinais gerados, 0 salvos em 0.78s
2025-07-14 18:13:10,716 - core.data_reader - INFO - Carregados 815 pontos para NEAR 5m
2025-07-14 18:13:10,752 - core.data_reader - INFO - Carregados 811 pontos para HBAR 5m
2025-07-14 18:13:10,959 - indicators.technical - INFO - Análise técnica concluída para HBAR: RSI=0 sinais, MACD=0 sinais
2025-07-14 18:13:10,959 - core.analyzer - INFO - [SUCCESS] HBAR: 0 sinais gerados, 0 salvos em 0.83s
2025-07-14 18:13:11,116 - indicators.technical - INFO - Análise técnica concluída para NEAR: RSI=0 sinais, MACD=0 sinais
2025-07-14 18:13:11,117 - core.analyzer - INFO - [SUCCESS] NEAR: 0 sinais gerados, 0 salvos em 0.80s
2025-07-14 18:13:11,121 - core.data_reader - INFO - Carregados 816 pontos para SOL 5m
2025-07-14 18:13:11,299 - indicators.technical - INFO - Análise técnica concluída para SOL: RSI=0 sinais, MACD=0 sinais
2025-07-14 18:13:11,301 - core.analyzer - INFO - [SUCCESS] SOL: 0 sinais gerados, 0 salvos em 0.60s
2025-07-14 18:13:11,302 - core.data_reader - INFO - Carregados 811 pontos para OMNI 5m
2025-07-14 18:13:11,468 - indicators.technical - INFO - Análise técnica concluída para OMNI: RSI=0 sinais, MACD=0 sinais
2025-07-14 18:13:11,469 - core.analyzer - INFO - [SUCCESS] OMNI: 0 sinais gerados, 0 salvos em 0.97s
2025-07-14 18:13:11,469 - core.analyzer - INFO - [COMPLETE] Análise concluída: 8/8 symbols, 0 sinais em 1.56s
2025-07-14 18:13:11,470 - core.analyzer - INFO - [CYCLE] Ciclo concluído: 8 symbols analisados em 1.6s
2025-07-14 18:18:09,913 - core.analyzer - INFO - [START] Iniciando análise de 8 symbols
2025-07-14 18:18:09,920 - core.analyzer - INFO - [DEBUG] Symbols disponíveis no banco: ['BNB', 'BTC', 'ENA', 'ETH', 'HBAR', 'NEAR', 'OMNI', 'SOL']
2025-07-14 18:18:09,921 - core.analyzer - INFO - [DEBUG] Symbols configurados para análise: ['BNB', 'BTC', 'ENA', 'ETH', 'HBAR', 'NEAR', 'OMNI', 'SOL']
2025-07-14 18:18:09,921 - core.analyzer - INFO - [INFO] Symbols que serão analisados: ['BNB', 'BTC', 'ENA', 'ETH', 'HBAR', 'NEAR', 'OMNI', 'SOL']
2025-07-14 18:18:09,950 - core.data_reader - INFO - Carregados 811 pontos para ETH 5m
2025-07-14 18:18:10,129 - indicators.technical - INFO - Análise técnica concluída para ETH: RSI=0 sinais, MACD=0 sinais
2025-07-14 18:18:10,130 - core.analyzer - INFO - [SUCCESS] ETH: 0 sinais gerados, 0 salvos em 0.20s
2025-07-14 18:18:10,134 - core.data_reader - INFO - Carregados 822 pontos para BTC 5m
2025-07-14 18:18:10,313 - indicators.technical - INFO - Análise técnica concluída para BTC: RSI=0 sinais, MACD=0 sinais
2025-07-14 18:18:10,313 - core.analyzer - INFO - [SUCCESS] BTC: 0 sinais gerados, 0 salvos em 0.39s
2025-07-14 18:18:10,318 - core.data_reader - INFO - Carregados 818 pontos para ENA 5m
2025-07-14 18:18:10,496 - indicators.technical - INFO - Análise técnica concluída para ENA: RSI=0 sinais, MACD=0 sinais
2025-07-14 18:18:10,496 - core.analyzer - INFO - [SUCCESS] ENA: 0 sinais gerados, 0 salvos em 0.57s
2025-07-14 18:18:10,509 - core.data_reader - INFO - Carregados 817 pontos para BNB 5m
2025-07-14 18:18:10,688 - indicators.technical - INFO - Análise técnica concluída para BNB: RSI=0 sinais, MACD=0 sinais
2025-07-14 18:18:10,688 - core.analyzer - INFO - [SUCCESS] BNB: 0 sinais gerados, 0 salvos em 0.77s
2025-07-14 18:18:10,698 - core.data_reader - INFO - Carregados 811 pontos para HBAR 5m
2025-07-14 18:18:10,876 - indicators.technical - INFO - Análise técnica concluída para HBAR: RSI=0 sinais, MACD=0 sinais
2025-07-14 18:18:10,876 - core.analyzer - INFO - [SUCCESS] HBAR: 0 sinais gerados, 0 salvos em 0.75s
2025-07-14 18:18:10,880 - core.data_reader - INFO - Carregados 818 pontos para NEAR 5m
2025-07-14 18:18:11,067 - indicators.technical - INFO - Análise técnica concluída para NEAR: RSI=0 sinais, MACD=0 sinais
2025-07-14 18:18:11,067 - core.analyzer - INFO - [SUCCESS] NEAR: 0 sinais gerados, 0 salvos em 0.75s
2025-07-14 18:18:11,071 - core.data_reader - INFO - Carregados 811 pontos para OMNI 5m
2025-07-14 18:18:11,246 - indicators.technical - INFO - Análise técnica concluída para OMNI: RSI=0 sinais, MACD=0 sinais
2025-07-14 18:18:11,246 - core.analyzer - INFO - [SUCCESS] OMNI: 0 sinais gerados, 0 salvos em 0.75s
2025-07-14 18:18:11,251 - core.data_reader - INFO - Carregados 819 pontos para SOL 5m
2025-07-14 18:18:11,412 - indicators.technical - INFO - Análise técnica concluída para SOL: RSI=0 sinais, MACD=0 sinais
2025-07-14 18:18:11,412 - core.analyzer - INFO - [SUCCESS] SOL: 0 sinais gerados, 0 salvos em 0.72s
2025-07-14 18:18:11,413 - core.analyzer - INFO - [COMPLETE] Análise concluída: 8/8 symbols, 0 sinais em 1.50s
2025-07-14 18:18:11,413 - core.analyzer - INFO - [CYCLE] Ciclo concluído: 8 symbols analisados em 1.5s
2025-07-14 18:23:09,913 - core.analyzer - INFO - [START] Iniciando análise de 8 symbols
2025-07-14 18:23:09,918 - core.analyzer - INFO - [DEBUG] Symbols disponíveis no banco: ['BNB', 'BTC', 'ENA', 'ETH', 'HBAR', 'NEAR', 'OMNI', 'SOL']
2025-07-14 18:23:09,919 - core.analyzer - INFO - [DEBUG] Symbols configurados para análise: ['BNB', 'BTC', 'ENA', 'ETH', 'HBAR', 'NEAR', 'OMNI', 'SOL']
2025-07-14 18:23:09,919 - core.analyzer - INFO - [INFO] Symbols que serão analisados: ['BNB', 'BTC', 'ENA', 'ETH', 'HBAR', 'NEAR', 'OMNI', 'SOL']
2025-07-14 18:23:09,949 - core.data_reader - INFO - Carregados 822 pontos para BTC 5m
2025-07-14 18:23:09,982 - core.data_reader - INFO - Carregados 822 pontos para ENA 5m
2025-07-14 18:23:10,262 - indicators.technical - INFO - Análise técnica concluída para ENA: RSI=0 sinais, MACD=0 sinais
2025-07-14 18:23:10,301 - core.analyzer - INFO - [SUCCESS] ENA: 0 sinais gerados, 0 salvos em 0.38s
2025-07-14 18:23:10,319 - indicators.technical - INFO - Análise técnica concluída para BTC: RSI=0 sinais, MACD=0 sinais
2025-07-14 18:23:10,319 - core.analyzer - INFO - [SUCCESS] BTC: 0 sinais gerados, 0 salvos em 0.40s
2025-07-14 18:23:10,324 - core.data_reader - INFO - Carregados 814 pontos para ETH 5m
2025-07-14 18:23:10,518 - indicators.technical - INFO - Análise técnica concluída para ETH: RSI=0 sinais, MACD=0 sinais
2025-07-14 18:23:10,519 - core.analyzer - INFO - [SUCCESS] ETH: 0 sinais gerados, 0 salvos em 0.60s
2025-07-14 18:23:10,519 - core.data_reader - INFO - Carregados 817 pontos para BNB 5m
2025-07-14 18:23:10,695 - indicators.technical - INFO - Análise técnica concluída para BNB: RSI=0 sinais, MACD=0 sinais
2025-07-14 18:23:10,695 - core.analyzer - INFO - [SUCCESS] BNB: 0 sinais gerados, 0 salvos em 0.78s
2025-07-14 18:23:10,714 - core.data_reader - INFO - Carregados 814 pontos para OMNI 5m
2025-07-14 18:23:10,893 - indicators.technical - INFO - Análise técnica concluída para OMNI: RSI=0 sinais, MACD=0 sinais
2025-07-14 18:23:10,893 - core.analyzer - INFO - [SUCCESS] OMNI: 0 sinais gerados, 0 salvos em 0.37s
2025-07-14 18:23:10,897 - core.data_reader - INFO - Carregados 814 pontos para HBAR 5m
2025-07-14 18:23:11,081 - indicators.technical - INFO - Análise técnica concluída para HBAR: RSI=0 sinais, MACD=0 sinais
2025-07-14 18:23:11,084 - core.analyzer - INFO - [SUCCESS] HBAR: 0 sinais gerados, 0 salvos em 0.77s
2025-07-14 18:23:11,084 - core.data_reader - INFO - Carregados 818 pontos para NEAR 5m
2025-07-14 18:23:11,264 - indicators.technical - INFO - Análise técnica concluída para NEAR: RSI=0 sinais, MACD=0 sinais
2025-07-14 18:23:11,265 - core.analyzer - INFO - [SUCCESS] NEAR: 0 sinais gerados, 0 salvos em 0.94s
2025-07-14 18:23:11,268 - core.data_reader - INFO - Carregados 823 pontos para SOL 5m
2025-07-14 18:23:11,431 - indicators.technical - INFO - Análise técnica concluída para SOL: RSI=0 sinais, MACD=0 sinais
2025-07-14 18:23:11,432 - core.analyzer - INFO - [SUCCESS] SOL: 0 sinais gerados, 0 salvos em 0.74s
2025-07-14 18:23:11,432 - core.analyzer - INFO - [COMPLETE] Análise concluída: 8/8 symbols, 0 sinais em 1.52s
2025-07-14 18:23:11,433 - core.analyzer - INFO - [CYCLE] Ciclo concluído: 8 symbols analisados em 1.5s
2025-07-14 18:28:09,914 - core.analyzer - INFO - [START] Iniciando análise de 8 symbols
2025-07-14 18:28:09,917 - core.analyzer - INFO - [DEBUG] Symbols disponíveis no banco: ['BNB', 'BTC', 'ENA', 'ETH', 'HBAR', 'NEAR', 'OMNI', 'SOL']
2025-07-14 18:28:09,918 - core.analyzer - INFO - [DEBUG] Symbols configurados para análise: ['BNB', 'BTC', 'ENA', 'ETH', 'HBAR', 'NEAR', 'OMNI', 'SOL']
2025-07-14 18:28:09,918 - core.analyzer - INFO - [INFO] Symbols que serão analisados: ['BNB', 'BTC', 'ENA', 'ETH', 'HBAR', 'NEAR', 'OMNI', 'SOL']
2025-07-14 18:28:09,948 - core.data_reader - INFO - Carregados 822 pontos para ENA 5m
2025-07-14 18:28:09,982 - core.data_reader - INFO - Carregados 826 pontos para BTC 5m
2025-07-14 18:28:10,236 - indicators.technical - INFO - Análise técnica concluída para BTC: RSI=0 sinais, MACD=0 sinais
2025-07-14 18:28:10,313 - indicators.technical - INFO - Análise técnica concluída para ENA: RSI=0 sinais, MACD=0 sinais
2025-07-14 18:28:10,314 - core.analyzer - INFO - [SUCCESS] BTC: 0 sinais gerados, 0 salvos em 0.39s
2025-07-14 18:28:10,314 - core.analyzer - INFO - [SUCCESS] ENA: 0 sinais gerados, 0 salvos em 0.39s
2025-07-14 18:28:10,318 - core.data_reader - INFO - Carregados 818 pontos para ETH 5m
2025-07-14 18:28:10,496 - indicators.technical - INFO - Análise técnica concluída para ETH: RSI=0 sinais, MACD=0 sinais
2025-07-14 18:28:10,497 - core.analyzer - INFO - [SUCCESS] ETH: 0 sinais gerados, 0 salvos em 0.58s
2025-07-14 18:28:10,500 - core.data_reader - INFO - Carregados 821 pontos para BNB 5m
2025-07-14 18:28:10,682 - indicators.technical - INFO - Análise técnica concluída para BNB: RSI=0 sinais, MACD=0 sinais
2025-07-14 18:28:10,682 - core.analyzer - INFO - [SUCCESS] BNB: 0 sinais gerados, 0 salvos em 0.76s
2025-07-14 18:28:10,699 - core.data_reader - INFO - Carregados 822 pontos para NEAR 5m
2025-07-14 18:28:10,877 - indicators.technical - INFO - Análise técnica concluída para NEAR: RSI=0 sinais, MACD=0 sinais
2025-07-14 18:28:10,877 - core.analyzer - INFO - [SUCCESS] NEAR: 0 sinais gerados, 0 salvos em 0.56s
2025-07-14 18:28:10,883 - core.data_reader - INFO - Carregados 818 pontos para HBAR 5m
2025-07-14 18:28:11,064 - indicators.technical - INFO - Análise técnica concluída para HBAR: RSI=0 sinais, MACD=0 sinais
2025-07-14 18:28:11,065 - core.analyzer - INFO - [SUCCESS] HBAR: 0 sinais gerados, 0 salvos em 0.75s
2025-07-14 18:28:11,072 - core.data_reader - INFO - Carregados 818 pontos para OMNI 5m
2025-07-14 18:28:11,076 - core.data_reader - INFO - Carregados 823 pontos para SOL 5m
2025-07-14 18:28:11,391 - indicators.technical - INFO - Análise técnica concluída para OMNI: RSI=0 sinais, MACD=0 sinais
2025-07-14 18:28:11,420 - core.analyzer - INFO - [SUCCESS] OMNI: 0 sinais gerados, 0 salvos em 0.92s
2025-07-14 18:28:11,440 - indicators.technical - INFO - Análise técnica concluída para SOL: RSI=0 sinais, MACD=0 sinais
2025-07-14 18:28:11,441 - core.analyzer - INFO - [SUCCESS] SOL: 0 sinais gerados, 0 salvos em 0.76s
2025-07-14 18:28:11,442 - core.analyzer - INFO - [COMPLETE] Análise concluída: 8/8 symbols, 0 sinais em 1.53s
2025-07-14 18:28:11,442 - core.analyzer - INFO - [CYCLE] Ciclo concluído: 8 symbols analisados em 1.5s
2025-07-14 18:33:09,915 - core.analyzer - INFO - [START] Iniciando análise de 8 symbols
2025-07-14 18:33:09,918 - core.analyzer - INFO - [DEBUG] Symbols disponíveis no banco: ['BNB', 'BTC', 'ENA', 'ETH', 'HBAR', 'NEAR', 'OMNI', 'SOL']
2025-07-14 18:33:09,918 - core.analyzer - INFO - [DEBUG] Symbols configurados para análise: ['BNB', 'BTC', 'ENA', 'ETH', 'HBAR', 'NEAR', 'OMNI', 'SOL']
2025-07-14 18:33:09,919 - core.analyzer - INFO - [INFO] Symbols que serão analisados: ['BNB', 'BTC', 'ENA', 'ETH', 'HBAR', 'NEAR', 'OMNI', 'SOL']
2025-07-14 18:33:09,943 - core.data_reader - INFO - Carregados 830 pontos para BTC 5m
2025-07-14 18:33:10,129 - indicators.technical - INFO - Análise técnica concluída para BTC: RSI=0 sinais, MACD=0 sinais
2025-07-14 18:33:10,132 - core.analyzer - INFO - [SUCCESS] BTC: 0 sinais gerados, 0 salvos em 0.21s
2025-07-14 18:33:10,133 - core.data_reader - INFO - Carregados 824 pontos para BNB 5m
2025-07-14 18:33:10,310 - indicators.technical - INFO - Análise técnica concluída para BNB: RSI=0 sinais, MACD=0 sinais
2025-07-14 18:33:10,311 - core.analyzer - INFO - [SUCCESS] BNB: 0 sinais gerados, 0 salvos em 0.39s
2025-07-14 18:33:10,315 - core.data_reader - INFO - Carregados 826 pontos para ENA 5m
2025-07-14 18:33:10,494 - indicators.technical - INFO - Análise técnica concluída para ENA: RSI=0 sinais, MACD=0 sinais
2025-07-14 18:33:10,495 - core.analyzer - INFO - [SUCCESS] ENA: 0 sinais gerados, 0 salvos em 0.57s
2025-07-14 18:33:10,513 - core.data_reader - INFO - Carregados 821 pontos para ETH 5m
2025-07-14 18:33:10,541 - core.data_reader - INFO - Carregados 826 pontos para NEAR 5m
2025-07-14 18:33:10,756 - core.data_reader - INFO - Carregados 821 pontos para HBAR 5m
2025-07-14 18:33:10,783 - indicators.technical - INFO - Análise técnica concluída para NEAR: RSI=0 sinais, MACD=0 sinais
2025-07-14 18:33:10,804 - core.analyzer - INFO - [SUCCESS] NEAR: 0 sinais gerados, 0 salvos em 0.49s
2025-07-14 18:33:11,012 - indicators.technical - INFO - Análise técnica concluída para ETH: RSI=0 sinais, MACD=0 sinais
2025-07-14 18:33:11,023 - core.analyzer - INFO - [SUCCESS] ETH: 0 sinais gerados, 0 salvos em 1.10s
2025-07-14 18:33:11,078 - indicators.technical - INFO - Análise técnica concluída para HBAR: RSI=0 sinais, MACD=0 sinais
2025-07-14 18:33:11,078 - core.analyzer - INFO - [SUCCESS] HBAR: 0 sinais gerados, 0 salvos em 0.95s
2025-07-14 18:33:11,083 - core.data_reader - INFO - Carregados 821 pontos para OMNI 5m
2025-07-14 18:33:11,261 - indicators.technical - INFO - Análise técnica concluída para OMNI: RSI=0 sinais, MACD=0 sinais
2025-07-14 18:33:11,261 - core.analyzer - INFO - [SUCCESS] OMNI: 0 sinais gerados, 0 salvos em 0.77s
2025-07-14 18:33:11,267 - core.data_reader - INFO - Carregados 827 pontos para SOL 5m
2025-07-14 18:33:11,430 - indicators.technical - INFO - Análise técnica concluída para SOL: RSI=0 sinais, MACD=0 sinais
2025-07-14 18:33:11,430 - core.analyzer - INFO - [SUCCESS] SOL: 0 sinais gerados, 0 salvos em 0.53s
2025-07-14 18:33:11,431 - core.analyzer - INFO - [COMPLETE] Análise concluída: 8/8 symbols, 0 sinais em 1.52s
2025-07-14 18:33:11,431 - core.analyzer - INFO - [CYCLE] Ciclo concluído: 8 symbols analisados em 1.5s
2025-07-14 18:38:09,915 - core.analyzer - INFO - [START] Iniciando análise de 8 symbols
2025-07-14 18:38:09,920 - core.analyzer - INFO - [DEBUG] Symbols disponíveis no banco: ['BNB', 'BTC', 'ENA', 'ETH', 'HBAR', 'NEAR', 'OMNI', 'SOL']
2025-07-14 18:38:09,921 - core.analyzer - INFO - [DEBUG] Symbols configurados para análise: ['BNB', 'BTC', 'ENA', 'ETH', 'HBAR', 'NEAR', 'OMNI', 'SOL']
2025-07-14 18:38:09,921 - core.analyzer - INFO - [INFO] Symbols que serão analisados: ['BNB', 'BTC', 'ENA', 'ETH', 'HBAR', 'NEAR', 'OMNI', 'SOL']
2025-07-14 18:38:09,954 - core.data_reader - INFO - Carregados 828 pontos para BNB 5m
2025-07-14 18:38:09,954 - core.data_reader - INFO - Carregados 825 pontos para ETH 5m
2025-07-14 18:38:10,184 - indicators.technical - INFO - Análise técnica concluída para ETH: RSI=0 sinais, MACD=0 sinais
2025-07-14 18:38:10,319 - indicators.technical - INFO - Análise técnica concluída para BNB: RSI=0 sinais, MACD=0 sinais
2025-07-14 18:38:10,321 - core.analyzer - INFO - [SUCCESS] ETH: 0 sinais gerados, 0 salvos em 0.40s
2025-07-14 18:38:10,322 - core.analyzer - INFO - [SUCCESS] BNB: 0 sinais gerados, 0 salvos em 0.40s
2025-07-14 18:38:10,322 - core.data_reader - INFO - Carregados 829 pontos para ENA 5m
2025-07-14 18:38:10,507 - indicators.technical - INFO - Análise técnica concluída para ENA: RSI=0 sinais, MACD=0 sinais
2025-07-14 18:38:10,507 - core.analyzer - INFO - [SUCCESS] ENA: 0 sinais gerados, 0 salvos em 0.58s
2025-07-14 18:38:10,518 - core.data_reader - INFO - Carregados 834 pontos para BTC 5m
2025-07-14 18:38:10,699 - indicators.technical - INFO - Análise técnica concluída para BTC: RSI=0 sinais, MACD=0 sinais
2025-07-14 18:38:10,699 - core.analyzer - INFO - [SUCCESS] BTC: 0 sinais gerados, 0 salvos em 0.78s
2025-07-14 18:38:10,712 - core.data_reader - INFO - Carregados 830 pontos para NEAR 5m
2025-07-14 18:38:10,889 - indicators.technical - INFO - Análise técnica concluída para NEAR: RSI=0 sinais, MACD=0 sinais
2025-07-14 18:38:10,889 - core.analyzer - INFO - [SUCCESS] NEAR: 0 sinais gerados, 0 salvos em 0.57s
2025-07-14 18:38:10,893 - core.data_reader - INFO - Carregados 825 pontos para HBAR 5m
2025-07-14 18:38:11,080 - indicators.technical - INFO - Análise técnica concluída para HBAR: RSI=0 sinais, MACD=0 sinais
2025-07-14 18:38:11,082 - core.analyzer - INFO - [SUCCESS] HBAR: 0 sinais gerados, 0 salvos em 0.76s
2025-07-14 18:38:11,082 - core.data_reader - INFO - Carregados 825 pontos para OMNI 5m
2025-07-14 18:38:11,263 - indicators.technical - INFO - Análise técnica concluída para OMNI: RSI=0 sinais, MACD=0 sinais
2025-07-14 18:38:11,263 - core.analyzer - INFO - [SUCCESS] OMNI: 0 sinais gerados, 0 salvos em 0.76s
2025-07-14 18:38:11,268 - core.data_reader - INFO - Carregados 831 pontos para SOL 5m
2025-07-14 18:38:11,428 - indicators.technical - INFO - Análise técnica concluída para SOL: RSI=0 sinais, MACD=0 sinais
2025-07-14 18:38:11,429 - core.analyzer - INFO - [SUCCESS] SOL: 0 sinais gerados, 0 salvos em 0.73s
2025-07-14 18:38:11,429 - core.analyzer - INFO - [COMPLETE] Análise concluída: 8/8 symbols, 0 sinais em 1.51s
2025-07-14 18:38:11,430 - core.analyzer - INFO - [CYCLE] Ciclo concluído: 8 symbols analisados em 1.5s
2025-07-14 18:43:09,916 - core.analyzer - INFO - [START] Iniciando análise de 8 symbols
2025-07-14 18:43:09,920 - core.analyzer - INFO - [DEBUG] Symbols disponíveis no banco: ['BNB', 'BTC', 'ENA', 'ETH', 'HBAR', 'NEAR', 'OMNI', 'SOL']
2025-07-14 18:43:09,920 - core.analyzer - INFO - [DEBUG] Symbols configurados para análise: ['BNB', 'BTC', 'ENA', 'ETH', 'HBAR', 'NEAR', 'OMNI', 'SOL']
2025-07-14 18:43:09,921 - core.analyzer - INFO - [INFO] Symbols que serão analisados: ['BNB', 'BTC', 'ENA', 'ETH', 'HBAR', 'NEAR', 'OMNI', 'SOL']
2025-07-14 18:43:09,969 - core.data_reader - INFO - Carregados 833 pontos para ENA 5m
2025-07-14 18:43:10,183 - indicators.technical - INFO - Análise técnica concluída para ENA: RSI=0 sinais, MACD=0 sinais
2025-07-14 18:43:10,185 - core.analyzer - INFO - [SUCCESS] ENA: 0 sinais gerados, 0 salvos em 0.26s
2025-07-14 18:43:10,186 - core.data_reader - INFO - Carregados 825 pontos para ETH 5m
2025-07-14 18:43:10,425 - indicators.technical - INFO - Análise técnica concluída para ETH: RSI=0 sinais, MACD=0 sinais
2025-07-14 18:43:10,426 - core.analyzer - INFO - [SUCCESS] ETH: 0 sinais gerados, 0 salvos em 0.50s
2025-07-14 18:43:10,433 - core.data_reader - INFO - Carregados 832 pontos para BNB 5m
2025-07-14 18:43:10,682 - core.data_reader - INFO - Carregados 838 pontos para BTC 5m
2025-07-14 18:43:10,698 - indicators.technical - INFO - Análise técnica concluída para BNB: RSI=0 sinais, MACD=0 sinais
2025-07-14 18:43:10,717 - core.analyzer - INFO - [SUCCESS] BNB: 0 sinais gerados, 0 salvos em 0.80s
2025-07-14 18:43:10,920 - indicators.technical - INFO - Análise técnica concluída para BTC: RSI=0 sinais, MACD=0 sinais
2025-07-14 18:43:10,921 - core.analyzer - INFO - [SUCCESS] BTC: 0 sinais gerados, 0 salvos em 1.00s
2025-07-14 18:43:10,944 - core.data_reader - INFO - Carregados 825 pontos para OMNI 5m
2025-07-14 18:43:11,148 - indicators.technical - INFO - Análise técnica concluída para OMNI: RSI=0 sinais, MACD=0 sinais
2025-07-14 18:43:11,149 - core.analyzer - INFO - [SUCCESS] OMNI: 0 sinais gerados, 0 salvos em 0.40s
2025-07-14 18:43:11,153 - core.data_reader - INFO - Carregados 834 pontos para NEAR 5m
2025-07-14 18:43:11,329 - core.data_reader - INFO - Carregados 825 pontos para HBAR 5m
2025-07-14 18:43:11,421 - indicators.technical - INFO - Análise técnica concluída para NEAR: RSI=0 sinais, MACD=0 sinais
2025-07-14 18:43:11,518 - core.analyzer - INFO - [SUCCESS] NEAR: 0 sinais gerados, 0 salvos em 1.09s
2025-07-14 18:43:11,622 - indicators.technical - INFO - Análise técnica concluída para HBAR: RSI=0 sinais, MACD=0 sinais
2025-07-14 18:43:11,623 - core.analyzer - INFO - [SUCCESS] HBAR: 0 sinais gerados, 0 salvos em 1.44s
2025-07-14 18:43:11,627 - core.data_reader - INFO - Carregados 835 pontos para SOL 5m
2025-07-14 18:43:11,808 - indicators.technical - INFO - Análise técnica concluída para SOL: RSI=0 sinais, MACD=0 sinais
2025-07-14 18:43:11,808 - core.analyzer - INFO - [SUCCESS] SOL: 0 sinais gerados, 0 salvos em 0.89s
2025-07-14 18:43:11,809 - core.analyzer - INFO - [COMPLETE] Análise concluída: 8/8 symbols, 0 sinais em 1.89s
2025-07-14 18:43:11,809 - core.analyzer - INFO - [CYCLE] Ciclo concluído: 8 symbols analisados em 1.9s
2025-07-14 18:48:09,916 - core.analyzer - INFO - [START] Iniciando análise de 8 symbols
2025-07-14 18:48:09,921 - core.analyzer - INFO - [DEBUG] Symbols disponíveis no banco: ['BNB', 'BTC', 'ENA', 'ETH', 'HBAR', 'NEAR', 'OMNI', 'SOL']
2025-07-14 18:48:09,922 - core.analyzer - INFO - [DEBUG] Symbols configurados para análise: ['BNB', 'BTC', 'ENA', 'ETH', 'HBAR', 'NEAR', 'OMNI', 'SOL']
2025-07-14 18:48:09,922 - core.analyzer - INFO - [INFO] Symbols que serão analisados: ['BNB', 'BTC', 'ENA', 'ETH', 'HBAR', 'NEAR', 'OMNI', 'SOL']
2025-07-14 18:48:09,952 - core.data_reader - INFO - Carregados 836 pontos para ENA 5m
2025-07-14 18:48:09,989 - core.data_reader - INFO - Carregados 832 pontos para BNB 5m
2025-07-14 18:48:10,209 - indicators.technical - INFO - Análise técnica concluída para ENA: RSI=0 sinais, MACD=0 sinais
2025-07-14 18:48:10,251 - core.analyzer - INFO - [SUCCESS] ENA: 0 sinais gerados, 0 salvos em 0.33s
2025-07-14 18:48:10,333 - indicators.technical - INFO - Análise técnica concluída para BNB: RSI=0 sinais, MACD=0 sinais
2025-07-14 18:48:10,333 - core.analyzer - INFO - [SUCCESS] BNB: 0 sinais gerados, 0 salvos em 0.41s
2025-07-14 18:48:10,338 - core.data_reader - INFO - Carregados 841 pontos para BTC 5m
2025-07-14 18:48:10,525 - indicators.technical - INFO - Análise técnica concluída para BTC: RSI=0 sinais, MACD=0 sinais
2025-07-14 18:48:10,525 - core.analyzer - INFO - [SUCCESS] BTC: 0 sinais gerados, 0 salvos em 0.60s
2025-07-14 18:48:10,529 - core.data_reader - INFO - Carregados 829 pontos para ETH 5m
2025-07-14 18:48:10,710 - indicators.technical - INFO - Análise técnica concluída para ETH: RSI=0 sinais, MACD=0 sinais
2025-07-14 18:48:10,710 - core.analyzer - INFO - [SUCCESS] ETH: 0 sinais gerados, 0 salvos em 0.78s
2025-07-14 18:48:10,729 - core.data_reader - INFO - Carregados 837 pontos para NEAR 5m
2025-07-14 18:48:10,914 - indicators.technical - INFO - Análise técnica concluída para NEAR: RSI=0 sinais, MACD=0 sinais
2025-07-14 18:48:10,915 - core.analyzer - INFO - [SUCCESS] NEAR: 0 sinais gerados, 0 salvos em 0.58s
2025-07-14 18:48:10,919 - core.data_reader - INFO - Carregados 838 pontos para SOL 5m
2025-07-14 18:48:10,991 - core.data_reader - INFO - Carregados 829 pontos para OMNI 5m
2025-07-14 18:48:11,296 - indicators.technical - INFO - Análise técnica concluída para OMNI: RSI=0 sinais, MACD=0 sinais
2025-07-14 18:48:11,300 - indicators.technical - INFO - Análise técnica concluída para SOL: RSI=0 sinais, MACD=0 sinais
2025-07-14 18:48:11,300 - core.analyzer - INFO - [SUCCESS] OMNI: 0 sinais gerados, 0 salvos em 0.77s
2025-07-14 18:48:11,301 - core.data_reader - INFO - Carregados 829 pontos para HBAR 5m
2025-07-14 18:48:11,301 - core.analyzer - INFO - [SUCCESS] SOL: 0 sinais gerados, 0 salvos em 0.59s
2025-07-14 18:48:11,466 - indicators.technical - INFO - Análise técnica concluída para HBAR: RSI=0 sinais, MACD=0 sinais
2025-07-14 18:48:11,467 - core.analyzer - INFO - [SUCCESS] HBAR: 0 sinais gerados, 0 salvos em 1.20s
2025-07-14 18:48:11,467 - core.analyzer - INFO - [COMPLETE] Análise concluída: 8/8 symbols, 0 sinais em 1.55s
2025-07-14 18:48:11,468 - core.analyzer - INFO - [CYCLE] Ciclo concluído: 8 symbols analisados em 1.6s
2025-07-14 18:53:09,917 - core.analyzer - INFO - [START] Iniciando análise de 8 symbols
2025-07-14 18:53:09,922 - core.analyzer - INFO - [DEBUG] Symbols disponíveis no banco: ['BNB', 'BTC', 'ENA', 'ETH', 'HBAR', 'NEAR', 'OMNI', 'SOL']
2025-07-14 18:53:09,923 - core.analyzer - INFO - [DEBUG] Symbols configurados para análise: ['BNB', 'BTC', 'ENA', 'ETH', 'HBAR', 'NEAR', 'OMNI', 'SOL']
2025-07-14 18:53:09,923 - core.analyzer - INFO - [INFO] Symbols que serão analisados: ['BNB', 'BTC', 'ENA', 'ETH', 'HBAR', 'NEAR', 'OMNI', 'SOL']
2025-07-14 18:53:09,960 - core.data_reader - INFO - Carregados 835 pontos para BNB 5m
2025-07-14 18:53:09,986 - core.data_reader - INFO - Carregados 841 pontos para BTC 5m
2025-07-14 18:53:10,312 - indicators.technical - INFO - Análise técnica concluída para BNB: RSI=0 sinais, MACD=0 sinais
2025-07-14 18:53:10,331 - indicators.technical - INFO - Análise técnica concluída para BTC: RSI=0 sinais, MACD=0 sinais
2025-07-14 18:53:10,331 - core.analyzer - INFO - [SUCCESS] BNB: 0 sinais gerados, 0 salvos em 0.41s
2025-07-14 18:53:10,331 - core.analyzer - INFO - [SUCCESS] BTC: 0 sinais gerados, 0 salvos em 0.41s
2025-07-14 18:53:10,338 - core.data_reader - INFO - Carregados 832 pontos para ETH 5m
2025-07-14 18:53:10,527 - indicators.technical - INFO - Análise técnica concluída para ETH: RSI=0 sinais, MACD=0 sinais
2025-07-14 18:53:10,529 - core.analyzer - INFO - [SUCCESS] ETH: 0 sinais gerados, 0 salvos em 0.60s
2025-07-14 18:53:10,530 - core.data_reader - INFO - Carregados 836 pontos para ENA 5m
2025-07-14 18:53:10,715 - indicators.technical - INFO - Análise técnica concluída para ENA: RSI=0 sinais, MACD=0 sinais
2025-07-14 18:53:10,715 - core.analyzer - INFO - [SUCCESS] ENA: 0 sinais gerados, 0 salvos em 0.79s
2025-07-14 18:53:10,734 - core.data_reader - INFO - Carregados 837 pontos para NEAR 5m
2025-07-14 18:53:10,920 - indicators.technical - INFO - Análise técnica concluída para NEAR: RSI=0 sinais, MACD=0 sinais
2025-07-14 18:53:10,921 - core.data_reader - INFO - Carregados 832 pontos para OMNI 5m
2025-07-14 18:53:10,922 - core.analyzer - INFO - [SUCCESS] NEAR: 0 sinais gerados, 0 salvos em 0.59s
2025-07-14 18:53:11,112 - indicators.technical - INFO - Análise técnica concluída para OMNI: RSI=0 sinais, MACD=0 sinais
2025-07-14 18:53:11,113 - core.analyzer - INFO - [SUCCESS] OMNI: 0 sinais gerados, 0 salvos em 0.58s
2025-07-14 18:53:11,113 - core.data_reader - INFO - Carregados 832 pontos para HBAR 5m
2025-07-14 18:53:11,303 - indicators.technical - INFO - Análise técnica concluída para HBAR: RSI=0 sinais, MACD=0 sinais
2025-07-14 18:53:11,303 - core.analyzer - INFO - [SUCCESS] HBAR: 0 sinais gerados, 0 salvos em 0.97s
2025-07-14 18:53:11,307 - core.data_reader - INFO - Carregados 838 pontos para SOL 5m
2025-07-14 18:53:11,474 - indicators.technical - INFO - Análise técnica concluída para SOL: RSI=0 sinais, MACD=0 sinais
2025-07-14 18:53:11,474 - core.analyzer - INFO - [SUCCESS] SOL: 0 sinais gerados, 0 salvos em 0.76s
2025-07-14 18:53:11,475 - core.analyzer - INFO - [COMPLETE] Análise concluída: 8/8 symbols, 0 sinais em 1.56s
2025-07-14 18:53:11,475 - core.analyzer - INFO - [CYCLE] Ciclo concluído: 8 symbols analisados em 1.6s
2025-07-14 18:58:09,918 - core.analyzer - INFO - [START] Iniciando análise de 8 symbols
2025-07-14 18:58:09,920 - core.analyzer - INFO - [DEBUG] Symbols disponíveis no banco: ['BNB', 'BTC', 'ENA', 'ETH', 'HBAR', 'NEAR', 'OMNI', 'SOL']
2025-07-14 18:58:09,920 - core.analyzer - INFO - [DEBUG] Symbols configurados para análise: ['BNB', 'BTC', 'ENA', 'ETH', 'HBAR', 'NEAR', 'OMNI', 'SOL']
2025-07-14 18:58:09,921 - core.analyzer - INFO - [INFO] Symbols que serão analisados: ['BNB', 'BTC', 'ENA', 'ETH', 'HBAR', 'NEAR', 'OMNI', 'SOL']
2025-07-14 18:58:09,952 - core.data_reader - INFO - Carregados 839 pontos para BNB 5m
2025-07-14 18:58:09,971 - core.data_reader - INFO - Carregados 836 pontos para ETH 5m
2025-07-14 18:58:10,240 - indicators.technical - INFO - Análise técnica concluída para ETH: RSI=0 sinais, MACD=0 sinais
2025-07-14 18:58:10,267 - core.analyzer - INFO - [SUCCESS] ETH: 0 sinais gerados, 0 salvos em 0.34s
2025-07-14 18:58:10,326 - indicators.technical - INFO - Análise técnica concluída para BNB: RSI=0 sinais, MACD=0 sinais
2025-07-14 18:58:10,327 - core.analyzer - INFO - [SUCCESS] BNB: 0 sinais gerados, 0 salvos em 0.41s
2025-07-14 18:58:10,333 - core.data_reader - INFO - Carregados 845 pontos para BTC 5m
2025-07-14 18:58:10,347 - core.data_reader - INFO - Carregados 840 pontos para ENA 5m
2025-07-14 18:58:10,602 - indicators.technical - INFO - Análise técnica concluída para BTC: RSI=0 sinais, MACD=0 sinais
2025-07-14 18:58:10,700 - indicators.technical - INFO - Análise técnica concluída para ENA: RSI=0 sinais, MACD=0 sinais
2025-07-14 18:58:10,700 - core.analyzer - INFO - [SUCCESS] BTC: 0 sinais gerados, 0 salvos em 0.78s
2025-07-14 18:58:10,700 - core.analyzer - INFO - [SUCCESS] ENA: 0 sinais gerados, 0 salvos em 0.78s
2025-07-14 18:58:10,721 - core.data_reader - INFO - Carregados 841 pontos para NEAR 5m
2025-07-14 18:58:10,902 - indicators.technical - INFO - Análise técnica concluída para NEAR: RSI=0 sinais, MACD=0 sinais
2025-07-14 18:58:10,903 - core.analyzer - INFO - [SUCCESS] NEAR: 0 sinais gerados, 0 salvos em 0.58s
2025-07-14 18:58:10,906 - core.data_reader - INFO - Carregados 836 pontos para HBAR 5m
2025-07-14 18:58:11,092 - indicators.technical - INFO - Análise técnica concluída para HBAR: RSI=0 sinais, MACD=0 sinais
2025-07-14 18:58:11,093 - core.analyzer - INFO - [SUCCESS] HBAR: 0 sinais gerados, 0 salvos em 0.77s
2025-07-14 18:58:11,096 - core.data_reader - INFO - Carregados 836 pontos para OMNI 5m
2025-07-14 18:58:11,275 - indicators.technical - INFO - Análise técnica concluída para OMNI: RSI=0 sinais, MACD=0 sinais
2025-07-14 18:58:11,276 - core.analyzer - INFO - [SUCCESS] OMNI: 0 sinais gerados, 0 salvos em 0.57s
2025-07-14 18:58:11,279 - core.data_reader - INFO - Carregados 842 pontos para SOL 5m
2025-07-14 18:58:11,442 - indicators.technical - INFO - Análise técnica concluída para SOL: RSI=0 sinais, MACD=0 sinais
2025-07-14 18:58:11,442 - core.analyzer - INFO - [SUCCESS] SOL: 0 sinais gerados, 0 salvos em 0.74s
2025-07-14 18:58:11,443 - core.analyzer - INFO - [COMPLETE] Análise concluída: 8/8 symbols, 0 sinais em 1.53s
2025-07-14 18:58:11,443 - core.analyzer - INFO - [CYCLE] Ciclo concluído: 8 symbols analisados em 1.5s
2025-07-14 19:03:09,918 - core.analyzer - INFO - [START] Iniciando análise de 8 symbols
2025-07-14 19:03:09,930 - core.analyzer - INFO - [DEBUG] Symbols disponíveis no banco: ['BNB', 'BTC', 'ENA', 'ETH', 'HBAR', 'NEAR', 'OMNI', 'SOL']
2025-07-14 19:03:09,930 - core.analyzer - INFO - [DEBUG] Symbols configurados para análise: ['BNB', 'BTC', 'ENA', 'ETH', 'HBAR', 'NEAR', 'OMNI', 'SOL']
2025-07-14 19:03:09,930 - core.analyzer - INFO - [INFO] Symbols que serão analisados: ['BNB', 'BTC', 'ENA', 'ETH', 'HBAR', 'NEAR', 'OMNI', 'SOL']
2025-07-14 19:03:09,961 - core.data_reader - INFO - Carregados 844 pontos para ENA 5m
2025-07-14 19:03:09,989 - core.data_reader - INFO - Carregados 847 pontos para BTC 5m
2025-07-14 19:03:10,288 - indicators.technical - INFO - Análise técnica concluída para ENA: RSI=0 sinais, MACD=0 sinais
2025-07-14 19:03:10,320 - core.analyzer - INFO - [SUCCESS] ENA: 0 sinais gerados, 0 salvos em 0.39s
2025-07-14 19:03:10,335 - indicators.technical - INFO - Análise técnica concluída para BTC: RSI=0 sinais, MACD=0 sinais
2025-07-14 19:03:10,336 - core.analyzer - INFO - [SUCCESS] BTC: 0 sinais gerados, 0 salvos em 0.40s
2025-07-14 19:03:10,341 - core.data_reader - INFO - Carregados 838 pontos para ETH 5m
2025-07-14 19:03:10,524 - indicators.technical - INFO - Análise técnica concluída para ETH: RSI=0 sinais, MACD=0 sinais
2025-07-14 19:03:10,525 - core.analyzer - INFO - [SUCCESS] ETH: 0 sinais gerados, 0 salvos em 0.59s
2025-07-14 19:03:10,529 - core.data_reader - INFO - Carregados 841 pontos para BNB 5m
2025-07-14 19:03:10,712 - indicators.technical - INFO - Análise técnica concluída para BNB: RSI=0 sinais, MACD=0 sinais
2025-07-14 19:03:10,712 - core.analyzer - INFO - [SUCCESS] BNB: 0 sinais gerados, 0 salvos em 0.78s
2025-07-14 19:03:10,730 - core.data_reader - INFO - Carregados 838 pontos para HBAR 5m
2025-07-14 19:03:10,913 - indicators.technical - INFO - Análise técnica concluída para HBAR: RSI=0 sinais, MACD=0 sinais
2025-07-14 19:03:10,913 - core.analyzer - INFO - [SUCCESS] HBAR: 0 sinais gerados, 0 salvos em 0.58s
2025-07-14 19:03:10,917 - core.data_reader - INFO - Carregados 843 pontos para NEAR 5m
2025-07-14 19:03:11,104 - indicators.technical - INFO - Análise técnica concluída para NEAR: RSI=0 sinais, MACD=0 sinais
2025-07-14 19:03:11,105 - core.analyzer - INFO - [SUCCESS] NEAR: 0 sinais gerados, 0 salvos em 0.77s
2025-07-14 19:03:11,109 - core.data_reader - INFO - Carregados 838 pontos para OMNI 5m
2025-07-14 19:03:11,291 - indicators.technical - INFO - Análise técnica concluída para OMNI: RSI=0 sinais, MACD=0 sinais
2025-07-14 19:03:11,292 - core.analyzer - INFO - [SUCCESS] OMNI: 0 sinais gerados, 0 salvos em 0.77s
2025-07-14 19:03:11,295 - core.data_reader - INFO - Carregados 846 pontos para SOL 5m
2025-07-14 19:03:11,458 - indicators.technical - INFO - Análise técnica concluída para SOL: RSI=0 sinais, MACD=0 sinais
2025-07-14 19:03:11,458 - core.analyzer - INFO - [SUCCESS] SOL: 0 sinais gerados, 0 salvos em 0.75s
2025-07-14 19:03:11,459 - core.analyzer - INFO - [COMPLETE] Análise concluída: 8/8 symbols, 0 sinais em 1.54s
2025-07-14 19:03:11,459 - core.analyzer - INFO - [CYCLE] Ciclo concluído: 8 symbols analisados em 1.5s
2025-07-14 19:08:09,919 - core.analyzer - INFO - [START] Iniciando análise de 8 symbols
2025-07-14 19:08:09,924 - core.analyzer - INFO - [DEBUG] Symbols disponíveis no banco: ['BNB', 'BTC', 'ENA', 'ETH', 'HBAR', 'NEAR', 'OMNI', 'SOL']
2025-07-14 19:08:09,925 - core.analyzer - INFO - [DEBUG] Symbols configurados para análise: ['BNB', 'BTC', 'ENA', 'ETH', 'HBAR', 'NEAR', 'OMNI', 'SOL']
2025-07-14 19:08:09,925 - core.analyzer - INFO - [INFO] Symbols que serão analisados: ['BNB', 'BTC', 'ENA', 'ETH', 'HBAR', 'NEAR', 'OMNI', 'SOL']
2025-07-14 19:08:09,957 - core.data_reader - INFO - Carregados 847 pontos para ENA 5m
2025-07-14 19:08:09,989 - core.data_reader - INFO - Carregados 844 pontos para BNB 5m
2025-07-14 19:08:10,306 - indicators.technical - INFO - Análise técnica concluída para BNB: RSI=0 sinais, MACD=0 sinais
2025-07-14 19:08:10,334 - indicators.technical - INFO - Análise técnica concluída para ENA: RSI=0 sinais, MACD=0 sinais
2025-07-14 19:08:10,334 - core.analyzer - INFO - [SUCCESS] BNB: 0 sinais gerados, 0 salvos em 0.41s
2025-07-14 19:08:10,334 - core.analyzer - INFO - [SUCCESS] ENA: 0 sinais gerados, 0 salvos em 0.41s
2025-07-14 19:08:10,339 - core.data_reader - INFO - Carregados 850 pontos para BTC 5m
2025-07-14 19:08:10,523 - indicators.technical - INFO - Análise técnica concluída para BTC: RSI=0 sinais, MACD=0 sinais
2025-07-14 19:08:10,525 - core.analyzer - INFO - [SUCCESS] BTC: 0 sinais gerados, 0 salvos em 0.60s
2025-07-14 19:08:10,528 - core.data_reader - INFO - Carregados 841 pontos para ETH 5m
2025-07-14 19:08:10,710 - indicators.technical - INFO - Análise técnica concluída para ETH: RSI=0 sinais, MACD=0 sinais
2025-07-14 19:08:10,710 - core.analyzer - INFO - [SUCCESS] ETH: 0 sinais gerados, 0 salvos em 0.78s
2025-07-14 19:08:10,730 - core.data_reader - INFO - Carregados 846 pontos para NEAR 5m
2025-07-14 19:08:10,912 - indicators.technical - INFO - Análise técnica concluída para NEAR: RSI=0 sinais, MACD=0 sinais
2025-07-14 19:08:10,912 - core.analyzer - INFO - [SUCCESS] NEAR: 0 sinais gerados, 0 salvos em 0.58s
2025-07-14 19:08:10,920 - core.data_reader - INFO - Carregados 841 pontos para OMNI 5m
2025-07-14 19:08:10,957 - core.data_reader - INFO - Carregados 841 pontos para HBAR 5m
2025-07-14 19:08:11,218 - indicators.technical - INFO - Análise técnica concluída para HBAR: RSI=0 sinais, MACD=0 sinais
2025-07-14 19:08:11,218 - core.analyzer - INFO - [SUCCESS] HBAR: 0 sinais gerados, 0 salvos em 0.88s
2025-07-14 19:08:11,222 - core.data_reader - INFO - Carregados 849 pontos para SOL 5m
2025-07-14 19:08:11,411 - indicators.technical - INFO - Análise técnica concluída para SOL: RSI=0 sinais, MACD=0 sinais
2025-07-14 19:08:11,425 - core.analyzer - INFO - [SUCCESS] SOL: 0 sinais gerados, 0 salvos em 0.71s
2025-07-14 19:08:11,483 - indicators.technical - INFO - Análise técnica concluída para OMNI: RSI=0 sinais, MACD=0 sinais
2025-07-14 19:08:11,483 - core.analyzer - INFO - [SUCCESS] OMNI: 0 sinais gerados, 0 salvos em 0.96s
2025-07-14 19:08:11,484 - core.analyzer - INFO - [COMPLETE] Análise concluída: 8/8 symbols, 0 sinais em 1.57s
2025-07-14 19:08:11,484 - core.analyzer - INFO - [CYCLE] Ciclo concluído: 8 symbols analisados em 1.6s
2025-07-14 19:13:09,919 - core.analyzer - INFO - [START] Iniciando análise de 8 symbols
2025-07-14 19:13:09,926 - core.analyzer - INFO - [DEBUG] Symbols disponíveis no banco: ['BNB', 'BTC', 'ENA', 'ETH', 'HBAR', 'NEAR', 'OMNI', 'SOL']
2025-07-14 19:13:09,927 - core.analyzer - INFO - [DEBUG] Symbols configurados para análise: ['BNB', 'BTC', 'ENA', 'ETH', 'HBAR', 'NEAR', 'OMNI', 'SOL']
2025-07-14 19:13:09,927 - core.analyzer - INFO - [INFO] Symbols que serão analisados: ['BNB', 'BTC', 'ENA', 'ETH', 'HBAR', 'NEAR', 'OMNI', 'SOL']
2025-07-14 19:13:09,957 - core.data_reader - INFO - Carregados 844 pontos para BNB 5m
2025-07-14 19:13:10,146 - indicators.technical - INFO - Análise técnica concluída para BNB: RSI=0 sinais, MACD=0 sinais
2025-07-14 19:13:10,146 - core.analyzer - INFO - [SUCCESS] BNB: 0 sinais gerados, 0 salvos em 0.22s
2025-07-14 19:13:10,150 - core.data_reader - INFO - Carregados 841 pontos para ETH 5m
2025-07-14 19:13:10,335 - indicators.technical - INFO - Análise técnica concluída para ETH: RSI=0 sinais, MACD=0 sinais
2025-07-14 19:13:10,337 - core.data_reader - INFO - Carregados 853 pontos para BTC 5m
2025-07-14 19:13:10,338 - core.analyzer - INFO - [SUCCESS] ETH: 0 sinais gerados, 0 salvos em 0.41s
2025-07-14 19:13:10,524 - indicators.technical - INFO - Análise técnica concluída para BTC: RSI=0 sinais, MACD=0 sinais
2025-07-14 19:13:10,525 - core.analyzer - INFO - [SUCCESS] BTC: 0 sinais gerados, 0 salvos em 0.60s
2025-07-14 19:13:10,539 - core.data_reader - INFO - Carregados 850 pontos para ENA 5m
2025-07-14 19:13:10,721 - indicators.technical - INFO - Análise técnica concluída para ENA: RSI=0 sinais, MACD=0 sinais
2025-07-14 19:13:10,721 - core.analyzer - INFO - [SUCCESS] ENA: 0 sinais gerados, 0 salvos em 0.79s
2025-07-14 19:13:10,729 - core.data_reader - INFO - Carregados 841 pontos para HBAR 5m
2025-07-14 19:13:10,913 - indicators.technical - INFO - Análise técnica concluída para HBAR: RSI=0 sinais, MACD=0 sinais
2025-07-14 19:13:10,913 - core.analyzer - INFO - [SUCCESS] HBAR: 0 sinais gerados, 0 salvos em 0.77s
2025-07-14 19:13:10,918 - core.data_reader - INFO - Carregados 849 pontos para NEAR 5m
2025-07-14 19:13:11,112 - indicators.technical - INFO - Análise técnica concluída para NEAR: RSI=0 sinais, MACD=0 sinais
2025-07-14 19:13:11,112 - core.analyzer - INFO - [SUCCESS] NEAR: 0 sinais gerados, 0 salvos em 0.76s
2025-07-14 19:13:11,117 - core.data_reader - INFO - Carregados 841 pontos para OMNI 5m
2025-07-14 19:13:11,303 - indicators.technical - INFO - Análise técnica concluída para OMNI: RSI=0 sinais, MACD=0 sinais
2025-07-14 19:13:11,303 - core.analyzer - INFO - [SUCCESS] OMNI: 0 sinais gerados, 0 salvos em 0.78s
2025-07-14 19:13:11,308 - core.data_reader - INFO - Carregados 852 pontos para SOL 5m
2025-07-14 19:13:11,474 - indicators.technical - INFO - Análise técnica concluída para SOL: RSI=0 sinais, MACD=0 sinais
2025-07-14 19:13:11,475 - core.analyzer - INFO - [SUCCESS] SOL: 0 sinais gerados, 0 salvos em 0.75s
2025-07-14 19:13:11,476 - core.analyzer - INFO - [COMPLETE] Análise concluída: 8/8 symbols, 0 sinais em 1.56s
2025-07-14 19:13:11,476 - core.analyzer - INFO - [CYCLE] Ciclo concluído: 8 symbols analisados em 1.6s
2025-07-14 19:18:09,920 - core.analyzer - INFO - [START] Iniciando análise de 8 symbols
2025-07-14 19:18:09,928 - core.analyzer - INFO - [DEBUG] Symbols disponíveis no banco: ['BNB', 'BTC', 'ENA', 'ETH', 'HBAR', 'NEAR', 'OMNI', 'SOL']
2025-07-14 19:18:09,929 - core.analyzer - INFO - [DEBUG] Symbols configurados para análise: ['BNB', 'BTC', 'ENA', 'ETH', 'HBAR', 'NEAR', 'OMNI', 'SOL']
2025-07-14 19:18:09,929 - core.analyzer - INFO - [INFO] Symbols que serão analisados: ['BNB', 'BTC', 'ENA', 'ETH', 'HBAR', 'NEAR', 'OMNI', 'SOL']
2025-07-14 19:18:09,964 - core.data_reader - INFO - Carregados 853 pontos para BTC 5m
2025-07-14 19:18:10,153 - indicators.technical - INFO - Análise técnica concluída para BTC: RSI=0 sinais, MACD=0 sinais
2025-07-14 19:18:10,153 - core.analyzer - INFO - [SUCCESS] BTC: 0 sinais gerados, 0 salvos em 0.22s
2025-07-14 19:18:10,157 - core.data_reader - INFO - Carregados 844 pontos para ETH 5m
2025-07-14 19:18:10,272 - core.data_reader - INFO - Carregados 853 pontos para ENA 5m
2025-07-14 19:18:10,365 - core.data_reader - INFO - Carregados 847 pontos para BNB 5m
2025-07-14 19:18:10,405 - indicators.technical - INFO - Análise técnica concluída para ETH: RSI=0 sinais, MACD=0 sinais
2025-07-14 19:18:10,465 - core.analyzer - INFO - [SUCCESS] ETH: 0 sinais gerados, 0 salvos em 0.53s
2025-07-14 19:18:10,694 - indicators.technical - INFO - Análise técnica concluída para ENA: RSI=0 sinais, MACD=0 sinais
2025-07-14 19:18:10,701 - core.analyzer - INFO - [SUCCESS] ENA: 0 sinais gerados, 0 salvos em 0.77s
2025-07-14 19:18:10,725 - indicators.technical - INFO - Análise técnica concluída para BNB: RSI=0 sinais, MACD=0 sinais
2025-07-14 19:18:10,726 - core.analyzer - INFO - [SUCCESS] BNB: 0 sinais gerados, 0 salvos em 0.80s
2025-07-14 19:18:10,746 - core.data_reader - INFO - Carregados 855 pontos para SOL 5m
2025-07-14 19:18:10,932 - indicators.technical - INFO - Análise técnica concluída para SOL: RSI=0 sinais, MACD=0 sinais
2025-07-14 19:18:10,935 - core.analyzer - INFO - [SUCCESS] SOL: 0 sinais gerados, 0 salvos em 0.21s
2025-07-14 19:18:10,938 - core.data_reader - INFO - Carregados 844 pontos para OMNI 5m
2025-07-14 19:18:11,127 - indicators.technical - INFO - Análise técnica concluída para OMNI: RSI=0 sinais, MACD=0 sinais
2025-07-14 19:18:11,128 - core.analyzer - INFO - [SUCCESS] OMNI: 0 sinais gerados, 0 salvos em 0.40s
2025-07-14 19:18:11,131 - core.data_reader - INFO - Carregados 849 pontos para NEAR 5m
2025-07-14 19:18:11,163 - core.data_reader - INFO - Carregados 844 pontos para HBAR 5m
2025-07-14 19:18:11,415 - indicators.technical - INFO - Análise técnica concluída para HBAR: RSI=0 sinais, MACD=0 sinais
2025-07-14 19:18:11,417 - core.analyzer - INFO - [SUCCESS] HBAR: 0 sinais gerados, 0 salvos em 1.26s
2025-07-14 19:18:11,504 - indicators.technical - INFO - Análise técnica concluída para NEAR: RSI=0 sinais, MACD=0 sinais
2025-07-14 19:18:11,504 - core.analyzer - INFO - [SUCCESS] NEAR: 0 sinais gerados, 0 salvos em 1.01s
2025-07-14 19:18:11,505 - core.analyzer - INFO - [COMPLETE] Análise concluída: 8/8 symbols, 0 sinais em 1.58s
2025-07-14 19:18:11,505 - core.analyzer - INFO - [CYCLE] Ciclo concluído: 8 symbols analisados em 1.6s
2025-07-14 19:23:09,921 - core.analyzer - INFO - [START] Iniciando análise de 8 symbols
2025-07-14 19:23:09,925 - core.analyzer - INFO - [DEBUG] Symbols disponíveis no banco: ['BNB', 'BTC', 'ENA', 'ETH', 'HBAR', 'NEAR', 'OMNI', 'SOL']
2025-07-14 19:23:09,925 - core.analyzer - INFO - [DEBUG] Symbols configurados para análise: ['BNB', 'BTC', 'ENA', 'ETH', 'HBAR', 'NEAR', 'OMNI', 'SOL']
2025-07-14 19:23:09,926 - core.analyzer - INFO - [INFO] Symbols que serão analisados: ['BNB', 'BTC', 'ENA', 'ETH', 'HBAR', 'NEAR', 'OMNI', 'SOL']
2025-07-14 19:23:09,959 - core.data_reader - INFO - Carregados 856 pontos para BTC 5m
2025-07-14 19:23:09,990 - core.data_reader - INFO - Carregados 848 pontos para ETH 5m
2025-07-14 19:23:10,174 - indicators.technical - INFO - Análise técnica concluída para ETH: RSI=0 sinais, MACD=0 sinais
2025-07-14 19:23:10,231 - core.analyzer - INFO - [SUCCESS] ETH: 0 sinais gerados, 0 salvos em 0.30s
2025-07-14 19:23:10,341 - indicators.technical - INFO - Análise técnica concluída para BTC: RSI=0 sinais, MACD=0 sinais
2025-07-14 19:23:10,343 - core.analyzer - INFO - [SUCCESS] BTC: 0 sinais gerados, 0 salvos em 0.42s
2025-07-14 19:23:10,343 - core.data_reader - INFO - Carregados 850 pontos para BNB 5m
2025-07-14 19:23:10,528 - indicators.technical - INFO - Análise técnica concluída para BNB: RSI=0 sinais, MACD=0 sinais
2025-07-14 19:23:10,529 - core.analyzer - INFO - [SUCCESS] BNB: 0 sinais gerados, 0 salvos em 0.60s
2025-07-14 19:23:10,533 - core.data_reader - INFO - Carregados 853 pontos para ENA 5m
2025-07-14 19:23:10,718 - indicators.technical - INFO - Análise técnica concluída para ENA: RSI=0 sinais, MACD=0 sinais
2025-07-14 19:23:10,719 - core.analyzer - INFO - [SUCCESS] ENA: 0 sinais gerados, 0 salvos em 0.79s
2025-07-14 19:23:10,737 - core.data_reader - INFO - Carregados 848 pontos para HBAR 5m
2025-07-14 19:23:10,921 - indicators.technical - INFO - Análise técnica concluída para HBAR: RSI=0 sinais, MACD=0 sinais
2025-07-14 19:23:10,921 - core.analyzer - INFO - [SUCCESS] HBAR: 0 sinais gerados, 0 salvos em 0.69s
2025-07-14 19:23:10,926 - core.data_reader - INFO - Carregados 848 pontos para OMNI 5m
2025-07-14 19:23:11,113 - indicators.technical - INFO - Análise técnica concluída para OMNI: RSI=0 sinais, MACD=0 sinais
2025-07-14 19:23:11,113 - core.analyzer - INFO - [SUCCESS] OMNI: 0 sinais gerados, 0 salvos em 0.58s
2025-07-14 19:23:11,117 - core.data_reader - INFO - Carregados 852 pontos para NEAR 5m
2025-07-14 19:23:11,304 - indicators.technical - INFO - Análise técnica concluída para NEAR: RSI=0 sinais, MACD=0 sinais
2025-07-14 19:23:11,305 - core.analyzer - INFO - [SUCCESS] NEAR: 0 sinais gerados, 0 salvos em 0.96s
2025-07-14 19:23:11,307 - core.data_reader - INFO - Carregados 855 pontos para SOL 5m
2025-07-14 19:23:11,472 - indicators.technical - INFO - Análise técnica concluída para SOL: RSI=0 sinais, MACD=0 sinais
2025-07-14 19:23:11,473 - core.analyzer - INFO - [SUCCESS] SOL: 0 sinais gerados, 0 salvos em 0.75s
2025-07-14 19:23:11,474 - core.analyzer - INFO - [COMPLETE] Análise concluída: 8/8 symbols, 0 sinais em 1.55s
2025-07-14 19:23:11,474 - core.analyzer - INFO - [CYCLE] Ciclo concluído: 8 symbols analisados em 1.6s
2025-07-14 19:28:09,921 - core.analyzer - INFO - [START] Iniciando análise de 8 symbols
2025-07-14 19:28:09,925 - core.analyzer - INFO - [DEBUG] Symbols disponíveis no banco: ['BNB', 'BTC', 'ENA', 'ETH', 'HBAR', 'NEAR', 'OMNI', 'SOL']
2025-07-14 19:28:09,925 - core.analyzer - INFO - [DEBUG] Symbols configurados para análise: ['BNB', 'BTC', 'ENA', 'ETH', 'HBAR', 'NEAR', 'OMNI', 'SOL']
2025-07-14 19:28:09,925 - core.analyzer - INFO - [INFO] Symbols que serão analisados: ['BNB', 'BTC', 'ENA', 'ETH', 'HBAR', 'NEAR', 'OMNI', 'SOL']
2025-07-14 19:28:09,963 - core.data_reader - INFO - Carregados 854 pontos para BNB 5m
2025-07-14 19:28:09,989 - core.data_reader - INFO - Carregados 857 pontos para ENA 5m
2025-07-14 19:28:10,260 - indicators.technical - INFO - Análise técnica concluída para BNB: RSI=0 sinais, MACD=0 sinais
2025-07-14 19:28:10,339 - indicators.technical - INFO - Análise técnica concluída para ENA: RSI=0 sinais, MACD=0 sinais
2025-07-14 19:28:10,339 - core.analyzer - INFO - [SUCCESS] BNB: 0 sinais gerados, 0 salvos em 0.41s
2025-07-14 19:28:10,340 - core.analyzer - INFO - [SUCCESS] ENA: 0 sinais gerados, 0 salvos em 0.41s
2025-07-14 19:28:10,344 - core.data_reader - INFO - Carregados 860 pontos para BTC 5m
2025-07-14 19:28:10,530 - indicators.technical - INFO - Análise técnica concluída para BTC: RSI=0 sinais, MACD=0 sinais
2025-07-14 19:28:10,530 - core.analyzer - INFO - [SUCCESS] BTC: 0 sinais gerados, 0 salvos em 0.60s
2025-07-14 19:28:10,535 - core.data_reader - INFO - Carregados 852 pontos para ETH 5m
2025-07-14 19:28:10,720 - indicators.technical - INFO - Análise técnica concluída para ETH: RSI=0 sinais, MACD=0 sinais
2025-07-14 19:28:10,721 - core.analyzer - INFO - [SUCCESS] ETH: 0 sinais gerados, 0 salvos em 0.79s
2025-07-14 19:28:10,739 - core.data_reader - INFO - Carregados 852 pontos para OMNI 5m
2025-07-14 19:28:10,924 - indicators.technical - INFO - Análise técnica concluída para OMNI: RSI=0 sinais, MACD=0 sinais
2025-07-14 19:28:10,924 - core.analyzer - INFO - [SUCCESS] OMNI: 0 sinais gerados, 0 salvos em 0.39s
2025-07-14 19:28:10,929 - core.data_reader - INFO - Carregados 856 pontos para NEAR 5m
2025-07-14 19:28:11,116 - indicators.technical - INFO - Análise técnica concluída para NEAR: RSI=0 sinais, MACD=0 sinais
2025-07-14 19:28:11,117 - core.analyzer - INFO - [SUCCESS] NEAR: 0 sinais gerados, 0 salvos em 0.78s
2025-07-14 19:28:11,122 - core.data_reader - INFO - Carregados 852 pontos para HBAR 5m
2025-07-14 19:28:11,124 - core.data_reader - INFO - Carregados 859 pontos para SOL 5m
2025-07-14 19:28:11,442 - indicators.technical - INFO - Análise técnica concluída para HBAR: RSI=0 sinais, MACD=0 sinais
2025-07-14 19:28:11,456 - core.analyzer - INFO - [SUCCESS] HBAR: 0 sinais gerados, 0 salvos em 1.12s
2025-07-14 19:28:11,509 - indicators.technical - INFO - Análise técnica concluída para SOL: RSI=0 sinais, MACD=0 sinais
2025-07-14 19:28:11,509 - core.analyzer - INFO - [SUCCESS] SOL: 0 sinais gerados, 0 salvos em 0.79s
2025-07-14 19:28:11,510 - core.analyzer - INFO - [COMPLETE] Análise concluída: 8/8 symbols, 0 sinais em 1.59s
2025-07-14 19:28:11,510 - core.analyzer - INFO - [CYCLE] Ciclo concluído: 8 symbols analisados em 1.6s
2025-07-14 19:33:09,922 - core.analyzer - INFO - [START] Iniciando análise de 8 symbols
2025-07-14 19:33:09,928 - core.analyzer - INFO - [DEBUG] Symbols disponíveis no banco: ['BNB', 'BTC', 'ENA', 'ETH', 'HBAR', 'NEAR', 'OMNI', 'SOL']
2025-07-14 19:33:09,928 - core.analyzer - INFO - [DEBUG] Symbols configurados para análise: ['BNB', 'BTC', 'ENA', 'ETH', 'HBAR', 'NEAR', 'OMNI', 'SOL']
2025-07-14 19:33:09,929 - core.analyzer - INFO - [INFO] Symbols que serão analisados: ['BNB', 'BTC', 'ENA', 'ETH', 'HBAR', 'NEAR', 'OMNI', 'SOL']
2025-07-14 19:33:09,964 - core.data_reader - INFO - Carregados 863 pontos para BTC 5m
2025-07-14 19:33:09,983 - core.data_reader - INFO - Carregados 861 pontos para ENA 5m
2025-07-14 19:33:09,983 - core.data_reader - INFO - Carregados 857 pontos para BNB 5m
2025-07-14 19:33:10,498 - indicators.technical - INFO - Análise técnica concluída para BTC: RSI=0 sinais, MACD=0 sinais
2025-07-14 19:33:10,517 - indicators.technical - INFO - Análise técnica concluída para ENA: RSI=0 sinais, MACD=0 sinais
2025-07-14 19:33:10,524 - core.analyzer - INFO - [SUCCESS] BTC: 0 sinais gerados, 0 salvos em 0.59s
2025-07-14 19:33:10,541 - indicators.technical - INFO - Análise técnica concluída para BNB: RSI=0 sinais, MACD=0 sinais
2025-07-14 19:33:10,542 - core.analyzer - INFO - [SUCCESS] ENA: 0 sinais gerados, 0 salvos em 0.61s
2025-07-14 19:33:10,542 - core.analyzer - INFO - [SUCCESS] BNB: 0 sinais gerados, 0 salvos em 0.61s
2025-07-14 19:33:10,547 - core.data_reader - INFO - Carregados 855 pontos para ETH 5m
2025-07-14 19:33:10,734 - indicators.technical - INFO - Análise técnica concluída para ETH: RSI=0 sinais, MACD=0 sinais
2025-07-14 19:33:10,735 - core.analyzer - INFO - [SUCCESS] ETH: 0 sinais gerados, 0 salvos em 0.80s
2025-07-14 19:33:10,755 - core.data_reader - INFO - Carregados 859 pontos para NEAR 5m
2025-07-14 19:33:10,943 - indicators.technical - INFO - Análise técnica concluída para NEAR: RSI=0 sinais, MACD=0 sinais
2025-07-14 19:33:10,945 - core.analyzer - INFO - [SUCCESS] NEAR: 0 sinais gerados, 0 salvos em 0.40s
2025-07-14 19:33:10,948 - core.data_reader - INFO - Carregados 855 pontos para OMNI 5m
2025-07-14 19:33:11,138 - indicators.technical - INFO - Análise técnica concluída para OMNI: RSI=0 sinais, MACD=0 sinais
2025-07-14 19:33:11,138 - core.analyzer - INFO - [SUCCESS] OMNI: 0 sinais gerados, 0 salvos em 0.60s
2025-07-14 19:33:11,142 - core.data_reader - INFO - Carregados 855 pontos para HBAR 5m
2025-07-14 19:33:11,186 - core.data_reader - INFO - Carregados 862 pontos para SOL 5m
2025-07-14 19:33:11,532 - indicators.technical - INFO - Análise técnica concluída para HBAR: RSI=0 sinais, MACD=0 sinais
2025-07-14 19:33:11,538 - indicators.technical - INFO - Análise técnica concluída para SOL: RSI=0 sinais, MACD=0 sinais
2025-07-14 19:33:11,539 - core.analyzer - INFO - [SUCCESS] HBAR: 0 sinais gerados, 0 salvos em 1.00s
2025-07-14 19:33:11,539 - core.analyzer - INFO - [SUCCESS] SOL: 0 sinais gerados, 0 salvos em 0.80s
2025-07-14 19:33:11,540 - core.analyzer - INFO - [COMPLETE] Análise concluída: 8/8 symbols, 0 sinais em 1.62s
2025-07-14 19:33:11,540 - core.analyzer - INFO - [CYCLE] Ciclo concluído: 8 symbols analisados em 1.6s
2025-07-14 19:38:09,923 - core.analyzer - INFO - [START] Iniciando análise de 8 symbols
2025-07-14 19:38:09,930 - core.analyzer - INFO - [DEBUG] Symbols disponíveis no banco: ['BNB', 'BTC', 'ENA', 'ETH', 'HBAR', 'NEAR', 'OMNI', 'SOL']
2025-07-14 19:38:09,930 - core.analyzer - INFO - [DEBUG] Symbols configurados para análise: ['BNB', 'BTC', 'ENA', 'ETH', 'HBAR', 'NEAR', 'OMNI', 'SOL']
2025-07-14 19:38:09,931 - core.analyzer - INFO - [INFO] Symbols que serão analisados: ['BNB', 'BTC', 'ENA', 'ETH', 'HBAR', 'NEAR', 'OMNI', 'SOL']
2025-07-14 19:38:09,965 - core.data_reader - INFO - Carregados 861 pontos para BNB 5m
2025-07-14 19:38:09,989 - core.data_reader - INFO - Carregados 867 pontos para BTC 5m
2025-07-14 19:38:10,178 - indicators.technical - INFO - Análise técnica concluída para BNB: RSI=0 sinais, MACD=0 sinais
2025-07-14 19:38:10,179 - core.analyzer - INFO - [SUCCESS] BNB: 0 sinais gerados, 0 salvos em 0.25s
2025-07-14 19:38:10,282 - core.data_reader - INFO - Carregados 865 pontos para ENA 5m
2025-07-14 19:38:10,495 - indicators.technical - INFO - Análise técnica concluída para BTC: RSI=0 sinais, MACD=0 sinais
2025-07-14 19:38:10,544 - indicators.technical - INFO - Análise técnica concluída para ENA: RSI=0 sinais, MACD=0 sinais
2025-07-14 19:38:10,545 - core.analyzer - INFO - [SUCCESS] BTC: 0 sinais gerados, 0 salvos em 0.61s
2025-07-14 19:38:10,545 - core.analyzer - INFO - [SUCCESS] ENA: 0 sinais gerados, 0 salvos em 0.61s
2025-07-14 19:38:10,550 - core.data_reader - INFO - Carregados 855 pontos para ETH 5m
2025-07-14 19:38:10,736 - indicators.technical - INFO - Análise técnica concluída para ETH: RSI=0 sinais, MACD=0 sinais
2025-07-14 19:38:10,736 - core.analyzer - INFO - [SUCCESS] ETH: 0 sinais gerados, 0 salvos em 0.80s
2025-07-14 19:38:10,757 - core.data_reader - INFO - Carregados 855 pontos para HBAR 5m
2025-07-14 19:38:10,945 - indicators.technical - INFO - Análise técnica concluída para HBAR: RSI=0 sinais, MACD=0 sinais
2025-07-14 19:38:10,946 - core.data_reader - INFO - Carregados 866 pontos para SOL 5m
2025-07-14 19:38:10,946 - core.analyzer - INFO - [SUCCESS] HBAR: 0 sinais gerados, 0 salvos em 0.74s
2025-07-14 19:38:11,060 - core.data_reader - INFO - Carregados 855 pontos para OMNI 5m
2025-07-14 19:38:11,221 - indicators.technical - INFO - Análise técnica concluída para SOL: RSI=0 sinais, MACD=0 sinais
2025-07-14 19:38:11,226 - core.analyzer - INFO - [SUCCESS] SOL: 0 sinais gerados, 0 salvos em 0.49s
2025-07-14 19:38:11,275 - core.data_reader - INFO - Carregados 863 pontos para NEAR 5m
2025-07-14 19:38:11,416 - indicators.technical - INFO - Análise técnica concluída para OMNI: RSI=0 sinais, MACD=0 sinais
2025-07-14 19:38:11,425 - core.analyzer - INFO - [SUCCESS] OMNI: 0 sinais gerados, 0 salvos em 0.88s
2025-07-14 19:38:11,558 - indicators.technical - INFO - Análise técnica concluída para NEAR: RSI=0 sinais, MACD=0 sinais
2025-07-14 19:38:11,558 - core.analyzer - INFO - [SUCCESS] NEAR: 0 sinais gerados, 0 salvos em 1.01s
2025-07-14 19:38:11,559 - core.analyzer - INFO - [COMPLETE] Análise concluída: 8/8 symbols, 0 sinais em 1.64s
2025-07-14 19:38:11,559 - core.analyzer - INFO - [CYCLE] Ciclo concluído: 8 symbols analisados em 1.6s
2025-07-14 19:43:09,924 - core.analyzer - INFO - [START] Iniciando análise de 8 symbols
2025-07-14 19:43:09,928 - core.analyzer - INFO - [DEBUG] Symbols disponíveis no banco: ['BNB', 'BTC', 'ENA', 'ETH', 'HBAR', 'NEAR', 'OMNI', 'SOL']
2025-07-14 19:43:09,928 - core.analyzer - INFO - [DEBUG] Symbols configurados para análise: ['BNB', 'BTC', 'ENA', 'ETH', 'HBAR', 'NEAR', 'OMNI', 'SOL']
2025-07-14 19:43:09,929 - core.analyzer - INFO - [INFO] Symbols que serão analisados: ['BNB', 'BTC', 'ENA', 'ETH', 'HBAR', 'NEAR', 'OMNI', 'SOL']
2025-07-14 19:43:09,957 - core.data_reader - INFO - Carregados 869 pontos para ENA 5m
2025-07-14 19:43:10,149 - indicators.technical - INFO - Análise técnica concluída para ENA: RSI=0 sinais, MACD=0 sinais
2025-07-14 19:43:10,151 - core.analyzer - INFO - [SUCCESS] ENA: 0 sinais gerados, 0 salvos em 0.22s
2025-07-14 19:43:10,154 - core.data_reader - INFO - Carregados 867 pontos para BTC 5m
2025-07-14 19:43:10,344 - indicators.technical - INFO - Análise técnica concluída para BTC: RSI=0 sinais, MACD=0 sinais
2025-07-14 19:43:10,345 - core.analyzer - INFO - [SUCCESS] BTC: 0 sinais gerados, 0 salvos em 0.41s
2025-07-14 19:43:10,349 - core.data_reader - INFO - Carregados 861 pontos para BNB 5m
2025-07-14 19:43:10,535 - indicators.technical - INFO - Análise técnica concluída para BNB: RSI=0 sinais, MACD=0 sinais
2025-07-14 19:43:10,535 - core.analyzer - INFO - [SUCCESS] BNB: 0 sinais gerados, 0 salvos em 0.61s
2025-07-14 19:43:10,540 - core.data_reader - INFO - Carregados 859 pontos para ETH 5m
2025-07-14 19:43:10,725 - indicators.technical - INFO - Análise técnica concluída para ETH: RSI=0 sinais, MACD=0 sinais
2025-07-14 19:43:10,725 - core.analyzer - INFO - [SUCCESS] ETH: 0 sinais gerados, 0 salvos em 0.79s
2025-07-14 19:43:10,744 - core.data_reader - INFO - Carregados 863 pontos para NEAR 5m
2025-07-14 19:43:10,931 - indicators.technical - INFO - Análise técnica concluída para NEAR: RSI=0 sinais, MACD=0 sinais
2025-07-14 19:43:10,931 - core.analyzer - INFO - [SUCCESS] NEAR: 0 sinais gerados, 0 salvos em 0.59s
2025-07-14 19:43:10,936 - core.data_reader - INFO - Carregados 859 pontos para HBAR 5m
2025-07-14 19:43:11,131 - indicators.technical - INFO - Análise técnica concluída para HBAR: RSI=0 sinais, MACD=0 sinais
2025-07-14 19:43:11,132 - core.analyzer - INFO - [SUCCESS] HBAR: 0 sinais gerados, 0 salvos em 0.98s
2025-07-14 19:43:11,132 - core.data_reader - INFO - Carregados 859 pontos para OMNI 5m
2025-07-14 19:43:11,318 - indicators.technical - INFO - Análise técnica concluída para OMNI: RSI=0 sinais, MACD=0 sinais
2025-07-14 19:43:11,318 - core.analyzer - INFO - [SUCCESS] OMNI: 0 sinais gerados, 0 salvos em 0.78s
2025-07-14 19:43:11,322 - core.data_reader - INFO - Carregados 870 pontos para SOL 5m
2025-07-14 19:43:11,489 - indicators.technical - INFO - Análise técnica concluída para SOL: RSI=0 sinais, MACD=0 sinais
2025-07-14 19:43:11,490 - core.analyzer - INFO - [SUCCESS] SOL: 0 sinais gerados, 0 salvos em 0.76s
2025-07-14 19:43:11,490 - core.analyzer - INFO - [COMPLETE] Análise concluída: 8/8 symbols, 0 sinais em 1.57s
2025-07-14 19:43:11,491 - core.analyzer - INFO - [CYCLE] Ciclo concluído: 8 symbols analisados em 1.6s
2025-07-14 19:48:09,924 - core.analyzer - INFO - [START] Iniciando análise de 8 symbols
2025-07-14 19:48:09,928 - core.analyzer - INFO - [DEBUG] Symbols disponíveis no banco: ['BNB', 'BTC', 'ENA', 'ETH', 'HBAR', 'NEAR', 'OMNI', 'SOL']
2025-07-14 19:48:09,928 - core.analyzer - INFO - [DEBUG] Symbols configurados para análise: ['BNB', 'BTC', 'ENA', 'ETH', 'HBAR', 'NEAR', 'OMNI', 'SOL']
2025-07-14 19:48:09,929 - core.analyzer - INFO - [INFO] Symbols que serão analisados: ['BNB', 'BTC', 'ENA', 'ETH', 'HBAR', 'NEAR', 'OMNI', 'SOL']
2025-07-14 19:48:09,954 - core.data_reader - INFO - Carregados 865 pontos para BNB 5m
2025-07-14 19:48:10,149 - indicators.technical - INFO - Análise técnica concluída para BNB: RSI=0 sinais, MACD=0 sinais
2025-07-14 19:48:10,149 - core.analyzer - INFO - [SUCCESS] BNB: 0 sinais gerados, 0 salvos em 0.22s
2025-07-14 19:48:10,153 - core.data_reader - INFO - Carregados 863 pontos para ETH 5m
2025-07-14 19:48:10,342 - indicators.technical - INFO - Análise técnica concluída para ETH: RSI=0 sinais, MACD=0 sinais
2025-07-14 19:48:10,342 - core.analyzer - INFO - [SUCCESS] ETH: 0 sinais gerados, 0 salvos em 0.41s
2025-07-14 19:48:10,347 - core.data_reader - INFO - Carregados 871 pontos para BTC 5m
2025-07-14 19:48:10,536 - indicators.technical - INFO - Análise técnica concluída para BTC: RSI=0 sinais, MACD=0 sinais
2025-07-14 19:48:10,537 - core.analyzer - INFO - [SUCCESS] BTC: 0 sinais gerados, 0 salvos em 0.61s
2025-07-14 19:48:10,550 - core.data_reader - INFO - Carregados 869 pontos para ENA 5m
2025-07-14 19:48:10,735 - indicators.technical - INFO - Análise técnica concluída para ENA: RSI=0 sinais, MACD=0 sinais
2025-07-14 19:48:10,735 - core.analyzer - INFO - [SUCCESS] ENA: 0 sinais gerados, 0 salvos em 0.80s
2025-07-14 19:48:10,746 - core.data_reader - INFO - Carregados 867 pontos para NEAR 5m
2025-07-14 19:48:10,934 - indicators.technical - INFO - Análise técnica concluída para NEAR: RSI=0 sinais, MACD=0 sinais
2025-07-14 19:48:10,934 - core.analyzer - INFO - [SUCCESS] NEAR: 0 sinais gerados, 0 salvos em 0.59s
2025-07-14 19:48:10,939 - core.data_reader - INFO - Carregados 863 pontos para HBAR 5m
2025-07-14 19:48:11,131 - indicators.technical - INFO - Análise técnica concluída para HBAR: RSI=0 sinais, MACD=0 sinais
2025-07-14 19:48:11,132 - core.analyzer - INFO - [SUCCESS] HBAR: 0 sinais gerados, 0 salvos em 0.98s
2025-07-14 19:48:11,135 - core.data_reader - INFO - Carregados 863 pontos para OMNI 5m
2025-07-14 19:48:11,324 - indicators.technical - INFO - Análise técnica concluída para OMNI: RSI=0 sinais, MACD=0 sinais
2025-07-14 19:48:11,324 - core.analyzer - INFO - [SUCCESS] OMNI: 0 sinais gerados, 0 salvos em 0.79s
2025-07-14 19:48:11,329 - core.data_reader - INFO - Carregados 870 pontos para SOL 5m
2025-07-14 19:48:11,497 - indicators.technical - INFO - Análise técnica concluída para SOL: RSI=0 sinais, MACD=0 sinais
2025-07-14 19:48:11,497 - core.analyzer - INFO - [SUCCESS] SOL: 0 sinais gerados, 0 salvos em 0.76s
2025-07-14 19:48:11,498 - core.analyzer - INFO - [COMPLETE] Análise concluída: 8/8 symbols, 0 sinais em 1.57s
2025-07-14 19:48:11,498 - core.analyzer - INFO - [CYCLE] Ciclo concluído: 8 symbols analisados em 1.6s
2025-07-14 19:53:09,925 - core.analyzer - INFO - [START] Iniciando análise de 8 symbols
2025-07-14 19:53:09,931 - core.analyzer - INFO - [DEBUG] Symbols disponíveis no banco: ['BNB', 'BTC', 'ENA', 'ETH', 'HBAR', 'NEAR', 'OMNI', 'SOL']
2025-07-14 19:53:09,931 - core.analyzer - INFO - [DEBUG] Symbols configurados para análise: ['BNB', 'BTC', 'ENA', 'ETH', 'HBAR', 'NEAR', 'OMNI', 'SOL']
2025-07-14 19:53:09,932 - core.analyzer - INFO - [INFO] Symbols que serão analisados: ['BNB', 'BTC', 'ENA', 'ETH', 'HBAR', 'NEAR', 'OMNI', 'SOL']
2025-07-14 19:53:09,970 - core.data_reader - INFO - Carregados 869 pontos para BNB 5m
2025-07-14 19:53:09,990 - core.data_reader - INFO - Carregados 867 pontos para ETH 5m
2025-07-14 19:53:10,184 - indicators.technical - INFO - Análise técnica concluída para ETH: RSI=0 sinais, MACD=0 sinais
2025-07-14 19:53:10,185 - core.analyzer - INFO - [SUCCESS] ETH: 0 sinais gerados, 0 salvos em 0.25s
2025-07-14 19:53:10,186 - core.data_reader - INFO - Carregados 872 pontos para ENA 5m
2025-07-14 19:53:10,455 - indicators.technical - INFO - Análise técnica concluída para ENA: RSI=0 sinais, MACD=0 sinais
2025-07-14 19:53:10,538 - core.analyzer - INFO - [SUCCESS] ENA: 0 sinais gerados, 0 salvos em 0.60s
2025-07-14 19:53:10,553 - indicators.technical - INFO - Análise técnica concluída para BNB: RSI=0 sinais, MACD=0 sinais
2025-07-14 19:53:10,553 - core.analyzer - INFO - [SUCCESS] BNB: 0 sinais gerados, 0 salvos em 0.62s
2025-07-14 19:53:10,559 - core.data_reader - INFO - Carregados 874 pontos para BTC 5m
2025-07-14 19:53:10,767 - indicators.technical - INFO - Análise técnica concluída para BTC: RSI=0 sinais, MACD=0 sinais
2025-07-14 19:53:10,768 - core.analyzer - INFO - [SUCCESS] BTC: 0 sinais gerados, 0 salvos em 0.83s
2025-07-14 19:53:10,785 - core.data_reader - INFO - Carregados 870 pontos para NEAR 5m
2025-07-14 19:53:10,986 - indicators.technical - INFO - Análise técnica concluída para NEAR: RSI=0 sinais, MACD=0 sinais
2025-07-14 19:53:10,987 - core.analyzer - INFO - [SUCCESS] NEAR: 0 sinais gerados, 0 salvos em 0.43s
2025-07-14 19:53:10,990 - core.data_reader - INFO - Carregados 867 pontos para HBAR 5m
2025-07-14 19:53:11,182 - indicators.technical - INFO - Análise técnica concluída para HBAR: RSI=0 sinais, MACD=0 sinais
2025-07-14 19:53:11,183 - core.analyzer - INFO - [SUCCESS] HBAR: 0 sinais gerados, 0 salvos em 1.00s
2025-07-14 19:53:11,186 - core.data_reader - INFO - Carregados 867 pontos para OMNI 5m
2025-07-14 19:53:11,375 - indicators.technical - INFO - Análise técnica concluída para OMNI: RSI=0 sinais, MACD=0 sinais
2025-07-14 19:53:11,376 - core.analyzer - INFO - [SUCCESS] OMNI: 0 sinais gerados, 0 salvos em 0.82s
2025-07-14 19:53:11,381 - core.data_reader - INFO - Carregados 873 pontos para SOL 5m
2025-07-14 19:53:11,550 - indicators.technical - INFO - Análise técnica concluída para SOL: RSI=0 sinais, MACD=0 sinais
2025-07-14 19:53:11,551 - core.analyzer - INFO - [SUCCESS] SOL: 0 sinais gerados, 0 salvos em 0.78s
2025-07-14 19:53:11,551 - core.analyzer - INFO - [COMPLETE] Análise concluída: 8/8 symbols, 0 sinais em 1.63s
2025-07-14 19:53:11,552 - core.analyzer - INFO - [CYCLE] Ciclo concluído: 8 symbols analisados em 1.6s
2025-07-14 19:58:09,926 - core.analyzer - INFO - [START] Iniciando análise de 8 symbols
2025-07-14 19:58:09,930 - core.analyzer - INFO - [DEBUG] Symbols disponíveis no banco: ['BNB', 'BTC', 'ENA', 'ETH', 'HBAR', 'NEAR', 'OMNI', 'SOL']
2025-07-14 19:58:09,931 - core.analyzer - INFO - [DEBUG] Symbols configurados para análise: ['BNB', 'BTC', 'ENA', 'ETH', 'HBAR', 'NEAR', 'OMNI', 'SOL']
2025-07-14 19:58:09,931 - core.analyzer - INFO - [INFO] Symbols que serão analisados: ['BNB', 'BTC', 'ENA', 'ETH', 'HBAR', 'NEAR', 'OMNI', 'SOL']
2025-07-14 19:58:09,962 - core.data_reader - INFO - Carregados 871 pontos para ETH 5m
2025-07-14 19:58:09,981 - core.data_reader - INFO - Carregados 876 pontos para ENA 5m
2025-07-14 19:58:10,237 - indicators.technical - INFO - Análise técnica concluída para ENA: RSI=0 sinais, MACD=0 sinais
2025-07-14 19:58:10,301 - core.analyzer - INFO - [SUCCESS] ENA: 0 sinais gerados, 0 salvos em 0.37s
2025-07-14 19:58:10,301 - core.data_reader - INFO - Carregados 873 pontos para BNB 5m
2025-07-14 19:58:10,353 - indicators.technical - INFO - Análise técnica concluída para ETH: RSI=0 sinais, MACD=0 sinais
2025-07-14 19:58:10,387 - core.analyzer - INFO - [SUCCESS] ETH: 0 sinais gerados, 0 salvos em 0.45s
2025-07-14 19:58:10,509 - core.data_reader - INFO - Carregados 878 pontos para BTC 5m
2025-07-14 19:58:10,554 - indicators.technical - INFO - Análise técnica concluída para BNB: RSI=0 sinais, MACD=0 sinais
2025-07-14 19:58:10,622 - core.analyzer - INFO - [SUCCESS] BNB: 0 sinais gerados, 0 salvos em 0.69s
2025-07-14 19:58:10,746 - indicators.technical - INFO - Análise técnica concluída para BTC: RSI=0 sinais, MACD=0 sinais
2025-07-14 19:58:10,746 - core.analyzer - INFO - [SUCCESS] BTC: 0 sinais gerados, 0 salvos em 0.81s
2025-07-14 19:58:10,767 - core.data_reader - INFO - Carregados 871 pontos para OMNI 5m
2025-07-14 19:58:10,959 - indicators.technical - INFO - Análise técnica concluída para OMNI: RSI=0 sinais, MACD=0 sinais
2025-07-14 19:58:10,960 - core.analyzer - INFO - [SUCCESS] OMNI: 0 sinais gerados, 0 salvos em 0.31s
2025-07-14 19:58:10,964 - core.data_reader - INFO - Carregados 877 pontos para SOL 5m
2025-07-14 19:58:11,155 - indicators.technical - INFO - Análise técnica concluída para SOL: RSI=0 sinais, MACD=0 sinais
2025-07-14 19:58:11,157 - core.analyzer - INFO - [SUCCESS] SOL: 0 sinais gerados, 0 salvos em 0.41s
2025-07-14 19:58:11,160 - core.data_reader - INFO - Carregados 871 pontos para HBAR 5m
2025-07-14 19:58:11,204 - core.data_reader - INFO - Carregados 874 pontos para NEAR 5m
2025-07-14 19:58:11,468 - indicators.technical - INFO - Análise técnica concluída para HBAR: RSI=0 sinais, MACD=0 sinais
2025-07-14 19:58:11,482 - core.analyzer - INFO - [SUCCESS] HBAR: 0 sinais gerados, 0 salvos em 1.17s
2025-07-14 19:58:11,549 - indicators.technical - INFO - Análise técnica concluída para NEAR: RSI=0 sinais, MACD=0 sinais
2025-07-14 19:58:11,550 - core.analyzer - INFO - [SUCCESS] NEAR: 0 sinais gerados, 0 salvos em 1.14s
2025-07-14 19:58:11,551 - core.analyzer - INFO - [COMPLETE] Análise concluída: 8/8 symbols, 0 sinais em 1.62s
2025-07-14 19:58:11,551 - core.analyzer - INFO - [CYCLE] Ciclo concluído: 8 symbols analisados em 1.6s
2025-07-14 20:03:09,927 - core.analyzer - INFO - [START] Iniciando análise de 8 symbols
2025-07-14 20:03:09,930 - core.analyzer - INFO - [DEBUG] Symbols disponíveis no banco: ['BNB', 'BTC', 'ENA', 'ETH', 'HBAR', 'NEAR', 'OMNI', 'SOL']
2025-07-14 20:03:09,930 - core.analyzer - INFO - [DEBUG] Symbols configurados para análise: ['BNB', 'BTC', 'ENA', 'ETH', 'HBAR', 'NEAR', 'OMNI', 'SOL']
2025-07-14 20:03:09,931 - core.analyzer - INFO - [INFO] Symbols que serão analisados: ['BNB', 'BTC', 'ENA', 'ETH', 'HBAR', 'NEAR', 'OMNI', 'SOL']
2025-07-14 20:03:09,954 - core.data_reader - INFO - Carregados 875 pontos para BNB 5m
2025-07-14 20:03:10,149 - indicators.technical - INFO - Análise técnica concluída para BNB: RSI=0 sinais, MACD=0 sinais
2025-07-14 20:03:10,149 - core.analyzer - INFO - [SUCCESS] BNB: 0 sinais gerados, 0 salvos em 0.22s
2025-07-14 20:03:10,154 - core.data_reader - INFO - Carregados 878 pontos para ENA 5m
2025-07-14 20:03:10,344 - indicators.technical - INFO - Análise técnica concluída para ENA: RSI=0 sinais, MACD=0 sinais
2025-07-14 20:03:10,345 - core.analyzer - INFO - [SUCCESS] ENA: 0 sinais gerados, 0 salvos em 0.41s
2025-07-14 20:03:10,350 - core.data_reader - INFO - Carregados 871 pontos para ETH 5m
2025-07-14 20:03:10,540 - indicators.technical - INFO - Análise técnica concluída para ETH: RSI=0 sinais, MACD=0 sinais
2025-07-14 20:03:10,540 - core.analyzer - INFO - [SUCCESS] ETH: 0 sinais gerados, 0 salvos em 0.61s
2025-07-14 20:03:10,556 - core.data_reader - INFO - Carregados 880 pontos para BTC 5m
2025-07-14 20:03:10,746 - indicators.technical - INFO - Análise técnica concluída para BTC: RSI=0 sinais, MACD=0 sinais
2025-07-14 20:03:10,746 - core.analyzer - INFO - [SUCCESS] BTC: 0 sinais gerados, 0 salvos em 0.81s
2025-07-14 20:03:10,752 - core.data_reader - INFO - Carregados 871 pontos para HBAR 5m
2025-07-14 20:03:10,940 - indicators.technical - INFO - Análise técnica concluída para HBAR: RSI=0 sinais, MACD=0 sinais
2025-07-14 20:03:10,941 - core.analyzer - INFO - [SUCCESS] HBAR: 0 sinais gerados, 0 salvos em 0.79s
2025-07-14 20:03:10,946 - core.data_reader - INFO - Carregados 876 pontos para NEAR 5m
2025-07-14 20:03:11,176 - indicators.technical - INFO - Análise técnica concluída para NEAR: RSI=0 sinais, MACD=0 sinais
2025-07-14 20:03:11,177 - core.data_reader - INFO - Carregados 871 pontos para OMNI 5m
2025-07-14 20:03:11,178 - core.analyzer - INFO - [SUCCESS] NEAR: 0 sinais gerados, 0 salvos em 0.83s
2025-07-14 20:03:11,468 - indicators.technical - INFO - Análise técnica concluída para OMNI: RSI=0 sinais, MACD=0 sinais
2025-07-14 20:03:11,469 - core.analyzer - INFO - [SUCCESS] OMNI: 0 sinais gerados, 0 salvos em 0.93s
2025-07-14 20:03:11,474 - core.data_reader - INFO - Carregados 879 pontos para SOL 5m
2025-07-14 20:03:11,659 - indicators.technical - INFO - Análise técnica concluída para SOL: RSI=0 sinais, MACD=0 sinais
2025-07-14 20:03:11,660 - core.analyzer - INFO - [SUCCESS] SOL: 0 sinais gerados, 0 salvos em 0.91s
2025-07-14 20:03:11,660 - core.analyzer - INFO - [COMPLETE] Análise concluída: 8/8 symbols, 0 sinais em 1.73s
2025-07-14 20:03:11,660 - core.analyzer - INFO - [CYCLE] Ciclo concluído: 8 symbols analisados em 1.7s
2025-07-14 20:08:09,927 - core.analyzer - INFO - [START] Iniciando análise de 8 symbols
2025-07-14 20:08:09,935 - core.analyzer - INFO - [DEBUG] Symbols disponíveis no banco: ['BNB', 'BTC', 'ENA', 'ETH', 'HBAR', 'NEAR', 'OMNI', 'SOL']
2025-07-14 20:08:09,936 - core.analyzer - INFO - [DEBUG] Symbols configurados para análise: ['BNB', 'BTC', 'ENA', 'ETH', 'HBAR', 'NEAR', 'OMNI', 'SOL']
2025-07-14 20:08:09,936 - core.analyzer - INFO - [INFO] Symbols que serão analisados: ['BNB', 'BTC', 'ENA', 'ETH', 'HBAR', 'NEAR', 'OMNI', 'SOL']
2025-07-14 20:08:09,970 - core.data_reader - INFO - Carregados 883 pontos para BTC 5m
2025-07-14 20:08:10,004 - core.data_reader - INFO - Carregados 875 pontos para BNB 5m
2025-07-14 20:08:10,194 - indicators.technical - INFO - Análise técnica concluída para BNB: RSI=0 sinais, MACD=0 sinais
2025-07-14 20:08:10,195 - core.analyzer - INFO - [SUCCESS] BNB: 0 sinais gerados, 0 salvos em 0.26s
2025-07-14 20:08:10,364 - indicators.technical - INFO - Análise técnica concluída para BTC: RSI=0 sinais, MACD=0 sinais
2025-07-14 20:08:10,364 - core.analyzer - INFO - [SUCCESS] BTC: 0 sinais gerados, 0 salvos em 0.43s
2025-07-14 20:08:10,369 - core.data_reader - INFO - Carregados 873 pontos para ETH 5m
2025-07-14 20:08:10,560 - indicators.technical - INFO - Análise técnica concluída para ETH: RSI=0 sinais, MACD=0 sinais
2025-07-14 20:08:10,560 - core.analyzer - INFO - [SUCCESS] ETH: 0 sinais gerados, 0 salvos em 0.62s
2025-07-14 20:08:10,567 - core.data_reader - INFO - Carregados 881 pontos para ENA 5m
2025-07-14 20:08:10,761 - indicators.technical - INFO - Análise técnica concluída para ENA: RSI=0 sinais, MACD=0 sinais
2025-07-14 20:08:10,761 - core.analyzer - INFO - [SUCCESS] ENA: 0 sinais gerados, 0 salvos em 0.82s
2025-07-14 20:08:10,778 - core.data_reader - INFO - Carregados 873 pontos para HBAR 5m
2025-07-14 20:08:10,971 - indicators.technical - INFO - Análise técnica concluída para HBAR: RSI=0 sinais, MACD=0 sinais
2025-07-14 20:08:10,972 - core.analyzer - INFO - [SUCCESS] HBAR: 0 sinais gerados, 0 salvos em 0.78s
2025-07-14 20:08:10,973 - core.data_reader - INFO - Carregados 879 pontos para NEAR 5m
2025-07-14 20:08:11,166 - indicators.technical - INFO - Análise técnica concluída para NEAR: RSI=0 sinais, MACD=0 sinais
2025-07-14 20:08:11,167 - core.analyzer - INFO - [SUCCESS] NEAR: 0 sinais gerados, 0 salvos em 0.80s
2025-07-14 20:08:11,171 - core.data_reader - INFO - Carregados 873 pontos para OMNI 5m
2025-07-14 20:08:11,359 - indicators.technical - INFO - Análise técnica concluída para OMNI: RSI=0 sinais, MACD=0 sinais
2025-07-14 20:08:11,359 - core.analyzer - INFO - [SUCCESS] OMNI: 0 sinais gerados, 0 salvos em 0.80s
2025-07-14 20:08:11,362 - core.data_reader - INFO - Carregados 882 pontos para SOL 5m
2025-07-14 20:08:11,533 - indicators.technical - INFO - Análise técnica concluída para SOL: RSI=0 sinais, MACD=0 sinais
2025-07-14 20:08:11,533 - core.analyzer - INFO - [SUCCESS] SOL: 0 sinais gerados, 0 salvos em 0.77s
2025-07-14 20:08:11,534 - core.analyzer - INFO - [COMPLETE] Análise concluída: 8/8 symbols, 0 sinais em 1.61s
2025-07-14 20:08:11,534 - core.analyzer - INFO - [CYCLE] Ciclo concluído: 8 symbols analisados em 1.6s
2025-07-14 20:13:09,928 - core.analyzer - INFO - [START] Iniciando análise de 8 symbols
2025-07-14 20:13:09,932 - core.analyzer - INFO - [DEBUG] Symbols disponíveis no banco: ['BNB', 'BTC', 'ENA', 'ETH', 'HBAR', 'NEAR', 'OMNI', 'SOL']
2025-07-14 20:13:09,932 - core.analyzer - INFO - [DEBUG] Symbols configurados para análise: ['BNB', 'BTC', 'ENA', 'ETH', 'HBAR', 'NEAR', 'OMNI', 'SOL']
2025-07-14 20:13:09,933 - core.analyzer - INFO - [INFO] Symbols que serão analisados: ['BNB', 'BTC', 'ENA', 'ETH', 'HBAR', 'NEAR', 'OMNI', 'SOL']
2025-07-14 20:13:09,954 - core.data_reader - INFO - Carregados 883 pontos para BTC 5m
2025-07-14 20:13:10,153 - indicators.technical - INFO - Análise técnica concluída para BTC: RSI=0 sinais, MACD=0 sinais
2025-07-14 20:13:10,154 - core.analyzer - INFO - [SUCCESS] BTC: 0 sinais gerados, 0 salvos em 0.22s
2025-07-14 20:13:10,164 - core.data_reader - INFO - Carregados 884 pontos para ENA 5m
2025-07-14 20:13:10,361 - indicators.technical - INFO - Análise técnica concluída para ENA: RSI=0 sinais, MACD=0 sinais
2025-07-14 20:13:10,361 - core.analyzer - INFO - [SUCCESS] ENA: 0 sinais gerados, 0 salvos em 0.43s
2025-07-14 20:13:10,365 - core.data_reader - INFO - Carregados 878 pontos para BNB 5m
2025-07-14 20:13:10,558 - indicators.technical - INFO - Análise técnica concluída para BNB: RSI=0 sinais, MACD=0 sinais
2025-07-14 20:13:10,559 - core.analyzer - INFO - [SUCCESS] BNB: 0 sinais gerados, 0 salvos em 0.63s
2025-07-14 20:13:10,574 - core.data_reader - INFO - Carregados 876 pontos para ETH 5m
2025-07-14 20:13:10,763 - indicators.technical - INFO - Análise técnica concluída para ETH: RSI=0 sinais, MACD=0 sinais
2025-07-14 20:13:10,763 - core.analyzer - INFO - [SUCCESS] ETH: 0 sinais gerados, 0 salvos em 0.83s
2025-07-14 20:13:10,769 - core.data_reader - INFO - Carregados 876 pontos para HBAR 5m
2025-07-14 20:13:10,960 - indicators.technical - INFO - Análise técnica concluída para HBAR: RSI=0 sinais, MACD=0 sinais
2025-07-14 20:13:10,961 - core.analyzer - INFO - [SUCCESS] HBAR: 0 sinais gerados, 0 salvos em 0.81s
2025-07-14 20:13:10,968 - core.data_reader - INFO - Carregados 879 pontos para NEAR 5m
2025-07-14 20:13:11,167 - indicators.technical - INFO - Análise técnica concluída para NEAR: RSI=0 sinais, MACD=0 sinais
2025-07-14 20:13:11,168 - core.analyzer - INFO - [SUCCESS] NEAR: 0 sinais gerados, 0 salvos em 0.80s
2025-07-14 20:13:11,172 - core.data_reader - INFO - Carregados 876 pontos para OMNI 5m
2025-07-14 20:13:11,364 - indicators.technical - INFO - Análise técnica concluída para OMNI: RSI=0 sinais, MACD=0 sinais
2025-07-14 20:13:11,364 - core.analyzer - INFO - [SUCCESS] OMNI: 0 sinais gerados, 0 salvos em 0.81s
2025-07-14 20:13:11,369 - core.data_reader - INFO - Carregados 882 pontos para SOL 5m
2025-07-14 20:13:11,540 - indicators.technical - INFO - Análise técnica concluída para SOL: RSI=0 sinais, MACD=0 sinais
2025-07-14 20:13:11,541 - core.analyzer - INFO - [SUCCESS] SOL: 0 sinais gerados, 0 salvos em 0.78s
2025-07-14 20:13:11,541 - core.analyzer - INFO - [COMPLETE] Análise concluída: 8/8 symbols, 0 sinais em 1.61s
2025-07-14 20:13:11,542 - core.analyzer - INFO - [CYCLE] Ciclo concluído: 8 symbols analisados em 1.6s
2025-07-14 20:18:09,928 - core.analyzer - INFO - [START] Iniciando análise de 8 symbols
2025-07-14 20:18:09,932 - core.analyzer - INFO - [DEBUG] Symbols disponíveis no banco: ['BNB', 'BTC', 'ENA', 'ETH', 'HBAR', 'NEAR', 'OMNI', 'SOL']
2025-07-14 20:18:09,932 - core.analyzer - INFO - [DEBUG] Symbols configurados para análise: ['BNB', 'BTC', 'ENA', 'ETH', 'HBAR', 'NEAR', 'OMNI', 'SOL']
2025-07-14 20:18:09,932 - core.analyzer - INFO - [INFO] Symbols que serão analisados: ['BNB', 'BTC', 'ENA', 'ETH', 'HBAR', 'NEAR', 'OMNI', 'SOL']
2025-07-14 20:18:09,962 - core.data_reader - INFO - Carregados 881 pontos para BNB 5m
2025-07-14 20:18:09,978 - core.data_reader - INFO - Carregados 884 pontos para ENA 5m
2025-07-14 20:18:10,156 - core.data_reader - INFO - Carregados 886 pontos para BTC 5m
2025-07-14 20:18:10,240 - indicators.technical - INFO - Análise técnica concluída para ENA: RSI=0 sinais, MACD=0 sinais
2025-07-14 20:18:10,323 - core.analyzer - INFO - [SUCCESS] ENA: 0 sinais gerados, 0 salvos em 0.39s
2025-07-14 20:18:10,376 - indicators.technical - INFO - Análise técnica concluída para BTC: RSI=0 sinais, MACD=0 sinais
2025-07-14 20:18:10,376 - core.analyzer - INFO - [SUCCESS] BTC: 0 sinais gerados, 0 salvos em 0.44s
2025-07-14 20:18:10,380 - core.data_reader - INFO - Carregados 879 pontos para ETH 5m
2025-07-14 20:18:10,574 - indicators.technical - INFO - Análise técnica concluída para ETH: RSI=0 sinais, MACD=0 sinais
2025-07-14 20:18:10,575 - core.analyzer - INFO - [SUCCESS] ETH: 0 sinais gerados, 0 salvos em 0.64s
2025-07-14 20:18:10,759 - indicators.technical - INFO - Análise técnica concluída para BNB: RSI=0 sinais, MACD=0 sinais
2025-07-14 20:18:10,759 - core.analyzer - INFO - [SUCCESS] BNB: 0 sinais gerados, 0 salvos em 0.83s
2025-07-14 20:18:10,779 - core.data_reader - INFO - Carregados 882 pontos para NEAR 5m
2025-07-14 20:18:10,972 - indicators.technical - INFO - Análise técnica concluída para NEAR: RSI=0 sinais, MACD=0 sinais
2025-07-14 20:18:10,972 - core.analyzer - INFO - [SUCCESS] NEAR: 0 sinais gerados, 0 salvos em 0.60s
2025-07-14 20:18:10,977 - core.data_reader - INFO - Carregados 879 pontos para HBAR 5m
2025-07-14 20:18:11,168 - indicators.technical - INFO - Análise técnica concluída para HBAR: RSI=0 sinais, MACD=0 sinais
2025-07-14 20:18:11,169 - core.analyzer - INFO - [SUCCESS] HBAR: 0 sinais gerados, 0 salvos em 0.79s
2025-07-14 20:18:11,173 - core.data_reader - INFO - Carregados 879 pontos para OMNI 5m
2025-07-14 20:18:11,363 - indicators.technical - INFO - Análise técnica concluída para OMNI: RSI=0 sinais, MACD=0 sinais
2025-07-14 20:18:11,364 - core.analyzer - INFO - [SUCCESS] OMNI: 0 sinais gerados, 0 salvos em 0.79s
2025-07-14 20:18:11,367 - core.data_reader - INFO - Carregados 885 pontos para SOL 5m
2025-07-14 20:18:11,537 - indicators.technical - INFO - Análise técnica concluída para SOL: RSI=0 sinais, MACD=0 sinais
2025-07-14 20:18:11,537 - core.analyzer - INFO - [SUCCESS] SOL: 0 sinais gerados, 0 salvos em 0.78s
2025-07-14 20:18:11,538 - core.analyzer - INFO - [COMPLETE] Análise concluída: 8/8 symbols, 0 sinais em 1.61s
2025-07-14 20:18:11,538 - core.analyzer - INFO - [CYCLE] Ciclo concluído: 8 symbols analisados em 1.6s
2025-07-14 20:23:09,929 - core.analyzer - INFO - [START] Iniciando análise de 8 symbols
2025-07-14 20:23:09,937 - core.analyzer - INFO - [DEBUG] Symbols disponíveis no banco: ['BNB', 'BTC', 'ENA', 'ETH', 'HBAR', 'NEAR', 'OMNI', 'SOL']
2025-07-14 20:23:09,937 - core.analyzer - INFO - [DEBUG] Symbols configurados para análise: ['BNB', 'BTC', 'ENA', 'ETH', 'HBAR', 'NEAR', 'OMNI', 'SOL']
2025-07-14 20:23:09,937 - core.analyzer - INFO - [INFO] Symbols que serão analisados: ['BNB', 'BTC', 'ENA', 'ETH', 'HBAR', 'NEAR', 'OMNI', 'SOL']
2025-07-14 20:23:09,969 - core.data_reader - INFO - Carregados 887 pontos para ENA 5m
2025-07-14 20:23:09,994 - core.data_reader - INFO - Carregados 885 pontos para BNB 5m
2025-07-14 20:23:10,263 - indicators.technical - INFO - Análise técnica concluída para ENA: RSI=0 sinais, MACD=0 sinais
2025-07-14 20:23:10,364 - indicators.technical - INFO - Análise técnica concluída para BNB: RSI=0 sinais, MACD=0 sinais
2025-07-14 20:23:10,365 - core.analyzer - INFO - [SUCCESS] ENA: 0 sinais gerados, 0 salvos em 0.43s
2025-07-14 20:23:10,365 - core.analyzer - INFO - [SUCCESS] BNB: 0 sinais gerados, 0 salvos em 0.43s
2025-07-14 20:23:10,369 - core.data_reader - INFO - Carregados 890 pontos para BTC 5m
2025-07-14 20:23:10,561 - indicators.technical - INFO - Análise técnica concluída para BTC: RSI=0 sinais, MACD=0 sinais
2025-07-14 20:23:10,562 - core.analyzer - INFO - [SUCCESS] BTC: 0 sinais gerados, 0 salvos em 0.62s
2025-07-14 20:23:10,567 - core.data_reader - INFO - Carregados 883 pontos para ETH 5m
2025-07-14 20:23:10,762 - indicators.technical - INFO - Análise técnica concluída para ETH: RSI=0 sinais, MACD=0 sinais
2025-07-14 20:23:10,762 - core.analyzer - INFO - [SUCCESS] ETH: 0 sinais gerados, 0 salvos em 0.82s
2025-07-14 20:23:10,782 - core.data_reader - INFO - Carregados 883 pontos para HBAR 5m
2025-07-14 20:23:10,976 - indicators.technical - INFO - Análise técnica concluída para HBAR: RSI=0 sinais, MACD=0 sinais
2025-07-14 20:23:10,976 - core.analyzer - INFO - [SUCCESS] HBAR: 0 sinais gerados, 0 salvos em 0.61s
2025-07-14 20:23:10,981 - core.data_reader - INFO - Carregados 886 pontos para NEAR 5m
2025-07-14 20:23:11,176 - indicators.technical - INFO - Análise técnica concluída para NEAR: RSI=0 sinais, MACD=0 sinais
2025-07-14 20:23:11,176 - core.analyzer - INFO - [SUCCESS] NEAR: 0 sinais gerados, 0 salvos em 0.81s
2025-07-14 20:23:11,180 - core.data_reader - INFO - Carregados 883 pontos para OMNI 5m
2025-07-14 20:23:11,261 - core.data_reader - INFO - Carregados 888 pontos para SOL 5m
2025-07-14 20:23:11,386 - indicators.technical - INFO - Análise técnica concluída para OMNI: RSI=0 sinais, MACD=0 sinais
2025-07-14 20:23:11,399 - core.analyzer - INFO - [SUCCESS] OMNI: 0 sinais gerados, 0 salvos em 0.84s
2025-07-14 20:23:11,557 - indicators.technical - INFO - Análise técnica concluída para SOL: RSI=0 sinais, MACD=0 sinais
2025-07-14 20:23:11,558 - core.analyzer - INFO - [SUCCESS] SOL: 0 sinais gerados, 0 salvos em 0.80s
2025-07-14 20:23:11,559 - core.analyzer - INFO - [COMPLETE] Análise concluída: 8/8 symbols, 0 sinais em 1.63s
2025-07-14 20:23:11,559 - core.analyzer - INFO - [CYCLE] Ciclo concluído: 8 symbols analisados em 1.6s
2025-07-14 20:28:09,930 - core.analyzer - INFO - [START] Iniciando análise de 8 symbols
2025-07-14 20:28:09,935 - core.analyzer - INFO - [DEBUG] Symbols disponíveis no banco: ['BNB', 'BTC', 'ENA', 'ETH', 'HBAR', 'NEAR', 'OMNI', 'SOL']
2025-07-14 20:28:09,935 - core.analyzer - INFO - [DEBUG] Symbols configurados para análise: ['BNB', 'BTC', 'ENA', 'ETH', 'HBAR', 'NEAR', 'OMNI', 'SOL']
2025-07-14 20:28:09,936 - core.analyzer - INFO - [INFO] Symbols que serão analisados: ['BNB', 'BTC', 'ENA', 'ETH', 'HBAR', 'NEAR', 'OMNI', 'SOL']
2025-07-14 20:28:09,974 - core.data_reader - INFO - Carregados 894 pontos para BTC 5m
2025-07-14 20:28:10,204 - indicators.technical - INFO - Análise técnica concluída para BTC: RSI=0 sinais, MACD=0 sinais
2025-07-14 20:28:10,206 - core.data_reader - INFO - Carregados 889 pontos para BNB 5m
2025-07-14 20:28:10,206 - core.analyzer - INFO - [SUCCESS] BTC: 0 sinais gerados, 0 salvos em 0.27s
2025-07-14 20:28:10,413 - indicators.technical - INFO - Análise técnica concluída para BNB: RSI=0 sinais, MACD=0 sinais
2025-07-14 20:28:10,413 - core.analyzer - INFO - [SUCCESS] BNB: 0 sinais gerados, 0 salvos em 0.48s
2025-07-14 20:28:10,414 - core.data_reader - INFO - Carregados 891 pontos para ENA 5m
2025-07-14 20:28:10,611 - indicators.technical - INFO - Análise técnica concluída para ENA: RSI=0 sinais, MACD=0 sinais
2025-07-14 20:28:10,614 - core.analyzer - INFO - [SUCCESS] ENA: 0 sinais gerados, 0 salvos em 0.68s
2025-07-14 20:28:10,615 - core.data_reader - INFO - Carregados 887 pontos para ETH 5m
2025-07-14 20:28:10,820 - indicators.technical - INFO - Análise técnica concluída para ETH: RSI=0 sinais, MACD=0 sinais
2025-07-14 20:28:10,820 - core.analyzer - INFO - [SUCCESS] ETH: 0 sinais gerados, 0 salvos em 0.88s
2025-07-14 20:28:10,843 - core.data_reader - INFO - Carregados 892 pontos para SOL 5m
2025-07-14 20:28:11,053 - indicators.technical - INFO - Análise técnica concluída para SOL: RSI=0 sinais, MACD=0 sinais
2025-07-14 20:28:11,055 - core.analyzer - INFO - [SUCCESS] SOL: 0 sinais gerados, 0 salvos em 0.23s
2025-07-14 20:28:11,060 - core.data_reader - INFO - Carregados 887 pontos para HBAR 5m
2025-07-14 20:28:11,081 - core.data_reader - INFO - Carregados 890 pontos para NEAR 5m
2025-07-14 20:28:11,286 - indicators.technical - INFO - Análise técnica concluída para HBAR: RSI=0 sinais, MACD=0 sinais
2025-07-14 20:28:11,317 - core.analyzer - INFO - [SUCCESS] HBAR: 0 sinais gerados, 0 salvos em 1.00s
2025-07-14 20:28:11,459 - indicators.technical - INFO - Análise técnica concluída para NEAR: RSI=0 sinais, MACD=0 sinais
2025-07-14 20:28:11,459 - core.analyzer - INFO - [SUCCESS] NEAR: 0 sinais gerados, 0 salvos em 1.05s
2025-07-14 20:28:11,463 - core.data_reader - INFO - Carregados 887 pontos para OMNI 5m
2025-07-14 20:28:11,643 - indicators.technical - INFO - Análise técnica concluída para OMNI: RSI=0 sinais, MACD=0 sinais
2025-07-14 20:28:11,643 - core.analyzer - INFO - [SUCCESS] OMNI: 0 sinais gerados, 0 salvos em 1.03s
2025-07-14 20:28:11,644 - core.analyzer - INFO - [COMPLETE] Análise concluída: 8/8 symbols, 0 sinais em 1.71s
2025-07-14 20:28:11,644 - core.analyzer - INFO - [CYCLE] Ciclo concluído: 8 symbols analisados em 1.7s
2025-07-14 20:33:09,930 - core.analyzer - INFO - [START] Iniciando análise de 8 symbols
2025-07-14 20:33:09,933 - core.analyzer - INFO - [DEBUG] Symbols disponíveis no banco: ['BNB', 'BTC', 'ENA', 'ETH', 'HBAR', 'NEAR', 'OMNI', 'SOL']
2025-07-14 20:33:09,933 - core.analyzer - INFO - [DEBUG] Symbols configurados para análise: ['BNB', 'BTC', 'ENA', 'ETH', 'HBAR', 'NEAR', 'OMNI', 'SOL']
2025-07-14 20:33:09,933 - core.analyzer - INFO - [INFO] Symbols que serão analisados: ['BNB', 'BTC', 'ENA', 'ETH', 'HBAR', 'NEAR', 'OMNI', 'SOL']
2025-07-14 20:33:09,959 - core.data_reader - INFO - Carregados 892 pontos para BNB 5m
2025-07-14 20:33:10,201 - indicators.technical - INFO - Análise técnica concluída para BNB: RSI=0 sinais, MACD=0 sinais
2025-07-14 20:33:10,202 - core.analyzer - INFO - [SUCCESS] BNB: 0 sinais gerados, 0 salvos em 0.27s
2025-07-14 20:33:10,207 - core.data_reader - INFO - Carregados 894 pontos para ENA 5m
2025-07-14 20:33:10,411 - indicators.technical - INFO - Análise técnica concluída para ENA: RSI=0 sinais, MACD=0 sinais
2025-07-14 20:33:10,412 - core.analyzer - INFO - [SUCCESS] ENA: 0 sinais gerados, 0 salvos em 0.48s
2025-07-14 20:33:10,418 - core.data_reader - INFO - Carregados 897 pontos para BTC 5m
2025-07-14 20:33:10,581 - core.data_reader - INFO - Carregados 887 pontos para ETH 5m
2025-07-14 20:33:10,618 - indicators.technical - INFO - Análise técnica concluída para BTC: RSI=0 sinais, MACD=0 sinais
2025-07-14 20:33:10,654 - core.analyzer - INFO - [SUCCESS] BTC: 0 sinais gerados, 0 salvos em 0.72s
2025-07-14 20:33:10,830 - indicators.technical - INFO - Análise técnica concluída para ETH: RSI=0 sinais, MACD=0 sinais
2025-07-14 20:33:10,830 - core.analyzer - INFO - [SUCCESS] ETH: 0 sinais gerados, 0 salvos em 0.90s
2025-07-14 20:33:10,852 - core.data_reader - INFO - Carregados 887 pontos para HBAR 5m
2025-07-14 20:33:11,058 - indicators.technical - INFO - Análise técnica concluída para HBAR: RSI=0 sinais, MACD=0 sinais
2025-07-14 20:33:11,058 - core.analyzer - INFO - [SUCCESS] HBAR: 0 sinais gerados, 0 salvos em 0.86s
2025-07-14 20:33:11,070 - core.data_reader - INFO - Carregados 895 pontos para SOL 5m
2025-07-14 20:33:11,075 - core.data_reader - INFO - Carregados 887 pontos para OMNI 5m
2025-07-14 20:33:11,076 - core.data_reader - INFO - Carregados 893 pontos para NEAR 5m
2025-07-14 20:33:11,515 - indicators.technical - INFO - Análise técnica concluída para NEAR: RSI=0 sinais, MACD=0 sinais
2025-07-14 20:33:11,525 - core.analyzer - INFO - [SUCCESS] NEAR: 0 sinais gerados, 0 salvos em 1.11s
2025-07-14 20:33:11,664 - indicators.technical - INFO - Análise técnica concluída para OMNI: RSI=0 sinais, MACD=0 sinais
2025-07-14 20:33:11,680 - indicators.technical - INFO - Análise técnica concluída para SOL: RSI=0 sinais, MACD=0 sinais
2025-07-14 20:33:11,681 - core.analyzer - INFO - [SUCCESS] OMNI: 0 sinais gerados, 0 salvos em 1.02s
2025-07-14 20:33:11,681 - core.analyzer - INFO - [SUCCESS] SOL: 0 sinais gerados, 0 salvos em 0.85s
2025-07-14 20:33:11,682 - core.analyzer - INFO - [COMPLETE] Análise concluída: 8/8 symbols, 0 sinais em 1.75s
2025-07-14 20:33:11,682 - core.analyzer - INFO - [CYCLE] Ciclo concluído: 8 symbols analisados em 1.8s
2025-07-14 20:38:09,931 - core.analyzer - INFO - [START] Iniciando análise de 8 symbols
2025-07-14 20:38:09,936 - core.analyzer - INFO - [DEBUG] Symbols disponíveis no banco: ['BNB', 'BTC', 'ENA', 'ETH', 'HBAR', 'NEAR', 'OMNI', 'SOL']
2025-07-14 20:38:09,937 - core.analyzer - INFO - [DEBUG] Symbols configurados para análise: ['BNB', 'BTC', 'ENA', 'ETH', 'HBAR', 'NEAR', 'OMNI', 'SOL']
2025-07-14 20:38:09,938 - core.analyzer - INFO - [INFO] Symbols que serão analisados: ['BNB', 'BTC', 'ENA', 'ETH', 'HBAR', 'NEAR', 'OMNI', 'SOL']
2025-07-14 20:38:09,980 - core.data_reader - INFO - Carregados 892 pontos para BNB 5m
2025-07-14 20:38:10,161 - core.data_reader - INFO - Carregados 897 pontos para BTC 5m
2025-07-14 20:38:10,284 - indicators.technical - INFO - Análise técnica concluída para BNB: RSI=0 sinais, MACD=0 sinais
2025-07-14 20:38:10,320 - core.analyzer - INFO - [SUCCESS] BNB: 0 sinais gerados, 0 salvos em 0.38s
2025-07-14 20:38:10,432 - indicators.technical - INFO - Análise técnica concluída para BTC: RSI=0 sinais, MACD=0 sinais
2025-07-14 20:38:10,432 - core.analyzer - INFO - [SUCCESS] BTC: 0 sinais gerados, 0 salvos em 0.49s
2025-07-14 20:38:10,437 - core.data_reader - INFO - Carregados 898 pontos para ENA 5m
2025-07-14 20:38:10,635 - indicators.technical - INFO - Análise técnica concluída para ENA: RSI=0 sinais, MACD=0 sinais
2025-07-14 20:38:10,636 - core.analyzer - INFO - [SUCCESS] ENA: 0 sinais gerados, 0 salvos em 0.69s
2025-07-14 20:38:10,640 - core.data_reader - INFO - Carregados 890 pontos para ETH 5m
2025-07-14 20:38:10,839 - indicators.technical - INFO - Análise técnica concluída para ETH: RSI=0 sinais, MACD=0 sinais
2025-07-14 20:38:10,839 - core.analyzer - INFO - [SUCCESS] ETH: 0 sinais gerados, 0 salvos em 0.90s
2025-07-14 20:38:10,859 - core.data_reader - INFO - Carregados 890 pontos para HBAR 5m
2025-07-14 20:38:11,066 - indicators.technical - INFO - Análise técnica concluída para HBAR: RSI=0 sinais, MACD=0 sinais
2025-07-14 20:38:11,066 - core.analyzer - INFO - [SUCCESS] HBAR: 0 sinais gerados, 0 salvos em 0.74s
2025-07-14 20:38:11,074 - core.data_reader - INFO - Carregados 890 pontos para OMNI 5m
2025-07-14 20:38:11,080 - core.data_reader - INFO - Carregados 893 pontos para NEAR 5m
2025-07-14 20:38:11,436 - indicators.technical - INFO - Análise técnica concluída para NEAR: RSI=0 sinais, MACD=0 sinais
2025-07-14 20:38:11,470 - indicators.technical - INFO - Análise técnica concluída para OMNI: RSI=0 sinais, MACD=0 sinais
2025-07-14 20:38:11,471 - core.analyzer - INFO - [SUCCESS] NEAR: 0 sinais gerados, 0 salvos em 1.04s
2025-07-14 20:38:11,471 - core.analyzer - INFO - [SUCCESS] OMNI: 0 sinais gerados, 0 salvos em 0.83s
2025-07-14 20:38:11,476 - core.data_reader - INFO - Carregados 899 pontos para SOL 5m
2025-07-14 20:38:11,656 - indicators.technical - INFO - Análise técnica concluída para SOL: RSI=0 sinais, MACD=0 sinais
2025-07-14 20:38:11,657 - core.analyzer - INFO - [SUCCESS] SOL: 0 sinais gerados, 0 salvos em 0.82s
2025-07-14 20:38:11,657 - core.analyzer - INFO - [COMPLETE] Análise concluída: 8/8 symbols, 0 sinais em 1.73s
2025-07-14 20:38:11,658 - core.analyzer - INFO - [CYCLE] Ciclo concluído: 8 symbols analisados em 1.7s
2025-07-14 20:43:09,931 - core.analyzer - INFO - [START] Iniciando análise de 8 symbols
2025-07-14 20:43:09,934 - core.analyzer - INFO - [DEBUG] Symbols disponíveis no banco: ['BNB', 'BTC', 'ENA', 'ETH', 'HBAR', 'NEAR', 'OMNI', 'SOL']
2025-07-14 20:43:09,934 - core.analyzer - INFO - [DEBUG] Symbols configurados para análise: ['BNB', 'BTC', 'ENA', 'ETH', 'HBAR', 'NEAR', 'OMNI', 'SOL']
2025-07-14 20:43:09,935 - core.analyzer - INFO - [INFO] Symbols que serão analisados: ['BNB', 'BTC', 'ENA', 'ETH', 'HBAR', 'NEAR', 'OMNI', 'SOL']
2025-07-14 20:43:09,965 - core.data_reader - INFO - Carregados 901 pontos para BTC 5m
2025-07-14 20:43:10,084 - core.data_reader - INFO - Carregados 898 pontos para ENA 5m
2025-07-14 20:43:10,349 - indicators.technical - INFO - Análise técnica concluída para BTC: RSI=0 sinais, MACD=0 sinais
2025-07-14 20:43:10,367 - indicators.technical - INFO - Análise técnica concluída para ENA: RSI=0 sinais, MACD=0 sinais
2025-07-14 20:43:10,367 - core.analyzer - INFO - [SUCCESS] BTC: 0 sinais gerados, 0 salvos em 0.43s
2025-07-14 20:43:10,367 - core.analyzer - INFO - [SUCCESS] ENA: 0 sinais gerados, 0 salvos em 0.43s
2025-07-14 20:43:10,372 - core.data_reader - INFO - Carregados 896 pontos para BNB 5m
2025-07-14 20:43:10,568 - indicators.technical - INFO - Análise técnica concluída para BNB: RSI=0 sinais, MACD=0 sinais
2025-07-14 20:43:10,568 - core.analyzer - INFO - [SUCCESS] BNB: 0 sinais gerados, 0 salvos em 0.63s
2025-07-14 20:43:10,574 - core.data_reader - INFO - Carregados 894 pontos para ETH 5m
2025-07-14 20:43:10,770 - indicators.technical - INFO - Análise técnica concluída para ETH: RSI=0 sinais, MACD=0 sinais
2025-07-14 20:43:10,771 - core.analyzer - INFO - [SUCCESS] ETH: 0 sinais gerados, 0 salvos em 0.83s
2025-07-14 20:43:10,789 - core.data_reader - INFO - Carregados 894 pontos para HBAR 5m
2025-07-14 20:43:10,984 - indicators.technical - INFO - Análise técnica concluída para HBAR: RSI=0 sinais, MACD=0 sinais
2025-07-14 20:43:10,984 - core.analyzer - INFO - [SUCCESS] HBAR: 0 sinais gerados, 0 salvos em 0.62s
2025-07-14 20:43:10,989 - core.data_reader - INFO - Carregados 897 pontos para NEAR 5m
2025-07-14 20:43:11,187 - indicators.technical - INFO - Análise técnica concluída para NEAR: RSI=0 sinais, MACD=0 sinais
2025-07-14 20:43:11,187 - core.analyzer - INFO - [SUCCESS] NEAR: 0 sinais gerados, 0 salvos em 0.82s
2025-07-14 20:43:11,191 - core.data_reader - INFO - Carregados 894 pontos para OMNI 5m
2025-07-14 20:43:11,387 - indicators.technical - INFO - Análise técnica concluída para OMNI: RSI=0 sinais, MACD=0 sinais
2025-07-14 20:43:11,387 - core.analyzer - INFO - [SUCCESS] OMNI: 0 sinais gerados, 0 salvos em 0.82s
2025-07-14 20:43:11,392 - core.data_reader - INFO - Carregados 899 pontos para SOL 5m
2025-07-14 20:43:11,568 - indicators.technical - INFO - Análise técnica concluída para SOL: RSI=0 sinais, MACD=0 sinais
2025-07-14 20:43:11,569 - core.analyzer - INFO - [SUCCESS] SOL: 0 sinais gerados, 0 salvos em 0.80s
2025-07-14 20:43:11,569 - core.analyzer - INFO - [COMPLETE] Análise concluída: 8/8 symbols, 0 sinais em 1.64s
2025-07-14 20:43:11,570 - core.analyzer - INFO - [CYCLE] Ciclo concluído: 8 symbols analisados em 1.6s
2025-07-14 20:48:09,932 - core.analyzer - INFO - [START] Iniciando análise de 8 symbols
2025-07-14 20:48:09,936 - core.analyzer - INFO - [DEBUG] Symbols disponíveis no banco: ['BNB', 'BTC', 'ENA', 'ETH', 'HBAR', 'NEAR', 'OMNI', 'SOL']
2025-07-14 20:48:09,936 - core.analyzer - INFO - [DEBUG] Symbols configurados para análise: ['BNB', 'BTC', 'ENA', 'ETH', 'HBAR', 'NEAR', 'OMNI', 'SOL']
2025-07-14 20:48:09,936 - core.analyzer - INFO - [INFO] Symbols que serão analisados: ['BNB', 'BTC', 'ENA', 'ETH', 'HBAR', 'NEAR', 'OMNI', 'SOL']
2025-07-14 20:48:09,965 - core.data_reader - INFO - Carregados 899 pontos para BNB 5m
2025-07-14 20:48:10,051 - core.data_reader - INFO - Carregados 905 pontos para BTC 5m
2025-07-14 20:48:10,171 - indicators.technical - INFO - Análise técnica concluída para BNB: RSI=0 sinais, MACD=0 sinais
2025-07-14 20:48:10,301 - core.analyzer - INFO - [SUCCESS] BNB: 0 sinais gerados, 0 salvos em 0.36s
2025-07-14 20:48:10,370 - indicators.technical - INFO - Análise técnica concluída para BTC: RSI=0 sinais, MACD=0 sinais
2025-07-14 20:48:10,370 - core.analyzer - INFO - [SUCCESS] BTC: 0 sinais gerados, 0 salvos em 0.43s
2025-07-14 20:48:10,375 - core.data_reader - INFO - Carregados 902 pontos para ENA 5m
2025-07-14 20:48:10,569 - indicators.technical - INFO - Análise técnica concluída para ENA: RSI=0 sinais, MACD=0 sinais
2025-07-14 20:48:10,569 - core.analyzer - INFO - [SUCCESS] ENA: 0 sinais gerados, 0 salvos em 0.63s
2025-07-14 20:48:10,574 - core.data_reader - INFO - Carregados 897 pontos para ETH 5m
2025-07-14 20:48:10,769 - indicators.technical - INFO - Análise técnica concluída para ETH: RSI=0 sinais, MACD=0 sinais
2025-07-14 20:48:10,769 - core.analyzer - INFO - [SUCCESS] ETH: 0 sinais gerados, 0 salvos em 0.83s
2025-07-14 20:48:10,789 - core.data_reader - INFO - Carregados 901 pontos para NEAR 5m
2025-07-14 20:48:10,996 - indicators.technical - INFO - Análise técnica concluída para NEAR: RSI=0 sinais, MACD=0 sinais
2025-07-14 20:48:10,996 - core.analyzer - INFO - [SUCCESS] NEAR: 0 sinais gerados, 0 salvos em 0.63s
2025-07-14 20:48:11,001 - core.data_reader - INFO - Carregados 897 pontos para OMNI 5m
2025-07-14 20:48:11,202 - indicators.technical - INFO - Análise técnica concluída para OMNI: RSI=0 sinais, MACD=0 sinais
2025-07-14 20:48:11,207 - core.analyzer - INFO - [SUCCESS] OMNI: 0 sinais gerados, 0 salvos em 0.64s
2025-07-14 20:48:11,207 - core.data_reader - INFO - Carregados 897 pontos para HBAR 5m
2025-07-14 20:48:11,220 - core.data_reader - INFO - Carregados 903 pontos para SOL 5m
2025-07-14 20:48:11,593 - indicators.technical - INFO - Análise técnica concluída para SOL: RSI=0 sinais, MACD=0 sinais
2025-07-14 20:48:11,594 - core.analyzer - INFO - [SUCCESS] SOL: 0 sinais gerados, 0 salvos em 0.82s
2025-07-14 20:48:11,613 - indicators.technical - INFO - Análise técnica concluída para HBAR: RSI=0 sinais, MACD=0 sinais
2025-07-14 20:48:11,613 - core.analyzer - INFO - [SUCCESS] HBAR: 0 sinais gerados, 0 salvos em 1.24s
2025-07-14 20:48:11,614 - core.analyzer - INFO - [COMPLETE] Análise concluída: 8/8 symbols, 0 sinais em 1.68s
2025-07-14 20:48:11,614 - core.analyzer - INFO - [CYCLE] Ciclo concluído: 8 symbols analisados em 1.7s
